06/07/2024 09:00,Birmingham,Mackenzie Cortez,Large Cortado - 2.35,2.35,CASH,
06/07/2024 09:03,Birmingham,Marvin Travis,"Large Chai latte - 2.60, Regular Flavoured hot chocolate - Caramel - 2.60",5.2,CARD,3280624956029627
06/07/2024 09:06,Birmingham,Juan Pena,"Regular Speciality Tea - Camomile - 1.30, Large Red Label tea - 1.80, Regular Speciality Tea - Camomile - 1.30, Large Chai latte - 2.60, Large Speciality Tea - Camomile - 1.60",8.6,CARD,9760892492506796
06/07/2024 09:09,Birmingham,Gwendolyn Watson,Regular Flavoured hot chocolate - Caramel - 2.60,2.6,CARD,3304054792344113
06/07/2024 09:12,Birmingham,Isabel Stephens,"Regular Speciality Tea - Camomile - 1.30, Regular Cortado - 2.05, Large Speciality Tea - English breakfast - 1.60, Large Chai latte - 2.60",7.55,CASH,
06/07/2024 09:15,Birmingham,Maude Robinson,Large Chai latte - 2.60,2.6,CARD,8258418766600324
06/07/2024 09:18,Birmingham,Zachary Schoppert,"Large Speciality Tea - Camomile - 1.60, Regular Speciality Tea - English breakfast - 1.30, Regular Speciality Tea - English breakfast - 1.30, Large Chai latte - 2.60",6.8,CARD,5457757347898906
06/07/2024 09:22,Birmingham,Jacqueline Hitt,"Regular Cortado - 2.05, Regular Cortado - 2.05",4.1,CARD,1718245558882868
06/07/2024 09:25,Birmingham,Sarah Bowman,"Large Cortado - 2.35, Large Cortado - 2.35, Large Flavoured hot chocolate - Caramel - 2.90",7.6,CASH,
06/07/2024 09:28,Birmingham,Andrew Surano,Regular Chai latte - 2.30,2.3,CARD,9169020228140079
06/07/2024 09:31,Birmingham,Ronald Brazil,"Large Chai latte - 2.60, Regular Speciality Tea - English breakfast - 1.30, Large Red Label tea - 1.80, Regular Cortado - 2.05",7.75,CASH,
06/07/2024 09:34,Birmingham,Jennifer Lybrand,"Regular Cortado - 2.05, Regular Red Label tea - 1.20, Large Flavoured hot chocolate - Caramel - 2.90, Large Chai latte - 2.60",8.75,CARD,2309841617038852
06/07/2024 09:37,Birmingham,Pamela Ruppert,"Large Speciality Tea - Camomile - 1.60, Regular Speciality Tea - Camomile - 1.30, Large Speciality Tea - Camomile - 1.60",4.5,CARD,5078390301449286
06/07/2024 09:40,Birmingham,Stephanie Swoopes,"Large Red Label tea - 1.80, Large Flavoured hot chocolate - Caramel - 2.90",4.7,CASH,
06/07/2024 09:44,Birmingham,Dane James,"Regular Cortado - 2.05, Large Cortado - 2.35, Regular Red Label tea - 1.20, Large Cortado - 2.35",7.95,CASH,
06/07/2024 09:47,Birmingham,Cameron Rush,"Regular Chai latte - 2.30, Large Flavoured hot chocolate - Caramel - 2.90, Regular Speciality Tea - Camomile - 1.30, Regular Speciality Tea - Camomile - 1.30",7.8,CASH,
06/07/2024 09:50,Birmingham,John Ward,"Regular Cortado - 2.05, Large Speciality Tea - English breakfast - 1.60",3.65,CARD,6465720156732714
06/07/2024 09:53,Birmingham,Cornelius Morreale,"Regular Speciality Tea - English breakfast - 1.30, Large Speciality Tea - English breakfast - 1.60, Large Cortado - 2.35",5.25,CARD,8054909092600415
06/07/2024 09:56,Birmingham,Kenneth Essary,"Regular Cortado - 2.05, Regular Speciality Tea - Camomile - 1.30, Large Speciality Tea - Camomile - 1.60, Regular Speciality Tea - Camomile - 1.30, Large Chai latte - 2.60",8.85,CARD,4414014536239873
06/07/2024 09:59,Birmingham,Isaac Nguyen,Large Chai latte - 2.60,2.6,CASH,
06/07/2024 10:03,Birmingham,William Crook,Large Chai latte - 2.60,2.6,CASH,
06/07/2024 10:04,Birmingham,Monica Hall,"Large Cortado - 2.35, Regular Chai latte - 2.30, Regular Speciality Tea - English breakfast - 1.30",5.95,CARD,4943285214978377
06/07/2024 10:06,Birmingham,Kenneth Krupa,"Regular Speciality Tea - Camomile - 1.30, Large Speciality Tea - English breakfast - 1.60, Regular Speciality Tea - English breakfast - 1.30, Regular Speciality Tea - Camomile - 1.30",5.5,CARD,3376511275650137
06/07/2024 10:07,Birmingham,Raymond Taylor,"Large Speciality Tea - English breakfast - 1.60, Large Speciality Tea - English breakfast - 1.60",3.2,CARD,9570623050164802
06/07/2024 10:09,Birmingham,Vicki Santiago,"Large Flavoured hot chocolate - Caramel - 2.90, Large Chai latte - 2.60, Regular Speciality Tea - Camomile - 1.30, Regular Chai latte - 2.30",9.1,CARD,5141998493364507
06/07/2024 10:10,Birmingham,Michelle Woods,"Regular Speciality Tea - Camomile - 1.30, Large Chai latte - 2.60",3.9,CARD,2813452477309977
06/07/2024 10:12,Birmingham,John Windham,"Regular Chai latte - 2.30, Large Speciality Tea - English breakfast - 1.60",3.9,CASH,
06/07/2024 10:13,Birmingham,Sherry Vannote,"Regular Chai latte - 2.30, Large Speciality Tea - English breakfast - 1.60, Regular Red Label tea - 1.20, Large Speciality Tea - Camomile - 1.60, Large Speciality Tea - Camomile - 1.60, Regular Speciality Tea - Camomile - 1.30",9.6,CARD,5394889670606867
06/07/2024 10:15,Birmingham,Lori Greene,"Large Red Label tea - 1.80, Regular Speciality Tea - English breakfast - 1.30, Large Flavoured hot chocolate - Caramel - 2.90, Regular Speciality Tea - English breakfast - 1.30, Regular Chai latte - 2.30",9.6,CARD,1409940552538078
06/07/2024 10:16,Birmingham,Susie Davis,Regular Cortado - 2.05,2.05,CARD,6743330055283752
06/07/2024 10:18,Birmingham,Robert Hall,"Large Speciality Tea - Camomile - 1.60, Regular Chai latte - 2.30",3.9,CASH,
06/07/2024 10:19,Birmingham,Roberta Scott,"Large Cortado - 2.35, Large Speciality Tea - English breakfast - 1.60",3.95,CASH,
06/07/2024 10:21,Birmingham,Mary Warkentin,"Large Speciality Tea - English breakfast - 1.60, Regular Red Label tea - 1.20",2.8,CARD,9138692681201702
06/07/2024 10:22,Birmingham,Tony Hollingsworth,"Regular Speciality Tea - English breakfast - 1.30, Large Cortado - 2.35, Large Speciality Tea - English breakfast - 1.60, Regular Flavoured hot chocolate - Caramel - 2.60, Large Flavoured hot chocolate - Caramel - 2.90",10.75,CASH,
06/07/2024 10:24,Birmingham,William Strom,"Large Speciality Tea - Camomile - 1.60, Regular Speciality Tea - Camomile - 1.30, Large Red Label tea - 1.80",4.7,CARD,8282297337512195
06/07/2024 10:26,Birmingham,Adam Adams,Regular Speciality Tea - English breakfast - 1.30,1.3,CARD,3638324078702827
06/07/2024 10:27,Birmingham,Robert Bastianelli,"Large Flavoured hot chocolate - Caramel - 2.90, Regular Speciality Tea - Camomile - 1.30, Regular Cortado - 2.05, Regular Chai latte - 2.30, Large Red Label tea - 1.80, Regular Flavoured hot chocolate - Caramel - 2.60",12.95,CARD,6570164793130265
06/07/2024 10:29,Birmingham,Suzanne Wilburn,Large Cortado - 2.35,2.35,CASH,
06/07/2024 10:30,Birmingham,Dave Hardy,"Regular Cortado - 2.05, Regular Red Label tea - 1.20",3.25,CARD,5880144520373294
06/07/2024 10:32,Birmingham,Barbara Cyr,"Large Speciality Tea - English breakfast - 1.60, Regular Chai latte - 2.30, Large Cortado - 2.35, Large Speciality Tea - Camomile - 1.60",7.85,CARD,4546779136947211
06/07/2024 10:33,Birmingham,Victor Scott,"Large Speciality Tea - English breakfast - 1.60, Large Red Label tea - 1.80",3.4,CASH,
06/07/2024 10:35,Birmingham,William Diaz,"Large Speciality Tea - Camomile - 1.60, Regular Speciality Tea - Camomile - 1.30",2.9,CASH,
06/07/2024 10:36,Birmingham,Scot Holmes,"Large Flavoured hot chocolate - Caramel - 2.90, Large Cortado - 2.35, Regular Speciality Tea - Camomile - 1.30, Regular Flavoured hot chocolate - Caramel - 2.60, Large Speciality Tea - English breakfast - 1.60",10.75,CASH,
06/07/2024 10:38,Birmingham,Rhonda Henson,"Regular Flavoured hot chocolate - Caramel - 2.60, Large Cortado - 2.35, Large Red Label tea - 1.80, Large Flavoured hot chocolate - Caramel - 2.90, Regular Cortado - 2.05, Large Flavoured hot chocolate - Caramel - 2.90",14.6,CARD,5027577625724174
06/07/2024 10:39,Birmingham,Maria Everett,"Large Speciality Tea - Camomile - 1.60, Large Cortado - 2.35, Large Chai latte - 2.60, Regular Speciality Tea - English breakfast - 1.30, Regular Speciality Tea - English breakfast - 1.30",9.15,CARD,3007590468686170
06/07/2024 10:41,Birmingham,Kathy Parsons,"Large Red Label tea - 1.80, Large Red Label tea - 1.80, Large Flavoured hot chocolate - Caramel - 2.90, Regular Red Label tea - 1.20, Regular Flavoured hot chocolate - Caramel - 2.60, Regular Speciality Tea - Camomile - 1.30",11.6,CARD,2154762616959144
06/07/2024 10:42,Birmingham,Sha Howe,Regular Chai latte - 2.30,2.3,CARD,7882159092414208
06/07/2024 10:44,Birmingham,Norman Erskine,"Large Cortado - 2.35, Large Speciality Tea - English breakfast - 1.60",3.95,CARD,1155053607012945
06/07/2024 10:45,Birmingham,Robyn Edwards,"Large Speciality Tea - Camomile - 1.60, Large Speciality Tea - English breakfast - 1.60, Regular Cortado - 2.05",5.25,CARD,3350632881794170
06/07/2024 10:47,Birmingham,Sabrina Bunning,"Regular Cortado - 2.05, Large Cortado - 2.35, Large Cortado - 2.35",6.75,CASH,
06/07/2024 10:49,Birmingham,John Nunez,Large Speciality Tea - English breakfast - 1.60,1.6,CARD,8261698013116263
06/07/2024 10:50,Birmingham,Ramona Propes,"Regular Flavoured hot chocolate - Caramel - 2.60, Regular Speciality Tea - English breakfast - 1.30, Large Red Label tea - 1.80",5.7,CARD,8072993466568236
06/07/2024 10:52,Birmingham,Luis Harms,"Regular Chai latte - 2.30, Regular Speciality Tea - Camomile - 1.30, Large Cortado - 2.35, Large Speciality Tea - English breakfast - 1.60",7.55,CASH,
06/07/2024 10:53,Birmingham,Jonathan Love,"Regular Speciality Tea - English breakfast - 1.30, Large Flavoured hot chocolate - Caramel - 2.90, Regular Speciality Tea - English breakfast - 1.30, Large Speciality Tea - English breakfast - 1.60, Large Speciality Tea - Camomile - 1.60",8.7,CARD,6047843080598198
06/07/2024 10:55,Birmingham,Carie Bonilla,"Large Speciality Tea - English breakfast - 1.60, Regular Flavoured hot chocolate - Caramel - 2.60, Regular Cortado - 2.05, Regular Red Label tea - 1.20, Regular Speciality Tea - English breakfast - 1.30, Large Cortado - 2.35",11.1,CASH,
06/07/2024 10:56,Birmingham,Ralph Jones,"Regular Chai latte - 2.30, Large Cortado - 2.35, Large Red Label tea - 1.80, Large Speciality Tea - Camomile - 1.60",8.05,CARD,1979104315731491
06/07/2024 10:58,Birmingham,Mary Schlesener,Large Speciality Tea - English breakfast - 1.60,1.6,CARD,6368098301500892
06/07/2024 10:59,Birmingham,Raymond Selders,Large Cortado - 2.35,2.35,CASH,
06/07/2024 11:01,Birmingham,Janice Chang,"Regular Flavoured hot chocolate - Caramel - 2.60, Large Speciality Tea - English breakfast - 1.60",4.2,CARD,6012978217196256
06/07/2024 11:16,Birmingham,Hector Sholar,"Large Red Label tea - 1.80, Regular Chai latte - 2.30",4.1,CARD,2699022851734853
06/07/2024 11:31,Birmingham,Catherine Williams,"Large Speciality Tea - Camomile - 1.60, Regular Cortado - 2.05, Regular Red Label tea - 1.20",4.85,CARD,1608463518610712
06/07/2024 11:46,Birmingham,Jeffrey Linkovich,"Large Flavoured hot chocolate - Caramel - 2.90, Regular Cortado - 2.05",4.95,CARD,3307848961159747
06/07/2024 12:01,Birmingham,Alden Godwin,"Regular Speciality Tea - English breakfast - 1.30, Regular Speciality Tea - Camomile - 1.30, Large Speciality Tea - English breakfast - 1.60",4.2,CARD,7626415555743315
06/07/2024 12:04,Birmingham,Gloria Channey,"Regular Flavoured hot chocolate - Caramel - 2.60, Large Red Label tea - 1.80, Regular Cortado - 2.05, Large Speciality Tea - Camomile - 1.60, Large Cortado - 2.35",10.4,CARD,7456530620419993
06/07/2024 12:06,Birmingham,Naomi Stall,"Regular Chai latte - 2.30, Regular Red Label tea - 1.20, Regular Speciality Tea - English breakfast - 1.30",4.8,CASH,
06/07/2024 12:09,Birmingham,Dora Williams,"Large Chai latte - 2.60, Regular Speciality Tea - Camomile - 1.30",3.9,CASH,
06/07/2024 12:12,Birmingham,Raquel Morris,"Regular Red Label tea - 1.20, Regular Cortado - 2.05",3.25,CASH,
06/07/2024 12:15,Birmingham,Thomas Carpenter,"Large Speciality Tea - English breakfast - 1.60, Regular Speciality Tea - Camomile - 1.30, Large Cortado - 2.35",5.25,CASH,
06/07/2024 12:18,Birmingham,Kris Crider,"Large Speciality Tea - Camomile - 1.60, Large Cortado - 2.35, Regular Chai latte - 2.30",6.25,CARD,8569905147000794
06/07/2024 12:21,Birmingham,Hazel Utley,"Large Speciality Tea - English breakfast - 1.60, Large Speciality Tea - Camomile - 1.60, Large Speciality Tea - English breakfast - 1.60, Regular Flavoured hot chocolate - Caramel - 2.60, Regular Speciality Tea - Camomile - 1.30, Large Speciality Tea - Camomile - 1.60",10.3,CARD,3729746590726138
06/07/2024 12:24,Birmingham,Randy Hazlett,Large Chai latte - 2.60,2.6,CARD,5931045338305228
06/07/2024 12:26,Birmingham,Eugene Manno,"Large Speciality Tea - Camomile - 1.60, Regular Cortado - 2.05",3.65,CASH,
06/07/2024 12:29,Birmingham,Robert Boss,"Large Speciality Tea - Camomile - 1.60, Regular Cortado - 2.05, Regular Cortado - 2.05, Large Red Label tea - 1.80",7.5,CARD,1218551365138776
06/07/2024 12:32,Birmingham,David Burrows,Regular Speciality Tea - Camomile - 1.30,1.3,CARD,7375071616100409
06/07/2024 12:35,Birmingham,Kathleen Peacock,"Regular Chai latte - 2.30, Large Speciality Tea - Camomile - 1.60, Regular Chai latte - 2.30, Regular Speciality Tea - Camomile - 1.30",7.5,CARD,5178872023898007
06/07/2024 12:38,Birmingham,Steven Shell,"Large Flavoured hot chocolate - Caramel - 2.90, Regular Cortado - 2.05, Large Chai latte - 2.60",7.55,CASH,
06/07/2024 12:41,Birmingham,Mindi White,Large Cortado - 2.35,2.35,CASH,
06/07/2024 12:44,Birmingham,Joshua Novak,Large Flavoured hot chocolate - Caramel - 2.90,2.9,CARD,1753730924028466
06/07/2024 12:46,Birmingham,Bernard Hanson,"Regular Cortado - 2.05, Regular Flavoured hot chocolate - Caramel - 2.60",4.65,CARD,4920449041001555
06/07/2024 12:49,Birmingham,Jonathan Mcdorman,"Large Cortado - 2.35, Regular Speciality Tea - Camomile - 1.30",3.65,CARD,8347708217493857
06/07/2024 12:52,Birmingham,Melvin Johnston,Regular Speciality Tea - English breakfast - 1.30,1.3,CARD,9671877179142292
06/07/2024 12:55,Birmingham,Nell Ramirez,Large Speciality Tea - Camomile - 1.60,1.6,CASH,
06/07/2024 12:58,Birmingham,Michael Beard,"Large Cortado - 2.35, Regular Speciality Tea - English breakfast - 1.30, Regular Speciality Tea - Camomile - 1.30, Large Speciality Tea - Camomile - 1.60",6.55,CARD,6234137458936920
06/07/2024 13:01,Birmingham,William Clarke,"Large Speciality Tea - English breakfast - 1.60, Large Chai latte - 2.60",4.2,CARD,6552317895864997
06/07/2024 13:02,Birmingham,Michael Struck,"Regular Speciality Tea - English breakfast - 1.30, Regular Chai latte - 2.30, Regular Cortado - 2.05, Large Speciality Tea - Camomile - 1.60",7.25,CARD,6782861727225676
06/07/2024 13:03,Birmingham,Charles Davila,"Large Chai latte - 2.60, Regular Speciality Tea - English breakfast - 1.30, Regular Chai latte - 2.30",6.2,CARD,7653245920031088
06/07/2024 13:04,Birmingham,Donna Karasti,"Regular Speciality Tea - Camomile - 1.30, Regular Speciality Tea - English breakfast - 1.30, Large Red Label tea - 1.80",4.4,CARD,3966702006234788
06/07/2024 13:05,Birmingham,John Wilson,"Large Flavoured hot chocolate - Caramel - 2.90, Large Speciality Tea - Camomile - 1.60",4.5,CASH,
06/07/2024 13:06,Birmingham,David Kowis,"Regular Speciality Tea - Camomile - 1.30, Regular Speciality Tea - Camomile - 1.30, Regular Speciality Tea - English breakfast - 1.30, Large Chai latte - 2.60, Large Speciality Tea - Camomile - 1.60, Large Chai latte - 2.60",10.7,CASH,
06/07/2024 13:07,Birmingham,Natasha Turner,"Large Speciality Tea - Camomile - 1.60, Large Speciality Tea - Camomile - 1.60, Large Cortado - 2.35",5.55,CARD,8751778285620614
06/07/2024 13:08,Birmingham,Kristy Hodgens,Regular Speciality Tea - Camomile - 1.30,1.3,CASH,
06/07/2024 13:09,Birmingham,Jonathan Taveras,"Regular Speciality Tea - Camomile - 1.30, Large Chai latte - 2.60, Large Cortado - 2.35",6.25,CARD,6422437356449128
06/07/2024 13:11,Birmingham,Sydney Riley,"Large Speciality Tea - Camomile - 1.60, Large Flavoured hot chocolate - Caramel - 2.90",4.5,CARD,8094001604360799
06/07/2024 13:12,Birmingham,Cristal Tolbert,"Regular Speciality Tea - Camomile - 1.30, Regular Flavoured hot chocolate - Caramel - 2.60, Regular Chai latte - 2.30",6.2,CASH,
06/07/2024 13:13,Birmingham,Matthew Layton,"Regular Speciality Tea - Camomile - 1.30, Large Chai latte - 2.60, Regular Speciality Tea - Camomile - 1.30, Regular Cortado - 2.05, Regular Cortado - 2.05",9.3,CARD,9439007403991013
06/07/2024 13:14,Birmingham,Rolande Rall,"Regular Chai latte - 2.30, Large Speciality Tea - English breakfast - 1.60, Regular Chai latte - 2.30, Large Speciality Tea - English breakfast - 1.60, Large Chai latte - 2.60, Large Speciality Tea - English breakfast - 1.60",12.0,CARD,8494256804908667
06/07/2024 13:15,Birmingham,Christopher Holcomb,"Regular Red Label tea - 1.20, Regular Red Label tea - 1.20, Large Chai latte - 2.60",5.0,CARD,1925286886208462
06/07/2024 13:16,Birmingham,Judy Hackler,"Large Speciality Tea - Camomile - 1.60, Regular Cortado - 2.05, Regular Speciality Tea - Camomile - 1.30, Large Speciality Tea - English breakfast - 1.60",6.55,CARD,1264178520761611
06/07/2024 13:17,Birmingham,Ronald Caesar,"Regular Speciality Tea - English breakfast - 1.30, Large Cortado - 2.35",3.65,CASH,
06/07/2024 13:18,Birmingham,Leonor Hernandez,"Regular Chai latte - 2.30, Regular Red Label tea - 1.20, Regular Cortado - 2.05",5.55,CASH,
06/07/2024 13:19,Birmingham,Tena Sumpter,"Large Cortado - 2.35, Large Chai latte - 2.60, Regular Speciality Tea - Camomile - 1.30, Large Speciality Tea - Camomile - 1.60",7.85,CASH,
06/07/2024 13:20,Birmingham,Raymond Lewandowski,"Regular Flavoured hot chocolate - Caramel - 2.60, Large Chai latte - 2.60, Regular Speciality Tea - English breakfast - 1.30, Regular Flavoured hot chocolate - Caramel - 2.60, Regular Speciality Tea - Camomile - 1.30",10.4,CARD,1459493617823079
06/07/2024 13:22,Birmingham,Elaine Gordon,"Large Flavoured hot chocolate - Caramel - 2.90, Large Speciality Tea - Camomile - 1.60, Large Speciality Tea - English breakfast - 1.60",6.1,CASH,
06/07/2024 13:23,Birmingham,Dennis Biddick,Regular Speciality Tea - Camomile - 1.30,1.3,CARD,5789077812636851
06/07/2024 13:24,Birmingham,Marie Cook,Large Speciality Tea - Camomile - 1.60,1.6,CARD,1568197375489391
06/07/2024 13:25,Birmingham,James Ardoin,Large Flavoured hot chocolate - Caramel - 2.90,2.9,CASH,
06/07/2024 13:26,Birmingham,Patricia Bally,Large Chai latte - 2.60,2.6,CARD,4005544775474442
06/07/2024 13:27,Birmingham,Shannon Hart,Large Cortado - 2.35,2.35,CARD,2134336526058326
06/07/2024 13:28,Birmingham,Phillip White,"Regular Red Label tea - 1.20, Large Speciality Tea - Camomile - 1.60, Regular Chai latte - 2.30, Large Cortado - 2.35, Regular Speciality Tea - English breakfast - 1.30",8.75,CASH,
06/07/2024 13:29,Birmingham,Roy Broadway,"Large Speciality Tea - Camomile - 1.60, Large Chai latte - 2.60",4.2,CARD,6274555691980904
06/07/2024 13:30,Birmingham,Mary Parks,"Large Cortado - 2.35, Large Speciality Tea - Camomile - 1.60, Regular Speciality Tea - Camomile - 1.30, Regular Cortado - 2.05",7.3,CARD,5283022867216708
06/07/2024 13:31,Birmingham,Teresa Elgin,"Regular Flavoured hot chocolate - Caramel - 2.60, Large Red Label tea - 1.80, Regular Chai latte - 2.30, Large Speciality Tea - English breakfast - 1.60",8.3,CARD,4009650293454667
06/07/2024 13:33,Birmingham,Evelyn Scott,"Regular Flavoured hot chocolate - Caramel - 2.60, Regular Chai latte - 2.30, Regular Cortado - 2.05, Large Speciality Tea - English breakfast - 1.60, Regular Flavoured hot chocolate - Caramel - 2.60",11.15,CASH,
06/07/2024 13:34,Birmingham,George Rapa,"Large Speciality Tea - Camomile - 1.60, Large Speciality Tea - English breakfast - 1.60, Large Chai latte - 2.60, Large Flavoured hot chocolate - Caramel - 2.90",8.7,CARD,3336648511111198
06/07/2024 13:35,Birmingham,Scott Harper,Regular Speciality Tea - Camomile - 1.30,1.3,CASH,
06/07/2024 13:36,Birmingham,Ryan Nall,"Large Cortado - 2.35, Regular Flavoured hot chocolate - Caramel - 2.60",4.95,CARD,9634624517813984
06/07/2024 13:37,Birmingham,Jessica Givens,"Large Flavoured hot chocolate - Caramel - 2.90, Large Speciality Tea - Camomile - 1.60, Large Speciality Tea - Camomile - 1.60, Regular Cortado - 2.05",8.15,CARD,1973591766157698
06/07/2024 13:38,Birmingham,William Walker,Large Chai latte - 2.60,2.6,CASH,
06/07/2024 13:39,Birmingham,Linda Sturgill,"Regular Cortado - 2.05, Regular Speciality Tea - English breakfast - 1.30",3.35,CARD,7625101346475374
06/07/2024 13:40,Birmingham,Lisa Porter,"Large Chai latte - 2.60, Large Flavoured hot chocolate - Caramel - 2.90, Large Speciality Tea - Camomile - 1.60, Large Flavoured hot chocolate - Caramel - 2.90",10.0,CARD,5257112993761340
06/07/2024 13:41,Birmingham,Joyce Monroe,"Regular Flavoured hot chocolate - Caramel - 2.60, Large Flavoured hot chocolate - Caramel - 2.90, Large Cortado - 2.35, Large Red Label tea - 1.80, Regular Cortado - 2.05, Large Speciality Tea - English breakfast - 1.60",13.3,CARD,6975499512546245
06/07/2024 13:42,Birmingham,Vanessa Stewart,"Large Chai latte - 2.60, Regular Cortado - 2.05, Regular Speciality Tea - English breakfast - 1.30, Large Speciality Tea - Camomile - 1.60",7.55,CASH,
06/07/2024 13:44,Birmingham,Brandon Stenger,"Large Speciality Tea - Camomile - 1.60, Large Cortado - 2.35, Regular Flavoured hot chocolate - Caramel - 2.60",6.55,CASH,
06/07/2024 13:45,Birmingham,Sara Harvey,"Regular Red Label tea - 1.20, Regular Speciality Tea - Camomile - 1.30, Large Speciality Tea - English breakfast - 1.60, Large Red Label tea - 1.80",5.9,CARD,2680487301069198
06/07/2024 13:46,Birmingham,Ben Momphard,"Large Speciality Tea - English breakfast - 1.60, Regular Speciality Tea - English breakfast - 1.30, Large Chai latte - 2.60",5.5,CARD,5604596401730434
06/07/2024 13:47,Birmingham,Edward Speidel,Large Flavoured hot chocolate - Caramel - 2.90,2.9,CARD,1411436829139591
06/07/2024 13:48,Birmingham,Claude Smith,"Large Cortado - 2.35, Regular Chai latte - 2.30, Regular Chai latte - 2.30, Regular Flavoured hot chocolate - Caramel - 2.60, Large Cortado - 2.35, Large Speciality Tea - Camomile - 1.60",13.5,CARD,8765370117114673
06/07/2024 13:49,Birmingham,Wilma Brown,Regular Chai latte - 2.30,2.3,CARD,6017808309305744
06/07/2024 13:50,Birmingham,Geneva Johnson,"Regular Red Label tea - 1.20, Large Chai latte - 2.60, Large Speciality Tea - Camomile - 1.60",5.4,CASH,
06/07/2024 13:51,Birmingham,Charlene Payton,"Large Speciality Tea - Camomile - 1.60, Large Red Label tea - 1.80",3.4,CASH,
06/07/2024 13:52,Birmingham,Eldora Lando,"Large Speciality Tea - English breakfast - 1.60, Regular Speciality Tea - English breakfast - 1.30, Regular Speciality Tea - Camomile - 1.30",4.2,CARD,6298857705766729
06/07/2024 13:53,Birmingham,Adele Schwartz,"Large Chai latte - 2.60, Regular Speciality Tea - Camomile - 1.30",3.9,CARD,2340296954085330
06/07/2024 13:55,Birmingham,Jeannette Leyva,"Regular Speciality Tea - Camomile - 1.30, Large Red Label tea - 1.80, Large Chai latte - 2.60",5.7,CARD,7588602358517925
06/07/2024 13:56,Birmingham,Zachary Garcia,"Large Speciality Tea - English breakfast - 1.60, Large Cortado - 2.35",3.95,CASH,
06/07/2024 13:57,Birmingham,Donald Perkins,"Large Speciality Tea - English breakfast - 1.60, Large Speciality Tea - English breakfast - 1.60",3.2,CARD,9472564333211031
06/07/2024 13:58,Birmingham,Dick Fielder,"Regular Speciality Tea - English breakfast - 1.30, Regular Cortado - 2.05, Large Cortado - 2.35, Regular Speciality Tea - English breakfast - 1.30",7.0,CASH,
06/07/2024 13:59,Birmingham,Florence Balderama,Regular Flavoured hot chocolate - Caramel - 2.60,2.6,CASH,
06/07/2024 14:00,Birmingham,Vincent Leonard,Regular Speciality Tea - English breakfast - 1.30,1.3,CASH,
06/07/2024 14:01,Birmingham,Janet Blanch,"Large Red Label tea - 1.80, Regular Cortado - 2.05, Large Flavoured hot chocolate - Caramel - 2.90",6.75,CARD,8530323172943457
06/07/2024 14:02,Birmingham,Dolly Mcgowan,"Large Speciality Tea - Camomile - 1.60, Large Cortado - 2.35",3.95,CARD,5551899177806788
06/07/2024 14:03,Birmingham,Timmy Nass,"Regular Flavoured hot chocolate - Caramel - 2.60, Regular Speciality Tea - English breakfast - 1.30, Large Speciality Tea - Camomile - 1.60",5.5,CARD,8423424904309095
06/07/2024 14:05,Birmingham,Gary Williams,"Large Speciality Tea - Camomile - 1.60, Regular Flavoured hot chocolate - Caramel - 2.60, Regular Chai latte - 2.30, Regular Cortado - 2.05, Large Speciality Tea - English breakfast - 1.60, Regular Red Label tea - 1.20",11.35,CARD,9539463253143069
06/07/2024 14:06,Birmingham,Eric Rodriguez,"Regular Chai latte - 2.30, Large Red Label tea - 1.80",4.1,CARD,5131490572982298
06/07/2024 14:07,Birmingham,Theresa Jackson,Regular Speciality Tea - Camomile - 1.30,1.3,CASH,
06/07/2024 14:08,Birmingham,Arthur Stumbaugh,"Large Cortado - 2.35, Large Speciality Tea - English breakfast - 1.60",3.95,CARD,8626586324962614
06/07/2024 14:09,Birmingham,Michael Williams,"Large Speciality Tea - Camomile - 1.60, Large Speciality Tea - Camomile - 1.60, Large Cortado - 2.35",5.55,CARD,9501114505712987
06/07/2024 14:10,Birmingham,Ruben Durham,"Regular Speciality Tea - English breakfast - 1.30, Large Speciality Tea - Camomile - 1.60, Regular Speciality Tea - English breakfast - 1.30",4.2,CASH,
06/07/2024 14:12,Birmingham,Kristen Kelly,Large Speciality Tea - English breakfast - 1.60,1.6,CASH,
06/07/2024 14:13,Birmingham,Jerry Ramirez,"Regular Chai latte - 2.30, Regular Speciality Tea - English breakfast - 1.30",3.6,CARD,7212877079095876
06/07/2024 14:14,Birmingham,Glen Taylor,"Large Chai latte - 2.60, Regular Flavoured hot chocolate - Caramel - 2.60",5.2,CARD,7347226269897617
06/07/2024 14:15,Birmingham,Clinton Roberts,"Regular Speciality Tea - English breakfast - 1.30, Regular Speciality Tea - Camomile - 1.30, Regular Red Label tea - 1.20, Regular Chai latte - 2.30, Regular Chai latte - 2.30",8.4,CASH,
06/07/2024 14:16,Birmingham,Ryan Avery,"Large Speciality Tea - Camomile - 1.60, Regular Speciality Tea - Camomile - 1.30, Large Speciality Tea - Camomile - 1.60",4.5,CARD,5068157216848170
06/07/2024 14:17,Birmingham,Elvis Creek,Large Chai latte - 2.60,2.6,CASH,
06/07/2024 14:18,Birmingham,Mary Mcguire,"Large Chai latte - 2.60, Large Flavoured hot chocolate - Caramel - 2.90",5.5,CARD,9261933977853377
06/07/2024 14:20,Birmingham,Kyle Gilmore,Regular Flavoured hot chocolate - Caramel - 2.60,2.6,CASH,
06/07/2024 14:21,Birmingham,Linda Jimenez,"Regular Cortado - 2.05, Regular Flavoured hot chocolate - Caramel - 2.60",4.65,CARD,5930652049288181
06/07/2024 14:22,Birmingham,Tara Greeno,"Large Chai latte - 2.60, Regular Cortado - 2.05",4.65,CASH,
06/07/2024 14:23,Birmingham,Jason Russell,"Large Flavoured hot chocolate - Caramel - 2.90, Large Cortado - 2.35",5.25,CARD,9564880137390868
06/07/2024 14:24,Birmingham,John Thompson,Large Flavoured hot chocolate - Caramel - 2.90,2.9,CARD,4874694149692164
06/07/2024 14:25,Birmingham,Charles Tracy,"Regular Cortado - 2.05, Large Red Label tea - 1.80",3.85,CARD,7032700870227309
06/07/2024 14:26,Birmingham,Paul Wargo,"Large Flavoured hot chocolate - Caramel - 2.90, Large Chai latte - 2.60",5.5,CARD,1956548465847130
06/07/2024 14:28,Birmingham,James Irion,Regular Chai latte - 2.30,2.3,CARD,4495862050836612
06/07/2024 14:29,Birmingham,Wilbert Mccluskey,Large Red Label tea - 1.80,1.8,CARD,2487704984421591
06/07/2024 14:30,Birmingham,Steven Little,"Large Speciality Tea - Camomile - 1.60, Regular Speciality Tea - English breakfast - 1.30, Large Speciality Tea - English breakfast - 1.60",4.5,CARD,9038315416341896
06/07/2024 14:31,Birmingham,Stephen Raisor,"Regular Speciality Tea - Camomile - 1.30, Large Speciality Tea - Camomile - 1.60, Large Speciality Tea - English breakfast - 1.60",4.5,CARD,7618559490070580
06/07/2024 14:32,Birmingham,Christin Minarik,Large Flavoured hot chocolate - Caramel - 2.90,2.9,CARD,7942835328302396
06/07/2024 14:33,Birmingham,George Brown,"Regular Red Label tea - 1.20, Large Speciality Tea - English breakfast - 1.60, Regular Speciality Tea - Camomile - 1.30, Large Speciality Tea - Camomile - 1.60",5.7,CASH,
06/07/2024 14:35,Birmingham,Katrina Lovell,"Large Speciality Tea - English breakfast - 1.60, Regular Red Label tea - 1.20",2.8,CARD,2797624126736205
06/07/2024 14:36,Birmingham,Ellen Mangino,"Regular Chai latte - 2.30, Large Speciality Tea - English breakfast - 1.60",3.9,CASH,
06/07/2024 14:37,Birmingham,Dorothy Brower,Regular Cortado - 2.05,2.05,CASH,
06/07/2024 14:38,Birmingham,Mary Riddell,Large Speciality Tea - Camomile - 1.60,1.6,CASH,
06/07/2024 14:39,Birmingham,Priscilla Yarberry,"Regular Chai latte - 2.30, Large Chai latte - 2.60",4.9,CARD,5536551911934894
06/07/2024 14:40,Birmingham,Patricia Wall,Regular Red Label tea - 1.20,1.2,CARD,6154546211280914
06/07/2024 14:41,Birmingham,Holly Walk,"Large Chai latte - 2.60, Regular Flavoured hot chocolate - Caramel - 2.60",5.2,CARD,1584507765596706
06/07/2024 14:43,Birmingham,Penny Biggs,Large Chai latte - 2.60,2.6,CARD,1038372294113189
06/07/2024 14:44,Birmingham,Steven Collier,"Regular Speciality Tea - English breakfast - 1.30, Regular Speciality Tea - English breakfast - 1.30",2.6,CARD,7364796649318731
06/07/2024 14:45,Birmingham,Joseph Brown,"Regular Cortado - 2.05, Regular Flavoured hot chocolate - Caramel - 2.60",4.65,CARD,3690997250459708
06/07/2024 14:46,Birmingham,Jose Vaness,"Large Speciality Tea - Camomile - 1.60, Regular Speciality Tea - English breakfast - 1.30, Large Red Label tea - 1.80, Regular Speciality Tea - English breakfast - 1.30, Regular Cortado - 2.05",8.05,CASH,
06/07/2024 14:47,Birmingham,Guy Mckinney,"Large Speciality Tea - Camomile - 1.60, Regular Cortado - 2.05",3.65,CARD,3005781859348090
06/07/2024 14:48,Birmingham,Ronald Benedict,"Regular Chai latte - 2.30, Large Cortado - 2.35",4.65,CARD,9941348050130850
06/07/2024 14:49,Birmingham,John Tynes,"Regular Flavoured hot chocolate - Caramel - 2.60, Large Chai latte - 2.60, Regular Cortado - 2.05",7.25,CASH,
06/07/2024 14:51,Birmingham,Lane Mayes,"Regular Flavoured hot chocolate - Caramel - 2.60, Large Chai latte - 2.60",5.2,CARD,8794107229391305
06/07/2024 14:52,Birmingham,James Monford,Large Speciality Tea - Camomile - 1.60,1.6,CARD,6114060181057887
06/07/2024 14:53,Birmingham,John Davis,"Large Speciality Tea - Camomile - 1.60, Regular Speciality Tea - English breakfast - 1.30, Large Flavoured hot chocolate - Caramel - 2.90, Large Speciality Tea - English breakfast - 1.60, Large Speciality Tea - English breakfast - 1.60, Large Chai latte - 2.60",11.6,CASH,
06/07/2024 14:54,Birmingham,Howard Cullinane,"Large Speciality Tea - Camomile - 1.60, Regular Chai latte - 2.30",3.9,CARD,3093660646134793
06/07/2024 14:55,Birmingham,Richard Wilson,"Regular Chai latte - 2.30, Large Speciality Tea - English breakfast - 1.60, Large Chai latte - 2.60, Regular Red Label tea - 1.20, Regular Chai latte - 2.30",10.0,CASH,
06/07/2024 14:56,Birmingham,Carolyne Washington,"Regular Speciality Tea - Camomile - 1.30, Large Red Label tea - 1.80, Large Cortado - 2.35, Regular Flavoured hot chocolate - Caramel - 2.60, Regular Speciality Tea - Camomile - 1.30",9.35,CARD,2564498303258203
06/07/2024 14:58,Birmingham,Ruth Hill,"Large Flavoured hot chocolate - Caramel - 2.90, Regular Speciality Tea - English breakfast - 1.30, Large Red Label tea - 1.80, Regular Chai latte - 2.30",8.3,CARD,9127004134388180
06/07/2024 14:59,Birmingham,Edwin Harris,"Large Red Label tea - 1.80, Large Speciality Tea - English breakfast - 1.60, Regular Speciality Tea - Camomile - 1.30",4.7,CASH,
06/07/2024 15:00,Birmingham,Julia Maulden,Regular Flavoured hot chocolate - Caramel - 2.60,2.6,CARD,9947644205867015
06/07/2024 15:01,Birmingham,Peggy Stephens,"Large Flavoured hot chocolate - Caramel - 2.90, Large Chai latte - 2.60, Large Speciality Tea - English breakfast - 1.60, Large Cortado - 2.35, Large Speciality Tea - English breakfast - 1.60, Large Chai latte - 2.60",13.65,CASH,
06/07/2024 15:02,Birmingham,Robert Ho,"Large Chai latte - 2.60, Large Chai latte - 2.60",5.2,CARD,2813671162777671
06/07/2024 15:04,Birmingham,Ervin Burger,Large Chai latte - 2.60,2.6,CARD,9765054336760598
06/07/2024 15:05,Birmingham,Maria Thompson,"Regular Cortado - 2.05, Large Chai latte - 2.60",4.65,CASH,
06/07/2024 15:06,Birmingham,Carmen Reyes,"Regular Flavoured hot chocolate - Caramel - 2.60, Regular Speciality Tea - Camomile - 1.30",3.9,CASH,
06/07/2024 15:07,Birmingham,Christopher Strickland,"Large Flavoured hot chocolate - Caramel - 2.90, Regular Chai latte - 2.30",5.2,CARD,9454060296627227
06/07/2024 15:09,Birmingham,Brian Westervelt,"Large Cortado - 2.35, Large Red Label tea - 1.80",4.15,CARD,3020991351258036
06/07/2024 15:10,Birmingham,Molly Doucette,"Regular Flavoured hot chocolate - Caramel - 2.60, Large Flavoured hot chocolate - Caramel - 2.90",5.5,CARD,9289057927248666
06/07/2024 15:11,Birmingham,Lucille Golden,"Large Speciality Tea - Camomile - 1.60, Regular Red Label tea - 1.20, Large Chai latte - 2.60",5.4,CARD,4020180083716582
06/07/2024 15:12,Birmingham,Donna Willis,"Large Red Label tea - 1.80, Regular Speciality Tea - Camomile - 1.30, Regular Chai latte - 2.30",5.4,CARD,8055140381352942
06/07/2024 15:14,Birmingham,Brenda Rodriguez,Regular Speciality Tea - Camomile - 1.30,1.3,CARD,5601967053190695
06/07/2024 15:15,Birmingham,Jason Bishop,Large Red Label tea - 1.80,1.8,CARD,2105150207690753
06/07/2024 15:16,Birmingham,Stacy Joyner,Regular Chai latte - 2.30,2.3,CARD,1393388445098516
06/07/2024 15:18,Birmingham,Alan Lynum,"Large Cortado - 2.35, Large Cortado - 2.35",4.7,CARD,1551230679387184
06/07/2024 15:19,Birmingham,Christopher Mcmurray,"Regular Speciality Tea - English breakfast - 1.30, Large Chai latte - 2.60, Regular Chai latte - 2.30, Regular Red Label tea - 1.20, Large Cortado - 2.35, Regular Red Label tea - 1.20",10.95,CARD,1508806098564551
06/07/2024 15:20,Birmingham,Walter Boocks,"Large Speciality Tea - Camomile - 1.60, Large Cortado - 2.35, Regular Red Label tea - 1.20, Regular Speciality Tea - Camomile - 1.30, Regular Speciality Tea - English breakfast - 1.30",7.75,CARD,9889147597882237
06/07/2024 15:21,Birmingham,Joyce Craig,"Regular Flavoured hot chocolate - Caramel - 2.60, Regular Speciality Tea - English breakfast - 1.30",3.9,CASH,
06/07/2024 15:23,Birmingham,William Rogers,"Large Speciality Tea - Camomile - 1.60, Large Speciality Tea - English breakfast - 1.60, Regular Red Label tea - 1.20",4.4,CARD,8045401072623918
06/07/2024 15:24,Birmingham,Charlotte Cole,"Regular Chai latte - 2.30, Large Speciality Tea - English breakfast - 1.60, Large Red Label tea - 1.80",5.7,CARD,7514753584981747
06/07/2024 15:25,Birmingham,Roland Hoffman,"Regular Speciality Tea - Camomile - 1.30, Regular Red Label tea - 1.20, Large Chai latte - 2.60",5.1,CARD,6488233230742050
06/07/2024 15:26,Birmingham,Paul Merida,"Large Cortado - 2.35, Regular Flavoured hot chocolate - Caramel - 2.60, Large Chai latte - 2.60, Large Cortado - 2.35",9.9,CASH,
06/07/2024 15:28,Birmingham,Michael Carroll,"Regular Speciality Tea - English breakfast - 1.30, Regular Cortado - 2.05",3.35,CASH,
06/07/2024 15:29,Birmingham,Martha Elder,"Regular Speciality Tea - English breakfast - 1.30, Large Flavoured hot chocolate - Caramel - 2.90",4.2,CARD,9962587124021075
06/07/2024 15:30,Birmingham,Patricia Carpenter,"Regular Chai latte - 2.30, Regular Speciality Tea - Camomile - 1.30",3.6,CASH,
06/07/2024 15:31,Birmingham,Edward Hansen,"Large Speciality Tea - Camomile - 1.60, Large Speciality Tea - English breakfast - 1.60, Large Chai latte - 2.60",5.8,CASH,
06/07/2024 15:33,Birmingham,Stephanie Feather,"Large Speciality Tea - Camomile - 1.60, Regular Speciality Tea - English breakfast - 1.30, Large Cortado - 2.35",5.25,CARD,7506776142197908
06/07/2024 15:34,Birmingham,Nora Santos,"Large Speciality Tea - Camomile - 1.60, Regular Chai latte - 2.30, Large Speciality Tea - English breakfast - 1.60",5.5,CARD,7186379928256049
06/07/2024 15:35,Birmingham,Diana Evans,"Regular Speciality Tea - English breakfast - 1.30, Regular Red Label tea - 1.20, Large Cortado - 2.35, Regular Red Label tea - 1.20, Regular Cortado - 2.05",8.1,CARD,1587194367605787
06/07/2024 15:37,Birmingham,Amber Gilbert,"Regular Speciality Tea - Camomile - 1.30, Large Speciality Tea - Camomile - 1.60, Regular Speciality Tea - Camomile - 1.30, Large Red Label tea - 1.80",6.0,CASH,
06/07/2024 15:38,Birmingham,Janice Hawkins,"Large Speciality Tea - Camomile - 1.60, Large Speciality Tea - English breakfast - 1.60, Regular Red Label tea - 1.20, Regular Red Label tea - 1.20",5.6,CARD,8069143594700127
06/07/2024 15:39,Birmingham,David Ratcliff,"Regular Chai latte - 2.30, Large Red Label tea - 1.80, Large Speciality Tea - Camomile - 1.60",5.7,CARD,8591895881370001
06/07/2024 15:40,Birmingham,Sharyn Lee,"Regular Cortado - 2.05, Regular Speciality Tea - Camomile - 1.30",3.35,CARD,9920495694725977
06/07/2024 15:42,Birmingham,Jennifer Contreras,Large Speciality Tea - Camomile - 1.60,1.6,CARD,4211378533913854
06/07/2024 15:43,Birmingham,Velma Butler,"Large Cortado - 2.35, Large Red Label tea - 1.80, Large Cortado - 2.35, Large Speciality Tea - English breakfast - 1.60",8.1,CARD,6837070183868420
06/07/2024 15:44,Birmingham,Haley Mckamey,Large Flavoured hot chocolate - Caramel - 2.90,2.9,CASH,
06/07/2024 15:45,Birmingham,Evelyn Barber,"Large Speciality Tea - Camomile - 1.60, Large Flavoured hot chocolate - Caramel - 2.90, Large Chai latte - 2.60, Regular Cortado - 2.05, Large Flavoured hot chocolate - Caramel - 2.90",12.05,CARD,8099519014669134
06/07/2024 15:47,Birmingham,Anthony Clark,Regular Speciality Tea - English breakfast - 1.30,1.3,CASH,
06/07/2024 15:48,Birmingham,Jeffrey Laverriere,Large Speciality Tea - English breakfast - 1.60,1.6,CARD,3262109662456005
06/07/2024 15:49,Birmingham,Donald Scaglione,Regular Speciality Tea - Camomile - 1.30,1.3,CASH,
06/07/2024 15:50,Birmingham,Margaret Fratta,"Large Speciality Tea - English breakfast - 1.60, Regular Cortado - 2.05",3.65,CARD,6255981234760167
06/07/2024 15:52,Birmingham,Martin Stevens,"Large Chai latte - 2.60, Regular Flavoured hot chocolate - Caramel - 2.60, Regular Speciality Tea - Camomile - 1.30",6.5,CARD,4971963262732915
06/07/2024 15:53,Birmingham,Daniel Roney,Regular Cortado - 2.05,2.05,CARD,1941623986792229
06/07/2024 15:54,Birmingham,Elizabeth Eaton,"Large Cortado - 2.35, Large Speciality Tea - Camomile - 1.60",3.95,CARD,5733543788882415
06/07/2024 15:56,Birmingham,Doris Cervantes,Regular Cortado - 2.05,2.05,CARD,8429137016941969
06/07/2024 15:57,Birmingham,Ruth Bachmeier,Regular Speciality Tea - Camomile - 1.30,1.3,CASH,
06/07/2024 15:58,Birmingham,Gloria Castro,"Regular Red Label tea - 1.20, Regular Flavoured hot chocolate - Caramel - 2.60",3.8,CASH,
06/07/2024 15:59,Birmingham,Lori Lash,Large Chai latte - 2.60,2.6,CARD,3546187759462444
06/07/2024 16:01,Birmingham,Marilyn Rainville,"Large Red Label tea - 1.80, Large Speciality Tea - Camomile - 1.60, Regular Speciality Tea - Camomile - 1.30, Large Speciality Tea - Camomile - 1.60",6.3,CASH,
06/07/2024 16:04,Birmingham,Barbara Garza,Regular Flavoured hot chocolate - Caramel - 2.60,2.6,CARD,5790448158060325
06/07/2024 16:08,Birmingham,Bradley Grimes,"Regular Speciality Tea - English breakfast - 1.30, Regular Speciality Tea - Camomile - 1.30, Regular Cortado - 2.05, Large Speciality Tea - Camomile - 1.60",6.25,CARD,3360448866053657
06/07/2024 16:11,Birmingham,Martin Christian,"Large Cortado - 2.35, Regular Speciality Tea - Camomile - 1.30, Regular Chai latte - 2.30, Large Speciality Tea - English breakfast - 1.60",7.55,CARD,6948326615635622
06/07/2024 16:15,Birmingham,Marguerite Dever,"Regular Chai latte - 2.30, Regular Speciality Tea - English breakfast - 1.30, Regular Cortado - 2.05, Regular Speciality Tea - English breakfast - 1.30, Regular Speciality Tea - English breakfast - 1.30",8.25,CASH,
06/07/2024 16:18,Birmingham,Ruth Chamberlain,"Large Chai latte - 2.60, Large Red Label tea - 1.80, Regular Speciality Tea - Camomile - 1.30",5.7,CARD,9733279561678308
06/07/2024 16:22,Birmingham,Elizabeth Poorman,"Large Speciality Tea - English breakfast - 1.60, Regular Speciality Tea - Camomile - 1.30, Large Speciality Tea - English breakfast - 1.60",4.5,CASH,
06/07/2024 16:25,Birmingham,Michelle Nave,"Large Speciality Tea - English breakfast - 1.60, Large Speciality Tea - Camomile - 1.60, Large Chai latte - 2.60, Large Cortado - 2.35, Large Chai latte - 2.60",10.75,CARD,9460726639697885
06/07/2024 16:29,Birmingham,Laura Villa,"Regular Flavoured hot chocolate - Caramel - 2.60, Large Cortado - 2.35, Regular Red Label tea - 1.20, Regular Red Label tea - 1.20, Regular Speciality Tea - English breakfast - 1.30",8.65,CASH,
06/07/2024 16:32,Birmingham,Kristopher Nowak,Large Speciality Tea - Camomile - 1.60,1.6,CARD,9066872317910974
06/07/2024 16:36,Birmingham,Helen Chen,"Regular Speciality Tea - English breakfast - 1.30, Regular Speciality Tea - Camomile - 1.30",2.6,CASH,
06/07/2024 16:39,Birmingham,Betty Bourdier,"Large Red Label tea - 1.80, Regular Speciality Tea - Camomile - 1.30, Regular Speciality Tea - Camomile - 1.30, Large Chai latte - 2.60",7.0,CASH,
06/07/2024 16:43,Birmingham,Carl Moore,"Regular Cortado - 2.05, Large Flavoured hot chocolate - Caramel - 2.90, Regular Chai latte - 2.30",7.25,CARD,5201194099273846
06/07/2024 16:46,Birmingham,Mary White,"Regular Flavoured hot chocolate - Caramel - 2.60, Regular Chai latte - 2.30",4.9,CARD,1092530170209115
06/07/2024 16:50,Birmingham,Rose Almonte,"Regular Speciality Tea - English breakfast - 1.30, Regular Flavoured hot chocolate - Caramel - 2.60",3.9,CARD,4242072484848359
06/07/2024 16:53,Birmingham,Monica Moore,"Large Speciality Tea - Camomile - 1.60, Regular Chai latte - 2.30, Regular Speciality Tea - Camomile - 1.30, Large Speciality Tea - Camomile - 1.60, Regular Chai latte - 2.30",9.1,CARD,8437928513498614
06/07/2024 16:57,Birmingham,Barbara Sirois,"Regular Flavoured hot chocolate - Caramel - 2.60, Regular Red Label tea - 1.20, Large Flavoured hot chocolate - Caramel - 2.90, Regular Chai latte - 2.30, Regular Speciality Tea - English breakfast - 1.30",10.3,CARD,7840437075462101
