06/07/2024 09:00,Chesterfield,Mary Johnson,"Large Flat white - 2.45, Large Flavoured latte - Hazelnut - 2.85, Regular Flavoured iced latte - Caramel - 2.75",8.05,CASH,
06/07/2024 09:02,Chesterfield,Scott Fetner,"Large Flavoured latte - Hazelnut - 2.85, Regular Flavoured iced latte - Vanilla - 2.75, Large Flavoured iced latte - Hazelnut - 3.25, Regular Flavoured iced latte - Hazelnut - 2.75",11.6,CARD,8218084621697573
06/07/2024 09:04,Chesterfield,David Frazier,"Regular Flavoured latte - Hazelnut - 2.55, Large Flavoured latte - Hazelnut - 2.85, Large Latte - 2.45",7.85,CARD,2094977260202619
06/07/2024 09:06,Chesterfield,Eldora Kuhn,"Regular Latte - 2.15, Regular Flavoured latte - Hazelnut - 2.55, Regular Flat white - 2.15",6.85,CARD,8308611876345472
06/07/2024 09:08,Chesterfield,Dorothy Kehew,"Regular Flavoured iced latte - Vanilla - 2.75, Large Flavoured iced latte - Caramel - 3.25",6.0,CARD,2775904857769551
06/07/2024 09:10,Chesterfield,Bonnie Ford,Regular Flat white - 2.15,2.15,CARD,6360518752279959
06/07/2024 09:12,Chesterfield,Robert Gearing,Large Latte - 2.45,2.45,CARD,9279302784290698
06/07/2024 09:14,Chesterfield,Elizabeth Westfall,"Regular Flavoured latte - Hazelnut - 2.55, Large Latte - 2.45",5.0,CARD,6923003248310887
06/07/2024 09:17,Chesterfield,Cindy Dohse,"Regular Latte - 2.15, Regular Flavoured iced latte - Vanilla - 2.75",4.9,CARD,5772302079447493
06/07/2024 09:19,Chesterfield,Wilma Mason,"Large Latte - 2.45, Large Flavoured iced latte - Vanilla - 3.25, Regular Flavoured latte - Hazelnut - 2.55",8.25,CARD,4406941480415235
06/07/2024 09:21,Chesterfield,Scott Carlton,"Large Latte - 2.45, Large Flavoured iced latte - Vanilla - 3.25, Regular Flavoured iced latte - Caramel - 2.75, Large Latte - 2.45, Regular Latte - 2.15, Regular Flat white - 2.15",15.2,CARD,4162605071925556
06/07/2024 09:23,Chesterfield,Fred Olsen,"Large Flavoured latte - Hazelnut - 2.85, Large Flavoured iced latte - Caramel - 3.25, Large Flat white - 2.45, Large Flavoured latte - Hazelnut - 2.85",11.4,CASH,
06/07/2024 09:25,Chesterfield,Kristy Henderson,"Regular Flavoured latte - Hazelnut - 2.55, Regular Flavoured latte - Hazelnut - 2.55",5.1,CARD,4632919615618937
06/07/2024 09:27,Chesterfield,Krystal Herring,Regular Flavoured iced latte - Caramel - 2.75,2.75,CARD,5571943122142515
06/07/2024 09:29,Chesterfield,Nathan Lewis,"Large Flavoured iced latte - Vanilla - 3.25, Large Flat white - 2.45, Large Flat white - 2.45",8.15,CASH,
06/07/2024 09:32,Chesterfield,Ernestine Evener,"Regular Flavoured iced latte - Hazelnut - 2.75, Large Flat white - 2.45, Regular Flavoured iced latte - Caramel - 2.75, Large Flavoured iced latte - Hazelnut - 3.25, Regular Flavoured iced latte - Hazelnut - 2.75",13.95,CARD,9054339662986539
06/07/2024 09:34,Chesterfield,Ramiro Drake,"Large Flavoured iced latte - Hazelnut - 3.25, Large Flat white - 2.45, Large Flavoured latte - Hazelnut - 2.85",8.55,CASH,
06/07/2024 09:36,Chesterfield,Glenn Matthews,Regular Flavoured iced latte - Caramel - 2.75,2.75,CARD,8511523732946520
06/07/2024 09:38,Chesterfield,Kelly Knackstedt,"Regular Latte - 2.15, Large Flavoured iced latte - Vanilla - 3.25",5.4,CARD,5865475973041346
06/07/2024 09:40,Chesterfield,Foster Wang,"Regular Flat white - 2.15, Regular Flavoured latte - Hazelnut - 2.55",4.7,CARD,8755079814590746
06/07/2024 09:42,Chesterfield,Edward Bledsoe,"Large Latte - 2.45, Large Flavoured latte - Hazelnut - 2.85, Regular Flavoured latte - Hazelnut - 2.55",7.85,CARD,4199711153165137
06/07/2024 09:44,Chesterfield,Harold Jones,"Regular Flat white - 2.15, Large Flavoured iced latte - Hazelnut - 3.25",5.4,CASH,
06/07/2024 09:46,Chesterfield,Vincent Hall,"Large Flavoured iced latte - Hazelnut - 3.25, Large Latte - 2.45, Large Flavoured iced latte - Caramel - 3.25, Large Flat white - 2.45",11.4,CARD,6394089213267952
06/07/2024 09:49,Chesterfield,Ronald Harris,"Large Latte - 2.45, Large Latte - 2.45, Regular Flavoured iced latte - Caramel - 2.75, Large Flavoured iced latte - Vanilla - 3.25",10.9,CASH,
06/07/2024 09:51,Chesterfield,John Epperson,"Large Latte - 2.45, Regular Flat white - 2.15",4.6,CARD,5183378838545419
06/07/2024 09:53,Chesterfield,Joann Klingensmith,"Regular Flavoured iced latte - Hazelnut - 2.75, Regular Flavoured iced latte - Hazelnut - 2.75, Large Flavoured iced latte - Hazelnut - 3.25",8.75,CARD,7831892964033037
06/07/2024 09:55,Chesterfield,Juan Roehl,Large Flavoured iced latte - Hazelnut - 3.25,3.25,CASH,
06/07/2024 09:57,Chesterfield,George Anderson,"Large Flat white - 2.45, Regular Latte - 2.15, Regular Flavoured iced latte - Vanilla - 2.75, Large Flavoured iced latte - Hazelnut - 3.25",10.6,CASH,
06/07/2024 09:59,Chesterfield,Rosalyn Trivino,Regular Flavoured iced latte - Hazelnut - 2.75,2.75,CARD,1676095607140131
06/07/2024 10:01,Chesterfield,James Scott,"Large Flavoured iced latte - Hazelnut - 3.25, Large Flavoured iced latte - Hazelnut - 3.25, Large Flat white - 2.45",8.95,CASH,
06/07/2024 10:02,Chesterfield,Vivian Owens,"Regular Flat white - 2.15, Large Latte - 2.45",4.6,CARD,3071135622279101
06/07/2024 10:03,Chesterfield,Patricia Tejeiro,"Large Latte - 2.45, Regular Flavoured iced latte - Caramel - 2.75, Regular Flavoured latte - Hazelnut - 2.55",7.75,CASH,
06/07/2024 10:04,Chesterfield,Kevin Blatz,"Large Flat white - 2.45, Large Flat white - 2.45",4.9,CARD,1666090563185360
06/07/2024 10:05,Chesterfield,Nedra Barbe,Regular Flavoured iced latte - Hazelnut - 2.75,2.75,CASH,
06/07/2024 10:06,Chesterfield,Diane Ledbetter,Regular Flavoured latte - Hazelnut - 2.55,2.55,CARD,9321721083777601
06/07/2024 10:07,Chesterfield,Donnie Hargrove,"Regular Flat white - 2.15, Large Flavoured iced latte - Vanilla - 3.25, Large Flat white - 2.45",7.85,CASH,
06/07/2024 10:08,Chesterfield,Sarah Schorr,"Regular Flavoured iced latte - Vanilla - 2.75, Regular Flat white - 2.15, Large Flat white - 2.45",7.35,CARD,2444769146841770
06/07/2024 10:09,Chesterfield,Dan Sanford,"Large Flavoured iced latte - Hazelnut - 3.25, Regular Flat white - 2.15, Large Flavoured iced latte - Vanilla - 3.25, Large Flavoured latte - Hazelnut - 2.85, Large Flat white - 2.45",13.95,CARD,8792622702953196
06/07/2024 10:10,Chesterfield,Dan Simmons,"Large Flavoured iced latte - Vanilla - 3.25, Large Flat white - 2.45, Regular Flavoured iced latte - Hazelnut - 2.75",8.45,CASH,
06/07/2024 10:11,Chesterfield,John Cox,Regular Flavoured iced latte - Caramel - 2.75,2.75,CASH,
06/07/2024 10:12,Chesterfield,Peter Norman,"Regular Flavoured latte - Hazelnut - 2.55, Regular Flavoured iced latte - Vanilla - 2.75, Large Flavoured iced latte - Vanilla - 3.25",8.55,CARD,1638641383532941
06/07/2024 10:13,Chesterfield,Jae Snow,"Large Flavoured latte - Hazelnut - 2.85, Large Latte - 2.45, Large Flavoured iced latte - Caramel - 3.25, Regular Flavoured iced latte - Vanilla - 2.75, Regular Flavoured latte - Hazelnut - 2.55",13.85,CARD,2109527852767153
06/07/2024 10:14,Chesterfield,William Smith,"Regular Flat white - 2.15, Large Flavoured latte - Hazelnut - 2.85, Regular Flat white - 2.15",7.15,CARD,5887872626813747
06/07/2024 10:15,Chesterfield,Donna Boothe,"Large Latte - 2.45, Large Flat white - 2.45",4.9,CASH,
06/07/2024 10:16,Chesterfield,Paul Atkins,"Regular Latte - 2.15, Large Flavoured iced latte - Hazelnut - 3.25",5.4,CARD,8919923583841438
06/07/2024 10:17,Chesterfield,Delphine Anderson,"Regular Flavoured iced latte - Hazelnut - 2.75, Large Flavoured iced latte - Hazelnut - 3.25, Large Latte - 2.45",8.45,CARD,7555546819839604
06/07/2024 10:18,Chesterfield,Delores Dugan,"Regular Flavoured iced latte - Vanilla - 2.75, Large Flavoured iced latte - Hazelnut - 3.25, Large Flavoured iced latte - Vanilla - 3.25",9.25,CASH,
06/07/2024 10:19,Chesterfield,Jon Trevino,Large Flavoured latte - Hazelnut - 2.85,2.85,CARD,3100158606379320
06/07/2024 10:20,Chesterfield,Joyce Andrews,"Large Flavoured iced latte - Caramel - 3.25, Large Flavoured iced latte - Hazelnut - 3.25, Regular Flavoured iced latte - Vanilla - 2.75, Regular Latte - 2.15",11.4,CARD,3923154241064294
06/07/2024 10:21,Chesterfield,Nancy Slater,"Regular Latte - 2.15, Large Flat white - 2.45",4.6,CASH,
06/07/2024 10:22,Chesterfield,Aubrey Horton,"Large Flavoured latte - Hazelnut - 2.85, Large Flavoured iced latte - Caramel - 3.25, Regular Flavoured iced latte - Hazelnut - 2.75",8.85,CARD,5446106115681860
06/07/2024 10:23,Chesterfield,Donald Cokely,"Large Flavoured iced latte - Caramel - 3.25, Large Flavoured iced latte - Hazelnut - 3.25, Regular Flavoured latte - Hazelnut - 2.55",9.05,CARD,3725745813653111
06/07/2024 10:24,Chesterfield,Walter Housley,"Regular Flavoured iced latte - Caramel - 2.75, Regular Latte - 2.15",4.9,CASH,
06/07/2024 10:25,Chesterfield,Brady Henderson,"Regular Flavoured latte - Hazelnut - 2.55, Regular Flavoured iced latte - Caramel - 2.75, Large Flavoured iced latte - Caramel - 3.25",8.55,CARD,4576006044290575
06/07/2024 10:26,Chesterfield,Cheryl Clemons,Regular Flat white - 2.15,2.15,CARD,3883039157810938
06/07/2024 10:27,Chesterfield,Edward Cordova,"Regular Flavoured latte - Hazelnut - 2.55, Regular Latte - 2.15",4.7,CARD,8221088746309256
06/07/2024 10:27,Chesterfield,Javier Mckenzie,Large Flavoured iced latte - Hazelnut - 3.25,3.25,CARD,5499637256068567
06/07/2024 10:28,Chesterfield,Steven Pearson,"Large Flavoured iced latte - Vanilla - 3.25, Large Flavoured iced latte - Caramel - 3.25, Large Flavoured latte - Hazelnut - 2.85, Regular Flavoured latte - Hazelnut - 2.55, Regular Flavoured iced latte - Caramel - 2.75",14.65,CARD,4242170376015291
06/07/2024 10:29,Chesterfield,Yvette Blanding,"Large Flavoured iced latte - Hazelnut - 3.25, Large Flavoured iced latte - Caramel - 3.25",6.5,CARD,6888358459387680
06/07/2024 10:30,Chesterfield,Bernard Gamble,Large Flavoured latte - Hazelnut - 2.85,2.85,CASH,
06/07/2024 10:31,Chesterfield,Sharon Torres,"Large Flavoured latte - Hazelnut - 2.85, Regular Latte - 2.15, Large Flavoured iced latte - Vanilla - 3.25",8.25,CARD,3085993803630910
06/07/2024 10:32,Chesterfield,Ginger Herd,"Regular Flavoured iced latte - Vanilla - 2.75, Large Flavoured latte - Hazelnut - 2.85, Large Flavoured iced latte - Caramel - 3.25",8.85,CARD,3480875737107805
06/07/2024 10:33,Chesterfield,Jesse Metcalf,"Large Flavoured latte - Hazelnut - 2.85, Regular Flat white - 2.15, Large Flavoured iced latte - Hazelnut - 3.25",8.25,CARD,1872366055777280
06/07/2024 10:34,Chesterfield,Robert Manning,Regular Flavoured latte - Hazelnut - 2.55,2.55,CARD,4508770378019226
06/07/2024 10:35,Chesterfield,Donald Schroeder,"Large Flat white - 2.45, Large Flat white - 2.45, Regular Flavoured iced latte - Hazelnut - 2.75",7.65,CASH,
06/07/2024 10:36,Chesterfield,Krista Powell,"Regular Flavoured latte - Hazelnut - 2.55, Regular Flavoured iced latte - Hazelnut - 2.75, Large Latte - 2.45",7.75,CASH,
06/07/2024 10:37,Chesterfield,Maria Bangs,"Large Flat white - 2.45, Regular Flavoured iced latte - Hazelnut - 2.75",5.2,CASH,
06/07/2024 10:38,Chesterfield,Clarence Ray,"Large Flat white - 2.45, Large Flavoured iced latte - Hazelnut - 3.25",5.7,CARD,8488052187487340
06/07/2024 10:39,Chesterfield,Jackie Mercer,Large Latte - 2.45,2.45,CARD,3624277022223202
06/07/2024 10:40,Chesterfield,Ernest Willis,Large Flavoured iced latte - Caramel - 3.25,3.25,CARD,4654732727997384
06/07/2024 10:41,Chesterfield,Erika Mcguire,"Large Flavoured iced latte - Hazelnut - 3.25, Large Latte - 2.45, Regular Flat white - 2.15, Large Flavoured latte - Hazelnut - 2.85",10.7,CARD,6187886384142402
06/07/2024 10:42,Chesterfield,Deborah Rouleau,Regular Flat white - 2.15,2.15,CARD,9976983853610421
06/07/2024 10:43,Chesterfield,Bernice Stanford,"Large Flavoured iced latte - Hazelnut - 3.25, Regular Latte - 2.15, Large Flavoured iced latte - Vanilla - 3.25",8.65,CARD,5968160325901096
06/07/2024 10:44,Chesterfield,Hannah Marenco,"Large Flavoured iced latte - Caramel - 3.25, Large Flavoured iced latte - Hazelnut - 3.25",6.5,CASH,
06/07/2024 10:45,Chesterfield,Brian Lapointe,"Regular Flavoured iced latte - Hazelnut - 2.75, Regular Flavoured iced latte - Hazelnut - 2.75, Regular Flat white - 2.15, Regular Flat white - 2.15, Large Flavoured iced latte - Hazelnut - 3.25",13.05,CARD,1552764155278761
06/07/2024 10:46,Chesterfield,Mike Oleson,"Large Flavoured latte - Hazelnut - 2.85, Large Latte - 2.45",5.3,CASH,
06/07/2024 10:47,Chesterfield,Sung Wilson,Regular Flavoured iced latte - Hazelnut - 2.75,2.75,CARD,9085833108723713
06/07/2024 10:48,Chesterfield,Cynthia Nash,"Regular Flat white - 2.15, Regular Flat white - 2.15, Large Latte - 2.45, Regular Flavoured iced latte - Caramel - 2.75",9.5,CARD,6276798729456477
06/07/2024 10:49,Chesterfield,Ryan Steen,"Large Flavoured latte - Hazelnut - 2.85, Regular Flavoured latte - Hazelnut - 2.55, Regular Flavoured iced latte - Vanilla - 2.75",8.15,CASH,
06/07/2024 10:50,Chesterfield,Aurelia Junke,"Large Flavoured latte - Hazelnut - 2.85, Large Flavoured iced latte - Vanilla - 3.25, Large Flat white - 2.45, Large Flavoured iced latte - Caramel - 3.25",11.8,CARD,5029180052000540
06/07/2024 10:51,Chesterfield,Norma Burridge,"Large Flavoured iced latte - Vanilla - 3.25, Large Flavoured iced latte - Caramel - 3.25, Large Latte - 2.45, Regular Flavoured iced latte - Caramel - 2.75, Large Flavoured iced latte - Hazelnut - 3.25, Large Flat white - 2.45",17.4,CARD,6665875025508838
06/07/2024 10:52,Chesterfield,Linwood Throgmorton,"Large Flavoured latte - Hazelnut - 2.85, Large Flavoured iced latte - Caramel - 3.25, Regular Flat white - 2.15, Large Flavoured iced latte - Hazelnut - 3.25, Large Flat white - 2.45",13.95,CARD,3696468647216551
06/07/2024 10:53,Chesterfield,Leah Phillips,"Regular Flavoured iced latte - Vanilla - 2.75, Large Flavoured iced latte - Caramel - 3.25, Regular Flat white - 2.15, Regular Latte - 2.15",10.3,CARD,5230659682140090
06/07/2024 10:54,Chesterfield,Linda Moore,"Regular Flavoured iced latte - Caramel - 2.75, Large Flavoured iced latte - Caramel - 3.25",6.0,CARD,5693201212815732
06/07/2024 10:55,Chesterfield,Lessie Palmer,"Regular Flavoured iced latte - Caramel - 2.75, Large Flavoured latte - Hazelnut - 2.85",5.6,CASH,
06/07/2024 10:56,Chesterfield,Santiago Stephan,"Large Flavoured iced latte - Hazelnut - 3.25, Regular Flavoured iced latte - Caramel - 2.75",6.0,CARD,7647368220368527
06/07/2024 10:56,Chesterfield,Maria London,Regular Flavoured iced latte - Vanilla - 2.75,2.75,CARD,6626656767564229
06/07/2024 10:57,Chesterfield,Earnest Ainsworth,"Regular Flavoured iced latte - Caramel - 2.75, Large Latte - 2.45, Large Flat white - 2.45, Regular Flavoured iced latte - Caramel - 2.75, Regular Flavoured latte - Hazelnut - 2.55, Regular Flat white - 2.15",15.1,CASH,
06/07/2024 10:58,Chesterfield,Deanna Langdon,"Regular Flat white - 2.15, Regular Flavoured iced latte - Vanilla - 2.75, Regular Flavoured iced latte - Vanilla - 2.75, Regular Flavoured iced latte - Vanilla - 2.75, Large Flavoured iced latte - Vanilla - 3.25",13.65,CARD,5007310436629786
06/07/2024 10:59,Chesterfield,Jewell Cline,Regular Latte - 2.15,2.15,CARD,3802013213470078
06/07/2024 11:00,Chesterfield,Annette Allen,"Large Flavoured iced latte - Caramel - 3.25, Regular Flavoured iced latte - Vanilla - 2.75, Large Flat white - 2.45",8.45,CASH,
06/07/2024 11:03,Chesterfield,Robert Crisp,"Regular Latte - 2.15, Large Flavoured latte - Hazelnut - 2.85",5.0,CARD,6391797959227249
06/07/2024 11:06,Chesterfield,Eduardo Justice,Large Latte - 2.45,2.45,CASH,
06/07/2024 11:08,Chesterfield,Gonzalo Hyzer,"Regular Flavoured iced latte - Hazelnut - 2.75, Regular Flavoured iced latte - Vanilla - 2.75, Regular Flavoured iced latte - Vanilla - 2.75, Large Flat white - 2.45",10.7,CASH,
06/07/2024 11:11,Chesterfield,Elaine Micale,Regular Flat white - 2.15,2.15,CARD,3887934619097521
06/07/2024 11:13,Chesterfield,Austin Dunn,"Large Flavoured iced latte - Caramel - 3.25, Large Latte - 2.45",5.7,CARD,4433430082126190
06/07/2024 11:16,Chesterfield,John Smith,"Regular Latte - 2.15, Large Flavoured latte - Hazelnut - 2.85, Large Latte - 2.45",7.45,CARD,8102860332522501
06/07/2024 11:19,Chesterfield,John Lemke,"Large Flavoured iced latte - Hazelnut - 3.25, Large Flavoured iced latte - Caramel - 3.25",6.5,CARD,2240784423623660
06/07/2024 11:21,Chesterfield,Jose Hawes,"Regular Flat white - 2.15, Regular Flavoured iced latte - Hazelnut - 2.75",4.9,CASH,
06/07/2024 11:24,Chesterfield,Joanne Muse,"Regular Latte - 2.15, Regular Flavoured iced latte - Caramel - 2.75, Regular Latte - 2.15, Large Flavoured latte - Hazelnut - 2.85",9.9,CARD,6508494244887452
06/07/2024 11:26,Chesterfield,Ward Foster,"Regular Flat white - 2.15, Large Flat white - 2.45",4.6,CARD,7477528784566658
06/07/2024 11:29,Chesterfield,Douglas Ramsey,"Regular Flavoured latte - Hazelnut - 2.55, Regular Latte - 2.15, Large Latte - 2.45, Large Flavoured iced latte - Vanilla - 3.25",10.4,CASH,
06/07/2024 11:32,Chesterfield,Lawrence Joy,Regular Latte - 2.15,2.15,CASH,
06/07/2024 11:34,Chesterfield,Deon Atencio,"Large Flavoured iced latte - Vanilla - 3.25, Large Latte - 2.45, Regular Flavoured iced latte - Caramel - 2.75, Large Flavoured iced latte - Vanilla - 3.25, Large Flavoured iced latte - Caramel - 3.25",14.95,CARD,6135795876191503
06/07/2024 11:37,Chesterfield,Nicole Geren,"Regular Flavoured iced latte - Caramel - 2.75, Regular Flavoured iced latte - Caramel - 2.75, Large Flavoured iced latte - Vanilla - 3.25, Regular Flat white - 2.15",10.9,CARD,1667292760712668
06/07/2024 11:39,Chesterfield,Gerald Poirier,"Large Flavoured iced latte - Caramel - 3.25, Large Flavoured iced latte - Hazelnut - 3.25, Large Latte - 2.45",8.95,CASH,
06/07/2024 11:42,Chesterfield,William Stollings,"Regular Flavoured iced latte - Hazelnut - 2.75, Regular Latte - 2.15, Regular Latte - 2.15",7.05,CARD,9299849545980790
06/07/2024 11:45,Chesterfield,Clyde Trottier,"Large Latte - 2.45, Regular Flavoured latte - Hazelnut - 2.55",5.0,CARD,2067362623454794
06/07/2024 11:47,Chesterfield,Kimberly Andrews,"Large Flavoured iced latte - Hazelnut - 3.25, Regular Flavoured latte - Hazelnut - 2.55, Regular Flavoured iced latte - Hazelnut - 2.75, Regular Flavoured iced latte - Vanilla - 2.75",11.3,CASH,
06/07/2024 11:50,Chesterfield,Beatrice Knox,"Large Flavoured iced latte - Vanilla - 3.25, Regular Flat white - 2.15",5.4,CARD,1682964008667599
06/07/2024 11:52,Chesterfield,Andrew Ratterree,"Large Latte - 2.45, Regular Latte - 2.15",4.6,CASH,
06/07/2024 11:55,Chesterfield,Charlene Jacobs,"Large Latte - 2.45, Large Flavoured iced latte - Hazelnut - 3.25, Regular Flavoured iced latte - Vanilla - 2.75",8.45,CASH,
06/07/2024 11:58,Chesterfield,Constance Rice,Large Flat white - 2.45,2.45,CARD,8346876914652699
06/07/2024 12:00,Chesterfield,Jules Marshall,"Large Flavoured latte - Hazelnut - 2.85, Regular Flat white - 2.15, Regular Flavoured latte - Hazelnut - 2.55",7.55,CARD,1129352750718944
06/07/2024 12:05,Chesterfield,Katherine Verduzco,Large Flavoured iced latte - Hazelnut - 3.25,3.25,CASH,
06/07/2024 12:09,Chesterfield,Lindsey Schoeffler,"Large Flat white - 2.45, Regular Flavoured iced latte - Caramel - 2.75, Large Latte - 2.45",7.65,CASH,
06/07/2024 12:14,Chesterfield,Henry Lorenz,"Large Flavoured iced latte - Hazelnut - 3.25, Large Flat white - 2.45",5.7,CARD,4022403138656098
06/07/2024 12:19,Chesterfield,Edwin Martin,Regular Flavoured latte - Hazelnut - 2.55,2.55,CARD,9663511300588441
06/07/2024 12:23,Chesterfield,Ryan Forde,"Regular Flavoured latte - Hazelnut - 2.55, Large Flavoured iced latte - Caramel - 3.25, Regular Flavoured iced latte - Caramel - 2.75, Large Flavoured iced latte - Hazelnut - 3.25, Large Flat white - 2.45",14.25,CARD,5318812915969208
06/07/2024 12:28,Chesterfield,Rudolph Livley,"Regular Flavoured latte - Hazelnut - 2.55, Regular Flavoured iced latte - Caramel - 2.75",5.3,CARD,8852331174615147
06/07/2024 12:32,Chesterfield,Jonathon Turrie,"Large Latte - 2.45, Large Flavoured iced latte - Caramel - 3.25, Regular Flavoured iced latte - Hazelnut - 2.75, Regular Latte - 2.15",10.6,CASH,
06/07/2024 12:37,Chesterfield,Adolfo Mcnamee,Regular Flavoured iced latte - Hazelnut - 2.75,2.75,CASH,
06/07/2024 12:42,Chesterfield,Grady Engstrom,"Regular Flavoured iced latte - Hazelnut - 2.75, Large Flavoured iced latte - Caramel - 3.25, Large Flavoured iced latte - Caramel - 3.25, Large Flavoured iced latte - Caramel - 3.25, Large Flavoured iced latte - Caramel - 3.25",15.75,CARD,8643351044103930
06/07/2024 12:46,Chesterfield,Dallas Barry,"Large Latte - 2.45, Large Flavoured iced latte - Vanilla - 3.25, Regular Latte - 2.15",7.85,CASH,
06/07/2024 12:51,Chesterfield,James Doe,"Regular Flavoured iced latte - Vanilla - 2.75, Regular Flat white - 2.15, Large Flavoured iced latte - Caramel - 3.25, Regular Flat white - 2.15",10.3,CARD,1155281349214529
06/07/2024 12:55,Chesterfield,Kevin Evans,Large Latte - 2.45,2.45,CASH,
06/07/2024 13:00,Chesterfield,Julia Turner,"Large Flavoured iced latte - Hazelnut - 3.25, Regular Flavoured iced latte - Caramel - 2.75, Large Latte - 2.45, Regular Flavoured iced latte - Caramel - 2.75",11.2,CASH,
06/07/2024 13:02,Chesterfield,Karey Schwein,"Regular Flavoured iced latte - Vanilla - 2.75, Large Latte - 2.45, Regular Flavoured iced latte - Hazelnut - 2.75, Large Flavoured iced latte - Caramel - 3.25",11.2,CASH,
06/07/2024 13:04,Chesterfield,Carol Swartz,Large Flavoured iced latte - Hazelnut - 3.25,3.25,CASH,
06/07/2024 13:06,Chesterfield,Mona Fernandez,"Regular Flavoured iced latte - Hazelnut - 2.75, Regular Flavoured latte - Hazelnut - 2.55, Regular Latte - 2.15",7.45,CARD,9605601163181231
06/07/2024 13:08,Chesterfield,Jerry Bennett,"Regular Flat white - 2.15, Regular Flavoured iced latte - Vanilla - 2.75, Regular Latte - 2.15",7.05,CASH,
06/07/2024 13:10,Chesterfield,William Cobbs,"Regular Flavoured iced latte - Vanilla - 2.75, Large Flat white - 2.45, Large Flavoured iced latte - Vanilla - 3.25, Regular Flat white - 2.15",10.6,CARD,2996918220117638
06/07/2024 13:12,Chesterfield,Brady Booth,Large Flavoured iced latte - Vanilla - 3.25,3.25,CASH,
06/07/2024 13:15,Chesterfield,Marshall Bell,"Regular Latte - 2.15, Large Flavoured latte - Hazelnut - 2.85, Regular Flavoured iced latte - Vanilla - 2.75, Regular Latte - 2.15, Large Flavoured iced latte - Caramel - 3.25, Large Flat white - 2.45",15.6,CARD,5716070725816789
06/07/2024 13:17,Chesterfield,Julio Czajkowski,"Regular Flavoured iced latte - Caramel - 2.75, Large Flavoured iced latte - Vanilla - 3.25",6.0,CARD,4544595013496172
06/07/2024 13:19,Chesterfield,Barbara Copeland,"Regular Flavoured iced latte - Hazelnut - 2.75, Regular Flavoured iced latte - Hazelnut - 2.75, Large Flavoured iced latte - Caramel - 3.25, Regular Latte - 2.15, Regular Flavoured latte - Hazelnut - 2.55",13.45,CARD,8710374971268076
06/07/2024 13:21,Chesterfield,Mark Robinson,Regular Latte - 2.15,2.15,CARD,1218867352575129
06/07/2024 13:23,Chesterfield,Vincent Licata,Large Flavoured iced latte - Caramel - 3.25,3.25,CARD,7384097268000045
06/07/2024 13:25,Chesterfield,Gretchen Gaughan,"Regular Flavoured iced latte - Caramel - 2.75, Large Flavoured latte - Hazelnut - 2.85, Regular Flavoured latte - Hazelnut - 2.55, Large Latte - 2.45",10.6,CARD,6979630530007927
06/07/2024 13:27,Chesterfield,David Simpson,"Large Flavoured latte - Hazelnut - 2.85, Large Flavoured iced latte - Vanilla - 3.25, Regular Flavoured iced latte - Hazelnut - 2.75, Large Flavoured iced latte - Caramel - 3.25, Regular Flavoured iced latte - Caramel - 2.75, Regular Flavoured iced latte - Hazelnut - 2.75",17.6,CARD,3995955577552314
06/07/2024 13:29,Chesterfield,Stephanie Mcclaskey,"Regular Flavoured latte - Hazelnut - 2.55, Regular Flavoured latte - Hazelnut - 2.55",5.1,CASH,
06/07/2024 13:31,Chesterfield,Janice Clayborne,"Regular Flavoured latte - Hazelnut - 2.55, Regular Latte - 2.15, Regular Latte - 2.15",6.85,CARD,1773389776075208
06/07/2024 13:33,Chesterfield,Jerry Sansone,"Large Flavoured iced latte - Caramel - 3.25, Regular Flavoured iced latte - Vanilla - 2.75, Large Flavoured iced latte - Vanilla - 3.25",9.25,CARD,2899683666206334
06/07/2024 13:35,Chesterfield,Ricky Bridge,"Regular Flavoured iced latte - Vanilla - 2.75, Large Flavoured iced latte - Vanilla - 3.25, Regular Latte - 2.15, Large Flat white - 2.45",10.6,CARD,9713400945815282
06/07/2024 13:37,Chesterfield,Tracy Ruano,"Large Flat white - 2.45, Large Flavoured iced latte - Vanilla - 3.25, Large Flavoured iced latte - Hazelnut - 3.25",8.95,CARD,2338347499353643
06/07/2024 13:39,Chesterfield,Cristina Cabrera,"Large Flavoured latte - Hazelnut - 2.85, Large Flavoured iced latte - Caramel - 3.25",6.1,CARD,3489019897926198
06/07/2024 13:41,Chesterfield,Richard Upchurch,Regular Flat white - 2.15,2.15,CARD,5364941776955150
06/07/2024 13:43,Chesterfield,Robert Ashton,Regular Flavoured latte - Hazelnut - 2.55,2.55,CARD,2581754190181638
06/07/2024 13:46,Chesterfield,James Kimmel,"Large Flavoured latte - Hazelnut - 2.85, Large Flavoured latte - Hazelnut - 2.85, Large Flat white - 2.45, Large Flavoured iced latte - Hazelnut - 3.25, Large Flavoured iced latte - Caramel - 3.25",14.65,CARD,7052423278762043
06/07/2024 13:48,Chesterfield,Michael Batts,"Regular Flavoured iced latte - Caramel - 2.75, Large Latte - 2.45",5.2,CASH,
06/07/2024 13:50,Chesterfield,Judith Furches,"Large Flat white - 2.45, Regular Flavoured iced latte - Caramel - 2.75, Regular Flavoured iced latte - Caramel - 2.75",7.95,CARD,1536797508868690
06/07/2024 13:52,Chesterfield,Justin Knepper,"Large Flavoured iced latte - Caramel - 3.25, Large Flat white - 2.45, Large Flat white - 2.45",8.15,CARD,5565570232014714
06/07/2024 13:54,Chesterfield,Edward Gardner,Large Flavoured latte - Hazelnut - 2.85,2.85,CARD,5945053836006786
06/07/2024 13:56,Chesterfield,Marlin Graciano,"Regular Flavoured iced latte - Vanilla - 2.75, Large Flavoured iced latte - Caramel - 3.25, Regular Flavoured iced latte - Vanilla - 2.75, Regular Flavoured latte - Hazelnut - 2.55",11.3,CARD,8415965508070258
06/07/2024 13:58,Chesterfield,Thomas Turner,"Regular Flavoured latte - Hazelnut - 2.55, Large Flavoured latte - Hazelnut - 2.85",5.4,CARD,9019791949950720
06/07/2024 14:00,Chesterfield,Everett Conner,"Regular Flat white - 2.15, Regular Flat white - 2.15, Large Flavoured iced latte - Vanilla - 3.25, Large Flavoured iced latte - Vanilla - 3.25, Large Flavoured iced latte - Hazelnut - 3.25",14.05,CARD,5929568133591830
06/07/2024 14:01,Chesterfield,Nelson Sims,"Large Flavoured iced latte - Hazelnut - 3.25, Large Flavoured latte - Hazelnut - 2.85, Regular Flat white - 2.15, Regular Flavoured latte - Hazelnut - 2.55",10.8,CASH,
06/07/2024 14:03,Chesterfield,Marlo Flores,"Regular Latte - 2.15, Regular Flavoured latte - Hazelnut - 2.55",4.7,CARD,9133127046307129
06/07/2024 14:04,Chesterfield,Gloria Willis,"Regular Latte - 2.15, Regular Flavoured iced latte - Hazelnut - 2.75, Regular Flavoured iced latte - Hazelnut - 2.75, Large Flat white - 2.45, Large Flat white - 2.45",12.55,CASH,
06/07/2024 14:05,Chesterfield,Steven Gharing,"Large Flavoured iced latte - Vanilla - 3.25, Regular Flavoured iced latte - Vanilla - 2.75, Regular Latte - 2.15, Large Latte - 2.45, Regular Flavoured latte - Hazelnut - 2.55, Regular Flavoured iced latte - Vanilla - 2.75",15.9,CARD,8372191621697036
06/07/2024 14:06,Chesterfield,Bernard Barnhart,"Large Flavoured iced latte - Vanilla - 3.25, Regular Flavoured latte - Hazelnut - 2.55, Large Flavoured iced latte - Caramel - 3.25, Large Flavoured iced latte - Hazelnut - 3.25, Regular Latte - 2.15",14.45,CARD,1139304247137043
06/07/2024 14:08,Chesterfield,Myron Campion,"Regular Latte - 2.15, Regular Latte - 2.15",4.3,CARD,8974100031847375
06/07/2024 14:09,Chesterfield,Michael Twogood,Large Flat white - 2.45,2.45,CARD,3915758929333280
06/07/2024 14:10,Chesterfield,Annette Lee,"Regular Flavoured iced latte - Hazelnut - 2.75, Large Flavoured iced latte - Vanilla - 3.25, Regular Flavoured latte - Hazelnut - 2.55, Regular Flavoured iced latte - Caramel - 2.75, Large Flavoured iced latte - Hazelnut - 3.25",14.55,CASH,
06/07/2024 14:11,Chesterfield,Vergie Brzozowski,"Regular Flavoured latte - Hazelnut - 2.55, Regular Flavoured iced latte - Caramel - 2.75",5.3,CARD,4888556081841638
06/07/2024 14:13,Chesterfield,Myron Kautz,"Large Flavoured latte - Hazelnut - 2.85, Regular Latte - 2.15",5.0,CASH,
06/07/2024 14:14,Chesterfield,Derrick Collins,Regular Flavoured latte - Hazelnut - 2.55,2.55,CASH,
06/07/2024 14:15,Chesterfield,Kathleen Adams,"Regular Flavoured iced latte - Vanilla - 2.75, Large Flavoured latte - Hazelnut - 2.85",5.6,CASH,
06/07/2024 14:16,Chesterfield,Erma Finney,Regular Flavoured iced latte - Hazelnut - 2.75,2.75,CARD,5312579939022338
06/07/2024 14:18,Chesterfield,Judy Stroot,"Large Latte - 2.45, Large Flavoured iced latte - Caramel - 3.25",5.7,CASH,
06/07/2024 14:19,Chesterfield,Dave Berg,"Large Latte - 2.45, Regular Latte - 2.15, Regular Flavoured iced latte - Hazelnut - 2.75, Regular Flavoured iced latte - Caramel - 2.75, Regular Flavoured iced latte - Caramel - 2.75",12.85,CARD,2446076381146605
06/07/2024 14:20,Chesterfield,Jamison Miller,"Large Flavoured latte - Hazelnut - 2.85, Large Flavoured iced latte - Vanilla - 3.25, Large Latte - 2.45",8.55,CARD,7747289238808788
06/07/2024 14:22,Chesterfield,Garrett Mceachran,"Regular Latte - 2.15, Regular Flavoured iced latte - Hazelnut - 2.75",4.9,CARD,5826559448718110
06/07/2024 14:23,Chesterfield,Emma Pittman,"Regular Flat white - 2.15, Regular Flat white - 2.15",4.3,CARD,7459599580297787
06/07/2024 14:24,Chesterfield,Ricky Woodard,"Regular Latte - 2.15, Large Flat white - 2.45, Large Latte - 2.45",7.05,CARD,3367211599726974
06/07/2024 14:25,Chesterfield,Gregory Vizcaino,"Large Flavoured latte - Hazelnut - 2.85, Large Flavoured iced latte - Caramel - 3.25, Regular Flat white - 2.15, Large Flavoured iced latte - Hazelnut - 3.25",11.5,CASH,
06/07/2024 14:27,Chesterfield,Michael Washington,"Large Flavoured latte - Hazelnut - 2.85, Large Flat white - 2.45, Regular Flat white - 2.15, Large Latte - 2.45, Regular Flavoured iced latte - Hazelnut - 2.75",12.65,CARD,9923435598107864
06/07/2024 14:28,Chesterfield,Don Clark,"Large Flavoured latte - Hazelnut - 2.85, Large Flavoured latte - Hazelnut - 2.85, Regular Flavoured iced latte - Hazelnut - 2.75, Large Flavoured iced latte - Vanilla - 3.25",11.7,CASH,
06/07/2024 14:29,Chesterfield,Goldie Garrison,"Large Latte - 2.45, Large Flavoured iced latte - Vanilla - 3.25, Regular Flavoured iced latte - Hazelnut - 2.75, Regular Flavoured iced latte - Vanilla - 2.75, Regular Flavoured iced latte - Hazelnut - 2.75",13.95,CARD,7815664287865833
06/07/2024 14:30,Chesterfield,Ruth Hallowell,"Large Flat white - 2.45, Large Latte - 2.45, Regular Flavoured latte - Hazelnut - 2.55",7.45,CARD,3439444880112037
06/07/2024 14:32,Chesterfield,Tory Earl,"Large Flavoured latte - Hazelnut - 2.85, Regular Flat white - 2.15",5.0,CASH,
06/07/2024 14:33,Chesterfield,Michele Eide,"Regular Flat white - 2.15, Regular Latte - 2.15, Large Flavoured iced latte - Hazelnut - 3.25, Large Flavoured iced latte - Caramel - 3.25, Large Flat white - 2.45",13.25,CARD,7679786124510766
06/07/2024 14:34,Chesterfield,Terrence Jones,Regular Flavoured iced latte - Vanilla - 2.75,2.75,CARD,2181368348555379
06/07/2024 14:35,Chesterfield,Lucius Barmore,Regular Flavoured iced latte - Vanilla - 2.75,2.75,CARD,5351589533478559
06/07/2024 14:37,Chesterfield,Leon Palmer,Large Flavoured iced latte - Hazelnut - 3.25,3.25,CARD,9806848447531511
06/07/2024 14:38,Chesterfield,Grady Linnell,"Regular Flavoured iced latte - Caramel - 2.75, Regular Flavoured latte - Hazelnut - 2.55, Regular Flavoured iced latte - Vanilla - 2.75",8.05,CASH,
06/07/2024 14:39,Chesterfield,Douglas Boddie,Regular Flavoured iced latte - Hazelnut - 2.75,2.75,CARD,8318132236831113
06/07/2024 14:41,Chesterfield,Joe Blevins,"Regular Flavoured iced latte - Vanilla - 2.75, Regular Flavoured iced latte - Hazelnut - 2.75, Large Flavoured iced latte - Vanilla - 3.25, Large Latte - 2.45",11.2,CARD,4928255251815078
06/07/2024 14:42,Chesterfield,Jennifer Miller,"Large Flavoured iced latte - Hazelnut - 3.25, Regular Flavoured iced latte - Hazelnut - 2.75",6.0,CASH,
06/07/2024 14:43,Chesterfield,James Hildreth,Large Flavoured iced latte - Hazelnut - 3.25,3.25,CARD,5878454835377445
06/07/2024 14:44,Chesterfield,Brian Obrien,"Regular Flat white - 2.15, Regular Latte - 2.15, Regular Flavoured iced latte - Hazelnut - 2.75, Regular Flavoured iced latte - Vanilla - 2.75",9.8,CARD,3621782063500429
06/07/2024 14:46,Chesterfield,James Phillips,Large Flavoured iced latte - Caramel - 3.25,3.25,CASH,
06/07/2024 14:47,Chesterfield,Angelia Handelman,Regular Flat white - 2.15,2.15,CASH,
06/07/2024 14:48,Chesterfield,Richard Catledge,"Regular Flavoured iced latte - Caramel - 2.75, Large Flavoured iced latte - Hazelnut - 3.25",6.0,CARD,8315937497937113
06/07/2024 14:49,Chesterfield,Aleta Encino,"Regular Latte - 2.15, Large Latte - 2.45, Regular Flavoured iced latte - Caramel - 2.75, Regular Flavoured latte - Hazelnut - 2.55",9.9,CARD,1326686530308468
06/07/2024 14:51,Chesterfield,Patricia Carter,"Regular Latte - 2.15, Regular Flavoured iced latte - Vanilla - 2.75",4.9,CARD,3072646278689847
06/07/2024 14:52,Chesterfield,Bobby Flowe,"Regular Latte - 2.15, Large Flavoured iced latte - Hazelnut - 3.25",5.4,CARD,8502031573571302
06/07/2024 14:53,Chesterfield,Alphonso Whitlow,"Large Flavoured latte - Hazelnut - 2.85, Regular Flavoured iced latte - Hazelnut - 2.75, Regular Latte - 2.15, Regular Latte - 2.15, Large Flavoured iced latte - Hazelnut - 3.25",13.15,CASH,
06/07/2024 14:54,Chesterfield,Gregory Vancleave,"Large Flavoured latte - Hazelnut - 2.85, Large Flat white - 2.45",5.3,CARD,6936676036803088
06/07/2024 14:56,Chesterfield,Christina Hunnicutt,Large Flavoured latte - Hazelnut - 2.85,2.85,CARD,6142670356015222
06/07/2024 14:57,Chesterfield,Colin Davis,"Regular Flat white - 2.15, Large Flavoured iced latte - Hazelnut - 3.25, Large Flavoured iced latte - Caramel - 3.25",8.65,CARD,8463000048352933
06/07/2024 14:58,Chesterfield,Ruben Brunner,"Large Latte - 2.45, Regular Flavoured latte - Hazelnut - 2.55, Regular Flavoured iced latte - Hazelnut - 2.75",7.75,CARD,3538688863512965
06/07/2024 15:00,Chesterfield,Jay Gustafson,"Regular Flavoured iced latte - Vanilla - 2.75, Large Flavoured latte - Hazelnut - 2.85, Regular Flavoured iced latte - Caramel - 2.75, Regular Flavoured iced latte - Caramel - 2.75",11.1,CASH,
06/07/2024 15:01,Chesterfield,Reginald Lambert,Regular Flavoured iced latte - Caramel - 2.75,2.75,CARD,2525667954031092
06/07/2024 15:02,Chesterfield,Gregory Booker,"Large Flavoured latte - Hazelnut - 2.85, Regular Flavoured iced latte - Caramel - 2.75, Regular Flavoured iced latte - Caramel - 2.75",8.35,CASH,
06/07/2024 15:03,Chesterfield,Porfirio Kues,"Large Latte - 2.45, Large Flavoured latte - Hazelnut - 2.85",5.3,CARD,8893252890643055
06/07/2024 15:05,Chesterfield,Anne James,"Regular Flavoured iced latte - Vanilla - 2.75, Regular Flavoured latte - Hazelnut - 2.55, Large Flavoured iced latte - Hazelnut - 3.25",8.55,CARD,8738133372492728
06/07/2024 15:06,Chesterfield,James Johnson,"Regular Flavoured iced latte - Hazelnut - 2.75, Large Flavoured iced latte - Hazelnut - 3.25, Regular Flavoured iced latte - Hazelnut - 2.75",8.75,CARD,4191104809606665
06/07/2024 15:07,Chesterfield,Callie Crews,"Large Flat white - 2.45, Large Flavoured latte - Hazelnut - 2.85, Regular Flavoured iced latte - Hazelnut - 2.75, Large Flavoured iced latte - Caramel - 3.25, Large Flavoured iced latte - Caramel - 3.25, Regular Flavoured latte - Hazelnut - 2.55",17.1,CARD,3724707788937065
06/07/2024 15:08,Chesterfield,Darrel Hemming,"Large Flavoured iced latte - Vanilla - 3.25, Regular Flavoured iced latte - Hazelnut - 2.75, Large Flavoured iced latte - Caramel - 3.25",9.25,CARD,5111553365357521
06/07/2024 15:10,Chesterfield,Joann Plott,"Large Flavoured latte - Hazelnut - 2.85, Regular Flavoured iced latte - Caramel - 2.75, Regular Flat white - 2.15",7.75,CARD,9423627880410575
06/07/2024 15:11,Chesterfield,Matthew Lipps,Large Flavoured iced latte - Hazelnut - 3.25,3.25,CARD,4702820056613643
06/07/2024 15:12,Chesterfield,Ernest Howard,"Regular Flavoured latte - Hazelnut - 2.55, Regular Flavoured iced latte - Caramel - 2.75",5.3,CASH,
06/07/2024 15:13,Chesterfield,Audrey Runyon,"Large Latte - 2.45, Regular Flavoured iced latte - Vanilla - 2.75, Large Flat white - 2.45, Regular Flavoured iced latte - Caramel - 2.75",10.4,CARD,5016876458294056
06/07/2024 15:15,Chesterfield,Audrey Bennett,Regular Flavoured iced latte - Vanilla - 2.75,2.75,CARD,2686506495759328
06/07/2024 15:16,Chesterfield,Vivian Vanalst,"Regular Flavoured iced latte - Hazelnut - 2.75, Large Flavoured iced latte - Vanilla - 3.25",6.0,CARD,3857950544617011
06/07/2024 15:17,Chesterfield,Gary Hammons,"Regular Flavoured iced latte - Caramel - 2.75, Regular Flavoured iced latte - Hazelnut - 2.75, Regular Flavoured iced latte - Caramel - 2.75",8.25,CARD,4194601439647491
06/07/2024 15:18,Chesterfield,Steven Istre,Large Flavoured iced latte - Hazelnut - 3.25,3.25,CASH,
06/07/2024 15:20,Chesterfield,Francisco Celaya,"Regular Latte - 2.15, Regular Flavoured iced latte - Hazelnut - 2.75",4.9,CARD,2878256864147464
06/07/2024 15:21,Chesterfield,Donna Lunford,Regular Flavoured iced latte - Caramel - 2.75,2.75,CARD,7384541198484595
06/07/2024 15:22,Chesterfield,Tanya Doyle,"Regular Flavoured iced latte - Hazelnut - 2.75, Large Flavoured iced latte - Hazelnut - 3.25, Large Flavoured iced latte - Hazelnut - 3.25",9.25,CARD,2930878964240958
06/07/2024 15:23,Chesterfield,Robert Baker,"Large Flavoured iced latte - Caramel - 3.25, Regular Flavoured iced latte - Caramel - 2.75",6.0,CARD,9164074965422460
06/07/2024 15:25,Chesterfield,Jamie Bleau,Regular Flavoured iced latte - Caramel - 2.75,2.75,CASH,
06/07/2024 15:26,Chesterfield,Katherine Hicks,"Large Flavoured iced latte - Hazelnut - 3.25, Regular Flavoured latte - Hazelnut - 2.55",5.8,CARD,6217173580564731
06/07/2024 15:27,Chesterfield,Katherine Smith,"Large Latte - 2.45, Regular Flavoured iced latte - Hazelnut - 2.75, Regular Flavoured latte - Hazelnut - 2.55, Large Flat white - 2.45",10.2,CASH,
06/07/2024 15:28,Chesterfield,Benjamin Mcbroom,Large Flavoured latte - Hazelnut - 2.85,2.85,CASH,
06/07/2024 15:30,Chesterfield,Miss Smith,"Regular Flavoured iced latte - Vanilla - 2.75, Large Flavoured iced latte - Vanilla - 3.25, Large Flavoured iced latte - Caramel - 3.25",9.25,CASH,
06/07/2024 15:31,Chesterfield,James Boteilho,"Regular Flavoured latte - Hazelnut - 2.55, Large Flat white - 2.45",5.0,CARD,9652421817208982
06/07/2024 15:32,Chesterfield,Eric Demeter,"Large Flavoured iced latte - Vanilla - 3.25, Regular Flat white - 2.15, Large Flavoured latte - Hazelnut - 2.85, Large Flavoured latte - Hazelnut - 2.85",11.1,CARD,2146256558406534
06/07/2024 15:33,Chesterfield,Myriam Mccloud,Large Flavoured iced latte - Vanilla - 3.25,3.25,CARD,2291869672483651
06/07/2024 15:35,Chesterfield,Rose Gonzalez,"Regular Flavoured iced latte - Vanilla - 2.75, Regular Flat white - 2.15, Regular Flavoured iced latte - Hazelnut - 2.75, Large Flat white - 2.45, Large Flavoured iced latte - Vanilla - 3.25",13.35,CARD,9933217008826499
06/07/2024 15:36,Chesterfield,Kyle Aubert,"Large Flavoured iced latte - Vanilla - 3.25, Large Latte - 2.45, Large Flavoured iced latte - Caramel - 3.25",8.95,CARD,3600958942486297
06/07/2024 15:37,Chesterfield,Michael Strawn,Regular Latte - 2.15,2.15,CARD,8210774351133561
06/07/2024 15:38,Chesterfield,Loren Abrams,"Regular Flavoured iced latte - Vanilla - 2.75, Regular Flavoured latte - Hazelnut - 2.55, Regular Flavoured iced latte - Hazelnut - 2.75, Regular Flavoured iced latte - Hazelnut - 2.75, Regular Flat white - 2.15",12.95,CASH,
06/07/2024 15:40,Chesterfield,Benjamin Williams,"Large Flat white - 2.45, Regular Latte - 2.15",4.6,CASH,
06/07/2024 15:41,Chesterfield,Ronald Head,"Large Flavoured iced latte - Caramel - 3.25, Large Latte - 2.45",5.7,CARD,1181410695187951
06/07/2024 15:42,Chesterfield,Thomas Roberts,"Large Latte - 2.45, Large Flat white - 2.45, Large Flavoured iced latte - Hazelnut - 3.25, Large Flavoured iced latte - Caramel - 3.25",11.4,CARD,1419540108309184
06/07/2024 15:43,Chesterfield,Michael Mangon,"Regular Latte - 2.15, Large Latte - 2.45",4.6,CARD,4545860045779269
06/07/2024 15:45,Chesterfield,Max Innis,"Large Flat white - 2.45, Regular Flavoured latte - Hazelnut - 2.55, Regular Flavoured latte - Hazelnut - 2.55",7.55,CASH,
06/07/2024 15:46,Chesterfield,Shirley Yazzie,"Large Flat white - 2.45, Regular Flavoured iced latte - Vanilla - 2.75, Large Flavoured iced latte - Caramel - 3.25, Large Latte - 2.45, Large Latte - 2.45, Regular Flavoured iced latte - Caramel - 2.75",16.1,CARD,6945138654729822
06/07/2024 15:47,Chesterfield,Rebecca Helzer,Large Latte - 2.45,2.45,CARD,2850878681338981
06/07/2024 15:48,Chesterfield,Earl Allen,"Large Flavoured iced latte - Caramel - 3.25, Regular Flavoured iced latte - Caramel - 2.75, Regular Latte - 2.15, Regular Flavoured iced latte - Caramel - 2.75, Regular Flat white - 2.15, Regular Flavoured iced latte - Hazelnut - 2.75",15.8,CASH,
06/07/2024 15:50,Chesterfield,Linda Thomas,"Large Flat white - 2.45, Large Flavoured iced latte - Vanilla - 3.25, Large Flat white - 2.45, Large Flavoured iced latte - Hazelnut - 3.25",11.4,CARD,1336309649227588
06/07/2024 15:51,Chesterfield,Yolanda Santiago,"Regular Flavoured iced latte - Caramel - 2.75, Regular Flavoured iced latte - Hazelnut - 2.75, Regular Flavoured iced latte - Caramel - 2.75, Large Flat white - 2.45, Regular Flat white - 2.15",12.85,CASH,
06/07/2024 15:52,Chesterfield,Tara Alsup,"Regular Flat white - 2.15, Regular Flavoured latte - Hazelnut - 2.55",4.7,CASH,
06/07/2024 15:53,Chesterfield,Timmy Williamson,Large Flat white - 2.45,2.45,CARD,8283955751681891
06/07/2024 15:55,Chesterfield,Betty Basso,Regular Flavoured iced latte - Vanilla - 2.75,2.75,CARD,8434721705131385
06/07/2024 15:56,Chesterfield,Nancy Shepard,"Large Latte - 2.45, Large Flat white - 2.45, Regular Flavoured iced latte - Caramel - 2.75, Large Flavoured iced latte - Vanilla - 3.25, Regular Flavoured iced latte - Hazelnut - 2.75",13.65,CASH,
06/07/2024 15:57,Chesterfield,Loretta Dailey,"Regular Flavoured latte - Hazelnut - 2.55, Large Latte - 2.45",5.0,CASH,
06/07/2024 15:58,Chesterfield,Marcus Cooper,"Large Latte - 2.45, Large Flavoured iced latte - Vanilla - 3.25, Large Flat white - 2.45, Large Latte - 2.45, Large Flavoured iced latte - Hazelnut - 3.25, Regular Flavoured iced latte - Caramel - 2.75",16.6,CARD,1960409609169779
06/07/2024 16:00,Chesterfield,Barbara Elliott,"Large Flavoured iced latte - Caramel - 3.25, Regular Flavoured iced latte - Caramel - 2.75, Regular Flavoured iced latte - Hazelnut - 2.75",8.75,CARD,7896735259819549
06/07/2024 16:03,Chesterfield,Pok Iverson,"Large Latte - 2.45, Regular Flavoured latte - Hazelnut - 2.55",5.0,CASH,
06/07/2024 16:07,Chesterfield,James Hobbs,"Regular Flavoured iced latte - Caramel - 2.75, Regular Flavoured iced latte - Vanilla - 2.75, Large Flavoured iced latte - Hazelnut - 3.25, Regular Flavoured latte - Hazelnut - 2.55, Large Flat white - 2.45, Large Flavoured iced latte - Hazelnut - 3.25",17.0,CARD,1940379146214744
06/07/2024 16:10,Chesterfield,Glenda Lomax,"Regular Flavoured iced latte - Hazelnut - 2.75, Large Latte - 2.45",5.2,CARD,1386445157739894
06/07/2024 16:14,Chesterfield,Joseph Mcgee,"Regular Flavoured iced latte - Caramel - 2.75, Large Flavoured iced latte - Vanilla - 3.25, Large Flavoured latte - Hazelnut - 2.85",8.85,CARD,8489127369095384
06/07/2024 16:17,Chesterfield,Freddie Ryan,"Large Flavoured iced latte - Hazelnut - 3.25, Large Flat white - 2.45, Large Flavoured latte - Hazelnut - 2.85, Regular Latte - 2.15",10.7,CARD,5015749318537614
06/07/2024 16:21,Chesterfield,Stephen Blanchard,"Large Flavoured iced latte - Vanilla - 3.25, Regular Flavoured iced latte - Caramel - 2.75",6.0,CARD,7071033170706414
06/07/2024 16:24,Chesterfield,Judy Wood,"Regular Flat white - 2.15, Regular Latte - 2.15, Regular Flavoured iced latte - Caramel - 2.75, Regular Flavoured iced latte - Caramel - 2.75, Regular Latte - 2.15",11.95,CASH,
06/07/2024 16:28,Chesterfield,Gretchen Macdougall,"Regular Flavoured iced latte - Vanilla - 2.75, Large Flat white - 2.45",5.2,CARD,6578238368343602
06/07/2024 16:31,Chesterfield,Sarah Niswander,"Large Flavoured iced latte - Hazelnut - 3.25, Large Flavoured iced latte - Hazelnut - 3.25, Large Flavoured latte - Hazelnut - 2.85",9.35,CARD,8679335943110227
06/07/2024 16:35,Chesterfield,Frank Jones,"Regular Flat white - 2.15, Regular Flat white - 2.15",4.3,CARD,2278963035572012
06/07/2024 16:38,Chesterfield,Martha Smith,"Large Latte - 2.45, Large Latte - 2.45, Regular Flavoured iced latte - Vanilla - 2.75",7.65,CARD,9314446515970534
06/07/2024 16:42,Chesterfield,Melisa Johnson,"Large Latte - 2.45, Regular Flavoured latte - Hazelnut - 2.55",5.0,CARD,9367916056780831
06/07/2024 16:45,Chesterfield,Louis Mullett,"Large Flavoured iced latte - Caramel - 3.25, Large Flavoured iced latte - Vanilla - 3.25, Regular Flavoured iced latte - Hazelnut - 2.75, Large Flat white - 2.45, Large Flavoured latte - Hazelnut - 2.85",14.55,CASH,
06/07/2024 16:49,Chesterfield,Evelyn Diaz,"Large Flavoured iced latte - Hazelnut - 3.25, Regular Flavoured latte - Hazelnut - 2.55, Regular Latte - 2.15, Large Flavoured iced latte - Hazelnut - 3.25",11.2,CASH,
06/07/2024 16:52,Chesterfield,Cynthia Ratliff,"Regular Flavoured iced latte - Caramel - 2.75, Regular Flavoured iced latte - Hazelnut - 2.75",5.5,CARD,2953635543504054
06/07/2024 16:56,Chesterfield,Norma Devita,"Large Flavoured latte - Hazelnut - 2.85, Regular Flavoured iced latte - Vanilla - 2.75, Large Flavoured iced latte - Vanilla - 3.25, Regular Flavoured iced latte - Hazelnut - 2.75, Regular Latte - 2.15",13.75,CARD,9811569461907099
06/07/2024 16:59,Chesterfield,Taunya Oakley,"Large Flavoured iced latte - Caramel - 3.25, Regular Flat white - 2.15, Large Flat white - 2.45, Large Flavoured latte - Hazelnut - 2.85",10.7,CARD,3995893278735175
