06/07/2024 09:00,Leeds,Holly Gaston,"Large Chai latte - 2.60, Regular Chai latte - 2.30",4.9,CARD,3758744787139434
06/07/2024 09:01,Leeds,Bernardo Chapman,Large Chai latte - 2.60,2.6,CARD,9026314650649398
06/07/2024 09:03,Leeds,Susan Fink,Large Hot Chocolate - 1.70,1.7,CARD,5749904678324902
06/07/2024 09:04,Leeds,Danny Hackett,"Regular Speciality Tea - English breakfast - 1.30, Regular Hot Chocolate - 1.40",2.7,CARD,2333261399789905
06/07/2024 09:06,Leeds,Shirley Young,"Large Speciality Tea - English breakfast - 1.60, Regular Filter coffee - 1.50",3.1,CASH,
06/07/2024 09:08,Leeds,Helen Francois,"Regular Hot Chocolate - 1.40, Regular Chai latte - 2.30",3.7,CARD,8571637079494135
06/07/2024 09:09,Leeds,Howard Phillips,"Large Hot Chocolate - 1.70, Regular Filter coffee - 1.50",3.2,CARD,1439392161633575
06/07/2024 09:11,Leeds,Joseph Dixon,"Regular Filter coffee - 1.50, Regular Chai latte - 2.30, Regular Filter coffee - 1.50",5.3,CARD,1440526669091912
06/07/2024 09:12,Leeds,Eloise Harris,Large Filter coffee - 1.80,1.8,CARD,1343105615308002
06/07/2024 09:14,Leeds,Ellie Ellender,"Large Chai latte - 2.60, Large Filter coffee - 1.80, Large Hot Chocolate - 1.70, Regular Filter coffee - 1.50, Regular Speciality Tea - English breakfast - 1.30, Regular Iced americano - 2.15",11.05,CARD,2538529450162940
06/07/2024 09:16,Leeds,Tonya Johnson,"Large Chai latte - 2.60, Regular Hot Chocolate - 1.40",4.0,CASH,
06/07/2024 09:17,Leeds,Frances Schwartz,"Large Hot Chocolate - 1.70, Regular Hot Chocolate - 1.40",3.1,CARD,7189233461876067
06/07/2024 09:19,Leeds,Rebecca Smith,"Large Filter coffee - 1.80, Large Hot Chocolate - 1.70, Regular Filter coffee - 1.50",5.0,CARD,2344147269055845
06/07/2024 09:21,Leeds,Walker Darnell,"Large Filter coffee - 1.80, Large Iced americano - 2.50",4.3,CARD,4674680277022852
06/07/2024 09:22,Leeds,Renata Pulido,"Regular Filter coffee - 1.50, Large Chai latte - 2.60, Regular Iced americano - 2.15",6.25,CASH,
06/07/2024 09:24,Leeds,Zachary Kimmes,"Large Chai latte - 2.60, Regular Speciality Tea - English breakfast - 1.30, Regular Iced americano - 2.15",6.05,CARD,8509447801186565
06/07/2024 09:25,Leeds,Walter Graham,"Regular Filter coffee - 1.50, Regular Filter coffee - 1.50, Large Filter coffee - 1.80, Large Hot Chocolate - 1.70",6.5,CASH,
06/07/2024 09:27,Leeds,Cheryl Anderson,Regular Chai latte - 2.30,2.3,CARD,5175421050780264
06/07/2024 09:29,Leeds,Melynda Ferrell,"Large Speciality Tea - English breakfast - 1.60, Regular Chai latte - 2.30, Large Hot Chocolate - 1.70, Regular Speciality Tea - English breakfast - 1.30, Large Speciality Tea - English breakfast - 1.60",8.5,CASH,
06/07/2024 09:30,Leeds,Ronnie Roberts,"Large Speciality Tea - English breakfast - 1.60, Large Filter coffee - 1.80, Regular Chai latte - 2.30, Regular Speciality Tea - English breakfast - 1.30",7.0,CARD,5620893591163578
06/07/2024 09:32,Leeds,Jeanne Ayala,"Regular Iced americano - 2.15, Large Iced americano - 2.50, Large Filter coffee - 1.80, Large Hot Chocolate - 1.70, Regular Speciality Tea - English breakfast - 1.30",9.45,CARD,8675229457593833
06/07/2024 09:33,Leeds,Thelma Geary,Large Iced americano - 2.50,2.5,CASH,
06/07/2024 09:35,Leeds,Therese Salinas,"Large Filter coffee - 1.80, Large Hot Chocolate - 1.70, Large Chai latte - 2.60, Regular Chai latte - 2.30, Regular Hot Chocolate - 1.40",9.8,CARD,8525038531202906
06/07/2024 09:37,Leeds,John Valenzuela,"Large Iced americano - 2.50, Regular Iced americano - 2.15",4.65,CARD,8674906394433222
06/07/2024 09:38,Leeds,Ronnie Silver,"Regular Filter coffee - 1.50, Large Hot Chocolate - 1.70, Regular Iced americano - 2.15",5.35,CARD,1451502161675905
06/07/2024 09:40,Leeds,Joseph Watson,"Large Hot Chocolate - 1.70, Regular Iced americano - 2.15, Large Hot Chocolate - 1.70",5.55,CASH,
06/07/2024 09:42,Leeds,Joan Courtney,Large Hot Chocolate - 1.70,1.7,CASH,
06/07/2024 09:43,Leeds,Rosemary Chapman,"Regular Chai latte - 2.30, Regular Iced americano - 2.15, Large Hot Chocolate - 1.70",6.15,CARD,3532243205946191
06/07/2024 09:45,Leeds,Monica Odegard,"Regular Speciality Tea - English breakfast - 1.30, Regular Speciality Tea - English breakfast - 1.30, Large Speciality Tea - English breakfast - 1.60",4.2,CARD,1193057613228927
06/07/2024 09:46,Leeds,Virginia Wagoner,Large Filter coffee - 1.80,1.8,CARD,2040969008289510
06/07/2024 09:48,Leeds,Treva Brown,Regular Hot Chocolate - 1.40,1.4,CARD,9983753486657742
06/07/2024 09:50,Leeds,Juan Griffith,Large Iced americano - 2.50,2.5,CARD,4596960217465546
06/07/2024 09:51,Leeds,Russell Ford,Regular Filter coffee - 1.50,1.5,CARD,9962622628829360
06/07/2024 09:53,Leeds,Lauren Davis,Large Filter coffee - 1.80,1.8,CARD,8135654941359511
06/07/2024 09:54,Leeds,Kimberly Cruz,"Large Hot Chocolate - 1.70, Regular Chai latte - 2.30",4.0,CASH,
06/07/2024 09:56,Leeds,Pamela Alfaro,"Large Filter coffee - 1.80, Regular Speciality Tea - English breakfast - 1.30, Regular Speciality Tea - English breakfast - 1.30, Regular Hot Chocolate - 1.40",5.8,CASH,
06/07/2024 09:58,Leeds,Steven Lee,Regular Filter coffee - 1.50,1.5,CARD,1045091565072113
06/07/2024 09:59,Leeds,Roman Riddle,Large Hot Chocolate - 1.70,1.7,CASH,
06/07/2024 10:01,Leeds,Antonio Morgan,"Regular Hot Chocolate - 1.40, Large Hot Chocolate - 1.70, Regular Filter coffee - 1.50, Large Filter coffee - 1.80",6.4,CARD,9876880790224082
06/07/2024 10:02,Leeds,Mildred Coyt,"Regular Filter coffee - 1.50, Regular Hot Chocolate - 1.40, Large Chai latte - 2.60",5.5,CARD,6595348269440624
06/07/2024 10:03,Leeds,Sandra Gerhart,"Regular Iced americano - 2.15, Regular Filter coffee - 1.50, Regular Chai latte - 2.30, Regular Hot Chocolate - 1.40, Large Filter coffee - 1.80",9.15,CARD,8727612500125893
06/07/2024 10:04,Leeds,Lisa Wellman,Regular Speciality Tea - English breakfast - 1.30,1.3,CARD,8753069514559983
06/07/2024 10:05,Leeds,Calvin Grandberry,"Large Chai latte - 2.60, Regular Chai latte - 2.30, Large Iced americano - 2.50, Large Chai latte - 2.60",10.0,CARD,1214338470349472
06/07/2024 10:06,Leeds,Cody Marsh,Large Chai latte - 2.60,2.6,CARD,8952846442020805
06/07/2024 10:07,Leeds,Shirlee Floyd,"Large Hot Chocolate - 1.70, Regular Speciality Tea - English breakfast - 1.30, Large Speciality Tea - English breakfast - 1.60",4.6,CARD,6346759541538096
06/07/2024 10:08,Leeds,Eneida Sims,"Large Chai latte - 2.60, Regular Hot Chocolate - 1.40, Large Filter coffee - 1.80, Regular Filter coffee - 1.50, Regular Filter coffee - 1.50",8.8,CARD,1553578464250580
06/07/2024 10:09,Leeds,Ira Peveler,Regular Iced americano - 2.15,2.15,CASH,
06/07/2024 10:11,Leeds,Florence Murdy,"Large Speciality Tea - English breakfast - 1.60, Large Filter coffee - 1.80, Large Hot Chocolate - 1.70, Large Chai latte - 2.60, Large Speciality Tea - English breakfast - 1.60",9.3,CARD,9550768516951390
06/07/2024 10:12,Leeds,Jordan Hubert,"Large Filter coffee - 1.80, Regular Filter coffee - 1.50, Regular Speciality Tea - English breakfast - 1.30, Regular Chai latte - 2.30, Large Hot Chocolate - 1.70, Large Chai latte - 2.60",11.2,CARD,7431715194627530
06/07/2024 10:13,Leeds,Carl Ramirez,"Large Filter coffee - 1.80, Regular Iced americano - 2.15, Large Iced americano - 2.50",6.45,CARD,1894160616841836
06/07/2024 10:14,Leeds,Anna Gehl,"Regular Speciality Tea - English breakfast - 1.30, Large Speciality Tea - English breakfast - 1.60",2.9,CASH,
06/07/2024 10:15,Leeds,Ronald Mount,"Large Iced americano - 2.50, Large Filter coffee - 1.80, Regular Hot Chocolate - 1.40",5.7,CARD,8237019830100303
06/07/2024 10:16,Leeds,Roger Green,"Large Filter coffee - 1.80, Large Speciality Tea - English breakfast - 1.60, Regular Hot Chocolate - 1.40, Regular Speciality Tea - English breakfast - 1.30",6.1,CASH,
06/07/2024 10:17,Leeds,Alton Higginson,"Regular Speciality Tea - English breakfast - 1.30, Regular Hot Chocolate - 1.40, Large Iced americano - 2.50, Regular Chai latte - 2.30",7.5,CASH,
06/07/2024 10:18,Leeds,Muriel Capps,"Large Hot Chocolate - 1.70, Large Filter coffee - 1.80, Regular Speciality Tea - English breakfast - 1.30, Large Hot Chocolate - 1.70",6.5,CARD,9773110893184003
06/07/2024 10:19,Leeds,Elaine Cook,"Regular Chai latte - 2.30, Regular Filter coffee - 1.50, Large Iced americano - 2.50, Regular Hot Chocolate - 1.40, Regular Speciality Tea - English breakfast - 1.30, Large Hot Chocolate - 1.70",10.7,CASH,
06/07/2024 10:20,Leeds,Kelly Sullivan,"Large Filter coffee - 1.80, Regular Chai latte - 2.30",4.1,CARD,2836894098978781
06/07/2024 10:21,Leeds,Leilani Israel,"Regular Filter coffee - 1.50, Large Iced americano - 2.50, Large Filter coffee - 1.80, Large Iced americano - 2.50, Large Filter coffee - 1.80",10.1,CARD,6306493452786736
06/07/2024 10:22,Leeds,Bruce Turner,Regular Speciality Tea - English breakfast - 1.30,1.3,CARD,8902027180244288
06/07/2024 10:23,Leeds,Kelly Thomas,"Regular Chai latte - 2.30, Regular Iced americano - 2.15",4.45,CARD,3343854032577672
06/07/2024 10:24,Leeds,Helene Vandestreek,"Regular Hot Chocolate - 1.40, Regular Iced americano - 2.15, Regular Filter coffee - 1.50, Large Chai latte - 2.60, Large Iced americano - 2.50",10.15,CASH,
06/07/2024 10:25,Leeds,Ida Bauer,"Large Filter coffee - 1.80, Large Chai latte - 2.60",4.4,CASH,
06/07/2024 10:27,Leeds,Edwin Jeremiah,"Regular Speciality Tea - English breakfast - 1.30, Regular Speciality Tea - English breakfast - 1.30, Large Chai latte - 2.60, Regular Filter coffee - 1.50",6.7,CASH,
06/07/2024 10:28,Leeds,Pedro Kelly,"Large Hot Chocolate - 1.70, Large Hot Chocolate - 1.70, Large Speciality Tea - English breakfast - 1.60",5.0,CARD,9596602675620714
06/07/2024 10:29,Leeds,Mia Francis,Large Chai latte - 2.60,2.6,CASH,
06/07/2024 10:30,Leeds,Bertha Farber,Regular Filter coffee - 1.50,1.5,CARD,6299433757384457
06/07/2024 10:31,Leeds,David Gatlin,"Regular Speciality Tea - English breakfast - 1.30, Large Iced americano - 2.50, Large Chai latte - 2.60",6.4,CASH,
06/07/2024 10:32,Leeds,Sandra Hill,"Large Chai latte - 2.60, Regular Iced americano - 2.15",4.75,CARD,9334319375112965
06/07/2024 10:33,Leeds,Denise Buck,Large Filter coffee - 1.80,1.8,CASH,
06/07/2024 10:34,Leeds,Jason Major,"Large Hot Chocolate - 1.70, Regular Filter coffee - 1.50",3.2,CASH,
06/07/2024 10:35,Leeds,Gwendolyn Dana,"Large Chai latte - 2.60, Large Filter coffee - 1.80, Regular Filter coffee - 1.50",5.9,CARD,1007735931287075
06/07/2024 10:36,Leeds,Georgina Galbo,"Regular Filter coffee - 1.50, Large Iced americano - 2.50, Large Speciality Tea - English breakfast - 1.60",5.6,CASH,
06/07/2024 10:37,Leeds,Russel Smith,Regular Filter coffee - 1.50,1.5,CASH,
06/07/2024 10:38,Leeds,Debra Jones,"Regular Hot Chocolate - 1.40, Regular Chai latte - 2.30, Regular Chai latte - 2.30, Regular Filter coffee - 1.50",7.5,CASH,
06/07/2024 10:39,Leeds,Michael Loughran,"Regular Iced americano - 2.15, Regular Iced americano - 2.15, Regular Chai latte - 2.30",6.6,CARD,4790816752277866
06/07/2024 10:40,Leeds,Lynda Farr,"Large Chai latte - 2.60, Regular Iced americano - 2.15",4.75,CARD,2384641244064055
06/07/2024 10:41,Leeds,Jessica Mcveigh,"Regular Speciality Tea - English breakfast - 1.30, Large Chai latte - 2.60, Large Chai latte - 2.60",6.5,CASH,
06/07/2024 10:43,Leeds,Tammy Bergeron,"Large Hot Chocolate - 1.70, Regular Iced americano - 2.15",3.85,CARD,4115735575244331
06/07/2024 10:44,Leeds,Gretchen Serenil,Large Iced americano - 2.50,2.5,CARD,2183297021586442
06/07/2024 10:45,Leeds,Stephen Fouch,"Regular Chai latte - 2.30, Large Iced americano - 2.50, Large Hot Chocolate - 1.70, Regular Filter coffee - 1.50",8.0,CARD,6588239215969656
06/07/2024 10:46,Leeds,Amelia Imes,"Large Chai latte - 2.60, Large Filter coffee - 1.80, Large Hot Chocolate - 1.70",6.1,CARD,1518134937564309
06/07/2024 10:47,Leeds,Tracy Mcbratney,"Regular Speciality Tea - English breakfast - 1.30, Large Filter coffee - 1.80, Regular Hot Chocolate - 1.40",4.5,CARD,1264061641578382
06/07/2024 10:48,Leeds,Arlene Stout,"Large Filter coffee - 1.80, Regular Speciality Tea - English breakfast - 1.30",3.1,CASH,
06/07/2024 10:49,Leeds,Tonia Doten,"Regular Chai latte - 2.30, Large Speciality Tea - English breakfast - 1.60, Large Filter coffee - 1.80",5.7,CASH,
06/07/2024 10:50,Leeds,Faye Stubblefield,"Large Filter coffee - 1.80, Large Iced americano - 2.50",4.3,CARD,5903401745490287
06/07/2024 10:51,Leeds,Jill Conrad,"Large Hot Chocolate - 1.70, Large Filter coffee - 1.80, Regular Chai latte - 2.30, Large Chai latte - 2.60, Regular Iced americano - 2.15",10.55,CARD,4586208075376545
06/07/2024 10:52,Leeds,Terri Ridling,"Regular Speciality Tea - English breakfast - 1.30, Regular Speciality Tea - English breakfast - 1.30, Large Chai latte - 2.60",5.2,CARD,5805873969233269
06/07/2024 10:53,Leeds,Francis Marciano,Large Speciality Tea - English breakfast - 1.60,1.6,CARD,7681575163434947
06/07/2024 10:54,Leeds,Jack Showalter,Large Filter coffee - 1.80,1.8,CARD,1511927195530891
06/07/2024 10:55,Leeds,Jacqueline Reynolds,"Regular Speciality Tea - English breakfast - 1.30, Regular Chai latte - 2.30, Large Iced americano - 2.50, Large Speciality Tea - English breakfast - 1.60, Large Filter coffee - 1.80",9.5,CARD,6866235531495281
06/07/2024 10:56,Leeds,Bill Dejesus,"Regular Hot Chocolate - 1.40, Large Speciality Tea - English breakfast - 1.60, Large Chai latte - 2.60",5.6,CASH,
06/07/2024 10:57,Leeds,Brent Murray,Large Chai latte - 2.60,2.6,CARD,2314658517276450
06/07/2024 10:59,Leeds,Donald Peavy,"Regular Speciality Tea - English breakfast - 1.30, Regular Iced americano - 2.15, Regular Speciality Tea - English breakfast - 1.30, Large Iced americano - 2.50, Regular Chai latte - 2.30",9.55,CASH,
06/07/2024 11:00,Leeds,Rosalee Choate,"Regular Filter coffee - 1.50, Regular Hot Chocolate - 1.40, Large Chai latte - 2.60, Large Hot Chocolate - 1.70, Regular Speciality Tea - English breakfast - 1.30, Large Speciality Tea - English breakfast - 1.60",10.1,CASH,
06/07/2024 11:04,Leeds,Charles Green,"Large Speciality Tea - English breakfast - 1.60, Regular Hot Chocolate - 1.40, Large Chai latte - 2.60",5.6,CARD,5661539368802194
06/07/2024 11:08,Leeds,William Bowers,"Regular Hot Chocolate - 1.40, Large Chai latte - 2.60",4.0,CARD,9857115159348219
06/07/2024 11:12,Leeds,Richard Tineo,"Regular Hot Chocolate - 1.40, Large Iced americano - 2.50, Regular Hot Chocolate - 1.40, Large Filter coffee - 1.80, Large Hot Chocolate - 1.70, Regular Filter coffee - 1.50",10.3,CARD,9852744058527270
06/07/2024 11:16,Leeds,Manuel Price,"Regular Filter coffee - 1.50, Large Filter coffee - 1.80, Large Chai latte - 2.60",5.9,CARD,9118232842388106
06/07/2024 11:20,Leeds,Juliet Westbrook,"Regular Filter coffee - 1.50, Regular Filter coffee - 1.50, Regular Hot Chocolate - 1.40",4.4,CASH,
06/07/2024 11:24,Leeds,Frederick Reveal,"Regular Iced americano - 2.15, Regular Chai latte - 2.30, Large Iced americano - 2.50",6.95,CARD,9110792362937608
06/07/2024 11:28,Leeds,Karen Green,Regular Chai latte - 2.30,2.3,CASH,
06/07/2024 11:32,Leeds,Duane Westphalen,"Regular Filter coffee - 1.50, Regular Filter coffee - 1.50, Regular Hot Chocolate - 1.40, Regular Filter coffee - 1.50, Large Chai latte - 2.60",8.5,CARD,8136625464223398
06/07/2024 11:36,Leeds,Anna Romero,"Large Iced americano - 2.50, Regular Iced americano - 2.15, Regular Iced americano - 2.15",6.8,CASH,
06/07/2024 11:40,Leeds,Scott Hepler,"Large Hot Chocolate - 1.70, Regular Filter coffee - 1.50, Regular Filter coffee - 1.50",4.7,CASH,
06/07/2024 11:44,Leeds,Marilyn Bruce,"Large Hot Chocolate - 1.70, Regular Filter coffee - 1.50, Regular Chai latte - 2.30",5.5,CARD,7897489780776080
06/07/2024 11:48,Leeds,Paula Harrison,Regular Chai latte - 2.30,2.3,CARD,5747797437559814
06/07/2024 11:52,Leeds,Elizabeth Kempinski,"Regular Chai latte - 2.30, Regular Chai latte - 2.30",4.6,CARD,1006547385334433
06/07/2024 11:56,Leeds,William Tidwell,Large Chai latte - 2.60,2.6,CARD,6295073061027283
06/07/2024 12:00,Leeds,August Hatton,"Large Hot Chocolate - 1.70, Regular Chai latte - 2.30",4.0,CASH,
06/07/2024 12:01,Leeds,Kenneth Shults,"Large Filter coffee - 1.80, Regular Hot Chocolate - 1.40, Regular Hot Chocolate - 1.40, Regular Filter coffee - 1.50, Regular Speciality Tea - English breakfast - 1.30, Regular Filter coffee - 1.50",8.9,CASH,
06/07/2024 12:03,Leeds,Dallas Sanders,Regular Chai latte - 2.30,2.3,CASH,
06/07/2024 12:05,Leeds,David Keesee,"Large Filter coffee - 1.80, Regular Chai latte - 2.30, Large Speciality Tea - English breakfast - 1.60",5.7,CARD,8314272381273322
06/07/2024 12:06,Leeds,Mary Perez,"Large Filter coffee - 1.80, Large Chai latte - 2.60, Large Filter coffee - 1.80, Large Hot Chocolate - 1.70",7.9,CARD,2136321918395247
06/07/2024 12:08,Leeds,Elvira Quach,"Large Filter coffee - 1.80, Large Filter coffee - 1.80",3.6,CARD,2333058849999012
06/07/2024 12:10,Leeds,Amanda Delossantos,"Regular Chai latte - 2.30, Large Filter coffee - 1.80, Large Iced americano - 2.50, Large Hot Chocolate - 1.70",8.3,CARD,8970954139165842
06/07/2024 12:11,Leeds,Kenneth Rose,"Regular Chai latte - 2.30, Regular Chai latte - 2.30, Regular Chai latte - 2.30, Large Filter coffee - 1.80",8.7,CARD,9840900887949908
06/07/2024 12:13,Leeds,Lydia Antrikin,"Large Speciality Tea - English breakfast - 1.60, Regular Hot Chocolate - 1.40, Regular Iced americano - 2.15",5.15,CASH,
06/07/2024 12:15,Leeds,Stephany Delgado,"Large Hot Chocolate - 1.70, Regular Filter coffee - 1.50",3.2,CARD,3400707605215933
06/07/2024 12:16,Leeds,Timothy Puckett,"Regular Speciality Tea - English breakfast - 1.30, Regular Hot Chocolate - 1.40, Large Filter coffee - 1.80, Regular Iced americano - 2.15, Regular Speciality Tea - English breakfast - 1.30",7.95,CASH,
06/07/2024 12:18,Leeds,Kimberly Kruger,Large Chai latte - 2.60,2.6,CARD,7101934723124910
06/07/2024 12:20,Leeds,May Mitchell,"Large Hot Chocolate - 1.70, Regular Hot Chocolate - 1.40, Large Hot Chocolate - 1.70",4.8,CASH,
06/07/2024 12:21,Leeds,Buddy Embry,Large Speciality Tea - English breakfast - 1.60,1.6,CARD,5149922285374099
06/07/2024 12:23,Leeds,William Montez,Regular Iced americano - 2.15,2.15,CARD,4717614989853158
06/07/2024 12:25,Leeds,Myra Sanabria,"Regular Iced americano - 2.15, Regular Speciality Tea - English breakfast - 1.30, Regular Chai latte - 2.30",5.75,CARD,9166339589405647
06/07/2024 12:26,Leeds,Diana Pangburn,"Large Filter coffee - 1.80, Regular Chai latte - 2.30, Large Speciality Tea - English breakfast - 1.60, Regular Filter coffee - 1.50",7.2,CARD,6656742415411586
06/07/2024 12:28,Leeds,Randall James,"Regular Filter coffee - 1.50, Regular Hot Chocolate - 1.40, Regular Hot Chocolate - 1.40",4.3,CARD,4093435870505743
06/07/2024 12:30,Leeds,Kyle Park,"Regular Chai latte - 2.30, Regular Hot Chocolate - 1.40, Large Hot Chocolate - 1.70, Regular Chai latte - 2.30",7.7,CARD,7578607964978840
06/07/2024 12:31,Leeds,Lisa Green,"Large Filter coffee - 1.80, Large Speciality Tea - English breakfast - 1.60, Regular Chai latte - 2.30, Regular Speciality Tea - English breakfast - 1.30, Regular Filter coffee - 1.50",8.5,CARD,6752906553754819
06/07/2024 12:33,Leeds,Lauralee Kerr,"Large Chai latte - 2.60, Large Chai latte - 2.60, Large Filter coffee - 1.80",7.0,CASH,
06/07/2024 12:35,Leeds,Theresa Corum,Large Chai latte - 2.60,2.6,CARD,4034858051123843
06/07/2024 12:36,Leeds,Jennifer Calliste,"Regular Hot Chocolate - 1.40, Regular Speciality Tea - English breakfast - 1.30, Regular Hot Chocolate - 1.40, Large Speciality Tea - English breakfast - 1.60",5.7,CASH,
06/07/2024 12:38,Leeds,Karen Garrett,"Regular Filter coffee - 1.50, Regular Speciality Tea - English breakfast - 1.30",2.8,CARD,3293917002930255
06/07/2024 12:40,Leeds,Bessie Lochen,"Large Chai latte - 2.60, Regular Chai latte - 2.30, Regular Speciality Tea - English breakfast - 1.30",6.2,CARD,1788919490756690
06/07/2024 12:41,Leeds,Katrina Dean,Large Speciality Tea - English breakfast - 1.60,1.6,CARD,1278539349809367
06/07/2024 12:43,Leeds,Myron Jackson,Regular Iced americano - 2.15,2.15,CARD,3835920250717808
06/07/2024 12:45,Leeds,Sarah Yokoyama,"Regular Chai latte - 2.30, Large Speciality Tea - English breakfast - 1.60, Large Filter coffee - 1.80",5.7,CARD,7826180051467174
06/07/2024 12:46,Leeds,Albert Hawkins,Regular Hot Chocolate - 1.40,1.4,CASH,
06/07/2024 12:48,Leeds,Michael Pryor,Regular Iced americano - 2.15,2.15,CASH,
06/07/2024 12:50,Leeds,Kathleen Arrington,"Regular Chai latte - 2.30, Regular Chai latte - 2.30",4.6,CARD,1490862699117495
06/07/2024 12:51,Leeds,Nikita Clabaugh,"Regular Iced americano - 2.15, Regular Chai latte - 2.30",4.45,CARD,5686044708213538
06/07/2024 12:53,Leeds,Sharon Mccallister,"Large Chai latte - 2.60, Regular Speciality Tea - English breakfast - 1.30, Large Chai latte - 2.60, Regular Hot Chocolate - 1.40, Regular Speciality Tea - English breakfast - 1.30",9.2,CARD,9056147088650668
06/07/2024 12:55,Leeds,Bernadette Childress,"Large Chai latte - 2.60, Large Iced americano - 2.50",5.1,CASH,
06/07/2024 12:56,Leeds,Michael Dory,"Large Chai latte - 2.60, Large Iced americano - 2.50, Large Chai latte - 2.60",7.7,CARD,1494551501585075
06/07/2024 12:58,Leeds,Dallas Prochak,Regular Filter coffee - 1.50,1.5,CARD,4261697813952175
06/07/2024 13:00,Leeds,Emily Brooks,Large Iced americano - 2.50,2.5,CASH,
06/07/2024 13:00,Leeds,Randall Keeler,"Large Filter coffee - 1.80, Regular Filter coffee - 1.50",3.3,CARD,5886696009399126
06/07/2024 13:01,Leeds,Theresa Ramirez,"Large Iced americano - 2.50, Large Chai latte - 2.60",5.1,CARD,3973833485547745
06/07/2024 13:02,Leeds,Edmund Jackson,"Regular Chai latte - 2.30, Large Chai latte - 2.60, Regular Hot Chocolate - 1.40, Regular Chai latte - 2.30, Large Speciality Tea - English breakfast - 1.60, Large Iced americano - 2.50",12.7,CARD,4545783248344977
06/07/2024 13:03,Leeds,Edward Kluck,"Large Iced americano - 2.50, Regular Speciality Tea - English breakfast - 1.30, Regular Filter coffee - 1.50, Large Speciality Tea - English breakfast - 1.60, Regular Speciality Tea - English breakfast - 1.30",8.2,CARD,1726642004996389
06/07/2024 13:04,Leeds,Geraldine Livingston,"Regular Iced americano - 2.15, Regular Iced americano - 2.15",4.3,CARD,8693094118163309
06/07/2024 13:05,Leeds,Donald Dees,"Regular Filter coffee - 1.50, Regular Filter coffee - 1.50",3.0,CARD,4054164000585867
06/07/2024 13:05,Leeds,Donald Bordeaux,Large Iced americano - 2.50,2.5,CARD,6357403161755775
06/07/2024 13:06,Leeds,Robert Hagen,"Regular Hot Chocolate - 1.40, Large Iced americano - 2.50, Regular Filter coffee - 1.50, Large Chai latte - 2.60",8.0,CARD,2139056766167669
06/07/2024 13:07,Leeds,Roxanne Escobar,Regular Chai latte - 2.30,2.3,CARD,9433952047847258
06/07/2024 13:08,Leeds,Justin Rosecrans,"Large Chai latte - 2.60, Regular Chai latte - 2.30",4.9,CARD,8883054505925724
06/07/2024 13:09,Leeds,Jennifer Hardin,"Regular Hot Chocolate - 1.40, Large Iced americano - 2.50, Large Iced americano - 2.50",6.4,CARD,2333145338503065
06/07/2024 13:10,Leeds,Clayton Peterson,"Regular Iced americano - 2.15, Regular Hot Chocolate - 1.40, Regular Chai latte - 2.30, Regular Filter coffee - 1.50, Regular Filter coffee - 1.50",8.85,CARD,6473343587859235
06/07/2024 13:10,Leeds,Michael Smith,"Large Hot Chocolate - 1.70, Regular Speciality Tea - English breakfast - 1.30, Regular Filter coffee - 1.50, Regular Filter coffee - 1.50",6.0,CARD,4253297039443150
06/07/2024 13:11,Leeds,Martha Mckay,"Large Filter coffee - 1.80, Regular Hot Chocolate - 1.40, Large Speciality Tea - English breakfast - 1.60, Large Hot Chocolate - 1.70, Regular Chai latte - 2.30",8.8,CARD,7310652325248807
06/07/2024 13:12,Leeds,Mary Carter,"Regular Speciality Tea - English breakfast - 1.30, Large Filter coffee - 1.80",3.1,CARD,4085141076166720
06/07/2024 13:13,Leeds,Ann Evans,"Regular Hot Chocolate - 1.40, Large Hot Chocolate - 1.70, Large Iced americano - 2.50, Large Iced americano - 2.50",8.1,CARD,4852664872123080
06/07/2024 13:14,Leeds,Carson Coles,"Large Chai latte - 2.60, Large Filter coffee - 1.80",4.4,CARD,3997663310416986
06/07/2024 13:15,Leeds,Jesus Hickman,"Regular Hot Chocolate - 1.40, Regular Filter coffee - 1.50, Large Speciality Tea - English breakfast - 1.60",4.5,CASH,
06/07/2024 13:15,Leeds,Kimberly Short,"Regular Filter coffee - 1.50, Regular Iced americano - 2.15",3.65,CARD,1726682544619024
06/07/2024 13:16,Leeds,Ethel Rivera,"Large Hot Chocolate - 1.70, Large Hot Chocolate - 1.70, Regular Chai latte - 2.30, Regular Filter coffee - 1.50, Regular Filter coffee - 1.50",8.7,CARD,6689380599148712
06/07/2024 13:17,Leeds,Raul Coleman,Large Iced americano - 2.50,2.5,CARD,5625281027796529
06/07/2024 13:18,Leeds,David Payne,"Regular Chai latte - 2.30, Large Hot Chocolate - 1.70, Large Filter coffee - 1.80",5.8,CARD,5680922606893078
06/07/2024 13:19,Leeds,John Morris,Regular Chai latte - 2.30,2.3,CASH,
06/07/2024 13:20,Leeds,Dorothy Markham,Regular Speciality Tea - English breakfast - 1.30,1.3,CARD,7857656293345134
06/07/2024 13:20,Leeds,James Dawson,"Regular Filter coffee - 1.50, Large Hot Chocolate - 1.70, Regular Filter coffee - 1.50, Large Hot Chocolate - 1.70, Large Iced americano - 2.50",8.9,CARD,8246894197316734
06/07/2024 13:21,Leeds,Gus Langston,"Large Iced americano - 2.50, Large Iced americano - 2.50, Regular Hot Chocolate - 1.40",6.4,CARD,1124697162271150
06/07/2024 13:22,Leeds,Tina Henriquez,Large Speciality Tea - English breakfast - 1.60,1.6,CARD,4039899463425088
06/07/2024 13:23,Leeds,Herta Aultman,"Regular Filter coffee - 1.50, Regular Filter coffee - 1.50, Large Iced americano - 2.50",5.5,CARD,2717547451203482
06/07/2024 13:24,Leeds,Salvador Rushing,"Large Chai latte - 2.60, Large Filter coffee - 1.80, Large Speciality Tea - English breakfast - 1.60, Large Iced americano - 2.50, Large Iced americano - 2.50, Regular Filter coffee - 1.50",12.5,CARD,5542466293842562
06/07/2024 13:25,Leeds,Ginger Franty,Regular Chai latte - 2.30,2.3,CARD,8024432063185212
06/07/2024 13:25,Leeds,George Jackson,"Regular Iced americano - 2.15, Large Chai latte - 2.60, Large Chai latte - 2.60, Large Filter coffee - 1.80, Regular Filter coffee - 1.50",10.65,CARD,8855715519960891
06/07/2024 13:26,Leeds,Antonio Fountain,"Large Iced americano - 2.50, Large Hot Chocolate - 1.70, Large Hot Chocolate - 1.70, Large Filter coffee - 1.80",7.7,CARD,5933400693264753
06/07/2024 13:27,Leeds,Nelson Wilson,"Regular Hot Chocolate - 1.40, Regular Iced americano - 2.15, Regular Filter coffee - 1.50, Regular Speciality Tea - English breakfast - 1.30",6.35,CARD,6075908939208360
06/07/2024 13:28,Leeds,Collen Espinal,"Regular Hot Chocolate - 1.40, Regular Filter coffee - 1.50",2.9,CARD,2604772454460738
06/07/2024 13:29,Leeds,Jennifer Clayton,"Regular Hot Chocolate - 1.40, Regular Filter coffee - 1.50, Regular Speciality Tea - English breakfast - 1.30",4.2,CARD,4980479630899320
06/07/2024 13:30,Leeds,Jessica Mace,Large Hot Chocolate - 1.70,1.7,CARD,1563009130924958
06/07/2024 13:30,Leeds,Aaron Percell,Large Filter coffee - 1.80,1.8,CARD,4997507696654951
06/07/2024 13:31,Leeds,Teri Rodriguez,"Regular Filter coffee - 1.50, Large Iced americano - 2.50, Regular Hot Chocolate - 1.40",5.4,CASH,
06/07/2024 13:32,Leeds,Melinda Sandoval,Large Filter coffee - 1.80,1.8,CASH,
06/07/2024 13:33,Leeds,Jim Carpenter,"Regular Speciality Tea - English breakfast - 1.30, Large Hot Chocolate - 1.70",3.0,CARD,9324395698038666
06/07/2024 13:34,Leeds,Danielle Hindman,"Large Speciality Tea - English breakfast - 1.60, Regular Filter coffee - 1.50, Large Filter coffee - 1.80",4.9,CARD,9089741472475207
06/07/2024 13:35,Leeds,Ernest Reed,Regular Filter coffee - 1.50,1.5,CASH,
06/07/2024 13:35,Leeds,Victor Fussell,Large Speciality Tea - English breakfast - 1.60,1.6,CARD,3193460740616723
06/07/2024 13:36,Leeds,Blanche Valencia,"Large Filter coffee - 1.80, Regular Speciality Tea - English breakfast - 1.30, Large Iced americano - 2.50, Large Iced americano - 2.50, Regular Hot Chocolate - 1.40, Large Hot Chocolate - 1.70",11.2,CASH,
06/07/2024 13:37,Leeds,Melanie Davis,Regular Filter coffee - 1.50,1.5,CARD,2717807327846438
06/07/2024 13:38,Leeds,Sanford Nagao,"Large Hot Chocolate - 1.70, Regular Speciality Tea - English breakfast - 1.30, Large Iced americano - 2.50, Large Hot Chocolate - 1.70, Regular Filter coffee - 1.50, Large Iced americano - 2.50",11.2,CARD,6530483400732722
06/07/2024 13:39,Leeds,Joshua Culliton,Large Filter coffee - 1.80,1.8,CASH,
06/07/2024 13:40,Leeds,William Kim,"Large Speciality Tea - English breakfast - 1.60, Large Chai latte - 2.60",4.2,CARD,7728808374546571
06/07/2024 13:40,Leeds,David Farley,"Large Filter coffee - 1.80, Regular Iced americano - 2.15",3.95,CASH,
06/07/2024 13:41,Leeds,Lisa Mayo,"Large Chai latte - 2.60, Regular Chai latte - 2.30, Regular Chai latte - 2.30",7.2,CARD,7320658344746413
06/07/2024 13:42,Leeds,Antoinette Bailey,"Regular Filter coffee - 1.50, Large Hot Chocolate - 1.70, Regular Hot Chocolate - 1.40",4.6,CARD,1612293302345858
06/07/2024 13:43,Leeds,Joel Lima,"Regular Chai latte - 2.30, Large Iced americano - 2.50, Large Speciality Tea - English breakfast - 1.60",6.4,CASH,
06/07/2024 13:44,Leeds,Alejandra Peeden,"Large Hot Chocolate - 1.70, Regular Iced americano - 2.15, Regular Chai latte - 2.30, Regular Chai latte - 2.30, Large Chai latte - 2.60, Regular Iced americano - 2.15",13.2,CARD,3182190023725058
06/07/2024 13:45,Leeds,Jessica Hedgecock,Large Chai latte - 2.60,2.6,CARD,1193728832088167
06/07/2024 13:45,Leeds,Gerald Freeman,"Large Chai latte - 2.60, Regular Chai latte - 2.30, Regular Hot Chocolate - 1.40, Large Speciality Tea - English breakfast - 1.60, Regular Chai latte - 2.30, Large Chai latte - 2.60",12.8,CASH,
06/07/2024 13:46,Leeds,James Lesniak,Large Hot Chocolate - 1.70,1.7,CASH,
06/07/2024 13:47,Leeds,Luis Woodruff,"Regular Filter coffee - 1.50, Regular Filter coffee - 1.50",3.0,CASH,
06/07/2024 13:48,Leeds,Larry Boatright,Regular Iced americano - 2.15,2.15,CARD,5133281702701593
06/07/2024 13:49,Leeds,Jenifer Byerly,"Large Iced americano - 2.50, Regular Filter coffee - 1.50",4.0,CASH,
06/07/2024 13:50,Leeds,Charles Walker,"Large Hot Chocolate - 1.70, Regular Chai latte - 2.30, Regular Hot Chocolate - 1.40, Regular Iced americano - 2.15, Regular Speciality Tea - English breakfast - 1.30",8.85,CARD,8297313939645676
06/07/2024 13:50,Leeds,Kevin Oconnor,"Regular Chai latte - 2.30, Regular Chai latte - 2.30, Regular Hot Chocolate - 1.40",6.0,CARD,2703306850221599
06/07/2024 13:51,Leeds,Gail Delaine,"Large Hot Chocolate - 1.70, Regular Speciality Tea - English breakfast - 1.30, Large Hot Chocolate - 1.70, Large Speciality Tea - English breakfast - 1.60, Regular Chai latte - 2.30",8.6,CASH,
06/07/2024 13:52,Leeds,Janice Land,Large Iced americano - 2.50,2.5,CARD,3428973134952839
06/07/2024 13:53,Leeds,Catherine Baker,"Regular Chai latte - 2.30, Regular Chai latte - 2.30, Regular Filter coffee - 1.50, Large Chai latte - 2.60, Large Iced americano - 2.50",11.2,CARD,9342336022997897
06/07/2024 13:54,Leeds,Timothy Ferguson,Large Speciality Tea - English breakfast - 1.60,1.6,CARD,4030299254293710
06/07/2024 13:55,Leeds,Alissa Newton,"Large Filter coffee - 1.80, Regular Iced americano - 2.15, Regular Chai latte - 2.30, Large Chai latte - 2.60, Large Filter coffee - 1.80, Regular Hot Chocolate - 1.40",12.05,CARD,2273148711396746
06/07/2024 13:55,Leeds,Grace Fitzgerald,Regular Filter coffee - 1.50,1.5,CARD,2678164681177411
06/07/2024 13:56,Leeds,Michael Dudley,Large Chai latte - 2.60,2.6,CASH,
06/07/2024 13:57,Leeds,Olga Appling,"Large Filter coffee - 1.80, Large Chai latte - 2.60, Large Iced americano - 2.50, Large Hot Chocolate - 1.70, Regular Filter coffee - 1.50",10.1,CASH,
06/07/2024 13:58,Leeds,Terrance Wolfe,Regular Chai latte - 2.30,2.3,CARD,3945534462368795
06/07/2024 13:59,Leeds,Ruth Colbert,"Regular Hot Chocolate - 1.40, Regular Filter coffee - 1.50, Large Filter coffee - 1.80",4.7,CARD,5279203955803824
06/07/2024 14:00,Leeds,Fred Wilson,"Large Chai latte - 2.60, Regular Filter coffee - 1.50, Large Filter coffee - 1.80, Regular Hot Chocolate - 1.40, Regular Iced americano - 2.15",9.45,CARD,8584894937531942
06/07/2024 14:01,Leeds,Sherry Trujillo,"Regular Chai latte - 2.30, Large Chai latte - 2.60",4.9,CARD,1995045447136218
06/07/2024 14:02,Leeds,Joe Richardson,"Large Iced americano - 2.50, Regular Hot Chocolate - 1.40",3.9,CARD,3460663622198456
06/07/2024 14:02,Leeds,Matthew King,"Regular Chai latte - 2.30, Regular Iced americano - 2.15, Large Speciality Tea - English breakfast - 1.60, Large Filter coffee - 1.80, Regular Chai latte - 2.30, Regular Hot Chocolate - 1.40",11.55,CASH,
06/07/2024 14:03,Leeds,Diane Smith,"Regular Chai latte - 2.30, Large Filter coffee - 1.80, Regular Speciality Tea - English breakfast - 1.30, Large Filter coffee - 1.80",7.2,CARD,7297059093315497
06/07/2024 14:04,Leeds,Genevieve Wise,Large Filter coffee - 1.80,1.8,CARD,4143817106786062
06/07/2024 14:05,Leeds,Sandra Slevin,Regular Chai latte - 2.30,2.3,CARD,2119314895030908
06/07/2024 14:06,Leeds,Robert White,"Large Filter coffee - 1.80, Large Hot Chocolate - 1.70, Large Chai latte - 2.60",6.1,CARD,2601694747916792
06/07/2024 14:07,Leeds,Donna Smith,"Large Hot Chocolate - 1.70, Regular Iced americano - 2.15",3.85,CARD,1442195561148291
06/07/2024 14:08,Leeds,Mary Hoff,"Regular Hot Chocolate - 1.40, Large Chai latte - 2.60, Regular Hot Chocolate - 1.40, Large Hot Chocolate - 1.70",7.1,CARD,5989362250786549
06/07/2024 14:09,Leeds,Rosa Bies,"Regular Iced americano - 2.15, Large Chai latte - 2.60, Regular Chai latte - 2.30",7.05,CASH,
06/07/2024 14:10,Leeds,Anthony Smith,"Large Hot Chocolate - 1.70, Regular Speciality Tea - English breakfast - 1.30",3.0,CARD,3393416329918517
06/07/2024 14:11,Leeds,Jody Kline,"Large Iced americano - 2.50, Regular Filter coffee - 1.50, Regular Iced americano - 2.15",6.15,CASH,
06/07/2024 14:12,Leeds,Elsie Kallas,"Regular Iced americano - 2.15, Large Speciality Tea - English breakfast - 1.60, Large Speciality Tea - English breakfast - 1.60, Large Filter coffee - 1.80",7.15,CARD,3126903015804780
06/07/2024 14:13,Leeds,Emily Drouillard,"Large Speciality Tea - English breakfast - 1.60, Regular Filter coffee - 1.50, Large Speciality Tea - English breakfast - 1.60",4.7,CARD,4944129443207251
06/07/2024 14:14,Leeds,Robert Willis,"Regular Chai latte - 2.30, Regular Speciality Tea - English breakfast - 1.30, Large Speciality Tea - English breakfast - 1.60",5.2,CARD,8667719517253575
06/07/2024 14:15,Leeds,Matthew Avila,"Regular Filter coffee - 1.50, Large Hot Chocolate - 1.70, Large Filter coffee - 1.80",5.0,CASH,
06/07/2024 14:16,Leeds,Tina Angle,Large Filter coffee - 1.80,1.8,CARD,8655801723868579
06/07/2024 14:17,Leeds,Jacob Clayton,"Regular Speciality Tea - English breakfast - 1.30, Large Filter coffee - 1.80, Regular Chai latte - 2.30",5.4,CARD,2890826854330534
06/07/2024 14:18,Leeds,Seth Roman,"Large Iced americano - 2.50, Regular Hot Chocolate - 1.40, Regular Chai latte - 2.30",6.2,CARD,9423891347744343
06/07/2024 14:19,Leeds,Rebecca Fine,Regular Iced americano - 2.15,2.15,CARD,4901925723705574
06/07/2024 14:20,Leeds,Jimmie Beason,"Regular Filter coffee - 1.50, Large Filter coffee - 1.80, Large Hot Chocolate - 1.70, Regular Chai latte - 2.30",7.3,CARD,3672569298251254
06/07/2024 14:21,Leeds,Eric Daniels,"Large Filter coffee - 1.80, Regular Iced americano - 2.15, Regular Chai latte - 2.30",6.25,CARD,4764637284836865
06/07/2024 14:21,Leeds,Erika Waldron,"Large Filter coffee - 1.80, Regular Filter coffee - 1.50, Regular Speciality Tea - English breakfast - 1.30",4.6,CASH,
06/07/2024 14:22,Leeds,Marian Petch,"Regular Filter coffee - 1.50, Regular Chai latte - 2.30, Regular Filter coffee - 1.50, Regular Chai latte - 2.30",7.6,CARD,6751781152720384
06/07/2024 14:23,Leeds,Angela Wimer,"Large Speciality Tea - English breakfast - 1.60, Large Hot Chocolate - 1.70",3.3,CARD,6920390637320609
06/07/2024 14:24,Leeds,Sidney Matta,"Regular Chai latte - 2.30, Large Iced americano - 2.50, Regular Iced americano - 2.15",6.95,CARD,4707042021330071
06/07/2024 14:25,Leeds,Sylvia Headley,"Regular Filter coffee - 1.50, Regular Filter coffee - 1.50",3.0,CASH,
06/07/2024 14:26,Leeds,Glen Hudnall,"Large Filter coffee - 1.80, Large Filter coffee - 1.80, Large Speciality Tea - English breakfast - 1.60",5.2,CARD,6254193050439874
06/07/2024 14:27,Leeds,Martin Schwend,Large Filter coffee - 1.80,1.8,CARD,7754249060191911
06/07/2024 14:28,Leeds,Doris Pryor,"Large Speciality Tea - English breakfast - 1.60, Regular Speciality Tea - English breakfast - 1.30, Large Hot Chocolate - 1.70, Regular Filter coffee - 1.50, Large Hot Chocolate - 1.70, Regular Hot Chocolate - 1.40",9.2,CASH,
06/07/2024 14:29,Leeds,Mary Garcia,"Large Speciality Tea - English breakfast - 1.60, Large Filter coffee - 1.80, Regular Speciality Tea - English breakfast - 1.30",4.7,CASH,
06/07/2024 14:30,Leeds,Amanda Berrios,"Large Hot Chocolate - 1.70, Large Speciality Tea - English breakfast - 1.60",3.3,CASH,
06/07/2024 14:31,Leeds,Priscilla Savage,"Regular Filter coffee - 1.50, Large Iced americano - 2.50, Regular Iced americano - 2.15, Large Chai latte - 2.60",8.75,CASH,
06/07/2024 14:32,Leeds,Steve Aldridge,"Regular Speciality Tea - English breakfast - 1.30, Regular Chai latte - 2.30",3.6,CASH,
06/07/2024 14:33,Leeds,Percy Nelson,Large Filter coffee - 1.80,1.8,CARD,1234973388062793
06/07/2024 14:34,Leeds,Amy Kunka,"Regular Filter coffee - 1.50, Large Hot Chocolate - 1.70, Large Speciality Tea - English breakfast - 1.60",4.8,CASH,
06/07/2024 14:35,Leeds,Barbara Sydnor,Regular Chai latte - 2.30,2.3,CARD,1043274267929489
06/07/2024 14:36,Leeds,Lisa Quinlan,"Regular Iced americano - 2.15, Large Filter coffee - 1.80, Large Speciality Tea - English breakfast - 1.60, Large Hot Chocolate - 1.70, Large Filter coffee - 1.80",9.05,CARD,3991984795549599
06/07/2024 14:37,Leeds,Wesley Brayton,"Large Chai latte - 2.60, Large Speciality Tea - English breakfast - 1.60, Regular Speciality Tea - English breakfast - 1.30, Large Speciality Tea - English breakfast - 1.60, Regular Hot Chocolate - 1.40",8.5,CARD,1330748798575257
06/07/2024 14:38,Leeds,Wilma Vil,"Large Filter coffee - 1.80, Large Filter coffee - 1.80, Large Filter coffee - 1.80",5.4,CARD,9862055603191115
06/07/2024 14:39,Leeds,Philip Allen,"Regular Filter coffee - 1.50, Large Filter coffee - 1.80",3.3,CARD,8172653857803125
06/07/2024 14:40,Leeds,Ivan Schad,Large Filter coffee - 1.80,1.8,CARD,2452033946986934
06/07/2024 14:40,Leeds,Eric Smith,"Regular Chai latte - 2.30, Large Hot Chocolate - 1.70",4.0,CASH,
06/07/2024 14:41,Leeds,Maria Jones,"Regular Iced americano - 2.15, Large Hot Chocolate - 1.70, Regular Speciality Tea - English breakfast - 1.30",5.15,CARD,4061593485917768
06/07/2024 14:42,Leeds,Andrew Lightner,"Large Chai latte - 2.60, Regular Filter coffee - 1.50, Regular Filter coffee - 1.50, Regular Speciality Tea - English breakfast - 1.30",6.9,CASH,
06/07/2024 14:43,Leeds,Diane Chapman,Large Iced americano - 2.50,2.5,CARD,7550511998385136
06/07/2024 14:44,Leeds,Edward Robb,"Regular Filter coffee - 1.50, Large Filter coffee - 1.80",3.3,CARD,7720772157050925
06/07/2024 14:45,Leeds,Thomas Henry,Regular Filter coffee - 1.50,1.5,CARD,2978735468451588
06/07/2024 14:46,Leeds,Mary Mazor,"Regular Hot Chocolate - 1.40, Regular Iced americano - 2.15, Regular Speciality Tea - English breakfast - 1.30",4.85,CASH,
06/07/2024 14:47,Leeds,Anna Galloway,"Large Hot Chocolate - 1.70, Regular Filter coffee - 1.50, Regular Speciality Tea - English breakfast - 1.30, Large Filter coffee - 1.80",6.3,CARD,3436368671158825
06/07/2024 14:48,Leeds,Denise Ramirez,"Regular Filter coffee - 1.50, Regular Speciality Tea - English breakfast - 1.30, Regular Hot Chocolate - 1.40, Large Iced americano - 2.50, Regular Speciality Tea - English breakfast - 1.30",8.0,CASH,
06/07/2024 14:49,Leeds,Doris Eisele,Large Speciality Tea - English breakfast - 1.60,1.6,CARD,9066804311825812
06/07/2024 14:50,Leeds,Jo Mason,Large Speciality Tea - English breakfast - 1.60,1.6,CARD,1640229114891679
06/07/2024 14:51,Leeds,Barbara Cianchetti,"Regular Speciality Tea - English breakfast - 1.30, Regular Iced americano - 2.15, Large Speciality Tea - English breakfast - 1.60, Regular Chai latte - 2.30",7.35,CARD,6210770112293917
06/07/2024 14:52,Leeds,James Spivey,"Regular Speciality Tea - English breakfast - 1.30, Regular Speciality Tea - English breakfast - 1.30, Regular Iced americano - 2.15, Regular Chai latte - 2.30, Regular Chai latte - 2.30",9.35,CARD,6983614464956200
06/07/2024 14:53,Leeds,Alexander Lind,"Regular Iced americano - 2.15, Regular Chai latte - 2.30, Large Speciality Tea - English breakfast - 1.60, Large Hot Chocolate - 1.70",7.75,CARD,6396790764676555
06/07/2024 14:54,Leeds,Erik Loomis,"Large Hot Chocolate - 1.70, Regular Chai latte - 2.30",4.0,CASH,
06/07/2024 14:55,Leeds,Mary Olds,"Large Chai latte - 2.60, Regular Iced americano - 2.15",4.75,CASH,
06/07/2024 14:56,Leeds,Molly White,"Regular Filter coffee - 1.50, Regular Speciality Tea - English breakfast - 1.30, Large Chai latte - 2.60",5.4,CARD,7151451303932100
06/07/2024 14:57,Leeds,Timothy Edwards,"Regular Hot Chocolate - 1.40, Regular Iced americano - 2.15, Large Filter coffee - 1.80",5.35,CARD,4470685643970253
06/07/2024 14:58,Leeds,Fredric Carroll,"Regular Iced americano - 2.15, Regular Chai latte - 2.30, Large Hot Chocolate - 1.70, Regular Chai latte - 2.30, Regular Filter coffee - 1.50",9.95,CARD,6745544918961454
06/07/2024 14:59,Leeds,Robert Adams,"Large Speciality Tea - English breakfast - 1.60, Large Iced americano - 2.50, Regular Iced americano - 2.15, Regular Speciality Tea - English breakfast - 1.30",7.55,CASH,
06/07/2024 14:59,Leeds,Kristine Rubin,"Regular Filter coffee - 1.50, Regular Filter coffee - 1.50, Large Filter coffee - 1.80, Regular Hot Chocolate - 1.40",6.2,CARD,8368691076342880
06/07/2024 15:00,Leeds,Charles Conte,"Regular Iced americano - 2.15, Regular Speciality Tea - English breakfast - 1.30",3.45,CARD,6075354837901101
06/07/2024 15:01,Leeds,Angela Bird,"Large Hot Chocolate - 1.70, Regular Iced americano - 2.15, Large Iced americano - 2.50",6.35,CARD,3068019672135360
06/07/2024 15:02,Leeds,Nick Brister,Large Chai latte - 2.60,2.6,CASH,
06/07/2024 15:03,Leeds,Selina Craig,"Large Filter coffee - 1.80, Regular Chai latte - 2.30, Regular Filter coffee - 1.50, Large Hot Chocolate - 1.70, Regular Iced americano - 2.15, Regular Filter coffee - 1.50",10.95,CARD,3393162319577944
06/07/2024 15:04,Leeds,Sandra Robinson,"Large Filter coffee - 1.80, Large Hot Chocolate - 1.70, Large Iced americano - 2.50, Regular Hot Chocolate - 1.40, Large Chai latte - 2.60",10.0,CARD,9632814597365636
06/07/2024 15:05,Leeds,Gabriel Kinsler,"Regular Iced americano - 2.15, Large Filter coffee - 1.80, Large Chai latte - 2.60, Regular Speciality Tea - English breakfast - 1.30, Large Iced americano - 2.50, Large Speciality Tea - English breakfast - 1.60",11.95,CASH,
06/07/2024 15:06,Leeds,Joanne Brady,"Regular Filter coffee - 1.50, Regular Hot Chocolate - 1.40",2.9,CASH,
06/07/2024 15:07,Leeds,Nathan Studebaker,"Large Hot Chocolate - 1.70, Regular Filter coffee - 1.50",3.2,CASH,
06/07/2024 15:07,Leeds,Jess Thornton,"Large Filter coffee - 1.80, Large Chai latte - 2.60, Large Iced americano - 2.50",6.9,CARD,9775614910833608
06/07/2024 15:08,Leeds,Carlos Brown,"Regular Iced americano - 2.15, Large Chai latte - 2.60",4.75,CARD,4778844676756357
06/07/2024 15:09,Leeds,Michael Cote,Regular Filter coffee - 1.50,1.5,CARD,2797303751448803
06/07/2024 15:10,Leeds,Raymond Ackerman,"Regular Speciality Tea - English breakfast - 1.30, Large Speciality Tea - English breakfast - 1.60",2.9,CASH,
06/07/2024 15:11,Leeds,Emerald Pettry,Regular Filter coffee - 1.50,1.5,CASH,
06/07/2024 15:12,Leeds,Ronald Snow,"Regular Speciality Tea - English breakfast - 1.30, Large Filter coffee - 1.80",3.1,CASH,
06/07/2024 15:13,Leeds,Robert Schmidt,"Regular Iced americano - 2.15, Large Filter coffee - 1.80, Regular Iced americano - 2.15",6.1,CARD,2417335311596194
06/07/2024 15:14,Leeds,Steven Williams,"Regular Hot Chocolate - 1.40, Regular Hot Chocolate - 1.40, Large Filter coffee - 1.80, Regular Chai latte - 2.30",6.9,CASH,
06/07/2024 15:14,Leeds,Carol Burlingham,Large Iced americano - 2.50,2.5,CASH,
06/07/2024 15:15,Leeds,Hilda Rector,"Large Chai latte - 2.60, Large Filter coffee - 1.80",4.4,CARD,7418305794187672
06/07/2024 15:16,Leeds,Ellen Smith,"Large Filter coffee - 1.80, Regular Speciality Tea - English breakfast - 1.30, Large Filter coffee - 1.80, Regular Hot Chocolate - 1.40, Large Filter coffee - 1.80",8.1,CASH,
06/07/2024 15:17,Leeds,Hazel Joecks,Large Filter coffee - 1.80,1.8,CARD,9716088967148030
06/07/2024 15:18,Leeds,Janie Cook,"Regular Chai latte - 2.30, Regular Chai latte - 2.30",4.6,CARD,3178161473053815
06/07/2024 15:19,Leeds,Delia Wainwright,"Large Iced americano - 2.50, Regular Filter coffee - 1.50, Regular Filter coffee - 1.50, Regular Chai latte - 2.30, Regular Hot Chocolate - 1.40",9.2,CARD,9802822438978731
06/07/2024 15:20,Leeds,David Thurn,"Regular Filter coffee - 1.50, Regular Filter coffee - 1.50, Large Speciality Tea - English breakfast - 1.60",4.6,CARD,8375438179464102
06/07/2024 15:21,Leeds,Linda Goldstein,Large Speciality Tea - English breakfast - 1.60,1.6,CARD,2696274718388571
06/07/2024 15:22,Leeds,Toni Mccabe,Regular Hot Chocolate - 1.40,1.4,CASH,
06/07/2024 15:22,Leeds,Sandra Pate,"Regular Filter coffee - 1.50, Regular Speciality Tea - English breakfast - 1.30, Regular Hot Chocolate - 1.40, Large Chai latte - 2.60",6.8,CARD,1381957823694302
06/07/2024 15:23,Leeds,Jill Tusing,Large Filter coffee - 1.80,1.8,CASH,
06/07/2024 15:24,Leeds,Donald Thomas,"Large Hot Chocolate - 1.70, Large Speciality Tea - English breakfast - 1.60, Regular Iced americano - 2.15, Large Chai latte - 2.60",8.05,CARD,3574662929713538
06/07/2024 15:25,Leeds,Randall Rowald,"Large Chai latte - 2.60, Large Filter coffee - 1.80, Regular Speciality Tea - English breakfast - 1.30, Large Speciality Tea - English breakfast - 1.60, Regular Chai latte - 2.30",9.6,CARD,6749871175753766
06/07/2024 15:26,Leeds,Cynthia Cole,"Large Hot Chocolate - 1.70, Large Speciality Tea - English breakfast - 1.60, Large Filter coffee - 1.80, Large Hot Chocolate - 1.70",6.8,CARD,7572605727589564
06/07/2024 15:27,Leeds,Particia Craig,"Regular Iced americano - 2.15, Regular Speciality Tea - English breakfast - 1.30",3.45,CASH,
06/07/2024 15:28,Leeds,Toni Douglas,"Regular Filter coffee - 1.50, Regular Iced americano - 2.15, Large Speciality Tea - English breakfast - 1.60, Large Filter coffee - 1.80, Large Filter coffee - 1.80",8.85,CARD,4744700045673937
06/07/2024 15:29,Leeds,Marjorie Vazquez,"Regular Speciality Tea - English breakfast - 1.30, Regular Speciality Tea - English breakfast - 1.30, Large Filter coffee - 1.80",4.4,CASH,
06/07/2024 15:29,Leeds,Lena Calandra,"Regular Filter coffee - 1.50, Regular Chai latte - 2.30",3.8,CASH,
06/07/2024 15:30,Leeds,James Barnes,Regular Speciality Tea - English breakfast - 1.30,1.3,CARD,6621472856773661
06/07/2024 15:31,Leeds,Omar Corathers,"Large Filter coffee - 1.80, Large Chai latte - 2.60",4.4,CARD,6427514609364590
06/07/2024 15:32,Leeds,Cedric Morey,"Large Hot Chocolate - 1.70, Regular Filter coffee - 1.50",3.2,CARD,3895669479144389
06/07/2024 15:33,Leeds,Jose Estes,"Large Speciality Tea - English breakfast - 1.60, Large Chai latte - 2.60",4.2,CARD,2195670066051740
06/07/2024 15:34,Leeds,Rose Wagner,"Large Iced americano - 2.50, Large Chai latte - 2.60, Regular Filter coffee - 1.50",6.6,CASH,
06/07/2024 15:35,Leeds,Boyd Kathleen,"Regular Iced americano - 2.15, Large Chai latte - 2.60",4.75,CARD,2855544601463168
06/07/2024 15:36,Leeds,David Allen,Regular Chai latte - 2.30,2.3,CARD,9857099664176358
06/07/2024 15:36,Leeds,Charlie Russell,Large Chai latte - 2.60,2.6,CARD,4457556145497550
06/07/2024 15:37,Leeds,Jacquelynn Wicks,"Regular Chai latte - 2.30, Regular Iced americano - 2.15, Regular Hot Chocolate - 1.40, Large Chai latte - 2.60",8.45,CASH,
06/07/2024 15:38,Leeds,Mireille Harnois,Large Iced americano - 2.50,2.5,CASH,
06/07/2024 15:39,Leeds,Janet Rodgers,"Regular Iced americano - 2.15, Large Chai latte - 2.60, Large Speciality Tea - English breakfast - 1.60, Regular Iced americano - 2.15",8.5,CARD,7310765304642371
06/07/2024 15:40,Leeds,June Christensen,"Large Chai latte - 2.60, Regular Chai latte - 2.30, Large Chai latte - 2.60",7.5,CASH,
06/07/2024 15:41,Leeds,Steven Chandler,"Large Chai latte - 2.60, Regular Speciality Tea - English breakfast - 1.30, Large Chai latte - 2.60",6.5,CARD,7048935984851368
06/07/2024 15:42,Leeds,Jacqueline Reed,"Large Chai latte - 2.60, Regular Speciality Tea - English breakfast - 1.30",3.9,CARD,2537523845617191
06/07/2024 15:43,Leeds,Elenor Smith,"Regular Chai latte - 2.30, Large Filter coffee - 1.80, Large Speciality Tea - English breakfast - 1.60",5.7,CARD,5324573361789434
06/07/2024 15:43,Leeds,Natalie Kim,"Large Speciality Tea - English breakfast - 1.60, Regular Chai latte - 2.30",3.9,CARD,2547951748822537
06/07/2024 15:44,Leeds,David Griffith,"Large Iced americano - 2.50, Regular Hot Chocolate - 1.40",3.9,CARD,7933706872300797
06/07/2024 15:45,Leeds,Michael Ramirez,"Large Speciality Tea - English breakfast - 1.60, Regular Chai latte - 2.30, Large Speciality Tea - English breakfast - 1.60, Large Speciality Tea - English breakfast - 1.60",7.1,CARD,8481859632345369
06/07/2024 15:46,Leeds,Ann Jimenez,"Large Chai latte - 2.60, Regular Chai latte - 2.30, Large Chai latte - 2.60, Regular Filter coffee - 1.50",9.0,CARD,2274384467484130
06/07/2024 15:47,Leeds,Sonja Farrington,"Regular Chai latte - 2.30, Large Filter coffee - 1.80, Large Filter coffee - 1.80, Regular Chai latte - 2.30",8.2,CASH,
06/07/2024 15:48,Leeds,Sandra Nighman,"Large Chai latte - 2.60, Large Filter coffee - 1.80, Regular Iced americano - 2.15, Regular Iced americano - 2.15",8.7,CARD,8808250234560489
06/07/2024 15:49,Leeds,James Fujioka,Large Iced americano - 2.50,2.5,CASH,
06/07/2024 15:50,Leeds,Diana Hill,Large Hot Chocolate - 1.70,1.7,CARD,8694463979798865
06/07/2024 15:50,Leeds,Byron Mceachran,Regular Chai latte - 2.30,2.3,CASH,
06/07/2024 15:51,Leeds,Eunice Garhart,Regular Iced americano - 2.15,2.15,CARD,3441130457618454
06/07/2024 15:52,Leeds,Lawrence Galvez,"Large Speciality Tea - English breakfast - 1.60, Regular Chai latte - 2.30, Regular Chai latte - 2.30",6.2,CASH,
06/07/2024 15:53,Leeds,Brenda White,"Regular Chai latte - 2.30, Regular Speciality Tea - English breakfast - 1.30",3.6,CARD,6184839431982073
06/07/2024 15:54,Leeds,Jeffrey Moore,"Large Chai latte - 2.60, Large Speciality Tea - English breakfast - 1.60, Large Iced americano - 2.50, Large Chai latte - 2.60, Regular Chai latte - 2.30, Large Filter coffee - 1.80",13.4,CARD,2113183881211015
06/07/2024 15:55,Leeds,Catherine Cutrona,"Large Chai latte - 2.60, Regular Hot Chocolate - 1.40, Large Filter coffee - 1.80",5.8,CARD,9561083432367211
06/07/2024 15:56,Leeds,Ozie Lee,"Large Speciality Tea - English breakfast - 1.60, Large Iced americano - 2.50, Regular Iced americano - 2.15",6.25,CARD,3473108227282896
06/07/2024 15:57,Leeds,Bernadine Ware,"Large Chai latte - 2.60, Regular Iced americano - 2.15, Large Speciality Tea - English breakfast - 1.60, Regular Iced americano - 2.15, Large Filter coffee - 1.80",10.3,CASH,
06/07/2024 15:57,Leeds,Margarete Santiago,"Large Chai latte - 2.60, Regular Filter coffee - 1.50",4.1,CARD,5600108360191630
06/07/2024 15:58,Leeds,Vania Brown,Large Chai latte - 2.60,2.6,CASH,
06/07/2024 15:59,Leeds,Jeff Loch,"Large Speciality Tea - English breakfast - 1.60, Regular Filter coffee - 1.50, Large Filter coffee - 1.80, Regular Filter coffee - 1.50, Large Filter coffee - 1.80",8.2,CARD,6255374141745354
06/07/2024 16:00,Leeds,William Mitchell,Regular Speciality Tea - English breakfast - 1.30,1.3,CARD,9886918975474979
06/07/2024 16:02,Leeds,Gladys Herrera,"Regular Chai latte - 2.30, Regular Speciality Tea - English breakfast - 1.30, Regular Hot Chocolate - 1.40, Large Iced americano - 2.50",7.5,CASH,
06/07/2024 16:04,Leeds,Joshua Rodriguez,"Large Filter coffee - 1.80, Large Chai latte - 2.60, Large Chai latte - 2.60, Large Chai latte - 2.60",9.6,CASH,
06/07/2024 16:05,Leeds,Patricia Scott,"Large Speciality Tea - English breakfast - 1.60, Large Hot Chocolate - 1.70, Regular Chai latte - 2.30, Large Filter coffee - 1.80",7.4,CASH,
06/07/2024 16:07,Leeds,Cody Conti,"Large Speciality Tea - English breakfast - 1.60, Regular Iced americano - 2.15, Large Iced americano - 2.50, Large Speciality Tea - English breakfast - 1.60",7.85,CARD,9391131795590221
06/07/2024 16:09,Leeds,Tammy Carter,"Regular Filter coffee - 1.50, Regular Filter coffee - 1.50",3.0,CASH,
06/07/2024 16:11,Leeds,Christine Matson,Large Iced americano - 2.50,2.5,CASH,
06/07/2024 16:12,Leeds,Benjamin Graham,"Regular Iced americano - 2.15, Large Iced americano - 2.50, Large Chai latte - 2.60",7.25,CARD,8967133581193852
06/07/2024 16:14,Leeds,Patricia Hall,"Regular Speciality Tea - English breakfast - 1.30, Large Filter coffee - 1.80, Large Iced americano - 2.50, Regular Filter coffee - 1.50, Regular Speciality Tea - English breakfast - 1.30, Regular Chai latte - 2.30",10.7,CARD,3216774828377986
06/07/2024 16:16,Leeds,Juan Pettit,Large Iced americano - 2.50,2.5,CASH,
06/07/2024 16:18,Leeds,Vincent Mcgregor,"Regular Speciality Tea - English breakfast - 1.30, Regular Hot Chocolate - 1.40",2.7,CARD,9828850897856320
06/07/2024 16:19,Leeds,Anne Sanders,Regular Filter coffee - 1.50,1.5,CARD,1276645582689147
06/07/2024 16:21,Leeds,Harold Carroll,Regular Filter coffee - 1.50,1.5,CARD,3495179315337879
06/07/2024 16:23,Leeds,Alberta Young,"Large Filter coffee - 1.80, Regular Hot Chocolate - 1.40, Large Filter coffee - 1.80, Large Filter coffee - 1.80, Regular Filter coffee - 1.50, Regular Hot Chocolate - 1.40",9.7,CARD,7364488423275079
06/07/2024 16:25,Leeds,James Lee,"Large Filter coffee - 1.80, Regular Filter coffee - 1.50",3.3,CARD,2671504857748395
06/07/2024 16:26,Leeds,Kimberly Onusko,"Regular Filter coffee - 1.50, Large Speciality Tea - English breakfast - 1.60, Regular Filter coffee - 1.50, Large Iced americano - 2.50, Large Iced americano - 2.50, Regular Filter coffee - 1.50",11.1,CARD,1824000703624917
06/07/2024 16:28,Leeds,Susanne Hernandez,"Large Hot Chocolate - 1.70, Regular Speciality Tea - English breakfast - 1.30, Large Speciality Tea - English breakfast - 1.60",4.6,CARD,7048065112098697
06/07/2024 16:30,Leeds,Heather Chaney,"Large Filter coffee - 1.80, Large Speciality Tea - English breakfast - 1.60, Regular Iced americano - 2.15, Large Filter coffee - 1.80, Large Hot Chocolate - 1.70",9.05,CARD,9209617470496440
06/07/2024 16:32,Leeds,Benjamin Peale,"Regular Speciality Tea - English breakfast - 1.30, Regular Speciality Tea - English breakfast - 1.30",2.6,CASH,
06/07/2024 16:33,Leeds,David Rollins,Regular Filter coffee - 1.50,1.5,CARD,9908168867787330
06/07/2024 16:35,Leeds,Herbert Morgan,"Regular Chai latte - 2.30, Regular Filter coffee - 1.50, Large Chai latte - 2.60, Large Iced americano - 2.50",8.9,CARD,7821901305601224
06/07/2024 16:37,Leeds,Mildred Tippin,"Large Chai latte - 2.60, Regular Chai latte - 2.30",4.9,CASH,
06/07/2024 16:39,Leeds,William Carter,"Large Filter coffee - 1.80, Regular Iced americano - 2.15",3.95,CASH,
06/07/2024 16:41,Leeds,Arthur Shearer,"Regular Filter coffee - 1.50, Regular Filter coffee - 1.50",3.0,CASH,
06/07/2024 16:42,Leeds,Roxanne Vessey,Large Filter coffee - 1.80,1.8,CASH,
06/07/2024 16:44,Leeds,Kitty Wagner,"Large Hot Chocolate - 1.70, Regular Speciality Tea - English breakfast - 1.30",3.0,CARD,5822092431107140
06/07/2024 16:46,Leeds,John Frizzell,"Regular Hot Chocolate - 1.40, Large Filter coffee - 1.80",3.2,CARD,3688240422395580
06/07/2024 16:48,Leeds,John Weaver,"Large Hot Chocolate - 1.70, Large Iced americano - 2.50",4.2,CARD,1787238210246333
06/07/2024 16:49,Leeds,James Bergan,"Large Hot Chocolate - 1.70, Regular Hot Chocolate - 1.40, Large Chai latte - 2.60, Large Filter coffee - 1.80, Regular Speciality Tea - English breakfast - 1.30",8.8,CASH,
06/07/2024 16:51,Leeds,Martin Sides,"Regular Filter coffee - 1.50, Regular Filter coffee - 1.50, Large Speciality Tea - English breakfast - 1.60",4.6,CASH,
06/07/2024 16:53,Leeds,David Vincent,Regular Speciality Tea - English breakfast - 1.30,1.3,CASH,
06/07/2024 16:55,Leeds,David Batiz,Large Hot Chocolate - 1.70,1.7,CASH,
06/07/2024 16:56,Leeds,Charles Birmingham,"Large Filter coffee - 1.80, Large Filter coffee - 1.80, Regular Filter coffee - 1.50, Regular Speciality Tea - English breakfast - 1.30, Regular Speciality Tea - English breakfast - 1.30",7.7,CARD,2213875958957509
06/07/2024 16:58,Leeds,John Martinez,"Large Chai latte - 2.60, Large Hot Chocolate - 1.70",4.3,CASH,
