06/07/2024 09:00,London Soho,Rosario Herzig,Large Espresso - 1.80,1.8,CARD,7983647408486942
06/07/2024 09:02,London Soho,Marguerite Johnson,Regular Frappes - Coffee - 2.75,2.75,CASH,
06/07/2024 09:04,London Soho,Tabatha Engel,Large Frappes - Coffee - 3.25,3.25,CARD,3967610099377354
06/07/2024 09:06,London Soho,Jerald Cecil,"Regular Espresso - 1.50, Regular Frappes - Coffee - 2.75, Large Speciality Tea - Camomile - 1.60",5.85,CASH,
06/07/2024 09:08,London Soho,Robert Graves,"Large Espresso - 1.80, Regular Espresso - 1.50, Regular Frappes - Coffee - 2.75",6.05,CARD,7595022626608418
06/07/2024 09:10,London Soho,Frances Whitmer,"Regular Speciality Tea - Camomile - 1.30, Large Speciality Tea - Camomile - 1.60",2.9,CARD,5689787624166669
06/07/2024 09:12,London Soho,Guillermo Skaggs,"Large Speciality Tea - Camomile - 1.60, Large Frappes - Coffee - 3.25, Large Frappes - Coffee - 3.25, Large Speciality Tea - Camomile - 1.60, Large Frappes - Coffee - 3.25",12.95,CASH,
06/07/2024 09:14,London Soho,Marcella Mcguire,"Large Espresso - 1.80, Large Espresso - 1.80",3.6,CARD,8566677839490559
06/07/2024 09:16,London Soho,Concepcion Dunkin,"Large Speciality Tea - Camomile - 1.60, Large Frappes - Coffee - 3.25",4.85,CARD,3766610939362834
06/07/2024 09:18,London Soho,Kenneth Curran,"Regular Espresso - 1.50, Large Frappes - Coffee - 3.25, Regular Espresso - 1.50, Regular Frappes - Coffee - 2.75, Regular Espresso - 1.50",10.5,CASH,
06/07/2024 09:20,London Soho,Roderick Miles,Large Espresso - 1.80,1.8,CARD,9013648969077786
06/07/2024 09:22,London Soho,Louis Mora,"Large Espresso - 1.80, Large Espresso - 1.80, Regular Frappes - Coffee - 2.75, Large Frappes - Coffee - 3.25, Regular Speciality Tea - Camomile - 1.30",10.9,CARD,6543921215730161
06/07/2024 09:24,London Soho,Luis Tony,"Regular Speciality Tea - Camomile - 1.30, Large Espresso - 1.80",3.1,CARD,4434143876910822
06/07/2024 09:26,London Soho,Jason Dillion,"Regular Speciality Tea - Camomile - 1.30, Regular Speciality Tea - Camomile - 1.30",2.6,CARD,1652029725480599
06/07/2024 09:28,London Soho,Jimmy Ciaburri,"Large Frappes - Coffee - 3.25, Regular Speciality Tea - Camomile - 1.30",4.55,CASH,
06/07/2024 09:30,London Soho,Phoebe Marek,Regular Frappes - Coffee - 2.75,2.75,CARD,9362800851450734
06/07/2024 09:32,London Soho,Mike Fuller,"Regular Espresso - 1.50, Regular Speciality Tea - Camomile - 1.30",2.8,CARD,6042143205760873
06/07/2024 09:34,London Soho,Jessica Beckley,"Regular Frappes - Coffee - 2.75, Regular Frappes - Coffee - 2.75, Large Frappes - Coffee - 3.25, Large Frappes - Coffee - 3.25",12.0,CASH,
06/07/2024 09:36,London Soho,Ronald Smith,"Regular Speciality Tea - Camomile - 1.30, Regular Speciality Tea - Camomile - 1.30",2.6,CASH,
06/07/2024 09:38,London Soho,Tricia Aguilar,"Regular Speciality Tea - Camomile - 1.30, Large Espresso - 1.80, Large Espresso - 1.80, Regular Speciality Tea - Camomile - 1.30, Large Espresso - 1.80",8.0,CARD,3277991753840399
06/07/2024 09:40,London Soho,Randy Heng,"Large Espresso - 1.80, Regular Espresso - 1.50",3.3,CARD,8191238483763074
06/07/2024 09:42,London Soho,Rachael Farmer,Large Speciality Tea - Camomile - 1.60,1.6,CASH,
06/07/2024 09:44,London Soho,Robert Stroud,"Large Espresso - 1.80, Large Frappes - Coffee - 3.25, Regular Speciality Tea - Camomile - 1.30, Large Espresso - 1.80",8.15,CARD,9628055668392146
06/07/2024 09:46,London Soho,Wendell Lackey,"Large Espresso - 1.80, Large Espresso - 1.80, Large Frappes - Coffee - 3.25",6.85,CARD,2594720398693161
06/07/2024 09:48,London Soho,Chrystal Sinnott,"Large Frappes - Coffee - 3.25, Large Espresso - 1.80, Large Speciality Tea - Camomile - 1.60",6.65,CARD,4634738829951212
06/07/2024 09:50,London Soho,Walter Smith,Regular Speciality Tea - Camomile - 1.30,1.3,CARD,6500313754231825
06/07/2024 09:52,London Soho,Bernard Audette,"Large Espresso - 1.80, Regular Frappes - Coffee - 2.75",4.55,CARD,4498873243067493
06/07/2024 09:54,London Soho,Seth Ojanen,"Large Espresso - 1.80, Regular Speciality Tea - Camomile - 1.30, Regular Espresso - 1.50",4.6,CARD,9944588980392712
06/07/2024 09:56,London Soho,Randy Wilson,"Large Frappes - Coffee - 3.25, Regular Frappes - Coffee - 2.75, Regular Frappes - Coffee - 2.75, Regular Speciality Tea - Camomile - 1.30, Regular Frappes - Coffee - 2.75",12.8,CARD,1001283582977469
06/07/2024 09:58,London Soho,Steven Crisci,"Regular Speciality Tea - Camomile - 1.30, Regular Speciality Tea - Camomile - 1.30",2.6,CARD,1085730687583689
06/07/2024 10:00,London Soho,Scott Charney,Regular Speciality Tea - Camomile - 1.30,1.3,CASH,
06/07/2024 10:02,London Soho,Anne Huff,"Large Espresso - 1.80, Regular Frappes - Coffee - 2.75",4.55,CARD,5326734255873735
06/07/2024 10:04,London Soho,Eric Wertz,"Large Espresso - 1.80, Large Speciality Tea - Camomile - 1.60, Regular Speciality Tea - Camomile - 1.30",4.7,CARD,5284035701609862
06/07/2024 10:06,London Soho,Priscilla Lee,Large Espresso - 1.80,1.8,CARD,6115895692108681
06/07/2024 10:08,London Soho,Christopher Fitzpatrick,"Regular Espresso - 1.50, Large Speciality Tea - Camomile - 1.60, Regular Espresso - 1.50, Large Frappes - Coffee - 3.25",7.85,CASH,
06/07/2024 10:10,London Soho,Ricky Webb,"Large Speciality Tea - Camomile - 1.60, Regular Speciality Tea - Camomile - 1.30, Large Espresso - 1.80",4.7,CASH,
06/07/2024 10:12,London Soho,Sherwood Jackson,Large Speciality Tea - Camomile - 1.60,1.6,CARD,9851043320822401
06/07/2024 10:14,London Soho,George Fuentes,"Large Frappes - Coffee - 3.25, Large Espresso - 1.80",5.05,CARD,8439554446492594
06/07/2024 10:17,London Soho,Ryan Lira,Regular Speciality Tea - Camomile - 1.30,1.3,CARD,9677258957402081
06/07/2024 10:19,London Soho,Christopher Norris,Regular Frappes - Coffee - 2.75,2.75,CARD,5709578310378624
06/07/2024 10:21,London Soho,Deborah Delacruz,"Large Espresso - 1.80, Large Speciality Tea - Camomile - 1.60, Regular Espresso - 1.50, Regular Espresso - 1.50, Large Frappes - Coffee - 3.25, Large Speciality Tea - Camomile - 1.60",11.25,CARD,7333735667263862
06/07/2024 10:23,London Soho,Maria Perry,"Regular Frappes - Coffee - 2.75, Regular Espresso - 1.50, Large Frappes - Coffee - 3.25, Regular Espresso - 1.50",9.0,CARD,6122564135579363
06/07/2024 10:25,London Soho,Retha Gorman,"Large Frappes - Coffee - 3.25, Regular Speciality Tea - Camomile - 1.30, Regular Frappes - Coffee - 2.75, Regular Frappes - Coffee - 2.75, Regular Speciality Tea - Camomile - 1.30",11.35,CASH,
06/07/2024 10:27,London Soho,George Pospicil,Regular Espresso - 1.50,1.5,CARD,5598029124481879
06/07/2024 10:29,London Soho,Cathy Ellis,Large Speciality Tea - Camomile - 1.60,1.6,CARD,5141646630368170
06/07/2024 10:32,London Soho,Denise Hubbard,"Large Frappes - Coffee - 3.25, Regular Speciality Tea - Camomile - 1.30, Regular Espresso - 1.50",6.05,CARD,5949746321867255
06/07/2024 10:34,London Soho,George Whitney,Large Frappes - Coffee - 3.25,3.25,CARD,1855566144489827
06/07/2024 10:36,London Soho,Jennifer Carter,"Large Frappes - Coffee - 3.25, Large Espresso - 1.80",5.05,CARD,6074635147318780
06/07/2024 10:38,London Soho,Becky Lucas,Large Frappes - Coffee - 3.25,3.25,CARD,4819439630141098
06/07/2024 10:40,London Soho,Amanda Davis,"Large Frappes - Coffee - 3.25, Large Espresso - 1.80, Large Frappes - Coffee - 3.25",8.3,CASH,
06/07/2024 10:42,London Soho,Catherine Sancho,"Regular Speciality Tea - Camomile - 1.30, Large Espresso - 1.80, Regular Speciality Tea - Camomile - 1.30",4.4,CASH,
06/07/2024 10:44,London Soho,Sam Delagarza,Large Frappes - Coffee - 3.25,3.25,CARD,7132427420586197
06/07/2024 10:46,London Soho,Sandra Powell,"Regular Frappes - Coffee - 2.75, Large Frappes - Coffee - 3.25",6.0,CARD,2142671102288569
06/07/2024 10:49,London Soho,Marie Millay,"Large Frappes - Coffee - 3.25, Regular Espresso - 1.50, Large Espresso - 1.80, Regular Speciality Tea - Camomile - 1.30, Large Frappes - Coffee - 3.25",11.1,CASH,
06/07/2024 10:51,London Soho,Jimmy Royse,Large Espresso - 1.80,1.8,CARD,2576105575444630
06/07/2024 10:53,London Soho,Elise Donovan,Regular Frappes - Coffee - 2.75,2.75,CARD,6842367460766150
06/07/2024 10:55,London Soho,Lucille Perez,"Regular Espresso - 1.50, Large Frappes - Coffee - 3.25, Large Frappes - Coffee - 3.25",8.0,CARD,7038590740401824
06/07/2024 10:57,London Soho,Reyes Thomas,"Regular Frappes - Coffee - 2.75, Regular Frappes - Coffee - 2.75",5.5,CARD,5192738576012903
06/07/2024 10:59,London Soho,Patricia Schafer,Large Speciality Tea - Camomile - 1.60,1.6,CARD,5928142743442934
06/07/2024 11:01,London Soho,Felicia Cote,Large Espresso - 1.80,1.8,CARD,6912614613000784
06/07/2024 11:13,London Soho,Andrew Lowrance,Large Speciality Tea - Camomile - 1.60,1.6,CARD,2507954809486323
06/07/2024 11:25,London Soho,William Ridgeway,"Large Speciality Tea - Camomile - 1.60, Large Frappes - Coffee - 3.25, Large Frappes - Coffee - 3.25, Large Espresso - 1.80, Large Espresso - 1.80",11.7,CARD,7818573856015511
06/07/2024 11:37,London Soho,Felica Clark,"Regular Speciality Tea - Camomile - 1.30, Large Speciality Tea - Camomile - 1.60, Regular Espresso - 1.50, Large Speciality Tea - Camomile - 1.60, Large Frappes - Coffee - 3.25, Large Frappes - Coffee - 3.25",12.5,CARD,4215957808281810
06/07/2024 11:49,London Soho,Ashley Greene,"Regular Speciality Tea - Camomile - 1.30, Large Frappes - Coffee - 3.25, Regular Speciality Tea - Camomile - 1.30",5.85,CARD,3153635719700357
06/07/2024 12:01,London Soho,Matthew Carbone,"Large Speciality Tea - Camomile - 1.60, Regular Espresso - 1.50, Regular Espresso - 1.50, Regular Speciality Tea - Camomile - 1.30, Large Espresso - 1.80, Regular Frappes - Coffee - 2.75",10.45,CARD,2835271486657147
06/07/2024 12:04,London Soho,Jason Carte,Large Frappes - Coffee - 3.25,3.25,CASH,
06/07/2024 12:06,London Soho,Virginia Leffew,"Large Speciality Tea - Camomile - 1.60, Large Speciality Tea - Camomile - 1.60",3.2,CARD,8859103121170878
06/07/2024 12:08,London Soho,Maria Mcgee,"Regular Speciality Tea - Camomile - 1.30, Regular Speciality Tea - Camomile - 1.30, Large Espresso - 1.80, Large Frappes - Coffee - 3.25, Large Speciality Tea - Camomile - 1.60",9.25,CARD,9159112687936069
06/07/2024 12:10,London Soho,Debbie Coley,"Large Speciality Tea - Camomile - 1.60, Large Speciality Tea - Camomile - 1.60, Large Frappes - Coffee - 3.25",6.45,CARD,2326879421107005
06/07/2024 12:12,London Soho,Lillie Krebs,"Regular Speciality Tea - Camomile - 1.30, Regular Speciality Tea - Camomile - 1.30, Large Espresso - 1.80, Regular Espresso - 1.50",5.9,CARD,2475448742508889
06/07/2024 12:14,London Soho,Frank Witmer,"Regular Speciality Tea - Camomile - 1.30, Regular Espresso - 1.50, Regular Speciality Tea - Camomile - 1.30",4.1,CARD,2590142673465766
06/07/2024 12:16,London Soho,Hillary Islam,"Regular Frappes - Coffee - 2.75, Large Espresso - 1.80, Regular Speciality Tea - Camomile - 1.30, Regular Speciality Tea - Camomile - 1.30",7.15,CARD,6682333735597035
06/07/2024 12:18,London Soho,Martha Godfrey,"Large Espresso - 1.80, Large Espresso - 1.80",3.6,CARD,1249404958628061
06/07/2024 12:21,London Soho,Elizabeth Anderson,"Large Frappes - Coffee - 3.25, Large Espresso - 1.80",5.05,CARD,8353415262434358
06/07/2024 12:23,London Soho,Michale Mclaughlin,"Large Espresso - 1.80, Regular Speciality Tea - Camomile - 1.30, Large Speciality Tea - Camomile - 1.60",4.7,CARD,9854281774381354
06/07/2024 12:25,London Soho,Alexander Graczyk,Regular Espresso - 1.50,1.5,CARD,8491647461950297
06/07/2024 12:27,London Soho,Kimberly Langevin,"Large Speciality Tea - Camomile - 1.60, Regular Frappes - Coffee - 2.75, Regular Speciality Tea - Camomile - 1.30",5.65,CARD,1983390174054203
06/07/2024 12:29,London Soho,Diana Hicks,"Large Speciality Tea - Camomile - 1.60, Large Espresso - 1.80, Large Speciality Tea - Camomile - 1.60",5.0,CARD,3170181204054347
06/07/2024 12:31,London Soho,John King,"Regular Speciality Tea - Camomile - 1.30, Large Espresso - 1.80",3.1,CARD,5552847780064460
06/07/2024 12:33,London Soho,Jenny Kushner,Large Espresso - 1.80,1.8,CARD,5314968260197114
06/07/2024 12:36,London Soho,Catrina Avery,"Large Frappes - Coffee - 3.25, Large Speciality Tea - Camomile - 1.60",4.85,CARD,5613880268858735
06/07/2024 12:38,London Soho,Rosie Carew,"Large Espresso - 1.80, Large Espresso - 1.80, Large Speciality Tea - Camomile - 1.60, Regular Espresso - 1.50, Large Frappes - Coffee - 3.25",9.95,CASH,
06/07/2024 12:40,London Soho,Betty Rains,Regular Speciality Tea - Camomile - 1.30,1.3,CARD,2645792365011095
06/07/2024 12:42,London Soho,Virginia Smith,"Regular Espresso - 1.50, Large Speciality Tea - Camomile - 1.60",3.1,CASH,
06/07/2024 12:44,London Soho,Crystal Boggs,"Large Frappes - Coffee - 3.25, Regular Speciality Tea - Camomile - 1.30, Regular Frappes - Coffee - 2.75, Regular Frappes - Coffee - 2.75, Large Espresso - 1.80",11.85,CARD,2007606470970192
06/07/2024 12:46,London Soho,Irene Fehrenbach,Large Frappes - Coffee - 3.25,3.25,CASH,
06/07/2024 12:48,London Soho,Paul Notis,"Large Speciality Tea - Camomile - 1.60, Regular Speciality Tea - Camomile - 1.30, Large Frappes - Coffee - 3.25, Large Speciality Tea - Camomile - 1.60",7.75,CARD,3317163066355330
06/07/2024 12:50,London Soho,Lorraine Stumpf,"Regular Espresso - 1.50, Large Speciality Tea - Camomile - 1.60, Large Frappes - Coffee - 3.25, Regular Espresso - 1.50",7.85,CASH,
06/07/2024 12:53,London Soho,Amelia Gregg,"Large Speciality Tea - Camomile - 1.60, Regular Speciality Tea - Camomile - 1.30",2.9,CARD,7835227868763184
06/07/2024 12:55,London Soho,Matt Bostick,"Large Speciality Tea - Camomile - 1.60, Regular Espresso - 1.50, Large Frappes - Coffee - 3.25, Regular Speciality Tea - Camomile - 1.30, Large Speciality Tea - Camomile - 1.60",9.25,CASH,
06/07/2024 12:57,London Soho,Donald Davis,Large Speciality Tea - Camomile - 1.60,1.6,CARD,1177318395770374
06/07/2024 12:59,London Soho,Jean Valencia,"Large Frappes - Coffee - 3.25, Regular Speciality Tea - Camomile - 1.30",4.55,CARD,2470530279124157
06/07/2024 13:01,London Soho,Teena Uhm,Large Frappes - Coffee - 3.25,3.25,CASH,
06/07/2024 13:04,London Soho,Peggy Claycomb,"Large Frappes - Coffee - 3.25, Regular Espresso - 1.50, Regular Speciality Tea - Camomile - 1.30, Regular Speciality Tea - Camomile - 1.30, Regular Espresso - 1.50",8.85,CASH,
06/07/2024 13:06,London Soho,Patsy Tuplano,"Large Frappes - Coffee - 3.25, Regular Speciality Tea - Camomile - 1.30, Regular Speciality Tea - Camomile - 1.30, Large Speciality Tea - Camomile - 1.60",7.45,CARD,3800514772223797
06/07/2024 13:09,London Soho,Tammy Call,"Large Frappes - Coffee - 3.25, Large Frappes - Coffee - 3.25, Regular Speciality Tea - Camomile - 1.30, Large Speciality Tea - Camomile - 1.60, Large Espresso - 1.80",11.2,CARD,4429365812799051
06/07/2024 13:12,London Soho,Harold Vinion,Regular Frappes - Coffee - 2.75,2.75,CARD,4094976172989149
06/07/2024 13:14,London Soho,Donna Trevino,"Large Frappes - Coffee - 3.25, Regular Frappes - Coffee - 2.75",6.0,CARD,7453774921792140
06/07/2024 13:17,London Soho,Debra Tabak,"Large Espresso - 1.80, Regular Speciality Tea - Camomile - 1.30, Large Espresso - 1.80",4.9,CARD,8094353909320198
06/07/2024 13:19,London Soho,Craig Holman,Large Frappes - Coffee - 3.25,3.25,CASH,
06/07/2024 13:22,London Soho,Edith Heifner,Large Speciality Tea - Camomile - 1.60,1.6,CARD,7559442090631051
06/07/2024 13:25,London Soho,Louis Huston,"Regular Frappes - Coffee - 2.75, Regular Frappes - Coffee - 2.75, Regular Espresso - 1.50",7.0,CARD,4661467013050795
06/07/2024 13:27,London Soho,Shirley Miller,"Large Speciality Tea - Camomile - 1.60, Regular Speciality Tea - Camomile - 1.30",2.9,CASH,
06/07/2024 13:30,London Soho,Brenton Richardson,"Regular Frappes - Coffee - 2.75, Regular Frappes - Coffee - 2.75, Large Frappes - Coffee - 3.25, Regular Speciality Tea - Camomile - 1.30",10.05,CASH,
06/07/2024 13:32,London Soho,Clarence Taylor,"Large Espresso - 1.80, Large Frappes - Coffee - 3.25, Large Frappes - Coffee - 3.25, Large Frappes - Coffee - 3.25, Large Speciality Tea - Camomile - 1.60, Regular Speciality Tea - Camomile - 1.30",14.45,CARD,8333036379617941
06/07/2024 13:35,London Soho,Cheryl White,"Large Espresso - 1.80, Regular Frappes - Coffee - 2.75, Regular Espresso - 1.50",6.05,CASH,
06/07/2024 13:38,London Soho,Harriet Martinez,"Large Espresso - 1.80, Regular Frappes - Coffee - 2.75, Regular Espresso - 1.50, Regular Speciality Tea - Camomile - 1.30, Regular Speciality Tea - Camomile - 1.30",8.65,CARD,4696865135216591
06/07/2024 13:40,London Soho,Jason Respess,"Large Speciality Tea - Camomile - 1.60, Large Frappes - Coffee - 3.25",4.85,CARD,6687160817510878
06/07/2024 13:43,London Soho,Nicole Wilde,Large Speciality Tea - Camomile - 1.60,1.6,CASH,
06/07/2024 13:45,London Soho,Jeffery Smith,Regular Espresso - 1.50,1.5,CARD,3481948607625864
06/07/2024 13:48,London Soho,Maria Desoto,Regular Espresso - 1.50,1.5,CASH,
06/07/2024 13:51,London Soho,Rosemary Madeiros,Large Frappes - Coffee - 3.25,3.25,CARD,7179535524833297
06/07/2024 13:53,London Soho,Judith Stockbridge,"Regular Speciality Tea - Camomile - 1.30, Large Frappes - Coffee - 3.25, Regular Speciality Tea - Camomile - 1.30, Regular Espresso - 1.50",7.35,CASH,
06/07/2024 13:56,London Soho,Jeremy Bowen,"Large Frappes - Coffee - 3.25, Regular Speciality Tea - Camomile - 1.30, Regular Frappes - Coffee - 2.75",7.3,CARD,5191534352630018
06/07/2024 13:58,London Soho,Sarah Lynch,Large Speciality Tea - Camomile - 1.60,1.6,CASH,
06/07/2024 14:01,London Soho,Alberta Valdez,Large Espresso - 1.80,1.8,CARD,3291704045157548
06/07/2024 14:02,London Soho,Tracy Lucchese,Large Frappes - Coffee - 3.25,3.25,CARD,9997658328292996
06/07/2024 14:03,London Soho,Agnes Baker,Regular Frappes - Coffee - 2.75,2.75,CARD,9479686146941809
06/07/2024 14:04,London Soho,Evelyn Scott,"Regular Frappes - Coffee - 2.75, Regular Speciality Tea - Camomile - 1.30",4.05,CASH,
06/07/2024 14:05,London Soho,Bradley Griffin,"Large Frappes - Coffee - 3.25, Regular Frappes - Coffee - 2.75",6.0,CARD,6938615978266159
06/07/2024 14:05,London Soho,Ana Orozco,"Large Espresso - 1.80, Large Espresso - 1.80, Large Espresso - 1.80, Regular Frappes - Coffee - 2.75, Large Frappes - Coffee - 3.25",11.4,CARD,9879840510049539
06/07/2024 14:06,London Soho,Shaquita Morgan,"Regular Espresso - 1.50, Regular Espresso - 1.50, Regular Speciality Tea - Camomile - 1.30",4.3,CARD,9055972353227425
06/07/2024 14:07,London Soho,Robert Jones,"Large Speciality Tea - Camomile - 1.60, Large Speciality Tea - Camomile - 1.60, Regular Frappes - Coffee - 2.75",5.95,CARD,5333202717790723
06/07/2024 14:08,London Soho,Christian Carter,Large Espresso - 1.80,1.8,CARD,8091747341571489
06/07/2024 14:09,London Soho,Dortha Tetreault,"Large Espresso - 1.80, Regular Frappes - Coffee - 2.75, Large Frappes - Coffee - 3.25",7.8,CARD,7944753994120566
06/07/2024 14:10,London Soho,Blanca Hays,"Large Speciality Tea - Camomile - 1.60, Large Espresso - 1.80",3.4,CARD,3362910143076047
06/07/2024 14:11,London Soho,Elizabeth Roudebush,"Large Frappes - Coffee - 3.25, Regular Espresso - 1.50, Regular Frappes - Coffee - 2.75",7.5,CARD,8403159402615020
06/07/2024 14:12,London Soho,Michael Patrick,"Large Espresso - 1.80, Large Espresso - 1.80, Large Frappes - Coffee - 3.25, Large Espresso - 1.80, Regular Frappes - Coffee - 2.75",11.4,CARD,5896049710516525
06/07/2024 14:13,London Soho,Ambrose Uelmen,"Regular Espresso - 1.50, Large Espresso - 1.80, Regular Espresso - 1.50, Regular Speciality Tea - Camomile - 1.30, Large Espresso - 1.80",7.9,CASH,
06/07/2024 14:14,London Soho,Joann Hibbert,"Large Espresso - 1.80, Large Frappes - Coffee - 3.25, Large Speciality Tea - Camomile - 1.60, Regular Speciality Tea - Camomile - 1.30",7.95,CARD,5151044278097287
06/07/2024 14:15,London Soho,Sidney Martin,"Regular Frappes - Coffee - 2.75, Regular Espresso - 1.50",4.25,CARD,5514708624361078
06/07/2024 14:16,London Soho,Lillian Haitz,"Large Frappes - Coffee - 3.25, Regular Espresso - 1.50, Large Speciality Tea - Camomile - 1.60, Large Speciality Tea - Camomile - 1.60, Regular Speciality Tea - Camomile - 1.30",9.25,CARD,7065615719015612
06/07/2024 14:16,London Soho,Joyce Lucas,"Large Espresso - 1.80, Regular Speciality Tea - Camomile - 1.30, Regular Speciality Tea - Camomile - 1.30, Regular Speciality Tea - Camomile - 1.30",5.7,CASH,
06/07/2024 14:17,London Soho,Desiree Mcnett,"Regular Espresso - 1.50, Large Frappes - Coffee - 3.25, Regular Espresso - 1.50, Large Frappes - Coffee - 3.25, Large Espresso - 1.80, Large Speciality Tea - Camomile - 1.60",12.9,CARD,6318099211205200
06/07/2024 14:18,London Soho,Scott Ramsey,"Large Espresso - 1.80, Regular Espresso - 1.50",3.3,CARD,9099243257397948
06/07/2024 14:19,London Soho,John Mcclinton,Large Espresso - 1.80,1.8,CARD,6736039624162650
06/07/2024 14:20,London Soho,Amanda Tilton,"Large Frappes - Coffee - 3.25, Large Espresso - 1.80, Regular Frappes - Coffee - 2.75, Regular Speciality Tea - Camomile - 1.30, Regular Speciality Tea - Camomile - 1.30, Regular Espresso - 1.50",11.9,CARD,9300615726252029
06/07/2024 14:21,London Soho,Jill Sanders,"Regular Speciality Tea - Camomile - 1.30, Regular Speciality Tea - Camomile - 1.30, Regular Speciality Tea - Camomile - 1.30, Large Speciality Tea - Camomile - 1.60",5.5,CASH,
06/07/2024 14:22,London Soho,Kendall Levy,"Large Espresso - 1.80, Regular Frappes - Coffee - 2.75, Large Espresso - 1.80",6.35,CARD,6247932832535342
06/07/2024 14:23,London Soho,Betty Lundstrom,"Regular Speciality Tea - Camomile - 1.30, Large Espresso - 1.80",3.1,CASH,
06/07/2024 14:24,London Soho,Jennifer Green,Large Speciality Tea - Camomile - 1.60,1.6,CARD,5823507684897749
06/07/2024 14:25,London Soho,Michael Delarosa,Regular Espresso - 1.50,1.5,CARD,7009858870802805
06/07/2024 14:26,London Soho,Angel Cortez,"Regular Espresso - 1.50, Large Speciality Tea - Camomile - 1.60, Regular Frappes - Coffee - 2.75",5.85,CASH,
06/07/2024 14:27,London Soho,Loretta Delacruz,"Large Speciality Tea - Camomile - 1.60, Regular Speciality Tea - Camomile - 1.30, Large Espresso - 1.80, Regular Espresso - 1.50",6.2,CARD,5736033785819755
06/07/2024 14:27,London Soho,Gina Parris,"Regular Espresso - 1.50, Large Speciality Tea - Camomile - 1.60, Regular Speciality Tea - Camomile - 1.30, Large Espresso - 1.80",6.2,CASH,
06/07/2024 14:28,London Soho,Matthew Thoennes,Large Frappes - Coffee - 3.25,3.25,CARD,2825219896021844
06/07/2024 14:29,London Soho,Henry Ray,Large Espresso - 1.80,1.8,CASH,
06/07/2024 14:30,London Soho,Joe Whitfield,"Regular Speciality Tea - Camomile - 1.30, Large Espresso - 1.80, Large Espresso - 1.80, Regular Espresso - 1.50, Large Espresso - 1.80, Large Speciality Tea - Camomile - 1.60",9.8,CARD,8796767554972775
06/07/2024 14:31,London Soho,Lashanda Thompson,"Regular Speciality Tea - Camomile - 1.30, Regular Speciality Tea - Camomile - 1.30, Large Speciality Tea - Camomile - 1.60, Regular Speciality Tea - Camomile - 1.30",5.5,CARD,3604855294441964
06/07/2024 14:32,London Soho,James Salas,"Regular Speciality Tea - Camomile - 1.30, Regular Speciality Tea - Camomile - 1.30",2.6,CARD,4591189321759630
06/07/2024 14:33,London Soho,Amy Sam,"Regular Espresso - 1.50, Large Frappes - Coffee - 3.25, Large Frappes - Coffee - 3.25",8.0,CARD,5916005040266377
06/07/2024 14:34,London Soho,Gayle States,"Large Frappes - Coffee - 3.25, Regular Espresso - 1.50, Regular Speciality Tea - Camomile - 1.30",6.05,CARD,5775860590796206
06/07/2024 14:35,London Soho,Kendrick Mcguffee,"Large Espresso - 1.80, Large Frappes - Coffee - 3.25, Large Espresso - 1.80, Regular Espresso - 1.50, Large Speciality Tea - Camomile - 1.60",9.95,CARD,5119507534389740
06/07/2024 14:36,London Soho,Kristi Quinn,"Large Speciality Tea - Camomile - 1.60, Regular Espresso - 1.50",3.1,CARD,3416576011103883
06/07/2024 14:37,London Soho,Steven Call,Large Frappes - Coffee - 3.25,3.25,CARD,4411871472135353
06/07/2024 14:38,London Soho,Linda Bly,Regular Frappes - Coffee - 2.75,2.75,CARD,7925967721085907
06/07/2024 14:38,London Soho,Veronica Grayson,"Regular Speciality Tea - Camomile - 1.30, Regular Frappes - Coffee - 2.75, Large Speciality Tea - Camomile - 1.60",5.65,CASH,
06/07/2024 14:39,London Soho,Casey Bunn,"Large Frappes - Coffee - 3.25, Large Espresso - 1.80",5.05,CARD,2200573540900011
06/07/2024 14:40,London Soho,Lori Vizza,"Large Espresso - 1.80, Large Speciality Tea - Camomile - 1.60, Large Speciality Tea - Camomile - 1.60, Large Speciality Tea - Camomile - 1.60",6.6,CASH,
06/07/2024 14:41,London Soho,Shawn Dean,"Large Espresso - 1.80, Large Espresso - 1.80, Large Espresso - 1.80",5.4,CARD,7046339637933301
06/07/2024 14:42,London Soho,Donna Miles,"Large Frappes - Coffee - 3.25, Large Frappes - Coffee - 3.25",6.5,CARD,6523970450384981
06/07/2024 14:43,London Soho,Gregg Hernandez,Regular Espresso - 1.50,1.5,CASH,
06/07/2024 14:44,London Soho,Travis Thomas,"Regular Speciality Tea - Camomile - 1.30, Regular Speciality Tea - Camomile - 1.30",2.6,CASH,
06/07/2024 14:45,London Soho,Douglas Ward,"Large Speciality Tea - Camomile - 1.60, Large Espresso - 1.80, Regular Espresso - 1.50",4.9,CARD,8142139936967983
06/07/2024 14:46,London Soho,Josiah Martinez,"Large Speciality Tea - Camomile - 1.60, Regular Frappes - Coffee - 2.75",4.35,CARD,3269891377391796
06/07/2024 14:47,London Soho,David Stagg,"Regular Espresso - 1.50, Large Espresso - 1.80, Regular Espresso - 1.50",4.8,CARD,6361818240635926
06/07/2024 14:48,London Soho,Michael Gilbreath,"Regular Speciality Tea - Camomile - 1.30, Regular Speciality Tea - Camomile - 1.30",2.6,CARD,4817602162451245
06/07/2024 14:49,London Soho,Florence Salazar,Regular Frappes - Coffee - 2.75,2.75,CARD,5573986938566910
06/07/2024 14:49,London Soho,Jose Simmons,"Regular Speciality Tea - Camomile - 1.30, Large Espresso - 1.80, Regular Frappes - Coffee - 2.75",5.85,CASH,
06/07/2024 14:50,London Soho,Margarita Marlatt,"Large Espresso - 1.80, Regular Espresso - 1.50, Large Speciality Tea - Camomile - 1.60",4.9,CARD,3093495408851941
06/07/2024 14:51,London Soho,Jean Shorts,"Regular Espresso - 1.50, Large Speciality Tea - Camomile - 1.60",3.1,CARD,2245678506256166
06/07/2024 14:52,London Soho,Heather Norman,"Regular Speciality Tea - Camomile - 1.30, Large Frappes - Coffee - 3.25",4.55,CARD,6366733157303178
06/07/2024 14:53,London Soho,William Felice,"Regular Frappes - Coffee - 2.75, Large Espresso - 1.80, Regular Espresso - 1.50",6.05,CARD,5015412525698420
06/07/2024 14:54,London Soho,Michael Howard,"Large Espresso - 1.80, Regular Espresso - 1.50",3.3,CARD,7507346282644872
06/07/2024 14:55,London Soho,Elwood Pace,"Regular Frappes - Coffee - 2.75, Regular Espresso - 1.50, Regular Espresso - 1.50",5.75,CASH,
06/07/2024 14:56,London Soho,Carol Jensen,"Large Speciality Tea - Camomile - 1.60, Regular Speciality Tea - Camomile - 1.30, Large Espresso - 1.80, Regular Speciality Tea - Camomile - 1.30",6.0,CARD,8005135426438904
06/07/2024 14:57,London Soho,Doris Henschel,"Regular Frappes - Coffee - 2.75, Regular Speciality Tea - Camomile - 1.30, Large Speciality Tea - Camomile - 1.60",5.65,CARD,3830201851954156
06/07/2024 14:58,London Soho,Jose Roessler,Regular Speciality Tea - Camomile - 1.30,1.3,CARD,6527401919729533
06/07/2024 14:59,London Soho,Kevin Bellefeuille,"Regular Espresso - 1.50, Large Frappes - Coffee - 3.25",4.75,CARD,4936369896078781
06/07/2024 15:00,London Soho,Melissa White,Large Speciality Tea - Camomile - 1.60,1.6,CARD,1567872778475150
06/07/2024 15:02,London Soho,Toni Duncan,"Large Espresso - 1.80, Large Frappes - Coffee - 3.25, Regular Speciality Tea - Camomile - 1.30",6.35,CARD,1707080104621667
06/07/2024 15:04,London Soho,Jack Kindig,"Regular Espresso - 1.50, Regular Frappes - Coffee - 2.75, Large Speciality Tea - Camomile - 1.60, Large Frappes - Coffee - 3.25",9.1,CASH,
06/07/2024 15:06,London Soho,James Barnes,"Large Espresso - 1.80, Large Speciality Tea - Camomile - 1.60",3.4,CASH,
06/07/2024 15:09,London Soho,Scott Smith,Large Frappes - Coffee - 3.25,3.25,CARD,4022657807278562
06/07/2024 15:11,London Soho,Cora Carmichael,"Regular Espresso - 1.50, Large Speciality Tea - Camomile - 1.60, Regular Espresso - 1.50, Large Espresso - 1.80",6.4,CARD,6491641826783234
06/07/2024 15:13,London Soho,Joshua Treanor,"Regular Speciality Tea - Camomile - 1.30, Large Frappes - Coffee - 3.25",4.55,CASH,
06/07/2024 15:16,London Soho,Floyd Vollmer,"Regular Speciality Tea - Camomile - 1.30, Regular Frappes - Coffee - 2.75, Regular Frappes - Coffee - 2.75",6.8,CARD,9161716815749887
06/07/2024 15:18,London Soho,Lena Carrion,Large Speciality Tea - Camomile - 1.60,1.6,CASH,
06/07/2024 15:20,London Soho,Rosa Reynolds,"Large Espresso - 1.80, Regular Espresso - 1.50, Regular Frappes - Coffee - 2.75, Regular Espresso - 1.50, Large Speciality Tea - Camomile - 1.60",9.15,CARD,4385134454485226
06/07/2024 15:23,London Soho,Daniel Slocum,Regular Espresso - 1.50,1.5,CARD,7124262174718327
06/07/2024 15:25,London Soho,Kurt Miller,"Large Espresso - 1.80, Regular Espresso - 1.50",3.3,CARD,4178615982646232
06/07/2024 15:27,London Soho,Marion Wrubel,Regular Espresso - 1.50,1.5,CARD,2676126853891794
06/07/2024 15:29,London Soho,Fran Sandlan,"Regular Frappes - Coffee - 2.75, Regular Frappes - Coffee - 2.75",5.5,CARD,9392183917450430
06/07/2024 15:32,London Soho,Marion Johnson,"Regular Speciality Tea - Camomile - 1.30, Large Speciality Tea - Camomile - 1.60, Regular Frappes - Coffee - 2.75, Regular Speciality Tea - Camomile - 1.30, Large Frappes - Coffee - 3.25",10.2,CASH,
06/07/2024 15:34,London Soho,Tracy Valdez,"Regular Frappes - Coffee - 2.75, Large Frappes - Coffee - 3.25",6.0,CARD,6211032006348455
06/07/2024 15:36,London Soho,Michael Records,"Regular Espresso - 1.50, Large Espresso - 1.80, Large Frappes - Coffee - 3.25, Large Frappes - Coffee - 3.25",9.8,CARD,3820896188415880
06/07/2024 15:39,London Soho,Michael Martin,"Regular Espresso - 1.50, Large Frappes - Coffee - 3.25",4.75,CARD,8798487991521453
06/07/2024 15:41,London Soho,Lisa Thompson,"Regular Speciality Tea - Camomile - 1.30, Large Espresso - 1.80, Large Espresso - 1.80, Large Espresso - 1.80",6.7,CASH,
06/07/2024 15:43,London Soho,Gary Briggs,"Large Speciality Tea - Camomile - 1.60, Regular Espresso - 1.50, Regular Espresso - 1.50, Large Speciality Tea - Camomile - 1.60",6.2,CASH,
06/07/2024 15:46,London Soho,Carol Smith,"Regular Speciality Tea - Camomile - 1.30, Regular Espresso - 1.50, Regular Speciality Tea - Camomile - 1.30, Large Frappes - Coffee - 3.25, Large Speciality Tea - Camomile - 1.60",8.95,CARD,7631859288520038
06/07/2024 15:48,London Soho,Melissa Miller,Large Espresso - 1.80,1.8,CARD,2528660020925935
06/07/2024 15:50,London Soho,Joe Reid,"Regular Frappes - Coffee - 2.75, Large Espresso - 1.80",4.55,CARD,3303787553146361
06/07/2024 15:52,London Soho,Joshua Williams,"Regular Speciality Tea - Camomile - 1.30, Large Speciality Tea - Camomile - 1.60, Large Speciality Tea - Camomile - 1.60",4.5,CARD,5677257674182082
06/07/2024 15:55,London Soho,Jennine Dukes,Regular Frappes - Coffee - 2.75,2.75,CASH,
06/07/2024 15:57,London Soho,Roland Robbins,Regular Speciality Tea - Camomile - 1.30,1.3,CASH,
06/07/2024 15:59,London Soho,Evelyn Johnson,"Regular Frappes - Coffee - 2.75, Large Speciality Tea - Camomile - 1.60, Large Frappes - Coffee - 3.25",7.6,CASH,
06/07/2024 16:02,London Soho,Nicolas Albert,"Large Frappes - Coffee - 3.25, Regular Frappes - Coffee - 2.75, Large Espresso - 1.80",7.8,CARD,3583913210992497
06/07/2024 16:04,London Soho,Shelly Collins,"Large Speciality Tea - Camomile - 1.60, Large Frappes - Coffee - 3.25, Regular Espresso - 1.50, Regular Speciality Tea - Camomile - 1.30, Regular Espresso - 1.50, Regular Frappes - Coffee - 2.75",11.9,CARD,9621393148209412
06/07/2024 16:06,London Soho,Daniel Munoz,"Large Speciality Tea - Camomile - 1.60, Regular Frappes - Coffee - 2.75, Regular Espresso - 1.50, Regular Frappes - Coffee - 2.75",8.6,CARD,4841861646874411
06/07/2024 16:09,London Soho,Elsie Phinney,"Regular Speciality Tea - Camomile - 1.30, Regular Speciality Tea - Camomile - 1.30, Large Frappes - Coffee - 3.25",5.85,CASH,
06/07/2024 16:11,London Soho,Mary Sanders,"Large Espresso - 1.80, Large Espresso - 1.80, Regular Espresso - 1.50, Regular Frappes - Coffee - 2.75",7.85,CASH,
06/07/2024 16:13,London Soho,Sherry Clausen,Regular Speciality Tea - Camomile - 1.30,1.3,CARD,6967413294881715
06/07/2024 16:15,London Soho,Linda Taylor,"Regular Speciality Tea - Camomile - 1.30, Regular Espresso - 1.50, Regular Frappes - Coffee - 2.75",5.55,CASH,
06/07/2024 16:18,London Soho,Branden Sharp,Large Speciality Tea - Camomile - 1.60,1.6,CARD,9076569943153078
06/07/2024 16:20,London Soho,Jamie Morgan,Regular Espresso - 1.50,1.5,CARD,8427842825216641
06/07/2024 16:22,London Soho,Olivia Seiler,"Regular Speciality Tea - Camomile - 1.30, Regular Speciality Tea - Camomile - 1.30, Large Espresso - 1.80, Large Frappes - Coffee - 3.25, Regular Espresso - 1.50",9.15,CARD,9927385397674177
06/07/2024 16:25,London Soho,Sharla Bliss,Large Speciality Tea - Camomile - 1.60,1.6,CARD,1222901935923483
06/07/2024 16:27,London Soho,George Butler,"Regular Espresso - 1.50, Regular Espresso - 1.50, Regular Speciality Tea - Camomile - 1.30, Large Speciality Tea - Camomile - 1.60",5.9,CARD,4418059284627324
06/07/2024 16:29,London Soho,Michael Durham,"Large Espresso - 1.80, Regular Speciality Tea - Camomile - 1.30, Regular Espresso - 1.50, Regular Speciality Tea - Camomile - 1.30",5.9,CARD,3010603487295759
06/07/2024 16:32,London Soho,Carl Bommarito,"Large Frappes - Coffee - 3.25, Large Frappes - Coffee - 3.25",6.5,CARD,5958636855702801
06/07/2024 16:34,London Soho,Helen Curtice,"Regular Frappes - Coffee - 2.75, Large Frappes - Coffee - 3.25",6.0,CASH,
06/07/2024 16:36,London Soho,Augustus Ramin,Regular Speciality Tea - Camomile - 1.30,1.3,CARD,1959836396685845
06/07/2024 16:38,London Soho,Pam Moret,"Regular Espresso - 1.50, Large Frappes - Coffee - 3.25, Large Espresso - 1.80, Regular Espresso - 1.50",8.05,CARD,5354020008051158
06/07/2024 16:41,London Soho,Fred Closson,Large Espresso - 1.80,1.8,CARD,5506078334935279
06/07/2024 16:43,London Soho,Ellen Wheeler,"Regular Espresso - 1.50, Large Speciality Tea - Camomile - 1.60, Large Speciality Tea - Camomile - 1.60, Regular Frappes - Coffee - 2.75, Regular Espresso - 1.50, Regular Frappes - Coffee - 2.75",11.7,CARD,1231616351628693
06/07/2024 16:45,London Soho,Shanice Young,"Regular Frappes - Coffee - 2.75, Large Espresso - 1.80",4.55,CARD,3737076945583678
06/07/2024 16:48,London Soho,Nellie Moody,"Large Speciality Tea - Camomile - 1.60, Regular Espresso - 1.50, Regular Speciality Tea - Camomile - 1.30, Large Speciality Tea - Camomile - 1.60, Regular Speciality Tea - Camomile - 1.30",7.3,CASH,
06/07/2024 16:50,London Soho,John Elmore,"Regular Frappes - Coffee - 2.75, Regular Frappes - Coffee - 2.75, Regular Espresso - 1.50, Large Speciality Tea - Camomile - 1.60, Regular Espresso - 1.50",10.1,CARD,7964780980557410
06/07/2024 16:52,London Soho,Veronica Miller,Regular Speciality Tea - Camomile - 1.30,1.3,CARD,6442605828408135
06/07/2024 16:55,London Soho,Loretta Patterson,"Large Espresso - 1.80, Regular Espresso - 1.50, Regular Espresso - 1.50, Regular Frappes - Coffee - 2.75, Large Espresso - 1.80",9.35,CARD,3850748998850402
06/07/2024 16:57,London Soho,Ramona Gallipeau,"Regular Speciality Tea - Camomile - 1.30, Large Frappes - Coffee - 3.25, Regular Espresso - 1.50",6.05,CASH,
06/07/2024 16:59,London Soho,Cassandra Hooper,"Regular Frappes - Coffee - 2.75, Large Espresso - 1.80, Regular Frappes - Coffee - 2.75",7.3,CARD,9902433983278001
