06/07/2024 09:00,London Camden,Daniel Selmer,"Large Speciality Tea - Peppermint - 1.60, Large Flavoured hot chocolate - Vanilla - 2.90, Large Hot chocolate - 2.90, Large Luxury hot chocolate - 2.70, Large Hot chocolate - 2.90, Regular Chai latte - 2.30",15.3,CARD,5066029195353788
06/07/2024 09:02,London Camden,Lori Ewing,Large Flavoured hot chocolate - Vanilla - 2.90,2.9,CARD,2605835842923983
06/07/2024 09:05,London Camden,Lila Cohen,"Regular Hot chocolate - 2.20, Regular Flavoured hot chocolate - Vanilla - 2.60",4.8,CARD,6752658824023512
06/07/2024 09:08,London Camden,Sarah Gomez,Regular Flavoured latte - Vanilla - 2.55,2.55,CARD,5035511641101908
06/07/2024 09:10,London Camden,Sabra Edwards,"Regular Chai latte - 2.30, Regular Luxury hot chocolate - 2.40, Large Flavoured latte - Vanilla - 2.85, Large Iced latte - 2.85",10.4,CARD,1343975565677377
06/07/2024 09:13,London Camden,Shakia Washington,Regular Speciality Tea - Peppermint - 1.30,1.3,CARD,7430001124698422
06/07/2024 09:16,London Camden,Summer Barker,"Large Hot chocolate - 2.90, Large Flavoured hot chocolate - Hazelnut - 2.90",5.8,CASH,
06/07/2024 09:19,London Camden,Dianne Kaufmann,"Regular Chai latte - 2.30, Large Hot chocolate - 2.90, Large Flavoured hot chocolate - Vanilla - 2.90, Regular Speciality Tea - Peppermint - 1.30",9.4,CARD,1722693547787047
06/07/2024 09:21,London Camden,George Salazar,Regular Luxury hot chocolate - 2.40,2.4,CARD,6298353137255880
06/07/2024 09:24,London Camden,Pamela Castro,"Large Flavoured hot chocolate - Vanilla - 2.90, Regular Luxury hot chocolate - 2.40, Large Flavoured hot chocolate - Vanilla - 2.90, Large Flavoured latte - Vanilla - 2.85",11.05,CARD,3439694995677890
06/07/2024 09:27,London Camden,Rosemary Barnett,"Large Luxury hot chocolate - 2.70, Large Flavoured hot chocolate - Vanilla - 2.90, Large Flavoured hot chocolate - Vanilla - 2.90, Large Speciality Tea - Peppermint - 1.60, Regular Hot chocolate - 2.20, Large Flavoured hot chocolate - Vanilla - 2.90",15.2,CARD,3072364449446441
06/07/2024 09:29,London Camden,Tonya Anderson,"Large Flavoured hot chocolate - Hazelnut - 2.90, Regular Luxury hot chocolate - 2.40, Large Chai latte - 2.60, Large Luxury hot chocolate - 2.70, Large Hot chocolate - 2.90",13.5,CASH,
06/07/2024 09:32,London Camden,Norah Ledesma,"Large Speciality Tea - Peppermint - 1.60, Regular Flavoured hot chocolate - Vanilla - 2.60, Regular Luxury hot chocolate - 2.40",6.6,CARD,5789383197344381
06/07/2024 09:35,London Camden,Nettie Gonzales,"Regular Hot chocolate - 2.20, Large Flavoured latte - Vanilla - 2.85, Regular Flavoured hot chocolate - Hazelnut - 2.60",7.65,CARD,2072485836807845
06/07/2024 09:38,London Camden,Daniel James,"Regular Chai latte - 2.30, Large Hot chocolate - 2.90, Large Speciality Tea - Peppermint - 1.60",6.8,CARD,5090742242195797
06/07/2024 09:40,London Camden,Virgie Hesse,"Regular Hot chocolate - 2.20, Regular Flavoured latte - Vanilla - 2.55, Large Hot chocolate - 2.90, Regular Flavoured latte - Vanilla - 2.55",10.2,CARD,6310014802772919
06/07/2024 09:43,London Camden,Sharon Nobles,"Large Flavoured hot chocolate - Hazelnut - 2.90, Regular Flavoured hot chocolate - Hazelnut - 2.60, Regular Flavoured hot chocolate - Vanilla - 2.60, Large Luxury hot chocolate - 2.70",10.8,CARD,2557153699069439
06/07/2024 09:46,London Camden,Robert Boggs,Large Speciality Tea - Peppermint - 1.60,1.6,CASH,
06/07/2024 09:48,London Camden,Gerald Kennedy,"Regular Speciality Tea - Peppermint - 1.30, Large Flavoured hot chocolate - Vanilla - 2.90, Regular Chai latte - 2.30, Regular Speciality Tea - Peppermint - 1.30",7.8,CASH,
06/07/2024 09:51,London Camden,John Russell,"Regular Speciality Tea - Peppermint - 1.30, Regular Flavoured hot chocolate - Vanilla - 2.60",3.9,CARD,7897163748760991
06/07/2024 09:54,London Camden,Christine Scarbrough,"Large Chai latte - 2.60, Regular Flavoured hot chocolate - Hazelnut - 2.60, Large Speciality Tea - Peppermint - 1.60, Large Flavoured latte - Vanilla - 2.85",9.65,CARD,9713743187406844
06/07/2024 09:57,London Camden,Catherine Howes,"Large Iced latte - 2.85, Regular Chai latte - 2.30, Regular Hot chocolate - 2.20, Regular Speciality Tea - Peppermint - 1.30, Large Hot chocolate - 2.90, Large Flavoured hot chocolate - Hazelnut - 2.90",14.45,CARD,4593648747623412
06/07/2024 09:59,London Camden,Maria Duffy,Regular Flavoured hot chocolate - Vanilla - 2.60,2.6,CASH,
06/07/2024 10:02,London Camden,Jeffery Cunningham,"Regular Hot chocolate - 2.20, Large Hot chocolate - 2.90, Regular Hot chocolate - 2.20",7.3,CASH,
06/07/2024 10:04,London Camden,Carolina Melnick,Large Flavoured latte - Vanilla - 2.85,2.85,CASH,
06/07/2024 10:06,London Camden,Marion Loyd,Regular Flavoured latte - Vanilla - 2.55,2.55,CASH,
06/07/2024 10:09,London Camden,Sarah Hawthorne,"Regular Chai latte - 2.30, Large Flavoured hot chocolate - Vanilla - 2.90, Large Flavoured hot chocolate - Hazelnut - 2.90",8.1,CARD,8255677141405110
06/07/2024 10:11,London Camden,Elsa Monahan,"Large Chai latte - 2.60, Large Chai latte - 2.60, Regular Flavoured hot chocolate - Vanilla - 2.60, Large Hot chocolate - 2.90, Large Chai latte - 2.60, Regular Hot chocolate - 2.20",15.5,CASH,
06/07/2024 10:13,London Camden,Sondra Thomas,Large Flavoured latte - Vanilla - 2.85,2.85,CASH,
06/07/2024 10:15,London Camden,Jeannette Gilstrap,"Large Chai latte - 2.60, Large Luxury hot chocolate - 2.70, Large Iced latte - 2.85",8.15,CASH,
06/07/2024 10:18,London Camden,Timothy Moore,"Large Luxury hot chocolate - 2.70, Regular Iced latte - 2.35",5.05,CARD,6853887113007807
06/07/2024 10:20,London Camden,Gloria Mcguire,"Regular Chai latte - 2.30, Large Speciality Tea - Peppermint - 1.60, Regular Speciality Tea - Peppermint - 1.30, Large Chai latte - 2.60",7.8,CARD,6637283881890214
06/07/2024 10:22,London Camden,Alpha Ball,Large Flavoured hot chocolate - Hazelnut - 2.90,2.9,CARD,3111704798149653
06/07/2024 10:24,London Camden,Ruth Swinney,"Large Speciality Tea - Peppermint - 1.60, Regular Iced latte - 2.35",3.95,CARD,6500855624473262
06/07/2024 10:26,London Camden,Jill Carlisle,"Regular Iced latte - 2.35, Large Flavoured hot chocolate - Hazelnut - 2.90",5.25,CARD,1005329089507322
06/07/2024 10:29,London Camden,Margaret Vandenberge,Regular Flavoured hot chocolate - Vanilla - 2.60,2.6,CARD,9235828087734041
06/07/2024 10:31,London Camden,Nicholas Mendonca,"Regular Flavoured latte - Vanilla - 2.55, Large Chai latte - 2.60",5.15,CASH,
06/07/2024 10:33,London Camden,Robert Self,Large Luxury hot chocolate - 2.70,2.7,CASH,
06/07/2024 10:35,London Camden,Robbin Randle,"Regular Speciality Tea - Peppermint - 1.30, Large Flavoured latte - Vanilla - 2.85, Large Speciality Tea - Peppermint - 1.60, Large Speciality Tea - Peppermint - 1.60",7.35,CARD,4494179317693511
06/07/2024 10:37,London Camden,Lawrence Spannaus,"Regular Luxury hot chocolate - 2.40, Large Flavoured hot chocolate - Vanilla - 2.90",5.3,CARD,4598754750600053
06/07/2024 10:40,London Camden,Roger Foster,Regular Luxury hot chocolate - 2.40,2.4,CARD,7518867204233337
06/07/2024 10:42,London Camden,Oscar Quintana,"Large Flavoured hot chocolate - Vanilla - 2.90, Regular Iced latte - 2.35, Large Hot chocolate - 2.90",8.15,CARD,2749804504942418
06/07/2024 10:44,London Camden,Susan Mascarenas,"Regular Flavoured latte - Vanilla - 2.55, Large Flavoured latte - Vanilla - 2.85",5.4,CARD,6108598880859884
06/07/2024 10:46,London Camden,Jeffrey Barley,"Large Luxury hot chocolate - 2.70, Regular Hot chocolate - 2.20, Large Chai latte - 2.60, Large Flavoured hot chocolate - Vanilla - 2.90, Large Iced latte - 2.85, Large Speciality Tea - Peppermint - 1.60",14.85,CASH,
06/07/2024 10:49,London Camden,Eric Black,"Regular Hot chocolate - 2.20, Regular Flavoured hot chocolate - Vanilla - 2.60",4.8,CASH,
06/07/2024 10:51,London Camden,Alfreda Hurt,"Regular Speciality Tea - Peppermint - 1.30, Regular Flavoured latte - Vanilla - 2.55, Large Speciality Tea - Peppermint - 1.60, Large Flavoured latte - Vanilla - 2.85",8.3,CASH,
06/07/2024 10:53,London Camden,Veronica Roberts,"Regular Luxury hot chocolate - 2.40, Large Flavoured latte - Vanilla - 2.85",5.25,CARD,4603675531304723
06/07/2024 10:55,London Camden,Steve Bozarth,"Large Flavoured hot chocolate - Vanilla - 2.90, Regular Flavoured latte - Vanilla - 2.55, Large Flavoured hot chocolate - Vanilla - 2.90",8.35,CARD,6646995611320811
06/07/2024 10:57,London Camden,Carol Baker,"Regular Iced latte - 2.35, Large Speciality Tea - Peppermint - 1.60, Regular Speciality Tea - Peppermint - 1.30",5.25,CARD,8794245276777174
06/07/2024 11:00,London Camden,Deborah Santana,Regular Flavoured hot chocolate - Vanilla - 2.60,2.6,CARD,4952734902187961
06/07/2024 11:02,London Camden,Lesley Williams,"Large Flavoured hot chocolate - Hazelnut - 2.90, Regular Chai latte - 2.30, Large Iced latte - 2.85, Large Luxury hot chocolate - 2.70",10.75,CARD,9052423292212696
06/07/2024 11:05,London Camden,Justin Abel,"Regular Flavoured hot chocolate - Vanilla - 2.60, Large Speciality Tea - Peppermint - 1.60",4.2,CASH,
06/07/2024 11:07,London Camden,Karen Relf,Regular Hot chocolate - 2.20,2.2,CARD,3456443672459155
06/07/2024 11:10,London Camden,David Washington,"Large Flavoured hot chocolate - Vanilla - 2.90, Regular Hot chocolate - 2.20, Large Chai latte - 2.60",7.7,CASH,
06/07/2024 11:12,London Camden,David Fleming,Large Chai latte - 2.60,2.6,CARD,5418762335228378
06/07/2024 11:15,London Camden,Mike Evans,"Regular Luxury hot chocolate - 2.40, Regular Flavoured hot chocolate - Hazelnut - 2.60, Regular Hot chocolate - 2.20, Large Iced latte - 2.85",10.05,CARD,6448241081226937
06/07/2024 11:17,London Camden,Thomas Leininger,"Large Speciality Tea - Peppermint - 1.60, Regular Iced latte - 2.35",3.95,CARD,2660072132267048
06/07/2024 11:20,London Camden,Melissa Thibodaux,"Regular Iced latte - 2.35, Large Speciality Tea - Peppermint - 1.60",3.95,CARD,7235243363058917
06/07/2024 11:22,London Camden,Edith Ferguson,"Large Iced latte - 2.85, Large Flavoured hot chocolate - Vanilla - 2.90",5.75,CARD,6993850609591359
06/07/2024 11:25,London Camden,Ryan Warfield,"Regular Flavoured hot chocolate - Vanilla - 2.60, Large Hot chocolate - 2.90",5.5,CARD,2464316418174577
06/07/2024 11:27,London Camden,Maurice Lobur,Large Speciality Tea - Peppermint - 1.60,1.6,CARD,3818526849072458
06/07/2024 11:30,London Camden,Maria Moore,"Regular Chai latte - 2.30, Large Hot chocolate - 2.90",5.2,CASH,
06/07/2024 11:32,London Camden,William Vorpahl,"Large Luxury hot chocolate - 2.70, Large Speciality Tea - Peppermint - 1.60",4.3,CARD,6293395348584349
06/07/2024 11:35,London Camden,Josephine Mcmahon,"Large Speciality Tea - Peppermint - 1.60, Regular Flavoured hot chocolate - Vanilla - 2.60, Regular Iced latte - 2.35, Regular Flavoured hot chocolate - Vanilla - 2.60, Regular Chai latte - 2.30",11.45,CARD,9596331823271698
06/07/2024 11:37,London Camden,Gina Barnes,"Large Iced latte - 2.85, Large Flavoured hot chocolate - Vanilla - 2.90, Regular Flavoured hot chocolate - Vanilla - 2.60",8.35,CARD,8941075344474634
06/07/2024 11:40,London Camden,Margery Ling,"Regular Speciality Tea - Peppermint - 1.30, Large Speciality Tea - Peppermint - 1.60, Large Iced latte - 2.85",5.75,CARD,5367451946564386
06/07/2024 11:42,London Camden,Jose Graf,Regular Flavoured hot chocolate - Vanilla - 2.60,2.6,CARD,5485982101000991
06/07/2024 11:45,London Camden,Steve Mcneill,"Large Flavoured hot chocolate - Vanilla - 2.90, Regular Hot chocolate - 2.20, Regular Flavoured hot chocolate - Hazelnut - 2.60, Large Iced latte - 2.85",10.55,CARD,1803708331997635
06/07/2024 11:47,London Camden,Paulette Scaglione,"Regular Luxury hot chocolate - 2.40, Large Speciality Tea - Peppermint - 1.60, Regular Flavoured hot chocolate - Hazelnut - 2.60, Regular Chai latte - 2.30",8.9,CARD,8586413747691803
06/07/2024 11:50,London Camden,Maria Johnson,"Regular Flavoured hot chocolate - Vanilla - 2.60, Large Flavoured hot chocolate - Hazelnut - 2.90",5.5,CARD,6605094535406816
06/07/2024 11:52,London Camden,Roger Hudson,"Large Chai latte - 2.60, Regular Iced latte - 2.35",4.95,CARD,3657998761454860
06/07/2024 11:55,London Camden,Kenneth Brasfield,"Regular Chai latte - 2.30, Regular Hot chocolate - 2.20",4.5,CARD,9752382873601371
06/07/2024 11:57,London Camden,Nancy Nelson,"Regular Flavoured hot chocolate - Vanilla - 2.60, Large Flavoured hot chocolate - Hazelnut - 2.90, Regular Chai latte - 2.30",7.8,CASH,
06/07/2024 12:00,London Camden,Avis Mcgloster,Large Luxury hot chocolate - 2.70,2.7,CARD,2197120150541353
06/07/2024 12:02,London Camden,Orlando Jones,"Large Flavoured hot chocolate - Vanilla - 2.90, Large Iced latte - 2.85, Regular Flavoured hot chocolate - Vanilla - 2.60",8.35,CARD,4585788623225010
06/07/2024 12:03,London Camden,Taylor Griffith,"Large Flavoured hot chocolate - Hazelnut - 2.90, Large Flavoured hot chocolate - Hazelnut - 2.90, Large Iced latte - 2.85",8.65,CARD,1223307225548136
06/07/2024 12:05,London Camden,Joy Dax,"Regular Flavoured latte - Vanilla - 2.55, Large Flavoured latte - Vanilla - 2.85",5.4,CARD,4971635065881029
06/07/2024 12:07,London Camden,Donald Miller,"Large Hot chocolate - 2.90, Large Flavoured hot chocolate - Vanilla - 2.90, Regular Luxury hot chocolate - 2.40, Large Flavoured hot chocolate - Hazelnut - 2.90",11.1,CASH,
06/07/2024 12:09,London Camden,Alexis Ryan,Large Chai latte - 2.60,2.6,CASH,
06/07/2024 12:11,London Camden,Barbara Aguayo,Regular Flavoured latte - Vanilla - 2.55,2.55,CASH,
06/07/2024 12:13,London Camden,Julie Alvarez,"Regular Flavoured latte - Vanilla - 2.55, Regular Flavoured hot chocolate - Vanilla - 2.60, Regular Flavoured latte - Vanilla - 2.55, Large Flavoured hot chocolate - Vanilla - 2.90, Large Flavoured hot chocolate - Vanilla - 2.90",13.5,CASH,
06/07/2024 12:15,London Camden,Ryan Reier,"Regular Speciality Tea - Peppermint - 1.30, Regular Speciality Tea - Peppermint - 1.30, Large Flavoured latte - Vanilla - 2.85, Regular Hot chocolate - 2.20, Large Hot chocolate - 2.90",10.55,CARD,3562216939453252
06/07/2024 12:17,London Camden,Danny Judd,"Regular Flavoured hot chocolate - Hazelnut - 2.60, Regular Iced latte - 2.35",4.95,CARD,2211323281544765
06/07/2024 12:19,London Camden,Raymond Schweitzer,Large Flavoured latte - Vanilla - 2.85,2.85,CARD,2115668201198832
06/07/2024 12:21,London Camden,Michael Corbin,"Regular Flavoured hot chocolate - Hazelnut - 2.60, Regular Luxury hot chocolate - 2.40, Large Flavoured latte - Vanilla - 2.85",7.85,CARD,9712043829000651
06/07/2024 12:23,London Camden,Elizabeth Mudd,Regular Iced latte - 2.35,2.35,CARD,1476507880892350
06/07/2024 12:25,London Camden,Jerry Torres,"Regular Flavoured latte - Vanilla - 2.55, Regular Flavoured hot chocolate - Hazelnut - 2.60, Regular Speciality Tea - Peppermint - 1.30, Large Speciality Tea - Peppermint - 1.60, Regular Flavoured latte - Vanilla - 2.55, Large Flavoured hot chocolate - Vanilla - 2.90",13.5,CARD,1987847557557591
06/07/2024 12:27,London Camden,Kenneth Glander,Regular Flavoured latte - Vanilla - 2.55,2.55,CARD,6154665665116096
06/07/2024 12:29,London Camden,Jim Darnell,"Large Speciality Tea - Peppermint - 1.60, Regular Flavoured hot chocolate - Vanilla - 2.60, Regular Luxury hot chocolate - 2.40",6.6,CARD,4514061395635633
06/07/2024 12:31,London Camden,Maria Baridon,Regular Luxury hot chocolate - 2.40,2.4,CARD,1986222957578567
06/07/2024 12:32,London Camden,Dan Holmes,"Large Speciality Tea - Peppermint - 1.60, Regular Flavoured latte - Vanilla - 2.55",4.15,CASH,
06/07/2024 12:34,London Camden,Kevin Dempsey,"Large Speciality Tea - Peppermint - 1.60, Regular Hot chocolate - 2.20, Large Chai latte - 2.60, Large Flavoured hot chocolate - Vanilla - 2.90, Large Flavoured latte - Vanilla - 2.85",12.15,CARD,5292020180392489
06/07/2024 12:36,London Camden,Letha Mckane,"Regular Speciality Tea - Peppermint - 1.30, Regular Chai latte - 2.30",3.6,CARD,8397314125636690
06/07/2024 12:38,London Camden,Melinda Yarborough,"Regular Flavoured latte - Vanilla - 2.55, Regular Hot chocolate - 2.20",4.75,CARD,7892308535194761
06/07/2024 12:40,London Camden,Gerald Vigil,"Regular Luxury hot chocolate - 2.40, Large Iced latte - 2.85",5.25,CASH,
06/07/2024 12:42,London Camden,Tyson Coulter,"Regular Luxury hot chocolate - 2.40, Large Hot chocolate - 2.90, Large Flavoured hot chocolate - Hazelnut - 2.90, Regular Flavoured hot chocolate - Hazelnut - 2.60",10.8,CASH,
06/07/2024 12:44,London Camden,Steven Rae,"Regular Speciality Tea - Peppermint - 1.30, Large Chai latte - 2.60, Large Luxury hot chocolate - 2.70",6.6,CARD,1206363538202990
06/07/2024 12:46,London Camden,Traci Green,"Regular Speciality Tea - Peppermint - 1.30, Large Speciality Tea - Peppermint - 1.60",2.9,CARD,3880595501872680
06/07/2024 12:48,London Camden,Patricia Finley,Large Luxury hot chocolate - 2.70,2.7,CARD,8252280170925659
06/07/2024 12:50,London Camden,Paul Jeanes,"Large Speciality Tea - Peppermint - 1.60, Large Luxury hot chocolate - 2.70, Regular Flavoured hot chocolate - Vanilla - 2.60, Regular Speciality Tea - Peppermint - 1.30",8.2,CARD,3962623973284273
06/07/2024 12:52,London Camden,Marjorie Blackston,"Large Flavoured hot chocolate - Vanilla - 2.90, Regular Flavoured latte - Vanilla - 2.55, Large Hot chocolate - 2.90",8.35,CARD,4698032301008936
06/07/2024 12:54,London Camden,Mary Estrada,"Regular Flavoured latte - Vanilla - 2.55, Regular Chai latte - 2.30",4.85,CARD,3320683879430642
06/07/2024 12:56,London Camden,Keith Hinton,"Large Flavoured latte - Vanilla - 2.85, Large Iced latte - 2.85",5.7,CARD,6816426479625767
06/07/2024 12:58,London Camden,Carolyn Parra,"Regular Luxury hot chocolate - 2.40, Large Hot chocolate - 2.90, Large Flavoured hot chocolate - Vanilla - 2.90, Regular Chai latte - 2.30, Regular Flavoured latte - Vanilla - 2.55",13.05,CASH,
06/07/2024 13:00,London Camden,Jennifer Matto,Large Flavoured hot chocolate - Vanilla - 2.90,2.9,CASH,
06/07/2024 13:00,London Camden,Dorothy Mahoney,"Regular Speciality Tea - Peppermint - 1.30, Regular Flavoured hot chocolate - Hazelnut - 2.60, Large Flavoured hot chocolate - Vanilla - 2.90",6.8,CARD,7641697061667731
06/07/2024 13:01,London Camden,Racheal Laflamme,"Regular Iced latte - 2.35, Regular Iced latte - 2.35, Large Iced latte - 2.85, Large Hot chocolate - 2.90",10.45,CARD,9941749673506626
06/07/2024 13:02,London Camden,Brenda Iverson,Regular Flavoured hot chocolate - Vanilla - 2.60,2.6,CARD,9308390220868233
06/07/2024 13:03,London Camden,Ernest Duncan,"Large Flavoured hot chocolate - Vanilla - 2.90, Large Luxury hot chocolate - 2.70, Regular Hot chocolate - 2.20, Large Flavoured hot chocolate - Hazelnut - 2.90",10.7,CARD,5920306943340503
06/07/2024 13:04,London Camden,Charles Shaffer,"Large Flavoured hot chocolate - Vanilla - 2.90, Regular Flavoured hot chocolate - Hazelnut - 2.60",5.5,CARD,4742447291569474
06/07/2024 13:05,London Camden,Lorena Lassiter,"Regular Chai latte - 2.30, Large Iced latte - 2.85",5.15,CARD,6225916239313307
06/07/2024 13:06,London Camden,Emily Coker,"Regular Luxury hot chocolate - 2.40, Large Chai latte - 2.60, Large Iced latte - 2.85, Large Iced latte - 2.85",10.7,CARD,9688186967620112
06/07/2024 13:07,London Camden,Adam Timm,Large Flavoured latte - Vanilla - 2.85,2.85,CARD,4910958855546042
06/07/2024 13:08,London Camden,Sue Crouch,"Regular Flavoured hot chocolate - Vanilla - 2.60, Regular Speciality Tea - Peppermint - 1.30, Large Hot chocolate - 2.90, Regular Flavoured latte - Vanilla - 2.55, Large Flavoured latte - Vanilla - 2.85",12.2,CASH,
06/07/2024 13:08,London Camden,Hubert Andrews,"Regular Chai latte - 2.30, Large Flavoured hot chocolate - Vanilla - 2.90, Regular Flavoured hot chocolate - Hazelnut - 2.60, Regular Speciality Tea - Peppermint - 1.30",9.1,CARD,3243279563030193
06/07/2024 13:09,London Camden,Leah Peters,"Regular Speciality Tea - Peppermint - 1.30, Large Flavoured latte - Vanilla - 2.85, Large Flavoured latte - Vanilla - 2.85, Large Iced latte - 2.85",9.85,CASH,
06/07/2024 13:10,London Camden,Gary Van,"Large Iced latte - 2.85, Regular Flavoured hot chocolate - Hazelnut - 2.60",5.45,CASH,
06/07/2024 13:11,London Camden,Patrick Manson,"Regular Flavoured latte - Vanilla - 2.55, Large Flavoured hot chocolate - Hazelnut - 2.90, Regular Luxury hot chocolate - 2.40, Regular Luxury hot chocolate - 2.40",10.25,CARD,7535837661724807
06/07/2024 13:12,London Camden,Kevin Graham,Large Luxury hot chocolate - 2.70,2.7,CARD,9282088352258997
06/07/2024 13:13,London Camden,Kristen Barrington,Large Flavoured latte - Vanilla - 2.85,2.85,CARD,5819423023506116
06/07/2024 13:14,London Camden,Renee Guay,Large Chai latte - 2.60,2.6,CARD,9305355319748911
06/07/2024 13:15,London Camden,Michael Ogara,"Regular Chai latte - 2.30, Regular Speciality Tea - Peppermint - 1.30",3.6,CARD,4357227532141324
06/07/2024 13:15,London Camden,Richard Gerald,"Regular Flavoured latte - Vanilla - 2.55, Large Speciality Tea - Peppermint - 1.60",4.15,CASH,
06/07/2024 13:16,London Camden,Timothy Ramos,"Large Flavoured latte - Vanilla - 2.85, Large Flavoured hot chocolate - Vanilla - 2.90, Regular Hot chocolate - 2.20",7.95,CARD,7407203395706726
06/07/2024 13:17,London Camden,Anna Bragg,"Regular Luxury hot chocolate - 2.40, Large Luxury hot chocolate - 2.70, Regular Flavoured hot chocolate - Vanilla - 2.60",7.7,CASH,
06/07/2024 13:18,London Camden,Janice Weissgerber,"Large Hot chocolate - 2.90, Large Luxury hot chocolate - 2.70",5.6,CASH,
06/07/2024 13:19,London Camden,Lanny Savage,Large Chai latte - 2.60,2.6,CASH,
06/07/2024 13:20,London Camden,Brittney Aldrich,Regular Chai latte - 2.30,2.3,CARD,9054496727594277
06/07/2024 13:21,London Camden,Ouida Parker,"Large Speciality Tea - Peppermint - 1.60, Large Speciality Tea - Peppermint - 1.60, Large Iced latte - 2.85, Regular Luxury hot chocolate - 2.40, Large Chai latte - 2.60",11.05,CARD,1887815798374656
06/07/2024 13:22,London Camden,Donald Cornelius,Regular Chai latte - 2.30,2.3,CARD,6914643432296841
06/07/2024 13:23,London Camden,Peggy Emery,"Regular Luxury hot chocolate - 2.40, Regular Flavoured hot chocolate - Hazelnut - 2.60",5.0,CASH,
06/07/2024 13:23,London Camden,Gerald Whited,"Regular Iced latte - 2.35, Regular Flavoured hot chocolate - Hazelnut - 2.60, Regular Speciality Tea - Peppermint - 1.30",6.25,CARD,8569657938961183
06/07/2024 13:24,London Camden,Kenneth Hoover,Large Chai latte - 2.60,2.6,CARD,4388515192027348
06/07/2024 13:25,London Camden,Margaret Pough,Large Iced latte - 2.85,2.85,CARD,3029988092876642
06/07/2024 13:26,London Camden,Karen Royal,"Large Speciality Tea - Peppermint - 1.60, Large Hot chocolate - 2.90, Large Flavoured hot chocolate - Vanilla - 2.90, Large Flavoured hot chocolate - Hazelnut - 2.90",10.3,CARD,9688482901937520
06/07/2024 13:27,London Camden,Kyung Sims,"Large Flavoured latte - Vanilla - 2.85, Large Flavoured latte - Vanilla - 2.85, Large Chai latte - 2.60",8.3,CARD,6171421524327811
06/07/2024 13:28,London Camden,Gonzalo Judkins,"Regular Chai latte - 2.30, Regular Speciality Tea - Peppermint - 1.30",3.6,CARD,8113114748690830
06/07/2024 13:29,London Camden,Emily Martin,"Large Luxury hot chocolate - 2.70, Large Chai latte - 2.60, Large Flavoured hot chocolate - Hazelnut - 2.90, Large Speciality Tea - Peppermint - 1.60, Large Chai latte - 2.60",12.4,CARD,8721166649434591
06/07/2024 13:30,London Camden,Henry Blank,"Regular Flavoured hot chocolate - Vanilla - 2.60, Large Speciality Tea - Peppermint - 1.60",4.2,CASH,
06/07/2024 13:30,London Camden,Marie Coleman,"Regular Speciality Tea - Peppermint - 1.30, Regular Flavoured hot chocolate - Vanilla - 2.60",3.9,CARD,6695724122245031
06/07/2024 13:31,London Camden,John Iuliucci,"Regular Flavoured latte - Vanilla - 2.55, Large Iced latte - 2.85, Regular Luxury hot chocolate - 2.40, Regular Luxury hot chocolate - 2.40, Large Flavoured latte - Vanilla - 2.85, Large Luxury hot chocolate - 2.70",15.75,CARD,5684257188450202
06/07/2024 13:32,London Camden,Helen Watson,"Large Luxury hot chocolate - 2.70, Regular Hot chocolate - 2.20, Large Speciality Tea - Peppermint - 1.60",6.5,CARD,9127685148480894
06/07/2024 13:33,London Camden,Joseph Helmick,"Regular Iced latte - 2.35, Large Luxury hot chocolate - 2.70, Large Flavoured latte - Vanilla - 2.85",7.9,CARD,2722185170585773
06/07/2024 13:34,London Camden,Cindy Campbell,"Large Iced latte - 2.85, Regular Luxury hot chocolate - 2.40",5.25,CARD,8881323017469839
06/07/2024 13:35,London Camden,Ralph Lake,Large Speciality Tea - Peppermint - 1.60,1.6,CARD,4816928071838234
06/07/2024 13:36,London Camden,Stacia Peeples,"Regular Flavoured latte - Vanilla - 2.55, Large Luxury hot chocolate - 2.70",5.25,CASH,
06/07/2024 13:37,London Camden,James Worm,"Regular Flavoured latte - Vanilla - 2.55, Regular Chai latte - 2.30",4.85,CARD,1632076522507360
06/07/2024 13:38,London Camden,Mary Guarnieri,Regular Hot chocolate - 2.20,2.2,CARD,9107455909647499
06/07/2024 13:38,London Camden,Alan Brown,"Regular Hot chocolate - 2.20, Large Flavoured hot chocolate - Vanilla - 2.90",5.1,CARD,3540493947968807
06/07/2024 13:39,London Camden,Sharon Vierra,"Large Flavoured hot chocolate - Hazelnut - 2.90, Large Hot chocolate - 2.90",5.8,CARD,8180201143521259
06/07/2024 13:40,London Camden,John Hill,Regular Flavoured latte - Vanilla - 2.55,2.55,CARD,6644428357057400
06/07/2024 13:41,London Camden,Doris Breden,"Regular Chai latte - 2.30, Regular Chai latte - 2.30, Regular Flavoured hot chocolate - Hazelnut - 2.60",7.2,CASH,
06/07/2024 13:42,London Camden,Minnie Bankston,Regular Speciality Tea - Peppermint - 1.30,1.3,CASH,
06/07/2024 13:43,London Camden,Emma Seamans,"Regular Speciality Tea - Peppermint - 1.30, Regular Speciality Tea - Peppermint - 1.30",2.6,CASH,
06/07/2024 13:44,London Camden,Richard Martin,"Regular Luxury hot chocolate - 2.40, Large Flavoured hot chocolate - Vanilla - 2.90, Regular Hot chocolate - 2.20, Large Hot chocolate - 2.90, Large Iced latte - 2.85",13.25,CASH,
06/07/2024 13:45,London Camden,Frederic Merriweather,"Large Flavoured latte - Vanilla - 2.85, Large Flavoured latte - Vanilla - 2.85, Regular Speciality Tea - Peppermint - 1.30, Regular Luxury hot chocolate - 2.40, Regular Flavoured hot chocolate - Hazelnut - 2.60",12.0,CASH,
06/07/2024 13:45,London Camden,Delores Raterman,"Regular Speciality Tea - Peppermint - 1.30, Large Flavoured latte - Vanilla - 2.85, Large Flavoured hot chocolate - Vanilla - 2.90",7.05,CARD,4131841078668247
06/07/2024 13:46,London Camden,Russell Hall,"Regular Flavoured latte - Vanilla - 2.55, Large Flavoured hot chocolate - Vanilla - 2.90, Regular Chai latte - 2.30, Regular Hot chocolate - 2.20, Large Flavoured hot chocolate - Hazelnut - 2.90",12.85,CARD,2682365546210743
06/07/2024 13:47,London Camden,Caitlin Ousley,Regular Luxury hot chocolate - 2.40,2.4,CARD,8275924899591088
06/07/2024 13:48,London Camden,Eddie Reffitt,"Large Hot chocolate - 2.90, Regular Speciality Tea - Peppermint - 1.30",4.2,CARD,6890664703364062
06/07/2024 13:49,London Camden,Gertrude Bissonnette,"Large Flavoured hot chocolate - Hazelnut - 2.90, Large Iced latte - 2.85, Regular Speciality Tea - Peppermint - 1.30, Large Flavoured hot chocolate - Vanilla - 2.90, Large Flavoured hot chocolate - Vanilla - 2.90",12.85,CARD,1414164836910988
06/07/2024 13:50,London Camden,Nicole Para,"Large Flavoured hot chocolate - Hazelnut - 2.90, Large Hot chocolate - 2.90, Regular Speciality Tea - Peppermint - 1.30, Regular Flavoured hot chocolate - Hazelnut - 2.60, Large Chai latte - 2.60",12.3,CARD,2633612067462060
06/07/2024 13:51,London Camden,Crystal Zito,"Large Luxury hot chocolate - 2.70, Regular Speciality Tea - Peppermint - 1.30, Large Iced latte - 2.85",6.85,CASH,
06/07/2024 13:52,London Camden,Annette Gonzalea,Large Iced latte - 2.85,2.85,CARD,2268563053930443
06/07/2024 13:53,London Camden,Della Binkley,Large Flavoured hot chocolate - Hazelnut - 2.90,2.9,CASH,
06/07/2024 13:53,London Camden,Hilda Harr,"Regular Luxury hot chocolate - 2.40, Large Flavoured latte - Vanilla - 2.85, Large Iced latte - 2.85",8.1,CARD,5329032143312606
06/07/2024 13:54,London Camden,Justin Morgan,"Large Flavoured latte - Vanilla - 2.85, Regular Luxury hot chocolate - 2.40, Regular Flavoured hot chocolate - Vanilla - 2.60",7.85,CARD,1851963535419259
06/07/2024 13:55,London Camden,Dianne Johnson,"Large Hot chocolate - 2.90, Regular Flavoured latte - Vanilla - 2.55, Large Flavoured latte - Vanilla - 2.85, Regular Iced latte - 2.35",10.65,CARD,5067059370886933
06/07/2024 13:56,London Camden,Edward Rodriguez,"Large Luxury hot chocolate - 2.70, Regular Speciality Tea - Peppermint - 1.30",4.0,CASH,
06/07/2024 13:57,London Camden,Tina Brown,"Regular Flavoured latte - Vanilla - 2.55, Large Flavoured hot chocolate - Hazelnut - 2.90",5.45,CASH,
06/07/2024 13:58,London Camden,Jimmy Hernandez,"Large Luxury hot chocolate - 2.70, Large Hot chocolate - 2.90, Regular Speciality Tea - Peppermint - 1.30",6.9,CASH,
06/07/2024 13:59,London Camden,Theresa Turner,Large Flavoured hot chocolate - Hazelnut - 2.90,2.9,CARD,8630899413502088
06/07/2024 14:00,London Camden,Elizabeth Harris,"Large Chai latte - 2.60, Regular Flavoured hot chocolate - Hazelnut - 2.60",5.2,CARD,7689878311264451
06/07/2024 14:00,London Camden,Jason Hardin,"Regular Flavoured hot chocolate - Vanilla - 2.60, Large Hot chocolate - 2.90",5.5,CARD,9099328833249714
06/07/2024 14:01,London Camden,Aaron Minnick,"Large Speciality Tea - Peppermint - 1.60, Large Flavoured latte - Vanilla - 2.85, Large Hot chocolate - 2.90",7.35,CARD,6392483708938833
06/07/2024 14:02,London Camden,Michael Krause,"Regular Hot chocolate - 2.20, Large Chai latte - 2.60, Large Flavoured hot chocolate - Vanilla - 2.90, Regular Flavoured hot chocolate - Hazelnut - 2.60, Large Speciality Tea - Peppermint - 1.60",11.9,CARD,9320975165936745
06/07/2024 14:03,London Camden,Bernice Parrott,"Regular Flavoured hot chocolate - Hazelnut - 2.60, Large Speciality Tea - Peppermint - 1.60",4.2,CASH,
06/07/2024 14:04,London Camden,Hortense Hodge,"Regular Flavoured latte - Vanilla - 2.55, Large Hot chocolate - 2.90",5.45,CASH,
06/07/2024 14:05,London Camden,Shannon Hunt,"Regular Flavoured latte - Vanilla - 2.55, Large Hot chocolate - 2.90",5.45,CASH,
06/07/2024 14:06,London Camden,Teresa Gomez,"Large Flavoured hot chocolate - Vanilla - 2.90, Regular Speciality Tea - Peppermint - 1.30",4.2,CASH,
06/07/2024 14:07,London Camden,Tomas Mclaughlin,"Large Luxury hot chocolate - 2.70, Large Speciality Tea - Peppermint - 1.60, Regular Luxury hot chocolate - 2.40, Large Luxury hot chocolate - 2.70",9.4,CARD,1458047618633927
06/07/2024 14:07,London Camden,David Arena,"Large Flavoured latte - Vanilla - 2.85, Large Flavoured latte - Vanilla - 2.85, Large Speciality Tea - Peppermint - 1.60, Regular Luxury hot chocolate - 2.40",9.7,CASH,
06/07/2024 14:08,London Camden,Albert Hernandez,"Large Flavoured hot chocolate - Vanilla - 2.90, Large Iced latte - 2.85, Large Flavoured hot chocolate - Vanilla - 2.90",8.65,CASH,
06/07/2024 14:09,London Camden,Hubert Mcentee,Regular Speciality Tea - Peppermint - 1.30,1.3,CARD,1807228145283276
06/07/2024 14:10,London Camden,Ella Cockrell,"Large Flavoured hot chocolate - Vanilla - 2.90, Large Chai latte - 2.60",5.5,CARD,8682880925557450
06/07/2024 14:11,London Camden,Anthony Burt,"Regular Iced latte - 2.35, Regular Flavoured hot chocolate - Hazelnut - 2.60, Large Chai latte - 2.60",7.55,CARD,7448920335825196
06/07/2024 14:12,London Camden,Jeffry Hamar,"Regular Flavoured hot chocolate - Hazelnut - 2.60, Regular Flavoured hot chocolate - Hazelnut - 2.60",5.2,CASH,
06/07/2024 14:13,London Camden,Sandra Marshall,"Regular Flavoured hot chocolate - Vanilla - 2.60, Large Luxury hot chocolate - 2.70",5.3,CARD,9819836429185233
06/07/2024 14:13,London Camden,Joan Moore,"Large Hot chocolate - 2.90, Large Flavoured hot chocolate - Vanilla - 2.90",5.8,CARD,9897229984745168
06/07/2024 14:14,London Camden,Lucy Gonzalez,"Regular Flavoured hot chocolate - Hazelnut - 2.60, Large Luxury hot chocolate - 2.70, Large Flavoured hot chocolate - Vanilla - 2.90",8.2,CASH,
06/07/2024 14:15,London Camden,Theresa Scott,"Regular Flavoured latte - Vanilla - 2.55, Large Flavoured latte - Vanilla - 2.85, Regular Flavoured hot chocolate - Hazelnut - 2.60",8.0,CASH,
06/07/2024 14:16,London Camden,Marilyn Pickett,"Regular Iced latte - 2.35, Large Flavoured hot chocolate - Hazelnut - 2.90",5.25,CARD,8833834829040864
06/07/2024 14:17,London Camden,John Stowe,"Large Hot chocolate - 2.90, Regular Flavoured latte - Vanilla - 2.55",5.45,CASH,
06/07/2024 14:18,London Camden,Steve Balkcom,"Regular Luxury hot chocolate - 2.40, Regular Iced latte - 2.35, Regular Flavoured latte - Vanilla - 2.55, Regular Luxury hot chocolate - 2.40, Large Flavoured hot chocolate - Vanilla - 2.90",12.6,CASH,
06/07/2024 14:19,London Camden,Roxanne Johnson,"Regular Luxury hot chocolate - 2.40, Large Chai latte - 2.60, Large Hot chocolate - 2.90, Large Luxury hot chocolate - 2.70, Large Flavoured latte - Vanilla - 2.85, Regular Chai latte - 2.30",15.75,CARD,3812545382549925
06/07/2024 14:20,London Camden,Benito Hughes,Large Flavoured hot chocolate - Vanilla - 2.90,2.9,CARD,8024653169443650
06/07/2024 14:20,London Camden,Gloria Cupples,"Regular Flavoured hot chocolate - Hazelnut - 2.60, Large Flavoured latte - Vanilla - 2.85, Large Flavoured latte - Vanilla - 2.85",8.3,CARD,5837680250913708
06/07/2024 14:21,London Camden,Karen Reid,"Large Flavoured hot chocolate - Vanilla - 2.90, Large Flavoured latte - Vanilla - 2.85, Large Hot chocolate - 2.90, Large Hot chocolate - 2.90, Regular Speciality Tea - Peppermint - 1.30",12.85,CARD,6391613564789469
06/07/2024 14:22,London Camden,Bob Peters,Large Luxury hot chocolate - 2.70,2.7,CASH,
06/07/2024 14:23,London Camden,John Granado,Regular Flavoured hot chocolate - Hazelnut - 2.60,2.6,CASH,
06/07/2024 14:24,London Camden,Debra Fields,"Regular Hot chocolate - 2.20, Regular Hot chocolate - 2.20",4.4,CARD,3946023966787413
06/07/2024 14:25,London Camden,Nellie Williams,"Large Flavoured latte - Vanilla - 2.85, Large Iced latte - 2.85, Large Speciality Tea - Peppermint - 1.60, Regular Chai latte - 2.30",9.6,CARD,6203764111005099
06/07/2024 14:26,London Camden,Cedric Schaefer,"Regular Flavoured hot chocolate - Vanilla - 2.60, Large Hot chocolate - 2.90, Regular Flavoured hot chocolate - Hazelnut - 2.60, Regular Speciality Tea - Peppermint - 1.30",9.4,CARD,5893627894535479
06/07/2024 14:26,London Camden,Hazel Culbert,"Regular Iced latte - 2.35, Large Flavoured latte - Vanilla - 2.85, Large Flavoured latte - Vanilla - 2.85, Large Flavoured latte - Vanilla - 2.85",10.9,CARD,7947255736116931
06/07/2024 14:27,London Camden,Babette Mcilwain,"Regular Flavoured hot chocolate - Vanilla - 2.60, Regular Luxury hot chocolate - 2.40, Large Speciality Tea - Peppermint - 1.60",6.6,CARD,8914585590449600
06/07/2024 14:28,London Camden,Vivian Mellas,"Regular Flavoured latte - Vanilla - 2.55, Regular Luxury hot chocolate - 2.40, Regular Iced latte - 2.35, Large Speciality Tea - Peppermint - 1.60",8.9,CARD,5361965698149893
06/07/2024 14:29,London Camden,David Conley,"Regular Iced latte - 2.35, Regular Iced latte - 2.35, Regular Iced latte - 2.35",7.05,CARD,1528080430131181
06/07/2024 14:30,London Camden,James Howk,"Regular Chai latte - 2.30, Large Chai latte - 2.60, Large Speciality Tea - Peppermint - 1.60",6.5,CARD,1356452009668407
06/07/2024 14:31,London Camden,Winifred Getchell,"Large Flavoured hot chocolate - Vanilla - 2.90, Large Flavoured latte - Vanilla - 2.85, Regular Iced latte - 2.35",8.1,CARD,9585229142095720
06/07/2024 14:32,London Camden,Sandra Denner,"Regular Flavoured latte - Vanilla - 2.55, Large Luxury hot chocolate - 2.70, Regular Luxury hot chocolate - 2.40, Regular Iced latte - 2.35, Regular Flavoured latte - Vanilla - 2.55, Large Iced latte - 2.85",15.4,CARD,3048996075677848
06/07/2024 14:33,London Camden,Gregory Williams,"Large Chai latte - 2.60, Regular Iced latte - 2.35",4.95,CARD,5268291558135387
06/07/2024 14:33,London Camden,Melissa West,"Large Flavoured hot chocolate - Hazelnut - 2.90, Regular Flavoured latte - Vanilla - 2.55, Regular Chai latte - 2.30, Large Flavoured hot chocolate - Vanilla - 2.90, Large Chai latte - 2.60, Regular Chai latte - 2.30",15.55,CARD,5393925600957550
06/07/2024 14:34,London Camden,Amanda Mone,Large Chai latte - 2.60,2.6,CARD,6545545300892945
06/07/2024 14:35,London Camden,Tina Fambrough,"Regular Flavoured hot chocolate - Vanilla - 2.60, Large Flavoured latte - Vanilla - 2.85",5.45,CASH,
06/07/2024 14:36,London Camden,Vera Salcido,"Regular Iced latte - 2.35, Regular Hot chocolate - 2.20",4.55,CARD,1619394984682341
06/07/2024 14:37,London Camden,Shirley Torrey,"Large Flavoured hot chocolate - Vanilla - 2.90, Regular Flavoured latte - Vanilla - 2.55, Large Chai latte - 2.60",8.05,CARD,4304097455255675
06/07/2024 14:38,London Camden,Bobbie Richardson,"Regular Flavoured hot chocolate - Hazelnut - 2.60, Regular Chai latte - 2.30, Regular Flavoured hot chocolate - Hazelnut - 2.60, Regular Hot chocolate - 2.20",9.7,CARD,2201207612275806
06/07/2024 14:39,London Camden,Bill Griffith,"Large Hot chocolate - 2.90, Regular Speciality Tea - Peppermint - 1.30, Regular Flavoured hot chocolate - Hazelnut - 2.60, Large Luxury hot chocolate - 2.70, Regular Iced latte - 2.35",11.85,CASH,
06/07/2024 14:39,London Camden,Theodore Buffington,"Regular Iced latte - 2.35, Large Iced latte - 2.85, Regular Flavoured hot chocolate - Hazelnut - 2.60",7.8,CARD,9996448028754626
06/07/2024 14:40,London Camden,Christopher Aguilera,Regular Flavoured hot chocolate - Hazelnut - 2.60,2.6,CARD,3365476453092846
06/07/2024 14:41,London Camden,Eric Gonzales,"Large Flavoured latte - Vanilla - 2.85, Large Luxury hot chocolate - 2.70, Regular Flavoured hot chocolate - Vanilla - 2.60, Regular Iced latte - 2.35, Regular Luxury hot chocolate - 2.40",12.9,CASH,
06/07/2024 14:42,London Camden,John Pesce,"Regular Flavoured latte - Vanilla - 2.55, Large Hot chocolate - 2.90, Large Flavoured hot chocolate - Vanilla - 2.90, Regular Flavoured hot chocolate - Vanilla - 2.60",10.95,CARD,5878491402381181
06/07/2024 14:43,London Camden,Laura Williams,"Large Speciality Tea - Peppermint - 1.60, Regular Flavoured hot chocolate - Hazelnut - 2.60",4.2,CARD,8126350485103080
06/07/2024 14:44,London Camden,Adam Mills,"Regular Iced latte - 2.35, Large Luxury hot chocolate - 2.70",5.05,CARD,5392986283126131
06/07/2024 14:45,London Camden,Taisha Faltus,Large Hot chocolate - 2.90,2.9,CARD,9075459907756468
06/07/2024 14:46,London Camden,Christopher Kennedy,Large Chai latte - 2.60,2.6,CARD,2537415785907517
06/07/2024 14:46,London Camden,Arturo Sample,Large Flavoured hot chocolate - Hazelnut - 2.90,2.9,CASH,
06/07/2024 14:47,London Camden,Rose Myers,"Large Flavoured hot chocolate - Vanilla - 2.90, Large Luxury hot chocolate - 2.70",5.6,CARD,9727440747672558
06/07/2024 14:48,London Camden,Robert Mccombs,Regular Hot chocolate - 2.20,2.2,CARD,4274133668356518
06/07/2024 14:49,London Camden,Justin Orsborn,Large Speciality Tea - Peppermint - 1.60,1.6,CASH,
06/07/2024 14:50,London Camden,William Blevins,"Regular Flavoured hot chocolate - Vanilla - 2.60, Large Hot chocolate - 2.90, Large Speciality Tea - Peppermint - 1.60, Regular Flavoured hot chocolate - Vanilla - 2.60, Regular Speciality Tea - Peppermint - 1.30, Regular Hot chocolate - 2.20",13.2,CASH,
06/07/2024 14:51,London Camden,Roger Randle,Regular Chai latte - 2.30,2.3,CARD,6786110822650515
06/07/2024 14:52,London Camden,Denise Shoup,"Large Hot chocolate - 2.90, Large Hot chocolate - 2.90, Regular Iced latte - 2.35, Regular Speciality Tea - Peppermint - 1.30, Large Flavoured hot chocolate - Vanilla - 2.90",12.35,CARD,8913070857923673
06/07/2024 14:52,London Camden,Thomas Washington,Large Chai latte - 2.60,2.6,CARD,9579753996561249
06/07/2024 14:53,London Camden,Elizabeth Tauras,"Regular Luxury hot chocolate - 2.40, Large Flavoured hot chocolate - Hazelnut - 2.90",5.3,CASH,
06/07/2024 14:54,London Camden,Kathleen Haag,"Regular Flavoured hot chocolate - Vanilla - 2.60, Regular Flavoured latte - Vanilla - 2.55",5.15,CASH,
06/07/2024 14:55,London Camden,Michelle Coomer,"Large Luxury hot chocolate - 2.70, Regular Flavoured hot chocolate - Hazelnut - 2.60, Regular Iced latte - 2.35, Large Flavoured latte - Vanilla - 2.85, Large Flavoured hot chocolate - Vanilla - 2.90",13.4,CARD,7244158816870620
06/07/2024 14:56,London Camden,Gerald Morrison,"Large Hot chocolate - 2.90, Large Iced latte - 2.85",5.75,CASH,
06/07/2024 14:57,London Camden,Horace Susko,"Large Flavoured hot chocolate - Vanilla - 2.90, Regular Flavoured hot chocolate - Vanilla - 2.60",5.5,CARD,1285931264925200
06/07/2024 14:58,London Camden,Karen Lester,Large Speciality Tea - Peppermint - 1.60,1.6,CARD,7076841232668449
06/07/2024 14:59,London Camden,Raquel Aldridge,"Large Flavoured hot chocolate - Hazelnut - 2.90, Regular Hot chocolate - 2.20, Regular Flavoured latte - Vanilla - 2.55",7.65,CASH,
06/07/2024 14:59,London Camden,Angela Holmes,"Regular Hot chocolate - 2.20, Large Flavoured hot chocolate - Hazelnut - 2.90, Regular Iced latte - 2.35, Large Chai latte - 2.60, Regular Hot chocolate - 2.20, Large Hot chocolate - 2.90",15.15,CARD,3502092734459599
06/07/2024 15:00,London Camden,Kelly Harris,"Large Flavoured hot chocolate - Vanilla - 2.90, Regular Luxury hot chocolate - 2.40, Regular Chai latte - 2.30",7.6,CARD,7045636182021134
06/07/2024 15:01,London Camden,Stefanie Duff,"Large Flavoured hot chocolate - Hazelnut - 2.90, Large Iced latte - 2.85",5.75,CASH,
06/07/2024 15:03,London Camden,Garrett Hinchee,Regular Chai latte - 2.30,2.3,CARD,1482318114332170
06/07/2024 15:04,London Camden,Christie Cook,Large Hot chocolate - 2.90,2.9,CARD,2499001514517894
06/07/2024 15:05,London Camden,Eloise Wade,"Regular Luxury hot chocolate - 2.40, Regular Flavoured latte - Vanilla - 2.55, Large Speciality Tea - Peppermint - 1.60",6.55,CARD,1668782769665109
06/07/2024 15:06,London Camden,Julia Mccabe,Regular Flavoured latte - Vanilla - 2.55,2.55,CARD,1798146703955591
06/07/2024 15:07,London Camden,Jason Mitchell,"Regular Hot chocolate - 2.20, Large Hot chocolate - 2.90, Regular Hot chocolate - 2.20, Regular Luxury hot chocolate - 2.40",9.7,CARD,6142450855853368
06/07/2024 15:08,London Camden,Katrina Gaydosh,"Large Flavoured hot chocolate - Hazelnut - 2.90, Regular Flavoured hot chocolate - Hazelnut - 2.60, Large Chai latte - 2.60",8.1,CARD,1490774575352191
06/07/2024 15:10,London Camden,Robert Alverson,Large Hot chocolate - 2.90,2.9,CASH,
06/07/2024 15:11,London Camden,Marvin Burdell,Large Flavoured latte - Vanilla - 2.85,2.85,CARD,6101720739119321
06/07/2024 15:12,London Camden,Maureen Hunt,Large Iced latte - 2.85,2.85,CARD,8260169207133629
06/07/2024 15:13,London Camden,Stacy Hurley,"Large Speciality Tea - Peppermint - 1.60, Large Speciality Tea - Peppermint - 1.60",3.2,CASH,
06/07/2024 15:14,London Camden,William Strong,Large Iced latte - 2.85,2.85,CARD,2203132569915625
06/07/2024 15:15,London Camden,Janis Adams,"Large Luxury hot chocolate - 2.70, Regular Luxury hot chocolate - 2.40, Large Flavoured hot chocolate - Vanilla - 2.90, Large Hot chocolate - 2.90",10.9,CARD,8850470005447797
06/07/2024 15:17,London Camden,Jose Mosholder,Regular Flavoured hot chocolate - Hazelnut - 2.60,2.6,CASH,
06/07/2024 15:18,London Camden,Josefina Bowman,Regular Flavoured hot chocolate - Hazelnut - 2.60,2.6,CASH,
06/07/2024 15:19,London Camden,Aaron Lehrke,"Regular Hot chocolate - 2.20, Large Luxury hot chocolate - 2.70",4.9,CASH,
06/07/2024 15:20,London Camden,Shawn Cephas,"Regular Flavoured hot chocolate - Hazelnut - 2.60, Regular Iced latte - 2.35, Regular Chai latte - 2.30, Regular Luxury hot chocolate - 2.40",9.65,CARD,7253724172935798
06/07/2024 15:21,London Camden,Madeline Dixon,Regular Iced latte - 2.35,2.35,CARD,2839841596574791
06/07/2024 15:22,London Camden,Martin Carrasco,"Large Luxury hot chocolate - 2.70, Regular Flavoured latte - Vanilla - 2.55",5.25,CARD,5811094428539474
06/07/2024 15:24,London Camden,Theodore Park,"Regular Speciality Tea - Peppermint - 1.30, Regular Flavoured hot chocolate - Vanilla - 2.60, Regular Luxury hot chocolate - 2.40, Large Chai latte - 2.60",8.9,CARD,8548118073195709
06/07/2024 15:25,London Camden,Judith Strecker,"Regular Flavoured latte - Vanilla - 2.55, Large Hot chocolate - 2.90, Regular Flavoured hot chocolate - Vanilla - 2.60",8.05,CARD,3315869112149555
06/07/2024 15:26,London Camden,Philip Batson,"Regular Chai latte - 2.30, Large Flavoured latte - Vanilla - 2.85",5.15,CASH,
06/07/2024 15:27,London Camden,Brian Leary,Large Flavoured hot chocolate - Vanilla - 2.90,2.9,CASH,
06/07/2024 15:28,London Camden,Sandra Thacker,"Large Flavoured hot chocolate - Hazelnut - 2.90, Large Luxury hot chocolate - 2.70, Regular Luxury hot chocolate - 2.40, Regular Speciality Tea - Peppermint - 1.30, Regular Speciality Tea - Peppermint - 1.30",10.6,CARD,8576874961219311
06/07/2024 15:29,London Camden,Thomas Norrell,"Regular Flavoured hot chocolate - Vanilla - 2.60, Large Chai latte - 2.60, Regular Flavoured hot chocolate - Vanilla - 2.60, Regular Hot chocolate - 2.20, Regular Luxury hot chocolate - 2.40, Regular Iced latte - 2.35",14.75,CASH,
06/07/2024 15:31,London Camden,John Rivera,Large Speciality Tea - Peppermint - 1.60,1.6,CASH,
06/07/2024 15:32,London Camden,Joann Yanni,Large Iced latte - 2.85,2.85,CARD,5048614300362682
06/07/2024 15:33,London Camden,Gregory Barker,Large Iced latte - 2.85,2.85,CASH,
06/07/2024 15:34,London Camden,Calvin Hughes,"Regular Hot chocolate - 2.20, Regular Hot chocolate - 2.20, Large Flavoured hot chocolate - Vanilla - 2.90",7.3,CARD,8872144935063118
06/07/2024 15:35,London Camden,Bert Cola,Regular Flavoured hot chocolate - Vanilla - 2.60,2.6,CASH,
06/07/2024 15:36,London Camden,Thomas Jessop,"Large Iced latte - 2.85, Regular Chai latte - 2.30, Regular Speciality Tea - Peppermint - 1.30",6.45,CASH,
06/07/2024 15:38,London Camden,Barbara Mouw,"Large Chai latte - 2.60, Regular Flavoured hot chocolate - Vanilla - 2.60",5.2,CASH,
06/07/2024 15:39,London Camden,Justin Burnette,Large Flavoured latte - Vanilla - 2.85,2.85,CARD,5186405440720790
06/07/2024 15:40,London Camden,Kenneth Cox,Regular Flavoured hot chocolate - Hazelnut - 2.60,2.6,CARD,1300455491538840
06/07/2024 15:41,London Camden,Robert Denton,"Regular Luxury hot chocolate - 2.40, Regular Flavoured latte - Vanilla - 2.55, Regular Chai latte - 2.30, Regular Flavoured hot chocolate - Vanilla - 2.60, Large Hot chocolate - 2.90",12.75,CASH,
06/07/2024 15:42,London Camden,Vincent Blaser,"Large Hot chocolate - 2.90, Regular Flavoured hot chocolate - Hazelnut - 2.60, Large Flavoured hot chocolate - Hazelnut - 2.90, Regular Chai latte - 2.30",10.7,CASH,
06/07/2024 15:43,London Camden,Richard Guertin,"Large Iced latte - 2.85, Regular Flavoured hot chocolate - Vanilla - 2.60, Large Chai latte - 2.60, Regular Iced latte - 2.35",10.4,CARD,6475315200849258
06/07/2024 15:45,London Camden,Raymond Larson,"Regular Flavoured hot chocolate - Vanilla - 2.60, Large Flavoured hot chocolate - Hazelnut - 2.90, Regular Flavoured hot chocolate - Vanilla - 2.60, Large Chai latte - 2.60, Regular Hot chocolate - 2.20",12.9,CARD,7154947010075624
06/07/2024 15:46,London Camden,Richard Hayden,"Large Speciality Tea - Peppermint - 1.60, Regular Speciality Tea - Peppermint - 1.30",2.9,CASH,
06/07/2024 15:47,London Camden,Joanna Betancourt,Regular Luxury hot chocolate - 2.40,2.4,CARD,9761286976674539
06/07/2024 15:48,London Camden,Lewis Smith,Regular Speciality Tea - Peppermint - 1.30,1.3,CARD,5547358476068620
06/07/2024 15:49,London Camden,Deanna Miller,Large Flavoured latte - Vanilla - 2.85,2.85,CASH,
06/07/2024 15:50,London Camden,Nellie Boccella,Regular Speciality Tea - Peppermint - 1.30,1.3,CARD,5747439893871294
06/07/2024 15:52,London Camden,Stephen Richardson,"Large Flavoured latte - Vanilla - 2.85, Large Flavoured hot chocolate - Vanilla - 2.90",5.75,CASH,
06/07/2024 15:53,London Camden,Marie Beasley,"Large Flavoured hot chocolate - Vanilla - 2.90, Large Chai latte - 2.60",5.5,CASH,
06/07/2024 15:54,London Camden,Robert Smith,"Large Flavoured hot chocolate - Hazelnut - 2.90, Regular Chai latte - 2.30, Large Flavoured hot chocolate - Vanilla - 2.90, Regular Flavoured hot chocolate - Vanilla - 2.60, Large Speciality Tea - Peppermint - 1.60",12.3,CARD,4552362016769436
06/07/2024 15:55,London Camden,Jennifer Smith,"Regular Chai latte - 2.30, Large Chai latte - 2.60",4.9,CARD,3379805662060822
06/07/2024 15:56,London Camden,Jane White,Large Luxury hot chocolate - 2.70,2.7,CARD,6100053115100004
06/07/2024 15:57,London Camden,William Reich,Regular Flavoured hot chocolate - Vanilla - 2.60,2.6,CARD,1549731118923707
06/07/2024 15:59,London Camden,Louise Jackson,"Regular Flavoured hot chocolate - Vanilla - 2.60, Large Luxury hot chocolate - 2.70, Regular Hot chocolate - 2.20",7.5,CASH,
06/07/2024 16:00,London Camden,Suzanne Clemmer,"Large Flavoured latte - Vanilla - 2.85, Large Flavoured hot chocolate - Hazelnut - 2.90",5.75,CARD,7398580080769623
06/07/2024 16:02,London Camden,Pauline Schwulst,Large Iced latte - 2.85,2.85,CARD,5162475802478782
06/07/2024 16:04,London Camden,Melissa Avalos,"Large Flavoured hot chocolate - Hazelnut - 2.90, Large Hot chocolate - 2.90, Large Iced latte - 2.85, Large Iced latte - 2.85",11.5,CARD,1757628172932329
06/07/2024 16:06,London Camden,Charles Aiyer,"Regular Iced latte - 2.35, Large Speciality Tea - Peppermint - 1.60, Large Speciality Tea - Peppermint - 1.60",5.55,CARD,8059238446290829
06/07/2024 16:09,London Camden,Dorothy Evans,Large Flavoured latte - Vanilla - 2.85,2.85,CARD,4581009354634975
06/07/2024 16:11,London Camden,Mary Mayorga,"Large Flavoured latte - Vanilla - 2.85, Regular Speciality Tea - Peppermint - 1.30, Large Hot chocolate - 2.90",7.05,CARD,4244726236407661
06/07/2024 16:13,London Camden,Ben Cotton,"Large Luxury hot chocolate - 2.70, Large Speciality Tea - Peppermint - 1.60, Regular Flavoured hot chocolate - Vanilla - 2.60",6.9,CARD,6164953711791426
06/07/2024 16:15,London Camden,Jessenia Hill,"Large Luxury hot chocolate - 2.70, Regular Hot chocolate - 2.20, Regular Flavoured hot chocolate - Hazelnut - 2.60",7.5,CARD,4527178783679007
06/07/2024 16:18,London Camden,Richard Gladden,"Regular Hot chocolate - 2.20, Regular Flavoured hot chocolate - Vanilla - 2.60",4.8,CARD,9495299520135113
06/07/2024 16:20,London Camden,Ronald Smith,Large Speciality Tea - Peppermint - 1.60,1.6,CARD,9673975243635105
06/07/2024 16:22,London Camden,Peter Floyd,"Large Luxury hot chocolate - 2.70, Regular Flavoured latte - Vanilla - 2.55",5.25,CARD,8086281730323749
06/07/2024 16:24,London Camden,Terry Patterson,"Large Chai latte - 2.60, Large Chai latte - 2.60, Large Luxury hot chocolate - 2.70, Large Hot chocolate - 2.90",10.8,CARD,3390218818114741
06/07/2024 16:26,London Camden,Timika Nardo,"Large Flavoured latte - Vanilla - 2.85, Large Speciality Tea - Peppermint - 1.60, Regular Luxury hot chocolate - 2.40",6.85,CASH,
06/07/2024 16:29,London Camden,Brenda Grayson,"Large Luxury hot chocolate - 2.70, Large Iced latte - 2.85, Large Speciality Tea - Peppermint - 1.60",7.15,CARD,8421547429543810
06/07/2024 16:31,London Camden,Anne Lyons,"Regular Speciality Tea - Peppermint - 1.30, Regular Flavoured hot chocolate - Hazelnut - 2.60, Large Luxury hot chocolate - 2.70, Large Hot chocolate - 2.90",9.5,CARD,3853248691140085
06/07/2024 16:33,London Camden,Ann Benedict,Large Speciality Tea - Peppermint - 1.60,1.6,CASH,
06/07/2024 16:35,London Camden,Margot Adams,Large Chai latte - 2.60,2.6,CARD,9208347603867484
06/07/2024 16:37,London Camden,Dustin Ransler,"Large Luxury hot chocolate - 2.70, Large Luxury hot chocolate - 2.70",5.4,CARD,7887186086715121
06/07/2024 16:40,London Camden,Michele Walker,"Regular Speciality Tea - Peppermint - 1.30, Regular Hot chocolate - 2.20, Large Flavoured hot chocolate - Hazelnut - 2.90",6.4,CASH,
06/07/2024 16:42,London Camden,William Askew,"Regular Chai latte - 2.30, Regular Flavoured latte - Vanilla - 2.55",4.85,CARD,3974824740245816
06/07/2024 16:44,London Camden,Gary Lansdale,"Regular Luxury hot chocolate - 2.40, Regular Flavoured latte - Vanilla - 2.55, Large Flavoured latte - Vanilla - 2.85",7.8,CARD,1496913630952902
06/07/2024 16:46,London Camden,Kenneth Hefty,"Regular Luxury hot chocolate - 2.40, Regular Flavoured hot chocolate - Vanilla - 2.60, Large Speciality Tea - Peppermint - 1.60, Regular Flavoured latte - Vanilla - 2.55",9.15,CARD,3818518402418313
06/07/2024 16:49,London Camden,Christie Stallings,"Regular Hot chocolate - 2.20, Large Luxury hot chocolate - 2.70, Large Flavoured hot chocolate - Vanilla - 2.90, Regular Iced latte - 2.35",10.15,CASH,
06/07/2024 16:51,London Camden,Samantha Gow,"Large Chai latte - 2.60, Regular Flavoured latte - Vanilla - 2.55, Regular Speciality Tea - Peppermint - 1.30, Regular Flavoured latte - Vanilla - 2.55, Regular Flavoured hot chocolate - Hazelnut - 2.60",11.6,CARD,5023912434906683
06/07/2024 16:53,London Camden,William Edsall,"Regular Hot chocolate - 2.20, Regular Speciality Tea - Peppermint - 1.30",3.5,CARD,6418465584373851
06/07/2024 16:55,London Camden,Jacqueline Davis,"Large Iced latte - 2.85, Regular Iced latte - 2.35, Regular Chai latte - 2.30, Regular Iced latte - 2.35, Large Flavoured hot chocolate - Vanilla - 2.90, Regular Flavoured latte - Vanilla - 2.55",15.3,CASH,
06/07/2024 16:57,London Camden,Margaret Quarles,Large Luxury hot chocolate - 2.70,2.7,CASH,
