06/07/2024 08:00,London Brixton,Deshawn Aiello,"Regular Smoothies - Glowing Greens - 2.00, Regular Espresso - 1.50",3.5,CARD,6137179949312469
06/07/2024 08:00,London Brixton,Kelli Luckenbach,"Regular Iced americano - 2.15, Regular Hot chocolate - 2.20, Regular Speciality Tea - Earl Grey - 1.30",5.65,CASH,
06/07/2024 08:01,London Brixton,Archie Franks,"Regular Frappes - Strawberries & Cream - 2.75, Large Speciality Tea - Earl Grey - 1.60, Large Hot chocolate - 2.90, Regular Hot chocolate - 2.20",9.45,CARD,6140374986056761
06/07/2024 08:02,London Brixton,Jessica Woll,"Large Smoothies - Glowing Greens - 2.50, Regular Smoothies - Carrot Kick - 2.00, Large Iced americano - 2.50",7.0,CARD,8859846102650295
06/07/2024 08:03,London Brixton,Helen Scott,"Regular Iced americano - 2.15, Large Speciality Tea - Earl Grey - 1.60, Large Speciality Tea - Earl Grey - 1.60, Large Iced americano - 2.50",7.85,CARD,2155765482466354
06/07/2024 08:04,London Brixton,Larry Eichler,"Large Speciality Tea - Earl Grey - 1.60, Regular Smoothies - Glowing Greens - 2.00",3.6,CARD,9622590882993831
06/07/2024 08:05,London Brixton,Fannie Botkins,"Large Iced americano - 2.50, Regular Espresso - 1.50",4.0,CARD,6022138724080276
06/07/2024 08:06,London Brixton,Scott Peters,Large Hot chocolate - 2.90,2.9,CASH,
06/07/2024 08:07,London Brixton,Kelly Campbell,"Large Cappuccino - 2.45, Regular Iced americano - 2.15, Regular Iced americano - 2.15, Large Hot chocolate - 2.90",9.65,CARD,8008939194623550
06/07/2024 08:08,London Brixton,Luz Phillips,"Regular Speciality Tea - Earl Grey - 1.30, Regular Cappuccino - 2.15",3.45,CASH,
06/07/2024 08:09,London Brixton,Nancy Gream,Large Speciality Tea - Earl Grey - 1.60,1.6,CASH,
06/07/2024 08:10,London Brixton,William Meyer,"Regular Frappes - Strawberries & Cream - 2.75, Regular Cappuccino - 2.15, Large Iced americano - 2.50",7.4,CARD,8560111260176567
06/07/2024 08:11,London Brixton,Tracy Skees,"Large Smoothies - Glowing Greens - 2.50, Large Cappuccino - 2.45, Regular Espresso - 1.50, Regular Hot chocolate - 2.20, Large Speciality Tea - Earl Grey - 1.60, Regular Cappuccino - 2.15",12.4,CARD,5923844937140482
06/07/2024 08:12,London Brixton,Scott Johnson,"Large Cappuccino - 2.45, Large Iced americano - 2.50",4.95,CARD,4924568077215427
06/07/2024 08:13,London Brixton,Linda King,Large Espresso - 1.80,1.8,CARD,8045431334945335
06/07/2024 08:14,London Brixton,Barry Curl,"Regular Smoothies - Glowing Greens - 2.00, Regular Espresso - 1.50, Regular Speciality Tea - Earl Grey - 1.30",4.8,CARD,5703711562550944
06/07/2024 08:15,London Brixton,Tom Brunson,"Regular Smoothies - Carrot Kick - 2.00, Regular Espresso - 1.50, Regular Iced americano - 2.15, Large Iced americano - 2.50, Regular Espresso - 1.50",9.65,CARD,4871181740515983
06/07/2024 08:16,London Brixton,Charles Persaud,"Regular Hot chocolate - 2.20, Regular Iced americano - 2.15, Regular Iced americano - 2.15, Large Iced americano - 2.50, Regular Iced americano - 2.15",11.15,CARD,5891650213642630
06/07/2024 08:17,London Brixton,Barbara Mojica,"Regular Iced americano - 2.15, Large Frappes - Strawberries & Cream - 3.25, Large Smoothies - Glowing Greens - 2.50",7.9,CARD,4045101429655514
06/07/2024 08:18,London Brixton,Tracy Grimes,"Regular Smoothies - Glowing Greens - 2.00, Large Speciality Tea - Earl Grey - 1.60, Regular Frappes - Strawberries & Cream - 2.75, Regular Smoothies - Glowing Greens - 2.00, Large Smoothies - Glowing Greens - 2.50",10.85,CASH,
06/07/2024 08:19,London Brixton,Terri Rogers,"Regular Hot chocolate - 2.20, Regular Espresso - 1.50, Large Hot chocolate - 2.90, Regular Smoothies - Glowing Greens - 2.00, Regular Espresso - 1.50",10.1,CARD,8463933157302823
06/07/2024 08:20,London Brixton,William Miles,"Large Smoothies - Glowing Greens - 2.50, Large Iced americano - 2.50, Regular Cappuccino - 2.15, Regular Hot chocolate - 2.20",9.35,CARD,9631706642955777
06/07/2024 08:21,London Brixton,Evelyn Giddens,"Regular Smoothies - Carrot Kick - 2.00, Large Hot chocolate - 2.90, Regular Speciality Tea - Earl Grey - 1.30, Regular Smoothies - Carrot Kick - 2.00",8.2,CARD,5338897938437604
06/07/2024 08:22,London Brixton,Danielle Hoffman,Regular Iced americano - 2.15,2.15,CARD,8194085208362816
06/07/2024 08:23,London Brixton,David Harber,"Large Iced americano - 2.50, Large Speciality Tea - Earl Grey - 1.60, Regular Frappes - Strawberries & Cream - 2.75, Regular Espresso - 1.50",8.35,CASH,
06/07/2024 08:24,London Brixton,Cynthia Butler,Regular Smoothies - Glowing Greens - 2.00,2.0,CARD,5870905617923599
06/07/2024 08:25,London Brixton,Mary Rieben,"Large Smoothies - Glowing Greens - 2.50, Regular Hot chocolate - 2.20",4.7,CARD,3995301808739784
06/07/2024 08:26,London Brixton,Marion Withers,"Large Speciality Tea - Earl Grey - 1.60, Large Speciality Tea - Earl Grey - 1.60, Regular Frappes - Strawberries & Cream - 2.75, Large Espresso - 1.80",7.75,CASH,
06/07/2024 08:27,London Brixton,Robert Stockburger,Large Smoothies - Carrot Kick - 2.50,2.5,CARD,6673333421081748
06/07/2024 08:28,London Brixton,Jeremy Jones,"Large Speciality Tea - Earl Grey - 1.60, Regular Hot chocolate - 2.20, Regular Speciality Tea - Earl Grey - 1.30",5.1,CARD,8182160622066085
06/07/2024 08:29,London Brixton,Greg Douglas,Regular Smoothies - Carrot Kick - 2.00,2.0,CARD,3799149929789144
06/07/2024 08:30,London Brixton,Anna Palmer,"Large Frappes - Strawberries & Cream - 3.25, Regular Frappes - Strawberries & Cream - 2.75, Large Frappes - Strawberries & Cream - 3.25",9.25,CARD,1588082178294361
06/07/2024 08:31,London Brixton,Jack Grimes,"Large Espresso - 1.80, Regular Smoothies - Glowing Greens - 2.00",3.8,CARD,4859445525806100
06/07/2024 08:32,London Brixton,Margaret Maust,"Large Smoothies - Glowing Greens - 2.50, Regular Hot chocolate - 2.20, Regular Hot chocolate - 2.20",6.9,CARD,9084905205101845
06/07/2024 08:33,London Brixton,Eleanor Shepperd,"Large Hot chocolate - 2.90, Regular Smoothies - Glowing Greens - 2.00, Large Smoothies - Carrot Kick - 2.50, Large Iced americano - 2.50",9.9,CARD,7644368992595406
06/07/2024 08:34,London Brixton,Leah Willis,Regular Smoothies - Carrot Kick - 2.00,2.0,CASH,
06/07/2024 08:35,London Brixton,Lance Driggers,"Large Frappes - Strawberries & Cream - 3.25, Regular Hot chocolate - 2.20",5.45,CASH,
06/07/2024 08:36,London Brixton,Ruby Mejia,Regular Iced americano - 2.15,2.15,CARD,7351872709705389
06/07/2024 08:37,London Brixton,Carol Bertram,"Large Hot chocolate - 2.90, Large Iced americano - 2.50",5.4,CASH,
06/07/2024 08:38,London Brixton,Gary Davis,"Large Cappuccino - 2.45, Large Espresso - 1.80",4.25,CARD,5055522989075657
06/07/2024 08:39,London Brixton,Lena Murray,"Regular Smoothies - Glowing Greens - 2.00, Regular Smoothies - Carrot Kick - 2.00, Regular Speciality Tea - Earl Grey - 1.30, Regular Smoothies - Carrot Kick - 2.00, Large Iced americano - 2.50",9.8,CARD,2696681018658553
06/07/2024 08:40,London Brixton,Kayleigh Dorsey,"Regular Iced americano - 2.15, Regular Cappuccino - 2.15",4.3,CARD,2712034910216091
06/07/2024 08:41,London Brixton,Donald Warner,"Large Iced americano - 2.50, Regular Smoothies - Carrot Kick - 2.00, Large Hot chocolate - 2.90, Regular Speciality Tea - Earl Grey - 1.30, Regular Cappuccino - 2.15, Large Smoothies - Carrot Kick - 2.50",13.35,CARD,3208585778712728
06/07/2024 08:42,London Brixton,Sandra Bonner,"Large Frappes - Strawberries & Cream - 3.25, Regular Speciality Tea - Earl Grey - 1.30, Large Iced americano - 2.50, Regular Smoothies - Glowing Greens - 2.00, Large Speciality Tea - Earl Grey - 1.60, Regular Frappes - Strawberries & Cream - 2.75",13.4,CARD,4286666882057371
06/07/2024 08:43,London Brixton,Mark Mestler,"Large Espresso - 1.80, Large Cappuccino - 2.45, Regular Smoothies - Carrot Kick - 2.00",6.25,CARD,1568242902968638
06/07/2024 08:44,London Brixton,Oliver Simmons,Large Cappuccino - 2.45,2.45,CARD,1640807453244990
06/07/2024 08:45,London Brixton,Loretta Smith,Large Iced americano - 2.50,2.5,CARD,3031840049469328
06/07/2024 08:46,London Brixton,Dante Armagost,"Regular Iced americano - 2.15, Large Hot chocolate - 2.90, Regular Hot chocolate - 2.20, Large Cappuccino - 2.45, Regular Hot chocolate - 2.20, Regular Cappuccino - 2.15",14.05,CARD,6604496387733922
06/07/2024 08:47,London Brixton,Magda Baim,"Large Frappes - Strawberries & Cream - 3.25, Regular Smoothies - Glowing Greens - 2.00, Regular Speciality Tea - Earl Grey - 1.30, Large Iced americano - 2.50",9.05,CARD,6268833480588000
06/07/2024 08:48,London Brixton,Debra Robuck,"Regular Speciality Tea - Earl Grey - 1.30, Large Cappuccino - 2.45, Large Smoothies - Carrot Kick - 2.50",6.25,CARD,8676585996981263
06/07/2024 08:49,London Brixton,Pamela Wells,"Large Hot chocolate - 2.90, Large Cappuccino - 2.45",5.35,CASH,
06/07/2024 08:50,London Brixton,Randall Gordon,"Large Smoothies - Glowing Greens - 2.50, Regular Iced americano - 2.15, Large Cappuccino - 2.45, Regular Espresso - 1.50",8.6,CARD,2631968544741224
06/07/2024 08:51,London Brixton,Luis Huynh,Large Cappuccino - 2.45,2.45,CARD,7495183676629630
06/07/2024 08:52,London Brixton,Billy Hampton,"Regular Speciality Tea - Earl Grey - 1.30, Large Smoothies - Glowing Greens - 2.50, Large Frappes - Strawberries & Cream - 3.25",7.05,CASH,
06/07/2024 08:53,London Brixton,Carl Smith,"Large Espresso - 1.80, Regular Smoothies - Glowing Greens - 2.00",3.8,CARD,9850565213757599
06/07/2024 08:54,London Brixton,Lisa Clay,Large Frappes - Strawberries & Cream - 3.25,3.25,CARD,3178113026226240
06/07/2024 08:55,London Brixton,Judy Brown,"Large Iced americano - 2.50, Large Smoothies - Carrot Kick - 2.50",5.0,CARD,1029110404911769
06/07/2024 08:56,London Brixton,Thomas Huynh,"Large Iced americano - 2.50, Regular Speciality Tea - Earl Grey - 1.30, Regular Hot chocolate - 2.20, Regular Cappuccino - 2.15",8.15,CARD,1125641091365327
06/07/2024 08:57,London Brixton,Helen Salvatore,"Regular Frappes - Strawberries & Cream - 2.75, Regular Frappes - Strawberries & Cream - 2.75, Regular Cappuccino - 2.15",7.65,CARD,6235052661542984
06/07/2024 08:58,London Brixton,Joyce Bronson,"Large Frappes - Strawberries & Cream - 3.25, Regular Iced americano - 2.15, Regular Hot chocolate - 2.20, Large Iced americano - 2.50",10.1,CASH,
06/07/2024 08:59,London Brixton,Paul Gowers,Large Speciality Tea - Earl Grey - 1.60,1.6,CASH,
06/07/2024 08:59,London Brixton,Christopher Thielen,Regular Hot chocolate - 2.20,2.2,CARD,2150857528834926
06/07/2024 09:00,London Brixton,Luella Cuellar,"Large Cappuccino - 2.45, Regular Smoothies - Carrot Kick - 2.00, Large Hot chocolate - 2.90, Regular Hot chocolate - 2.20",9.55,CARD,7209748280660800
06/07/2024 09:02,London Brixton,Quinton Carter,"Regular Speciality Tea - Earl Grey - 1.30, Large Hot chocolate - 2.90, Regular Smoothies - Glowing Greens - 2.00",6.2,CARD,8404890066246956
06/07/2024 09:03,London Brixton,Bill Hemmings,"Large Frappes - Strawberries & Cream - 3.25, Large Frappes - Strawberries & Cream - 3.25, Large Speciality Tea - Earl Grey - 1.60",8.1,CASH,
06/07/2024 09:04,London Brixton,Cameron Kaiser,Regular Iced americano - 2.15,2.15,CARD,3497083921642109
06/07/2024 09:05,London Brixton,Pat Bellamy,Regular Espresso - 1.50,1.5,CARD,4803729387291732
06/07/2024 09:06,London Brixton,Mark Schlitz,Large Speciality Tea - Earl Grey - 1.60,1.6,CARD,9541686164856283
06/07/2024 09:07,London Brixton,Berta Shaffer,"Large Smoothies - Glowing Greens - 2.50, Large Espresso - 1.80",4.3,CASH,
06/07/2024 09:09,London Brixton,Joan Jones,Large Speciality Tea - Earl Grey - 1.60,1.6,CARD,8792888381412306
06/07/2024 09:10,London Brixton,Harold Jennings,Large Cappuccino - 2.45,2.45,CARD,6475962060112627
06/07/2024 09:11,London Brixton,Harvey Mcevoy,"Large Smoothies - Glowing Greens - 2.50, Large Cappuccino - 2.45, Large Frappes - Strawberries & Cream - 3.25, Regular Iced americano - 2.15",10.35,CASH,
06/07/2024 09:12,London Brixton,Blanca Williams,"Large Hot chocolate - 2.90, Large Hot chocolate - 2.90, Regular Cappuccino - 2.15",7.95,CARD,6620198112309348
06/07/2024 09:13,London Brixton,Ehtel Dickinson,Regular Hot chocolate - 2.20,2.2,CARD,7299616356523325
06/07/2024 09:14,London Brixton,Clemencia Salem,"Large Espresso - 1.80, Regular Speciality Tea - Earl Grey - 1.30",3.1,CASH,
06/07/2024 09:16,London Brixton,Cecil Field,"Large Speciality Tea - Earl Grey - 1.60, Large Smoothies - Glowing Greens - 2.50, Large Hot chocolate - 2.90",7.0,CARD,2378331460868088
06/07/2024 09:17,London Brixton,Raul Chaidez,Large Smoothies - Glowing Greens - 2.50,2.5,CASH,
06/07/2024 09:18,London Brixton,Mary Cook,"Regular Cappuccino - 2.15, Large Speciality Tea - Earl Grey - 1.60",3.75,CARD,2982579973419937
06/07/2024 09:19,London Brixton,Sharon Jolin,"Large Speciality Tea - Earl Grey - 1.60, Regular Hot chocolate - 2.20, Large Smoothies - Carrot Kick - 2.50, Regular Smoothies - Glowing Greens - 2.00",8.3,CASH,
06/07/2024 09:20,London Brixton,Robert Toddy,"Regular Cappuccino - 2.15, Regular Iced americano - 2.15, Regular Smoothies - Carrot Kick - 2.00",6.3,CASH,
06/07/2024 09:21,London Brixton,Joseph Fields,"Large Smoothies - Carrot Kick - 2.50, Regular Hot chocolate - 2.20, Large Speciality Tea - Earl Grey - 1.60, Large Cappuccino - 2.45",8.75,CARD,9934235607585558
06/07/2024 09:23,London Brixton,Linda Soto,"Regular Frappes - Strawberries & Cream - 2.75, Regular Speciality Tea - Earl Grey - 1.30, Large Frappes - Strawberries & Cream - 3.25",7.3,CARD,1280594692106801
06/07/2024 09:24,London Brixton,Donald Leon,"Regular Frappes - Strawberries & Cream - 2.75, Large Smoothies - Glowing Greens - 2.50, Regular Iced americano - 2.15",7.4,CARD,2945776302963386
06/07/2024 09:25,London Brixton,Ira Wurzbacher,Large Frappes - Strawberries & Cream - 3.25,3.25,CARD,3239323460771685
06/07/2024 09:26,London Brixton,Clifford Henderson,"Regular Espresso - 1.50, Large Iced americano - 2.50, Large Speciality Tea - Earl Grey - 1.60",5.6,CARD,7066626852230190
06/07/2024 09:27,London Brixton,Edward Torres,"Large Hot chocolate - 2.90, Regular Hot chocolate - 2.20, Regular Smoothies - Glowing Greens - 2.00",7.1,CASH,
06/07/2024 09:28,London Brixton,Connie Williams,"Regular Espresso - 1.50, Regular Espresso - 1.50, Regular Smoothies - Carrot Kick - 2.00",5.0,CASH,
06/07/2024 09:30,London Brixton,Laura Hawkins,"Regular Smoothies - Glowing Greens - 2.00, Large Smoothies - Glowing Greens - 2.50",4.5,CASH,
06/07/2024 09:31,London Brixton,Joe Chiarito,"Large Frappes - Strawberries & Cream - 3.25, Large Cappuccino - 2.45",5.7,CARD,5393300831346869
06/07/2024 09:32,London Brixton,Kimberly Read,Regular Smoothies - Glowing Greens - 2.00,2.0,CASH,
06/07/2024 09:33,London Brixton,John Bryant,Large Speciality Tea - Earl Grey - 1.60,1.6,CASH,
06/07/2024 09:34,London Brixton,Nancy Bonita,Regular Iced americano - 2.15,2.15,CARD,5136625970357031
06/07/2024 09:35,London Brixton,Kevin Ford,"Regular Smoothies - Glowing Greens - 2.00, Regular Smoothies - Glowing Greens - 2.00, Large Frappes - Strawberries & Cream - 3.25",7.25,CARD,4625667648027284
06/07/2024 09:37,London Brixton,Regina Myers,Regular Iced americano - 2.15,2.15,CARD,9927457384471782
06/07/2024 09:38,London Brixton,Katie Daugherty,"Large Hot chocolate - 2.90, Regular Smoothies - Carrot Kick - 2.00, Large Smoothies - Glowing Greens - 2.50",7.4,CASH,
06/07/2024 09:39,London Brixton,Kenneth Holifield,"Regular Espresso - 1.50, Regular Smoothies - Carrot Kick - 2.00, Large Cappuccino - 2.45",5.95,CARD,7818212861154830
06/07/2024 09:40,London Brixton,Diana Trudeau,"Regular Speciality Tea - Earl Grey - 1.30, Large Frappes - Strawberries & Cream - 3.25, Regular Cappuccino - 2.15",6.7,CARD,6520926199513779
06/07/2024 09:41,London Brixton,Jeannette Stewart,"Large Iced americano - 2.50, Regular Smoothies - Glowing Greens - 2.00, Large Hot chocolate - 2.90, Regular Speciality Tea - Earl Grey - 1.30, Large Espresso - 1.80",10.5,CARD,7817038125487712
06/07/2024 09:42,London Brixton,Kelley Budd,Regular Cappuccino - 2.15,2.15,CASH,
06/07/2024 09:44,London Brixton,Anthony Reese,"Regular Hot chocolate - 2.20, Large Iced americano - 2.50",4.7,CARD,7649683661966937
06/07/2024 09:45,London Brixton,Troy Roscoe,"Large Smoothies - Carrot Kick - 2.50, Regular Iced americano - 2.15, Large Iced americano - 2.50, Large Smoothies - Carrot Kick - 2.50",9.65,CARD,3033502798484645
06/07/2024 09:46,London Brixton,Victoria Ziminski,"Large Cappuccino - 2.45, Large Iced americano - 2.50, Large Espresso - 1.80",6.75,CARD,8891131752291983
06/07/2024 09:47,London Brixton,Karen Breedlove,"Large Speciality Tea - Earl Grey - 1.60, Regular Iced americano - 2.15, Large Iced americano - 2.50, Regular Iced americano - 2.15",8.4,CARD,6636285215372625
06/07/2024 09:48,London Brixton,Andrew Lefevre,"Large Iced americano - 2.50, Regular Speciality Tea - Earl Grey - 1.30, Regular Speciality Tea - Earl Grey - 1.30",5.1,CARD,6555862231725937
06/07/2024 09:49,London Brixton,Joseph Washam,"Regular Speciality Tea - Earl Grey - 1.30, Regular Speciality Tea - Earl Grey - 1.30, Regular Espresso - 1.50",4.1,CASH,
06/07/2024 09:51,London Brixton,Jackie Macqueen,"Large Iced americano - 2.50, Regular Hot chocolate - 2.20, Regular Frappes - Strawberries & Cream - 2.75, Regular Iced americano - 2.15, Regular Smoothies - Carrot Kick - 2.00, Large Speciality Tea - Earl Grey - 1.60",13.2,CARD,2293770693183822
06/07/2024 09:52,London Brixton,Kevin Smith,"Large Espresso - 1.80, Regular Hot chocolate - 2.20",4.0,CARD,9367161693534463
06/07/2024 09:53,London Brixton,Agnes Hickey,"Large Speciality Tea - Earl Grey - 1.60, Regular Speciality Tea - Earl Grey - 1.30, Regular Cappuccino - 2.15",5.05,CARD,5603445546550785
06/07/2024 09:54,London Brixton,Marie Fontenot,"Regular Frappes - Strawberries & Cream - 2.75, Regular Frappes - Strawberries & Cream - 2.75",5.5,CASH,
06/07/2024 09:55,London Brixton,Sarah Berglund,"Large Frappes - Strawberries & Cream - 3.25, Large Hot chocolate - 2.90, Large Speciality Tea - Earl Grey - 1.60",7.75,CARD,4412804280875420
06/07/2024 09:56,London Brixton,Rachel Calo,"Regular Espresso - 1.50, Large Iced americano - 2.50",4.0,CARD,9140385647368929
06/07/2024 09:58,London Brixton,Le Green,"Large Frappes - Strawberries & Cream - 3.25, Regular Speciality Tea - Earl Grey - 1.30, Large Frappes - Strawberries & Cream - 3.25, Regular Espresso - 1.50, Regular Iced americano - 2.15",11.45,CARD,5121052932077702
06/07/2024 09:59,London Brixton,Lynn Holmes,"Regular Smoothies - Glowing Greens - 2.00, Large Smoothies - Glowing Greens - 2.50, Large Cappuccino - 2.45, Large Hot chocolate - 2.90, Regular Smoothies - Carrot Kick - 2.00",11.85,CASH,
06/07/2024 10:00,London Brixton,Judy Wyckoff,"Regular Cappuccino - 2.15, Regular Cappuccino - 2.15, Large Iced americano - 2.50",6.8,CARD,8097691593261632
06/07/2024 10:01,London Brixton,Lauren Potts,"Regular Espresso - 1.50, Large Smoothies - Carrot Kick - 2.50",4.0,CARD,4239547179883120
06/07/2024 10:02,London Brixton,Joseph Banister,"Large Smoothies - Glowing Greens - 2.50, Regular Smoothies - Carrot Kick - 2.00",4.5,CARD,6573383905386472
06/07/2024 10:03,London Brixton,Petra Carter,Large Frappes - Strawberries & Cream - 3.25,3.25,CARD,4896307686070839
06/07/2024 10:05,London Brixton,Troy Mccommons,"Large Iced americano - 2.50, Large Frappes - Strawberries & Cream - 3.25, Regular Smoothies - Glowing Greens - 2.00, Regular Hot chocolate - 2.20, Large Espresso - 1.80",11.75,CARD,2842875894066645
06/07/2024 10:06,London Brixton,Mike Hector,"Large Iced americano - 2.50, Large Hot chocolate - 2.90, Large Iced americano - 2.50",7.9,CASH,
06/07/2024 10:07,London Brixton,Ira Redfox,"Large Smoothies - Glowing Greens - 2.50, Large Espresso - 1.80",4.3,CARD,3448200876563306
06/07/2024 10:08,London Brixton,Richard Ferguson,Large Smoothies - Glowing Greens - 2.50,2.5,CARD,4951293284428497
06/07/2024 10:09,London Brixton,Ellen Sweet,"Large Iced americano - 2.50, Large Smoothies - Carrot Kick - 2.50",5.0,CARD,3319560034694323
06/07/2024 10:10,London Brixton,Howard Anderson,"Large Speciality Tea - Earl Grey - 1.60, Regular Hot chocolate - 2.20",3.8,CARD,1203576924917860
06/07/2024 10:12,London Brixton,David Halloway,"Regular Smoothies - Carrot Kick - 2.00, Large Iced americano - 2.50, Large Smoothies - Glowing Greens - 2.50, Regular Smoothies - Glowing Greens - 2.00, Large Smoothies - Carrot Kick - 2.50, Large Espresso - 1.80",13.3,CASH,
06/07/2024 10:13,London Brixton,Henry Mayes,"Large Speciality Tea - Earl Grey - 1.60, Large Smoothies - Carrot Kick - 2.50",4.1,CARD,1371106086498938
06/07/2024 10:14,London Brixton,Mary Metzger,"Regular Iced americano - 2.15, Regular Speciality Tea - Earl Grey - 1.30, Regular Smoothies - Glowing Greens - 2.00, Large Espresso - 1.80, Large Hot chocolate - 2.90",10.15,CASH,
06/07/2024 10:15,London Brixton,Nancy Green,"Large Speciality Tea - Earl Grey - 1.60, Large Iced americano - 2.50, Large Smoothies - Glowing Greens - 2.50",6.6,CARD,9663730335555148
06/07/2024 10:16,London Brixton,Mary Jenkins,"Large Frappes - Strawberries & Cream - 3.25, Regular Iced americano - 2.15, Large Smoothies - Glowing Greens - 2.50",7.9,CARD,8749801776073431
06/07/2024 10:17,London Brixton,Lisa Adams,Regular Espresso - 1.50,1.5,CARD,1430219505276224
06/07/2024 10:19,London Brixton,Audrey Lang,"Regular Smoothies - Carrot Kick - 2.00, Regular Cappuccino - 2.15",4.15,CASH,
06/07/2024 10:20,London Brixton,Valerie Koenig,"Large Hot chocolate - 2.90, Large Smoothies - Glowing Greens - 2.50, Regular Speciality Tea - Earl Grey - 1.30, Regular Speciality Tea - Earl Grey - 1.30, Regular Hot chocolate - 2.20",10.2,CARD,7536081148858795
06/07/2024 10:21,London Brixton,Margaret Nquyen,"Regular Iced americano - 2.15, Regular Espresso - 1.50, Large Smoothies - Carrot Kick - 2.50, Regular Smoothies - Carrot Kick - 2.00, Regular Smoothies - Glowing Greens - 2.00, Regular Speciality Tea - Earl Grey - 1.30",11.45,CARD,3764555188643203
06/07/2024 10:22,London Brixton,David Mejias,"Regular Smoothies - Carrot Kick - 2.00, Large Iced americano - 2.50",4.5,CARD,1378296720570043
06/07/2024 10:23,London Brixton,William Mankel,Large Smoothies - Carrot Kick - 2.50,2.5,CARD,4810275875551112
06/07/2024 10:24,London Brixton,Teresa Smith,"Large Espresso - 1.80, Regular Espresso - 1.50",3.3,CARD,5003577475473468
06/07/2024 10:26,London Brixton,Ross Mosher,"Large Hot chocolate - 2.90, Regular Smoothies - Carrot Kick - 2.00, Regular Smoothies - Carrot Kick - 2.00",6.9,CASH,
06/07/2024 10:27,London Brixton,Don Loske,"Large Speciality Tea - Earl Grey - 1.60, Regular Iced americano - 2.15, Large Iced americano - 2.50, Regular Hot chocolate - 2.20",8.45,CASH,
06/07/2024 10:28,London Brixton,Kenneth Heiman,Large Smoothies - Glowing Greens - 2.50,2.5,CARD,6357360006170414
06/07/2024 10:29,London Brixton,Robert Costello,"Regular Frappes - Strawberries & Cream - 2.75, Regular Hot chocolate - 2.20, Large Hot chocolate - 2.90, Regular Smoothies - Glowing Greens - 2.00",9.85,CASH,
06/07/2024 10:30,London Brixton,Barbara Steppe,Large Cappuccino - 2.45,2.45,CASH,
06/07/2024 10:31,London Brixton,Cody Cruz,"Large Iced americano - 2.50, Regular Smoothies - Carrot Kick - 2.00, Large Hot chocolate - 2.90",7.4,CARD,5431776655260274
06/07/2024 10:33,London Brixton,Carol Mcnair,"Regular Smoothies - Glowing Greens - 2.00, Large Espresso - 1.80",3.8,CARD,9263350849458939
06/07/2024 10:34,London Brixton,Rosanna Bahr,Large Iced americano - 2.50,2.5,CARD,7274400158335943
06/07/2024 10:35,London Brixton,Ross Simmons,Regular Smoothies - Carrot Kick - 2.00,2.0,CARD,6597957097766968
06/07/2024 10:36,London Brixton,Lydia Lucas,"Large Smoothies - Glowing Greens - 2.50, Regular Iced americano - 2.15, Regular Cappuccino - 2.15",6.8,CASH,
06/07/2024 10:37,London Brixton,Joel Walker,"Regular Frappes - Strawberries & Cream - 2.75, Regular Smoothies - Carrot Kick - 2.00, Large Hot chocolate - 2.90",7.65,CARD,4972201027082232
06/07/2024 10:38,London Brixton,Michael Evans,"Large Cappuccino - 2.45, Large Frappes - Strawberries & Cream - 3.25",5.7,CARD,2022890594793111
06/07/2024 10:40,London Brixton,William Desantis,"Large Speciality Tea - Earl Grey - 1.60, Regular Espresso - 1.50",3.1,CARD,6314191512008676
06/07/2024 10:41,London Brixton,Kerry Arnold,"Large Iced americano - 2.50, Large Iced americano - 2.50, Large Smoothies - Glowing Greens - 2.50, Regular Hot chocolate - 2.20, Large Smoothies - Glowing Greens - 2.50",12.2,CARD,7465863494636641
06/07/2024 10:42,London Brixton,William Gonzales,Large Smoothies - Carrot Kick - 2.50,2.5,CARD,2506233060396249
06/07/2024 10:43,London Brixton,Andrew Silver,"Regular Smoothies - Glowing Greens - 2.00, Large Hot chocolate - 2.90, Large Speciality Tea - Earl Grey - 1.60",6.5,CARD,6990497846292482
06/07/2024 10:44,London Brixton,Diana Alcaraz,"Large Cappuccino - 2.45, Regular Speciality Tea - Earl Grey - 1.30, Regular Cappuccino - 2.15, Regular Smoothies - Carrot Kick - 2.00",7.9,CARD,9307234325221044
06/07/2024 10:45,London Brixton,Lester Kirkpatrick,"Regular Speciality Tea - Earl Grey - 1.30, Large Hot chocolate - 2.90, Large Smoothies - Glowing Greens - 2.50",6.7,CARD,7447771666267761
06/07/2024 10:47,London Brixton,Dawn Ford,Large Smoothies - Glowing Greens - 2.50,2.5,CARD,1881217592126946
06/07/2024 10:48,London Brixton,Carlos West,"Regular Iced americano - 2.15, Large Smoothies - Carrot Kick - 2.50",4.65,CARD,1544614920354999
06/07/2024 10:49,London Brixton,Stephanie Wilson,"Large Cappuccino - 2.45, Regular Speciality Tea - Earl Grey - 1.30, Large Speciality Tea - Earl Grey - 1.60, Regular Hot chocolate - 2.20",7.55,CARD,6532719200467375
06/07/2024 10:50,London Brixton,Marvin Rico,"Large Smoothies - Carrot Kick - 2.50, Regular Iced americano - 2.15, Regular Smoothies - Carrot Kick - 2.00, Regular Iced americano - 2.15",8.8,CASH,
06/07/2024 10:51,London Brixton,Kimbery Burns,"Regular Speciality Tea - Earl Grey - 1.30, Large Frappes - Strawberries & Cream - 3.25, Large Smoothies - Carrot Kick - 2.50, Large Speciality Tea - Earl Grey - 1.60, Regular Hot chocolate - 2.20, Large Smoothies - Carrot Kick - 2.50",13.35,CASH,
06/07/2024 10:52,London Brixton,Melissa Sage,"Large Cappuccino - 2.45, Regular Iced americano - 2.15",4.6,CARD,9268761107804551
06/07/2024 10:54,London Brixton,Joseph Parker,"Large Smoothies - Glowing Greens - 2.50, Large Iced americano - 2.50",5.0,CARD,3397055697328824
06/07/2024 10:55,London Brixton,Michele Anteby,"Large Smoothies - Glowing Greens - 2.50, Regular Smoothies - Glowing Greens - 2.00, Regular Smoothies - Carrot Kick - 2.00, Regular Frappes - Strawberries & Cream - 2.75",9.25,CARD,1044368319404680
06/07/2024 10:56,London Brixton,Elizabeth Wiltse,"Large Smoothies - Glowing Greens - 2.50, Large Iced americano - 2.50, Large Frappes - Strawberries & Cream - 3.25, Regular Frappes - Strawberries & Cream - 2.75, Large Iced americano - 2.50",13.5,CASH,
06/07/2024 10:57,London Brixton,Carmella Giller,"Regular Speciality Tea - Earl Grey - 1.30, Regular Iced americano - 2.15",3.45,CARD,7670878832918450
06/07/2024 10:58,London Brixton,Alice Harvey,"Regular Smoothies - Carrot Kick - 2.00, Large Hot chocolate - 2.90",4.9,CARD,7206227188237727
06/07/2024 10:59,London Brixton,James Legault,Regular Iced americano - 2.15,2.15,CARD,6187213909369326
06/07/2024 11:01,London Brixton,Anne Lyle,"Large Hot chocolate - 2.90, Large Iced americano - 2.50, Regular Smoothies - Glowing Greens - 2.00, Regular Smoothies - Carrot Kick - 2.00",9.4,CASH,
06/07/2024 11:03,London Brixton,Evan Moore,"Regular Espresso - 1.50, Large Cappuccino - 2.45, Regular Speciality Tea - Earl Grey - 1.30",5.25,CARD,6152474103693011
06/07/2024 11:04,London Brixton,Fredrick Lee,"Regular Speciality Tea - Earl Grey - 1.30, Regular Espresso - 1.50, Large Iced americano - 2.50, Regular Speciality Tea - Earl Grey - 1.30, Regular Speciality Tea - Earl Grey - 1.30, Regular Cappuccino - 2.15",10.05,CARD,2113837484143856
06/07/2024 11:06,London Brixton,Marion Mcmillan,"Regular Iced americano - 2.15, Regular Speciality Tea - Earl Grey - 1.30, Large Smoothies - Carrot Kick - 2.50",5.95,CARD,7300864748041194
06/07/2024 11:08,London Brixton,Natalia Guerrero,"Large Hot chocolate - 2.90, Regular Iced americano - 2.15, Large Iced americano - 2.50, Large Iced americano - 2.50",10.05,CARD,3150597373314887
06/07/2024 11:10,London Brixton,Phoebe Bement,"Large Cappuccino - 2.45, Regular Iced americano - 2.15",4.6,CARD,3671441868398743
06/07/2024 11:12,London Brixton,Lindsey Morgan,"Regular Hot chocolate - 2.20, Large Cappuccino - 2.45, Large Speciality Tea - Earl Grey - 1.60, Large Iced americano - 2.50",8.75,CARD,3496632933530461
06/07/2024 11:14,London Brixton,Ashley Richardson,Large Speciality Tea - Earl Grey - 1.60,1.6,CARD,4635314257246227
06/07/2024 11:16,London Brixton,James Taylor,"Regular Speciality Tea - Earl Grey - 1.30, Regular Iced americano - 2.15",3.45,CARD,9083305134912687
06/07/2024 11:17,London Brixton,Gary Greenberg,Large Speciality Tea - Earl Grey - 1.60,1.6,CARD,3702010467534843
06/07/2024 11:19,London Brixton,Margaret Rudolph,"Large Smoothies - Glowing Greens - 2.50, Regular Iced americano - 2.15, Regular Cappuccino - 2.15, Large Espresso - 1.80, Large Speciality Tea - Earl Grey - 1.60, Large Smoothies - Glowing Greens - 2.50",12.7,CARD,7811260421212682
06/07/2024 11:21,London Brixton,Marvin Wilson,Large Smoothies - Glowing Greens - 2.50,2.5,CARD,4236276011042417
06/07/2024 11:23,London Brixton,Jessica Duncan,"Large Iced americano - 2.50, Regular Smoothies - Carrot Kick - 2.00, Regular Iced americano - 2.15",6.65,CARD,4075891823894152
06/07/2024 11:25,London Brixton,Frances Newman,"Regular Hot chocolate - 2.20, Large Hot chocolate - 2.90",5.1,CARD,1242022695379485
06/07/2024 11:27,London Brixton,Kimberly Hazelton,"Regular Frappes - Strawberries & Cream - 2.75, Regular Smoothies - Carrot Kick - 2.00",4.75,CARD,4181785035787878
06/07/2024 11:29,London Brixton,Edna Atkinson,"Regular Hot chocolate - 2.20, Large Frappes - Strawberries & Cream - 3.25",5.45,CARD,5368877147148061
06/07/2024 11:31,London Brixton,Sandy Moreland,"Large Hot chocolate - 2.90, Regular Espresso - 1.50, Large Iced americano - 2.50, Large Frappes - Strawberries & Cream - 3.25, Regular Speciality Tea - Earl Grey - 1.30",11.45,CARD,1253762457848703
06/07/2024 11:32,London Brixton,Robert Hardy,"Regular Hot chocolate - 2.20, Large Espresso - 1.80",4.0,CARD,2792742975785506
06/07/2024 11:34,London Brixton,Rosalie Garcia,"Large Smoothies - Carrot Kick - 2.50, Regular Frappes - Strawberries & Cream - 2.75, Large Cappuccino - 2.45",7.7,CASH,
06/07/2024 11:36,London Brixton,Diane Cooper,"Large Cappuccino - 2.45, Regular Iced americano - 2.15, Regular Frappes - Strawberries & Cream - 2.75",7.35,CASH,
06/07/2024 11:38,London Brixton,Patricia Popham,"Large Speciality Tea - Earl Grey - 1.60, Regular Frappes - Strawberries & Cream - 2.75, Regular Hot chocolate - 2.20",6.55,CARD,9948084988327824
06/07/2024 11:40,London Brixton,Charles Frederick,"Regular Speciality Tea - Earl Grey - 1.30, Regular Frappes - Strawberries & Cream - 2.75, Large Smoothies - Carrot Kick - 2.50, Regular Speciality Tea - Earl Grey - 1.30",7.85,CASH,
06/07/2024 11:42,London Brixton,Lynn Winkelman,"Large Smoothies - Glowing Greens - 2.50, Regular Smoothies - Glowing Greens - 2.00, Regular Smoothies - Glowing Greens - 2.00, Regular Espresso - 1.50",8.0,CARD,2699512175194952
06/07/2024 11:44,London Brixton,William Ross,Regular Cappuccino - 2.15,2.15,CARD,8074590467274973
06/07/2024 11:45,London Brixton,Matilda Cadiz,"Large Smoothies - Glowing Greens - 2.50, Large Speciality Tea - Earl Grey - 1.60, Regular Iced americano - 2.15, Regular Frappes - Strawberries & Cream - 2.75, Regular Speciality Tea - Earl Grey - 1.30, Regular Hot chocolate - 2.20",12.5,CASH,
06/07/2024 11:47,London Brixton,Billy Helms,"Large Frappes - Strawberries & Cream - 3.25, Regular Espresso - 1.50, Regular Smoothies - Carrot Kick - 2.00, Regular Frappes - Strawberries & Cream - 2.75, Large Smoothies - Carrot Kick - 2.50",12.0,CARD,9146013453995601
06/07/2024 11:49,London Brixton,Alexander Jones,"Regular Cappuccino - 2.15, Regular Smoothies - Glowing Greens - 2.00, Regular Smoothies - Glowing Greens - 2.00, Large Smoothies - Glowing Greens - 2.50",8.65,CARD,8862250946734403
06/07/2024 11:51,London Brixton,Sherrill Bauer,"Large Speciality Tea - Earl Grey - 1.60, Regular Espresso - 1.50, Large Iced americano - 2.50, Regular Speciality Tea - Earl Grey - 1.30, Large Frappes - Strawberries & Cream - 3.25, Large Hot chocolate - 2.90",13.05,CARD,7017985544222568
06/07/2024 11:53,London Brixton,Matthew Roberson,Large Smoothies - Carrot Kick - 2.50,2.5,CARD,6920502227651139
06/07/2024 11:55,London Brixton,Jo Hearns,"Large Frappes - Strawberries & Cream - 3.25, Regular Hot chocolate - 2.20, Large Hot chocolate - 2.90",8.35,CARD,9828058895583320
06/07/2024 11:57,London Brixton,Robert Morin,Regular Cappuccino - 2.15,2.15,CARD,7390462810856237
06/07/2024 11:59,London Brixton,Steven Zeller,"Regular Smoothies - Glowing Greens - 2.00, Large Frappes - Strawberries & Cream - 3.25",5.25,CARD,4022065285491720
06/07/2024 12:00,London Brixton,Roberta Christian,"Regular Frappes - Strawberries & Cream - 2.75, Regular Smoothies - Glowing Greens - 2.00",4.75,CASH,
06/07/2024 12:02,London Brixton,Otis Miller,"Large Iced americano - 2.50, Regular Frappes - Strawberries & Cream - 2.75, Large Frappes - Strawberries & Cream - 3.25, Large Hot chocolate - 2.90, Regular Iced americano - 2.15, Regular Speciality Tea - Earl Grey - 1.30",14.85,CASH,
06/07/2024 12:04,London Brixton,Jessica Jones,Regular Espresso - 1.50,1.5,CARD,1604403911507715
06/07/2024 12:06,London Brixton,Herbert Coleman,Regular Hot chocolate - 2.20,2.2,CARD,2928387493158330
06/07/2024 12:08,London Brixton,Anne Jones,"Large Frappes - Strawberries & Cream - 3.25, Large Iced americano - 2.50",5.75,CARD,2427442738628515
06/07/2024 12:10,London Brixton,Betty Severin,"Regular Smoothies - Carrot Kick - 2.00, Regular Speciality Tea - Earl Grey - 1.30, Large Cappuccino - 2.45, Large Iced americano - 2.50, Large Speciality Tea - Earl Grey - 1.60",9.85,CARD,1985183542223889
06/07/2024 12:12,London Brixton,Myron Seay,Large Hot chocolate - 2.90,2.9,CARD,9799884660351587
06/07/2024 12:14,London Brixton,Debra Tapia,"Regular Iced americano - 2.15, Large Hot chocolate - 2.90",5.05,CARD,4406248501409276
06/07/2024 12:16,London Brixton,Mary Mangrum,"Regular Frappes - Strawberries & Cream - 2.75, Large Smoothies - Carrot Kick - 2.50, Large Speciality Tea - Earl Grey - 1.60, Regular Iced americano - 2.15, Regular Frappes - Strawberries & Cream - 2.75",11.75,CARD,5539506364756911
06/07/2024 12:18,London Brixton,Stanley Heffron,"Regular Speciality Tea - Earl Grey - 1.30, Large Iced americano - 2.50, Large Smoothies - Carrot Kick - 2.50, Regular Iced americano - 2.15",8.45,CARD,8866684761307552
06/07/2024 12:20,London Brixton,Phillip Labriola,"Regular Smoothies - Carrot Kick - 2.00, Large Smoothies - Glowing Greens - 2.50",4.5,CASH,
06/07/2024 12:22,London Brixton,Amanda Teague,Large Smoothies - Carrot Kick - 2.50,2.5,CASH,
06/07/2024 12:24,London Brixton,Frank Heyde,"Regular Iced americano - 2.15, Large Hot chocolate - 2.90",5.05,CASH,
06/07/2024 12:26,London Brixton,Zona Fair,"Large Smoothies - Carrot Kick - 2.50, Regular Iced americano - 2.15, Regular Smoothies - Glowing Greens - 2.00, Regular Espresso - 1.50, Regular Hot chocolate - 2.20",10.35,CARD,4127430676054276
06/07/2024 12:27,London Brixton,James Buttrey,Regular Hot chocolate - 2.20,2.2,CARD,2081803224226541
06/07/2024 12:29,London Brixton,Patrick Demello,"Large Hot chocolate - 2.90, Large Iced americano - 2.50, Large Speciality Tea - Earl Grey - 1.60, Regular Hot chocolate - 2.20, Regular Speciality Tea - Earl Grey - 1.30",10.5,CASH,
06/07/2024 12:31,London Brixton,Nellie Culley,"Regular Iced americano - 2.15, Large Speciality Tea - Earl Grey - 1.60",3.75,CARD,1022499448591185
06/07/2024 12:33,London Brixton,Kevin Grammer,"Large Iced americano - 2.50, Large Iced americano - 2.50",5.0,CARD,5416766058881285
06/07/2024 12:35,London Brixton,Anthony Sommer,"Regular Espresso - 1.50, Regular Speciality Tea - Earl Grey - 1.30",2.8,CARD,3561663754699542
06/07/2024 12:37,London Brixton,Micheal Ward,"Regular Iced americano - 2.15, Regular Iced americano - 2.15, Large Speciality Tea - Earl Grey - 1.60, Regular Smoothies - Carrot Kick - 2.00",7.9,CASH,
06/07/2024 12:39,London Brixton,Tony Robinson,"Large Speciality Tea - Earl Grey - 1.60, Large Iced americano - 2.50, Large Smoothies - Carrot Kick - 2.50",6.6,CARD,3643114327536064
06/07/2024 12:41,London Brixton,Antonia Gould,"Large Speciality Tea - Earl Grey - 1.60, Large Smoothies - Glowing Greens - 2.50, Regular Iced americano - 2.15",6.25,CASH,
06/07/2024 12:43,London Brixton,Megan Zigler,"Regular Espresso - 1.50, Large Iced americano - 2.50, Regular Smoothies - Glowing Greens - 2.00, Regular Hot chocolate - 2.20, Large Speciality Tea - Earl Grey - 1.60",9.8,CASH,
06/07/2024 12:45,London Brixton,Fannie Lopez,"Regular Smoothies - Carrot Kick - 2.00, Regular Smoothies - Carrot Kick - 2.00",4.0,CARD,1656942654936108
06/07/2024 12:47,London Brixton,Patricia Richards,Large Iced americano - 2.50,2.5,CASH,
06/07/2024 12:49,London Brixton,Mary Anderson,"Regular Iced americano - 2.15, Large Smoothies - Carrot Kick - 2.50",4.65,CARD,4612070785127807
06/07/2024 12:51,London Brixton,James Fett,"Large Frappes - Strawberries & Cream - 3.25, Regular Iced americano - 2.15, Regular Iced americano - 2.15, Large Smoothies - Glowing Greens - 2.50, Large Frappes - Strawberries & Cream - 3.25",13.3,CASH,
06/07/2024 12:53,London Brixton,Ivy Leaf,"Regular Cappuccino - 2.15, Large Iced americano - 2.50, Regular Hot chocolate - 2.20",6.85,CARD,9856517910368368
06/07/2024 12:55,London Brixton,Jennifer Laman,Regular Frappes - Strawberries & Cream - 2.75,2.75,CASH,
06/07/2024 12:56,London Brixton,William Robinson,"Large Cappuccino - 2.45, Regular Hot chocolate - 2.20, Regular Iced americano - 2.15, Large Smoothies - Glowing Greens - 2.50, Large Frappes - Strawberries & Cream - 3.25, Regular Smoothies - Glowing Greens - 2.00",14.55,CASH,
06/07/2024 12:58,London Brixton,Charlotte Espenshade,"Large Smoothies - Glowing Greens - 2.50, Regular Espresso - 1.50, Large Iced americano - 2.50, Regular Cappuccino - 2.15",8.65,CARD,5479015226034121
06/07/2024 13:00,London Brixton,Beatrice Allen,"Regular Iced americano - 2.15, Regular Hot chocolate - 2.20, Large Smoothies - Glowing Greens - 2.50",6.85,CARD,1257843928885580
06/07/2024 13:01,London Brixton,Curtis Vazquez,"Large Speciality Tea - Earl Grey - 1.60, Regular Espresso - 1.50, Regular Iced americano - 2.15, Regular Iced americano - 2.15, Regular Smoothies - Glowing Greens - 2.00, Large Cappuccino - 2.45",11.85,CARD,3405617429110142
06/07/2024 13:02,London Brixton,Natosha Ciriaco,"Large Espresso - 1.80, Large Hot chocolate - 2.90, Large Espresso - 1.80",6.5,CARD,2084753247802799
06/07/2024 13:03,London Brixton,Rita Wischmeyer,"Regular Cappuccino - 2.15, Large Hot chocolate - 2.90, Large Speciality Tea - Earl Grey - 1.60, Regular Speciality Tea - Earl Grey - 1.30",7.95,CASH,
06/07/2024 13:04,London Brixton,Richelle Dawson,Regular Cappuccino - 2.15,2.15,CARD,7757220957198273
06/07/2024 13:05,London Brixton,Edith Bergeron,"Regular Smoothies - Glowing Greens - 2.00, Regular Smoothies - Carrot Kick - 2.00",4.0,CARD,8822810433419723
06/07/2024 13:06,London Brixton,Jeanne Radke,Regular Smoothies - Glowing Greens - 2.00,2.0,CARD,8511305750113119
06/07/2024 13:07,London Brixton,Rachel Valenzula,"Regular Espresso - 1.50, Regular Iced americano - 2.15, Large Espresso - 1.80, Regular Smoothies - Glowing Greens - 2.00",7.45,CASH,
06/07/2024 13:08,London Brixton,Kelly Avilla,"Large Smoothies - Carrot Kick - 2.50, Large Smoothies - Glowing Greens - 2.50, Regular Smoothies - Carrot Kick - 2.00, Large Cappuccino - 2.45, Large Iced americano - 2.50",11.95,CARD,2910513084669539
06/07/2024 13:09,London Brixton,Amanda Salter,Large Cappuccino - 2.45,2.45,CASH,
06/07/2024 13:09,London Brixton,Myrtle Smart,"Large Smoothies - Glowing Greens - 2.50, Regular Iced americano - 2.15, Large Iced americano - 2.50",7.15,CARD,3747488302813830
06/07/2024 13:10,London Brixton,Lionel Tarver,"Regular Iced americano - 2.15, Regular Speciality Tea - Earl Grey - 1.30, Large Speciality Tea - Earl Grey - 1.60",5.05,CASH,
06/07/2024 13:11,London Brixton,Dora Valdez,"Large Smoothies - Carrot Kick - 2.50, Regular Espresso - 1.50",4.0,CARD,1639148864283201
06/07/2024 13:12,London Brixton,Norma Eadie,"Regular Smoothies - Glowing Greens - 2.00, Regular Smoothies - Glowing Greens - 2.00, Large Espresso - 1.80",5.8,CASH,
06/07/2024 13:13,London Brixton,Paula Meacham,"Large Espresso - 1.80, Large Frappes - Strawberries & Cream - 3.25, Regular Smoothies - Carrot Kick - 2.00, Large Espresso - 1.80",8.85,CARD,9577409160861982
06/07/2024 13:14,London Brixton,Cherlyn Utley,"Regular Speciality Tea - Earl Grey - 1.30, Large Cappuccino - 2.45",3.75,CASH,
06/07/2024 13:15,London Brixton,Joey Wilkinson,"Regular Iced americano - 2.15, Regular Smoothies - Carrot Kick - 2.00, Regular Frappes - Strawberries & Cream - 2.75",6.9,CARD,6194887555080805
06/07/2024 13:16,London Brixton,Sarah Bird,"Large Speciality Tea - Earl Grey - 1.60, Regular Iced americano - 2.15, Regular Smoothies - Glowing Greens - 2.00, Regular Iced americano - 2.15",7.9,CARD,6468689731883156
06/07/2024 13:17,London Brixton,Jack Bilder,"Regular Speciality Tea - Earl Grey - 1.30, Regular Smoothies - Glowing Greens - 2.00",3.3,CARD,4794143597586500
06/07/2024 13:18,London Brixton,Margaret Smith,"Large Hot chocolate - 2.90, Large Speciality Tea - Earl Grey - 1.60",4.5,CARD,8278131235754790
06/07/2024 13:19,London Brixton,Sabrina Hobbs,"Regular Cappuccino - 2.15, Regular Iced americano - 2.15",4.3,CARD,7233369593467601
06/07/2024 13:20,London Brixton,Alberto Ellison,"Large Iced americano - 2.50, Large Iced americano - 2.50, Large Frappes - Strawberries & Cream - 3.25, Regular Iced americano - 2.15",10.4,CARD,4209715792246901
06/07/2024 13:20,London Brixton,Jan Zimmerman,Regular Iced americano - 2.15,2.15,CARD,9966947706709261
06/07/2024 13:21,London Brixton,Linda Gray,"Regular Speciality Tea - Earl Grey - 1.30, Large Espresso - 1.80",3.1,CARD,2415269902810339
06/07/2024 13:22,London Brixton,Albert King,"Large Hot chocolate - 2.90, Regular Smoothies - Glowing Greens - 2.00, Large Speciality Tea - Earl Grey - 1.60, Regular Cappuccino - 2.15",8.65,CARD,6853573854038727
06/07/2024 13:23,London Brixton,Daniel Cuevas,Regular Cappuccino - 2.15,2.15,CASH,
06/07/2024 13:24,London Brixton,Jerrod Flores,"Regular Espresso - 1.50, Regular Speciality Tea - Earl Grey - 1.30, Large Frappes - Strawberries & Cream - 3.25",6.05,CASH,
06/07/2024 13:25,London Brixton,James Seawright,"Large Espresso - 1.80, Large Smoothies - Carrot Kick - 2.50",4.3,CARD,5211436872371869
06/07/2024 13:26,London Brixton,Jon Jones,"Regular Espresso - 1.50, Regular Iced americano - 2.15",3.65,CARD,1143692409077092
06/07/2024 13:27,London Brixton,Miranda Jacinto,"Large Frappes - Strawberries & Cream - 3.25, Regular Iced americano - 2.15",5.4,CASH,
06/07/2024 13:28,London Brixton,Ricky Cardwell,Large Smoothies - Glowing Greens - 2.50,2.5,CARD,8408498060482408
06/07/2024 13:29,London Brixton,Robert Jackson,"Regular Espresso - 1.50, Large Iced americano - 2.50, Large Iced americano - 2.50, Large Smoothies - Glowing Greens - 2.50, Large Frappes - Strawberries & Cream - 3.25",12.25,CASH,
06/07/2024 13:30,London Brixton,Roy Guerrero,"Large Smoothies - Carrot Kick - 2.50, Regular Speciality Tea - Earl Grey - 1.30, Regular Frappes - Strawberries & Cream - 2.75",6.55,CARD,1013287271688896
06/07/2024 13:31,London Brixton,George Abel,"Regular Cappuccino - 2.15, Large Smoothies - Glowing Greens - 2.50",4.65,CARD,8192801390767987
06/07/2024 13:31,London Brixton,John Cole,"Large Smoothies - Carrot Kick - 2.50, Regular Hot chocolate - 2.20",4.7,CARD,8902997844758523
06/07/2024 13:32,London Brixton,James Nesby,"Regular Smoothies - Glowing Greens - 2.00, Regular Speciality Tea - Earl Grey - 1.30, Regular Smoothies - Glowing Greens - 2.00, Regular Iced americano - 2.15, Regular Iced americano - 2.15",9.6,CARD,9436144351961466
06/07/2024 13:33,London Brixton,James Stewart,"Large Espresso - 1.80, Regular Speciality Tea - Earl Grey - 1.30, Regular Iced americano - 2.15, Large Smoothies - Glowing Greens - 2.50",7.75,CARD,8823103596813353
06/07/2024 13:34,London Brixton,Eugene Griffith,"Large Frappes - Strawberries & Cream - 3.25, Large Smoothies - Glowing Greens - 2.50, Large Iced americano - 2.50",8.25,CARD,2737456435772021
06/07/2024 13:35,London Brixton,Deedra Reyes,Regular Speciality Tea - Earl Grey - 1.30,1.3,CARD,3659097175804495
06/07/2024 13:36,London Brixton,Frank Morrell,"Large Cappuccino - 2.45, Large Speciality Tea - Earl Grey - 1.60",4.05,CARD,9038776435414411
06/07/2024 13:37,London Brixton,Alicia Keefer,"Large Frappes - Strawberries & Cream - 3.25, Regular Espresso - 1.50",4.75,CARD,7574585003207940
06/07/2024 13:38,London Brixton,Penny Banda,"Regular Frappes - Strawberries & Cream - 2.75, Large Hot chocolate - 2.90, Regular Iced americano - 2.15, Regular Smoothies - Carrot Kick - 2.00, Regular Iced americano - 2.15, Large Frappes - Strawberries & Cream - 3.25",15.2,CASH,
06/07/2024 13:39,London Brixton,Lois Brooks,"Regular Iced americano - 2.15, Large Cappuccino - 2.45",4.6,CARD,1780065236015050
06/07/2024 13:40,London Brixton,Wayne Baker,Large Hot chocolate - 2.90,2.9,CARD,5438913994653902
06/07/2024 13:41,London Brixton,Gudrun Saccucci,"Large Speciality Tea - Earl Grey - 1.60, Regular Hot chocolate - 2.20, Large Cappuccino - 2.45",6.25,CARD,6426792699435834
06/07/2024 13:42,London Brixton,Mathew Kiefer,"Large Smoothies - Carrot Kick - 2.50, Large Smoothies - Glowing Greens - 2.50, Large Smoothies - Glowing Greens - 2.50",7.5,CARD,2332827099199752
06/07/2024 13:42,London Brixton,Jeanette Knoke,"Regular Iced americano - 2.15, Large Iced americano - 2.50, Regular Espresso - 1.50, Large Cappuccino - 2.45, Regular Smoothies - Glowing Greens - 2.00, Large Hot chocolate - 2.90",13.5,CASH,
06/07/2024 13:43,London Brixton,Robin Shunk,Regular Iced americano - 2.15,2.15,CARD,2900825928649283
06/07/2024 13:44,London Brixton,Karen Wall,"Regular Hot chocolate - 2.20, Large Iced americano - 2.50, Regular Speciality Tea - Earl Grey - 1.30",6.0,CASH,
06/07/2024 13:45,London Brixton,Willie Carrillo,"Large Speciality Tea - Earl Grey - 1.60, Regular Smoothies - Carrot Kick - 2.00",3.6,CARD,5247153619594945
06/07/2024 13:46,London Brixton,Yesenia Sparks,"Regular Hot chocolate - 2.20, Large Hot chocolate - 2.90, Regular Cappuccino - 2.15, Large Frappes - Strawberries & Cream - 3.25",10.5,CARD,5250549549859027
06/07/2024 13:47,London Brixton,Bernard Zapata,"Large Speciality Tea - Earl Grey - 1.60, Regular Iced americano - 2.15",3.75,CASH,
06/07/2024 13:48,London Brixton,Kurt James,Regular Smoothies - Glowing Greens - 2.00,2.0,CASH,
06/07/2024 13:49,London Brixton,Margie Young,"Large Frappes - Strawberries & Cream - 3.25, Regular Smoothies - Glowing Greens - 2.00, Regular Iced americano - 2.15",7.4,CASH,
06/07/2024 13:50,London Brixton,Jeffrey Engel,"Large Hot chocolate - 2.90, Regular Hot chocolate - 2.20, Large Frappes - Strawberries & Cream - 3.25, Large Smoothies - Carrot Kick - 2.50, Large Speciality Tea - Earl Grey - 1.60",12.45,CARD,7880972388972101
06/07/2024 13:51,London Brixton,Robert Martinez,"Large Frappes - Strawberries & Cream - 3.25, Large Espresso - 1.80",5.05,CARD,6133554487455397
06/07/2024 13:52,London Brixton,Irene Cash,"Large Smoothies - Glowing Greens - 2.50, Regular Iced americano - 2.15, Large Smoothies - Carrot Kick - 2.50, Large Frappes - Strawberries & Cream - 3.25, Regular Smoothies - Glowing Greens - 2.00",12.4,CASH,
06/07/2024 13:53,London Brixton,Amanda Kallas,"Large Frappes - Strawberries & Cream - 3.25, Regular Smoothies - Carrot Kick - 2.00, Large Iced americano - 2.50",7.75,CARD,6571406278946405
06/07/2024 13:53,London Brixton,Michael Norrington,Regular Iced americano - 2.15,2.15,CARD,1507915590911569
06/07/2024 13:54,London Brixton,David Appello,"Regular Iced americano - 2.15, Large Smoothies - Carrot Kick - 2.50, Large Espresso - 1.80, Large Frappes - Strawberries & Cream - 3.25",9.7,CARD,3651212054153479
06/07/2024 13:55,London Brixton,Dorothy Buck,Regular Smoothies - Glowing Greens - 2.00,2.0,CARD,2972017575243459
06/07/2024 13:56,London Brixton,Beverly Salamy,"Regular Frappes - Strawberries & Cream - 2.75, Large Speciality Tea - Earl Grey - 1.60, Regular Iced americano - 2.15",6.5,CARD,1814282457176386
06/07/2024 13:57,London Brixton,Sara Carey,"Regular Smoothies - Carrot Kick - 2.00, Regular Iced americano - 2.15, Large Smoothies - Glowing Greens - 2.50, Large Cappuccino - 2.45",9.1,CASH,
06/07/2024 13:58,London Brixton,Jaime Moss,Large Iced americano - 2.50,2.5,CASH,
06/07/2024 13:59,London Brixton,James Sweet,"Large Espresso - 1.80, Regular Frappes - Strawberries & Cream - 2.75, Large Smoothies - Glowing Greens - 2.50, Large Espresso - 1.80",8.85,CARD,4668185004446786
06/07/2024 14:00,London Brixton,Patricia Reynolds,"Large Smoothies - Carrot Kick - 2.50, Large Speciality Tea - Earl Grey - 1.60, Regular Cappuccino - 2.15, Large Smoothies - Glowing Greens - 2.50",8.75,CARD,4858374109392703
06/07/2024 14:01,London Brixton,Peter Knowles,Regular Hot chocolate - 2.20,2.2,CARD,5451823553973351
06/07/2024 14:02,London Brixton,Trent Phillips,Large Hot chocolate - 2.90,2.9,CASH,
06/07/2024 14:03,London Brixton,Gilbert England,"Large Hot chocolate - 2.90, Large Espresso - 1.80, Regular Smoothies - Glowing Greens - 2.00, Regular Smoothies - Glowing Greens - 2.00",8.7,CARD,3561586117591855
06/07/2024 14:04,London Brixton,Sarah Jones,Regular Espresso - 1.50,1.5,CARD,3616585316706656
06/07/2024 14:05,London Brixton,James Lynch,"Large Smoothies - Carrot Kick - 2.50, Regular Frappes - Strawberries & Cream - 2.75, Regular Espresso - 1.50, Regular Speciality Tea - Earl Grey - 1.30",8.05,CARD,8892356954259948
06/07/2024 14:06,London Brixton,Edward Wade,Large Smoothies - Carrot Kick - 2.50,2.5,CASH,
06/07/2024 14:07,London Brixton,Lee Herrera,"Large Hot chocolate - 2.90, Regular Iced americano - 2.15, Large Hot chocolate - 2.90, Large Frappes - Strawberries & Cream - 3.25, Regular Hot chocolate - 2.20, Large Hot chocolate - 2.90",16.3,CASH,
06/07/2024 14:08,London Brixton,Melinda Harrington,"Regular Smoothies - Carrot Kick - 2.00, Regular Smoothies - Glowing Greens - 2.00, Regular Smoothies - Glowing Greens - 2.00",6.0,CASH,
06/07/2024 14:09,London Brixton,Christopher Pearson,Regular Iced americano - 2.15,2.15,CARD,9477206980335955
06/07/2024 14:10,London Brixton,Alton Ashton,Large Smoothies - Glowing Greens - 2.50,2.5,CARD,9841985264883800
06/07/2024 14:11,London Brixton,Richard Cruz,"Regular Speciality Tea - Earl Grey - 1.30, Large Hot chocolate - 2.90",4.2,CASH,
06/07/2024 14:12,London Brixton,Jacqueline Belyoussian,"Regular Smoothies - Glowing Greens - 2.00, Regular Hot chocolate - 2.20",4.2,CARD,2843821071466833
06/07/2024 14:13,London Brixton,Emmett Beasley,"Regular Smoothies - Glowing Greens - 2.00, Large Smoothies - Glowing Greens - 2.50",4.5,CARD,4842950743012950
06/07/2024 14:14,London Brixton,Samuel Barrera,"Large Smoothies - Carrot Kick - 2.50, Regular Smoothies - Glowing Greens - 2.00, Large Speciality Tea - Earl Grey - 1.60, Regular Cappuccino - 2.15",8.25,CASH,
06/07/2024 14:15,London Brixton,Tommie Mckenzie,"Regular Espresso - 1.50, Regular Iced americano - 2.15, Large Cappuccino - 2.45",6.1,CARD,8324443885410375
06/07/2024 14:16,London Brixton,Barbara Rone,"Regular Iced americano - 2.15, Regular Speciality Tea - Earl Grey - 1.30",3.45,CARD,7387052040454550
06/07/2024 14:17,London Brixton,Richard Patterson,Large Hot chocolate - 2.90,2.9,CARD,8535407047558870
06/07/2024 14:18,London Brixton,Kurt Ratliff,"Large Smoothies - Glowing Greens - 2.50, Large Speciality Tea - Earl Grey - 1.60, Regular Espresso - 1.50, Regular Frappes - Strawberries & Cream - 2.75, Regular Cappuccino - 2.15, Large Hot chocolate - 2.90",13.4,CASH,
06/07/2024 14:19,London Brixton,Diana Parada,"Regular Smoothies - Glowing Greens - 2.00, Large Hot chocolate - 2.90, Regular Speciality Tea - Earl Grey - 1.30",6.2,CARD,9113948595335547
06/07/2024 14:20,London Brixton,Valerie Carter,"Regular Cappuccino - 2.15, Regular Smoothies - Glowing Greens - 2.00, Large Cappuccino - 2.45, Regular Hot chocolate - 2.20, Regular Smoothies - Carrot Kick - 2.00",10.8,CARD,7718289430085847
06/07/2024 14:21,London Brixton,Patricia Ramer,"Large Frappes - Strawberries & Cream - 3.25, Regular Iced americano - 2.15",5.4,CARD,5906194668588514
06/07/2024 14:22,London Brixton,Edward Borrego,"Large Hot chocolate - 2.90, Large Frappes - Strawberries & Cream - 3.25",6.15,CARD,1412810111206530
06/07/2024 14:23,London Brixton,Jeff Behrens,"Large Iced americano - 2.50, Regular Smoothies - Carrot Kick - 2.00, Regular Espresso - 1.50",6.0,CARD,9000467636140170
06/07/2024 14:23,London Brixton,Tammy Metzger,"Large Smoothies - Glowing Greens - 2.50, Large Smoothies - Glowing Greens - 2.50",5.0,CASH,
06/07/2024 14:24,London Brixton,Nancy Marin,Large Smoothies - Glowing Greens - 2.50,2.5,CARD,7579360257167512
06/07/2024 14:25,London Brixton,Elizabeth Campbell,Regular Speciality Tea - Earl Grey - 1.30,1.3,CARD,6718270262268890
06/07/2024 14:26,London Brixton,Kathryn Rodriguez,"Large Espresso - 1.80, Regular Speciality Tea - Earl Grey - 1.30, Regular Frappes - Strawberries & Cream - 2.75",5.85,CARD,3227752729760513
06/07/2024 14:27,London Brixton,Cheryl Maxon,"Regular Cappuccino - 2.15, Large Speciality Tea - Earl Grey - 1.60, Large Iced americano - 2.50, Regular Frappes - Strawberries & Cream - 2.75, Large Hot chocolate - 2.90, Regular Frappes - Strawberries & Cream - 2.75",14.65,CARD,7269078556274113
06/07/2024 14:28,London Brixton,Billy Cobb,"Large Iced americano - 2.50, Regular Frappes - Strawberries & Cream - 2.75, Regular Smoothies - Carrot Kick - 2.00",7.25,CASH,
06/07/2024 14:29,London Brixton,Janelle Jones,"Regular Smoothies - Carrot Kick - 2.00, Large Smoothies - Glowing Greens - 2.50, Large Smoothies - Carrot Kick - 2.50, Regular Smoothies - Glowing Greens - 2.00",9.0,CARD,9887047088971840
06/07/2024 14:30,London Brixton,Brian Miller,"Large Cappuccino - 2.45, Regular Smoothies - Carrot Kick - 2.00, Large Cappuccino - 2.45, Regular Cappuccino - 2.15",9.05,CARD,1156750530842773
06/07/2024 14:31,London Brixton,Sharon Neeley,"Large Cappuccino - 2.45, Large Frappes - Strawberries & Cream - 3.25",5.7,CARD,2674095112566822
06/07/2024 14:32,London Brixton,Terri Mcgee,"Large Frappes - Strawberries & Cream - 3.25, Regular Smoothies - Glowing Greens - 2.00",5.25,CARD,1600226193428224
06/07/2024 14:33,London Brixton,Richard Thomas,"Regular Iced americano - 2.15, Large Cappuccino - 2.45, Large Iced americano - 2.50",7.1,CASH,
06/07/2024 14:34,London Brixton,Hanna Morgan,"Regular Smoothies - Carrot Kick - 2.00, Regular Cappuccino - 2.15, Large Smoothies - Glowing Greens - 2.50, Regular Speciality Tea - Earl Grey - 1.30",7.95,CASH,
06/07/2024 14:35,London Brixton,Shirley Azar,"Regular Iced americano - 2.15, Large Iced americano - 2.50",4.65,CARD,6863294623328080
06/07/2024 14:36,London Brixton,June Stephens,Regular Frappes - Strawberries & Cream - 2.75,2.75,CARD,8224652493716634
06/07/2024 14:37,London Brixton,Daniel Sands,"Large Smoothies - Carrot Kick - 2.50, Large Smoothies - Carrot Kick - 2.50",5.0,CASH,
06/07/2024 14:38,London Brixton,Emily Palmer,"Regular Frappes - Strawberries & Cream - 2.75, Large Smoothies - Carrot Kick - 2.50, Large Smoothies - Carrot Kick - 2.50, Regular Cappuccino - 2.15, Regular Espresso - 1.50",11.4,CARD,8215675601071384
06/07/2024 14:39,London Brixton,Debra Reece,"Regular Cappuccino - 2.15, Large Smoothies - Glowing Greens - 2.50, Regular Hot chocolate - 2.20, Large Espresso - 1.80, Large Iced americano - 2.50",11.15,CASH,
06/07/2024 14:40,London Brixton,Keven Fisher,"Regular Cappuccino - 2.15, Large Smoothies - Carrot Kick - 2.50, Large Espresso - 1.80",6.45,CARD,9997280033895891
06/07/2024 14:41,London Brixton,George Hoffman,Regular Smoothies - Glowing Greens - 2.00,2.0,CASH,
06/07/2024 14:42,London Brixton,Willie Wilson,Regular Cappuccino - 2.15,2.15,CARD,8958727908664019
06/07/2024 14:43,London Brixton,Wendy Lockett,"Regular Frappes - Strawberries & Cream - 2.75, Large Espresso - 1.80, Large Smoothies - Carrot Kick - 2.50, Large Smoothies - Carrot Kick - 2.50",9.55,CARD,1281850744204447
06/07/2024 14:44,London Brixton,Harold Bunch,"Large Cappuccino - 2.45, Large Hot chocolate - 2.90",5.35,CASH,
06/07/2024 14:45,London Brixton,Julius Greely,"Large Cappuccino - 2.45, Large Smoothies - Glowing Greens - 2.50, Regular Speciality Tea - Earl Grey - 1.30, Large Smoothies - Carrot Kick - 2.50",8.75,CARD,6675117875198165
06/07/2024 14:46,London Brixton,Margaret Boey,Large Speciality Tea - Earl Grey - 1.60,1.6,CARD,7556988092079973
06/07/2024 14:47,London Brixton,Avery Payne,"Regular Espresso - 1.50, Large Cappuccino - 2.45",3.95,CASH,
06/07/2024 14:48,London Brixton,Patricia Dukes,"Regular Frappes - Strawberries & Cream - 2.75, Regular Speciality Tea - Earl Grey - 1.30, Large Speciality Tea - Earl Grey - 1.60, Large Cappuccino - 2.45",8.1,CASH,
06/07/2024 14:49,London Brixton,Wendi Roe,"Regular Iced americano - 2.15, Regular Espresso - 1.50, Regular Cappuccino - 2.15, Large Smoothies - Glowing Greens - 2.50, Large Smoothies - Carrot Kick - 2.50",10.8,CARD,2387761165722668
06/07/2024 14:50,London Brixton,Julie Trujillo,"Large Speciality Tea - Earl Grey - 1.60, Large Frappes - Strawberries & Cream - 3.25, Regular Frappes - Strawberries & Cream - 2.75",7.6,CASH,
06/07/2024 14:51,London Brixton,Charlotte Jeffries,"Regular Iced americano - 2.15, Large Smoothies - Carrot Kick - 2.50",4.65,CARD,8349459894838330
06/07/2024 14:52,London Brixton,Jeffrey Barlow,"Regular Speciality Tea - Earl Grey - 1.30, Regular Frappes - Strawberries & Cream - 2.75, Large Smoothies - Glowing Greens - 2.50, Large Espresso - 1.80",8.35,CASH,
06/07/2024 14:53,London Brixton,Scott Leveille,"Large Cappuccino - 2.45, Regular Iced americano - 2.15, Regular Cappuccino - 2.15, Large Iced americano - 2.50",9.25,CARD,7907802280780162
06/07/2024 14:54,London Brixton,Floyd Gill,Large Hot chocolate - 2.90,2.9,CARD,8903398562294997
06/07/2024 14:55,London Brixton,Martha Jones,"Large Cappuccino - 2.45, Large Espresso - 1.80",4.25,CARD,2107746394360829
06/07/2024 14:56,London Brixton,Willis Monachino,"Large Smoothies - Carrot Kick - 2.50, Large Smoothies - Glowing Greens - 2.50, Regular Frappes - Strawberries & Cream - 2.75, Large Cappuccino - 2.45",10.2,CARD,4402865702153055
06/07/2024 14:57,London Brixton,Sally Galarza,Large Cappuccino - 2.45,2.45,CARD,9349167329429009
06/07/2024 14:58,London Brixton,Barbara Espy,Large Smoothies - Glowing Greens - 2.50,2.5,CASH,
06/07/2024 14:59,London Brixton,Faith Poppel,"Large Speciality Tea - Earl Grey - 1.60, Large Espresso - 1.80, Regular Iced americano - 2.15, Regular Cappuccino - 2.15",7.7,CARD,5427880203002224
06/07/2024 15:00,London Brixton,Gregg Askew,"Regular Cappuccino - 2.15, Regular Smoothies - Carrot Kick - 2.00",4.15,CARD,4762055031545966
06/07/2024 15:02,London Brixton,Adele Rome,"Regular Speciality Tea - Earl Grey - 1.30, Large Frappes - Strawberries & Cream - 3.25, Regular Iced americano - 2.15",6.7,CASH,
06/07/2024 15:03,London Brixton,Ronald Bernard,"Regular Cappuccino - 2.15, Regular Smoothies - Glowing Greens - 2.00, Large Speciality Tea - Earl Grey - 1.60, Large Espresso - 1.80, Regular Smoothies - Carrot Kick - 2.00",9.55,CARD,7975912158294957
06/07/2024 15:05,London Brixton,William Alvarez,"Large Iced americano - 2.50, Regular Hot chocolate - 2.20, Regular Espresso - 1.50, Large Frappes - Strawberries & Cream - 3.25, Regular Cappuccino - 2.15",11.6,CARD,4548742428549115
06/07/2024 15:07,London Brixton,Ruth Velez,Large Hot chocolate - 2.90,2.9,CARD,7027874961923417
06/07/2024 15:08,London Brixton,John Mckeel,"Regular Cappuccino - 2.15, Large Speciality Tea - Earl Grey - 1.60",3.75,CASH,
06/07/2024 15:10,London Brixton,Lorraine Martin,"Regular Hot chocolate - 2.20, Regular Smoothies - Carrot Kick - 2.00, Regular Smoothies - Carrot Kick - 2.00",6.2,CARD,8694546559889148
06/07/2024 15:12,London Brixton,Craig Thorne,"Regular Smoothies - Carrot Kick - 2.00, Large Cappuccino - 2.45, Regular Hot chocolate - 2.20, Large Speciality Tea - Earl Grey - 1.60",8.25,CASH,
06/07/2024 15:14,London Brixton,Brian Crowe,"Regular Espresso - 1.50, Regular Frappes - Strawberries & Cream - 2.75",4.25,CARD,8315209847971253
06/07/2024 15:15,London Brixton,Jason Cadenas,Large Iced americano - 2.50,2.5,CARD,4755636909592104
06/07/2024 15:17,London Brixton,Lindsay Tamburo,"Large Frappes - Strawberries & Cream - 3.25, Large Iced americano - 2.50",5.75,CARD,3889452905986560
06/07/2024 15:19,London Brixton,Charles Wyatt,Large Espresso - 1.80,1.8,CARD,4649568268817466
06/07/2024 15:20,London Brixton,Cherrie Fall,"Large Iced americano - 2.50, Regular Smoothies - Glowing Greens - 2.00, Large Smoothies - Carrot Kick - 2.50",7.0,CASH,
06/07/2024 15:22,London Brixton,Dwight Soltis,"Large Speciality Tea - Earl Grey - 1.60, Regular Hot chocolate - 2.20, Regular Cappuccino - 2.15, Large Frappes - Strawberries & Cream - 3.25, Large Smoothies - Glowing Greens - 2.50",11.7,CASH,
06/07/2024 15:24,London Brixton,Frank Andrews,Regular Espresso - 1.50,1.5,CARD,4595109057693158
06/07/2024 15:25,London Brixton,Brenda Dingess,Large Speciality Tea - Earl Grey - 1.60,1.6,CARD,6000790380664544
06/07/2024 15:27,London Brixton,Guillermo Rivera,Regular Hot chocolate - 2.20,2.2,CARD,9533930855714460
06/07/2024 15:29,London Brixton,Kristina Jenkins,"Large Hot chocolate - 2.90, Large Smoothies - Glowing Greens - 2.50, Large Frappes - Strawberries & Cream - 3.25, Regular Speciality Tea - Earl Grey - 1.30",9.95,CARD,2512553675768311
06/07/2024 15:31,London Brixton,Robert Whistler,"Large Iced americano - 2.50, Large Speciality Tea - Earl Grey - 1.60",4.1,CARD,7342707957798257
06/07/2024 15:32,London Brixton,Jose Brink,Large Hot chocolate - 2.90,2.9,CARD,2122008696168778
06/07/2024 15:34,London Brixton,Arnold Keller,Large Frappes - Strawberries & Cream - 3.25,3.25,CASH,
06/07/2024 15:36,London Brixton,Billy Ervin,"Large Frappes - Strawberries & Cream - 3.25, Regular Smoothies - Carrot Kick - 2.00, Large Smoothies - Carrot Kick - 2.50, Regular Smoothies - Carrot Kick - 2.00",9.75,CARD,1369582226892361
06/07/2024 15:37,London Brixton,Harriet Clark,Large Espresso - 1.80,1.8,CARD,4538400689107055
06/07/2024 15:39,London Brixton,Hector Teneyck,"Regular Smoothies - Carrot Kick - 2.00, Regular Cappuccino - 2.15",4.15,CARD,8607460473375638
06/07/2024 15:41,London Brixton,Michelle Sherry,"Large Espresso - 1.80, Regular Speciality Tea - Earl Grey - 1.30",3.1,CARD,9474476151552440
06/07/2024 15:42,London Brixton,Terry Villarreal,"Large Speciality Tea - Earl Grey - 1.60, Large Iced americano - 2.50, Large Hot chocolate - 2.90, Large Cappuccino - 2.45, Large Iced americano - 2.50, Large Iced americano - 2.50",14.45,CARD,5171633677301568
06/07/2024 15:44,London Brixton,Juanita Schnee,"Large Iced americano - 2.50, Regular Espresso - 1.50, Large Smoothies - Carrot Kick - 2.50",6.5,CARD,4455457977976910
06/07/2024 15:46,London Brixton,Carolyn Smith,Large Speciality Tea - Earl Grey - 1.60,1.6,CARD,7263645765178007
06/07/2024 15:48,London Brixton,Julian Reed,"Large Speciality Tea - Earl Grey - 1.60, Large Smoothies - Carrot Kick - 2.50, Large Hot chocolate - 2.90",7.0,CARD,9154337051355461
06/07/2024 15:49,London Brixton,Christina Sisneros,"Regular Smoothies - Carrot Kick - 2.00, Large Smoothies - Glowing Greens - 2.50, Regular Cappuccino - 2.15, Large Cappuccino - 2.45, Large Cappuccino - 2.45, Large Hot chocolate - 2.90",14.45,CARD,8016618651413305
06/07/2024 15:51,London Brixton,Barbara Casias,"Regular Smoothies - Glowing Greens - 2.00, Regular Speciality Tea - Earl Grey - 1.30",3.3,CARD,4257799152876363
06/07/2024 15:53,London Brixton,April Graza,"Large Espresso - 1.80, Large Iced americano - 2.50",4.3,CARD,9768501450670390
06/07/2024 15:54,London Brixton,Christi Coffield,"Large Frappes - Strawberries & Cream - 3.25, Regular Iced americano - 2.15",5.4,CASH,
06/07/2024 15:56,London Brixton,Charles Smith,"Regular Iced americano - 2.15, Large Speciality Tea - Earl Grey - 1.60, Regular Smoothies - Glowing Greens - 2.00",5.75,CARD,1767266375720835
06/07/2024 15:58,London Brixton,Kenneth Macdougall,Large Hot chocolate - 2.90,2.9,CARD,4820067931337562
06/07/2024 16:00,London Brixton,Justin Dominguez,Large Cappuccino - 2.45,2.45,CARD,3808961487454117
06/07/2024 16:03,London Brixton,Ryan Hannon,"Regular Cappuccino - 2.15, Large Speciality Tea - Earl Grey - 1.60, Large Hot chocolate - 2.90, Large Speciality Tea - Earl Grey - 1.60",8.25,CASH,
06/07/2024 16:06,London Brixton,Ethel Graza,Regular Espresso - 1.50,1.5,CARD,6395871095657016
06/07/2024 16:09,London Brixton,Eileen Perez,Regular Frappes - Strawberries & Cream - 2.75,2.75,CARD,6518364819074713
06/07/2024 16:12,London Brixton,Andy Rodriguez,"Large Smoothies - Glowing Greens - 2.50, Large Cappuccino - 2.45, Regular Smoothies - Glowing Greens - 2.00",6.95,CARD,7000772391595736
06/07/2024 16:15,London Brixton,Virgil Feasel,"Large Iced americano - 2.50, Large Speciality Tea - Earl Grey - 1.60, Regular Iced americano - 2.15",6.25,CASH,
06/07/2024 16:18,London Brixton,Helen Goble,"Large Cappuccino - 2.45, Regular Iced americano - 2.15",4.6,CASH,
06/07/2024 16:22,London Brixton,Heather Carmen,"Regular Speciality Tea - Earl Grey - 1.30, Regular Speciality Tea - Earl Grey - 1.30",2.6,CARD,6629838649347465
06/07/2024 16:25,London Brixton,Sara Smolik,"Large Speciality Tea - Earl Grey - 1.60, Regular Hot chocolate - 2.20",3.8,CASH,
06/07/2024 16:28,London Brixton,Ian Araujo,"Regular Smoothies - Glowing Greens - 2.00, Regular Frappes - Strawberries & Cream - 2.75",4.75,CARD,4084282837868152
06/07/2024 16:31,London Brixton,Marni Matinez,Regular Speciality Tea - Earl Grey - 1.30,1.3,CARD,5913247162102262
06/07/2024 16:34,London Brixton,Stanley Martinez,"Large Cappuccino - 2.45, Regular Speciality Tea - Earl Grey - 1.30, Regular Smoothies - Glowing Greens - 2.00, Regular Smoothies - Carrot Kick - 2.00",7.75,CARD,1651758669691798
06/07/2024 16:37,London Brixton,Ethel Grant,Regular Hot chocolate - 2.20,2.2,CASH,
06/07/2024 16:40,London Brixton,Kimberly Halsted,"Large Smoothies - Glowing Greens - 2.50, Regular Frappes - Strawberries & Cream - 2.75",5.25,CARD,8626258749710888
06/07/2024 16:44,London Brixton,Adam Flowe,"Regular Smoothies - Glowing Greens - 2.00, Large Hot chocolate - 2.90",4.9,CARD,8318907750547022
06/07/2024 16:47,London Brixton,Jane White,"Large Smoothies - Glowing Greens - 2.50, Large Smoothies - Glowing Greens - 2.50",5.0,CASH,
06/07/2024 16:50,London Brixton,Cathy Kemerer,"Regular Cappuccino - 2.15, Regular Speciality Tea - Earl Grey - 1.30, Regular Espresso - 1.50",4.95,CARD,3356899116391664
06/07/2024 16:53,London Brixton,Kelsey Kanemoto,"Large Speciality Tea - Earl Grey - 1.60, Large Smoothies - Glowing Greens - 2.50",4.1,CARD,7217460255407213
06/07/2024 16:56,London Brixton,Curtis Garcia,"Large Smoothies - Glowing Greens - 2.50, Large Hot chocolate - 2.90, Large Speciality Tea - Earl Grey - 1.60, Large Cappuccino - 2.45",9.45,CARD,7411749024921843
06/07/2024 16:59,London Brixton,William Jacobs,Regular Espresso - 1.50,1.5,CASH,
06/07/2024 17:03,London Brixton,Leon Hetzler,Large Smoothies - Carrot Kick - 2.50,2.5,CARD,2145032142960225
06/07/2024 17:05,London Brixton,Melvin Duncan,Regular Iced americano - 2.15,2.15,CARD,9312281319589384
06/07/2024 17:07,London Brixton,Daniel Thompson,"Regular Smoothies - Glowing Greens - 2.00, Regular Hot chocolate - 2.20, Large Iced americano - 2.50, Large Espresso - 1.80",8.5,CARD,8992564738482616
06/07/2024 17:10,London Brixton,Betty Deatherage,"Large Cappuccino - 2.45, Regular Speciality Tea - Earl Grey - 1.30",3.75,CARD,3687006235018016
06/07/2024 17:12,London Brixton,Yesenia Dyer,"Large Speciality Tea - Earl Grey - 1.60, Regular Speciality Tea - Earl Grey - 1.30",2.9,CARD,7251045960734465
06/07/2024 17:15,London Brixton,Angela Burdick,Large Cappuccino - 2.45,2.45,CARD,4710436668942787
06/07/2024 17:17,London Brixton,Michael Phillips,"Large Hot chocolate - 2.90, Large Speciality Tea - Earl Grey - 1.60, Regular Hot chocolate - 2.20, Regular Espresso - 1.50",8.2,CASH,
06/07/2024 17:19,London Brixton,Summer Martin,"Regular Speciality Tea - Earl Grey - 1.30, Regular Speciality Tea - Earl Grey - 1.30, Regular Cappuccino - 2.15, Large Hot chocolate - 2.90",7.65,CARD,5576128967969175
06/07/2024 17:22,London Brixton,Verla Johnson,Large Iced americano - 2.50,2.5,CARD,4300721044783130
06/07/2024 17:24,London Brixton,Florence Becker,"Large Hot chocolate - 2.90, Large Smoothies - Glowing Greens - 2.50",5.4,CASH,
06/07/2024 17:27,London Brixton,Dawn Falkenhagen,Regular Frappes - Strawberries & Cream - 2.75,2.75,CARD,4108862130039718
06/07/2024 17:29,London Brixton,Nicholas Vallee,Regular Iced americano - 2.15,2.15,CARD,7670475429523482
06/07/2024 17:31,London Brixton,Terri Sexton,Regular Cappuccino - 2.15,2.15,CARD,9688289537506240
06/07/2024 17:34,London Brixton,Barbara Lopez,"Regular Smoothies - Carrot Kick - 2.00, Regular Speciality Tea - Earl Grey - 1.30, Large Frappes - Strawberries & Cream - 3.25, Large Hot chocolate - 2.90, Large Frappes - Strawberries & Cream - 3.25, Regular Speciality Tea - Earl Grey - 1.30",14.0,CARD,5672218653208026
06/07/2024 17:36,London Brixton,Lisa Bourne,Regular Frappes - Strawberries & Cream - 2.75,2.75,CASH,
06/07/2024 17:39,London Brixton,Randy Harris,"Large Smoothies - Glowing Greens - 2.50, Large Espresso - 1.80, Regular Cappuccino - 2.15, Regular Hot chocolate - 2.20",8.65,CARD,2926906079162648
06/07/2024 17:41,London Brixton,Stella Mcnamara,"Large Speciality Tea - Earl Grey - 1.60, Regular Frappes - Strawberries & Cream - 2.75, Large Frappes - Strawberries & Cream - 3.25",7.6,CARD,9765554360972022
06/07/2024 17:43,London Brixton,Stephen Fiore,"Large Cappuccino - 2.45, Regular Espresso - 1.50, Regular Espresso - 1.50",5.45,CASH,
06/07/2024 17:46,London Brixton,Yolanda Williams,"Large Iced americano - 2.50, Large Cappuccino - 2.45",4.95,CASH,
06/07/2024 17:48,London Brixton,Daniel Williams,"Large Smoothies - Carrot Kick - 2.50, Large Hot chocolate - 2.90, Regular Hot chocolate - 2.20, Regular Speciality Tea - Earl Grey - 1.30",8.9,CARD,9657554761125646
06/07/2024 17:51,London Brixton,Brian Howard,"Large Frappes - Strawberries & Cream - 3.25, Large Cappuccino - 2.45, Large Speciality Tea - Earl Grey - 1.60, Large Smoothies - Glowing Greens - 2.50",9.8,CASH,
06/07/2024 17:53,London Brixton,Mary Maxwell,"Large Hot chocolate - 2.90, Regular Hot chocolate - 2.20",5.1,CARD,9262749216568025
06/07/2024 17:55,London Brixton,Samuel Wright,"Large Smoothies - Carrot Kick - 2.50, Large Hot chocolate - 2.90, Regular Iced americano - 2.15",7.55,CARD,8956407821557226
06/07/2024 17:58,London Brixton,Laurie Pinto,Regular Hot chocolate - 2.20,2.2,CARD,1713866215051867
06/07/2024 18:00,London Brixton,Ronald Rivas,Large Cappuccino - 2.45,2.45,CARD,2696859079443616
06/07/2024 18:02,London Brixton,Donald Hart,"Regular Speciality Tea - Earl Grey - 1.30, Regular Speciality Tea - Earl Grey - 1.30, Regular Frappes - Strawberries & Cream - 2.75",5.35,CARD,7577979133935557
06/07/2024 18:04,London Brixton,Carl Heim,Regular Iced americano - 2.15,2.15,CARD,4509119911264282
06/07/2024 18:07,London Brixton,Rochelle Pena,"Regular Smoothies - Carrot Kick - 2.00, Large Cappuccino - 2.45, Large Cappuccino - 2.45",6.9,CASH,
06/07/2024 18:09,London Brixton,Shirley Vanos,"Large Smoothies - Carrot Kick - 2.50, Regular Cappuccino - 2.15, Regular Hot chocolate - 2.20",6.85,CASH,
06/07/2024 18:11,London Brixton,Dwayne Langston,"Regular Frappes - Strawberries & Cream - 2.75, Regular Smoothies - Glowing Greens - 2.00",4.75,CASH,
06/07/2024 18:13,London Brixton,John Hutchison,"Large Iced americano - 2.50, Regular Smoothies - Glowing Greens - 2.00",4.5,CARD,2141358951046342
06/07/2024 18:15,London Brixton,John Meredith,"Large Hot chocolate - 2.90, Regular Speciality Tea - Earl Grey - 1.30, Large Cappuccino - 2.45, Large Frappes - Strawberries & Cream - 3.25",9.9,CARD,9433953547261857
06/07/2024 18:17,London Brixton,Edmund Williams,Large Iced americano - 2.50,2.5,CARD,4987088678081798
06/07/2024 18:19,London Brixton,Shawn Rhudy,"Large Iced americano - 2.50, Regular Hot chocolate - 2.20, Large Smoothies - Carrot Kick - 2.50",7.2,CARD,7915237274202611
06/07/2024 18:21,London Brixton,Rosa Scott,Regular Smoothies - Carrot Kick - 2.00,2.0,CASH,
06/07/2024 18:24,London Brixton,Norma Hubbard,"Large Espresso - 1.80, Large Speciality Tea - Earl Grey - 1.60, Large Smoothies - Glowing Greens - 2.50, Large Smoothies - Glowing Greens - 2.50, Large Hot chocolate - 2.90",11.3,CASH,
06/07/2024 18:26,London Brixton,Rodney Bell,Large Espresso - 1.80,1.8,CASH,
06/07/2024 18:28,London Brixton,Patricia Duvall,"Regular Frappes - Strawberries & Cream - 2.75, Large Cappuccino - 2.45, Large Smoothies - Glowing Greens - 2.50, Regular Frappes - Strawberries & Cream - 2.75",10.45,CASH,
06/07/2024 18:30,London Brixton,Janice Mason,"Regular Speciality Tea - Earl Grey - 1.30, Regular Iced americano - 2.15, Large Speciality Tea - Earl Grey - 1.60, Large Smoothies - Glowing Greens - 2.50, Large Espresso - 1.80",9.35,CARD,2631046431190228
06/07/2024 18:32,London Brixton,Linda Murray,Regular Speciality Tea - Earl Grey - 1.30,1.3,CASH,
06/07/2024 18:34,London Brixton,Lois Sanford,Large Speciality Tea - Earl Grey - 1.60,1.6,CASH,
06/07/2024 18:36,London Brixton,Ann Eidson,"Regular Iced americano - 2.15, Regular Iced americano - 2.15, Large Frappes - Strawberries & Cream - 3.25",7.55,CARD,1282784889311054
06/07/2024 18:39,London Brixton,Henry Stark,"Regular Speciality Tea - Earl Grey - 1.30, Large Iced americano - 2.50",3.8,CARD,8216945390896294
06/07/2024 18:41,London Brixton,Valerie Kelly,"Regular Iced americano - 2.15, Large Cappuccino - 2.45, Large Smoothies - Carrot Kick - 2.50, Large Smoothies - Glowing Greens - 2.50, Large Cappuccino - 2.45",12.05,CARD,7313443283722298
06/07/2024 18:43,London Brixton,Corrine Farris,"Large Cappuccino - 2.45, Large Speciality Tea - Earl Grey - 1.60",4.05,CARD,8608429413352590
06/07/2024 18:45,London Brixton,Brent Rawe,"Regular Hot chocolate - 2.20, Regular Iced americano - 2.15, Regular Iced americano - 2.15",6.5,CASH,
06/07/2024 18:47,London Brixton,Samuel Johnson,"Large Espresso - 1.80, Regular Cappuccino - 2.15, Regular Hot chocolate - 2.20",6.15,CARD,2625513952979350
06/07/2024 18:49,London Brixton,Pam Stinchfield,"Regular Cappuccino - 2.15, Regular Frappes - Strawberries & Cream - 2.75, Large Frappes - Strawberries & Cream - 3.25",8.15,CARD,6469422145842262
06/07/2024 18:51,London Brixton,Dani Oconnell,"Large Smoothies - Glowing Greens - 2.50, Large Iced americano - 2.50, Regular Iced americano - 2.15",7.15,CARD,5293329305236093
06/07/2024 18:53,London Brixton,Tracy Gray,Regular Smoothies - Glowing Greens - 2.00,2.0,CASH,
06/07/2024 18:56,London Brixton,Donna Studdard,"Regular Speciality Tea - Earl Grey - 1.30, Large Cappuccino - 2.45, Large Speciality Tea - Earl Grey - 1.60, Regular Smoothies - Glowing Greens - 2.00, Regular Hot chocolate - 2.20",9.55,CARD,7852460865203018
06/07/2024 18:58,London Brixton,Bryan Gatto,"Regular Cappuccino - 2.15, Large Iced americano - 2.50",4.65,CASH,
06/07/2024 19:00,London Brixton,Joseph Triplett,"Large Smoothies - Glowing Greens - 2.50, Regular Smoothies - Glowing Greens - 2.00, Large Smoothies - Carrot Kick - 2.50",7.0,CARD,3742857438340403
06/07/2024 19:01,London Brixton,June Whelan,"Large Iced americano - 2.50, Regular Espresso - 1.50",4.0,CARD,2409341205643012
06/07/2024 19:03,London Brixton,Steven Boyce,"Large Iced americano - 2.50, Regular Smoothies - Glowing Greens - 2.00, Regular Speciality Tea - Earl Grey - 1.30, Regular Iced americano - 2.15",7.95,CARD,3663683523069122
06/07/2024 19:04,London Brixton,Kathleen Clark,"Regular Espresso - 1.50, Large Cappuccino - 2.45, Large Iced americano - 2.50",6.45,CARD,1407584153652864
06/07/2024 19:05,London Brixton,John Liner,"Large Iced americano - 2.50, Regular Iced americano - 2.15",4.65,CARD,3580245342894116
06/07/2024 19:07,London Brixton,Alejandro Honig,"Large Espresso - 1.80, Regular Cappuccino - 2.15",3.95,CARD,5735860287513025
06/07/2024 19:08,London Brixton,Patricia Charbonneau,"Regular Hot chocolate - 2.20, Large Smoothies - Carrot Kick - 2.50, Large Smoothies - Glowing Greens - 2.50",7.2,CARD,9766786445079487
06/07/2024 19:09,London Brixton,Juan Joseph,"Large Cappuccino - 2.45, Regular Speciality Tea - Earl Grey - 1.30",3.75,CASH,
06/07/2024 19:11,London Brixton,Nancy Denney,Large Frappes - Strawberries & Cream - 3.25,3.25,CARD,6183476126965878
06/07/2024 19:12,London Brixton,Sharon Montford,"Large Cappuccino - 2.45, Regular Cappuccino - 2.15, Regular Smoothies - Carrot Kick - 2.00",6.6,CARD,4015087576010308
06/07/2024 19:13,London Brixton,Hershel Calvert,"Large Smoothies - Carrot Kick - 2.50, Large Iced americano - 2.50, Large Smoothies - Glowing Greens - 2.50, Regular Speciality Tea - Earl Grey - 1.30, Large Smoothies - Carrot Kick - 2.50",11.3,CARD,3045783404385704
06/07/2024 19:15,London Brixton,Terrence Favela,Large Smoothies - Carrot Kick - 2.50,2.5,CARD,9131056900371464
06/07/2024 19:16,London Brixton,Richard Hamlet,"Regular Hot chocolate - 2.20, Regular Hot chocolate - 2.20",4.4,CARD,5937443467274365
06/07/2024 19:17,London Brixton,Mary Larios,"Large Hot chocolate - 2.90, Regular Speciality Tea - Earl Grey - 1.30",4.2,CARD,3751893586115605
06/07/2024 19:19,London Brixton,Randall Mckeon,Regular Cappuccino - 2.15,2.15,CARD,9343303177281394
06/07/2024 19:20,London Brixton,Angela Phillips,Regular Smoothies - Glowing Greens - 2.00,2.0,CASH,
06/07/2024 19:21,London Brixton,Jimmy Scolaro,"Regular Speciality Tea - Earl Grey - 1.30, Regular Speciality Tea - Earl Grey - 1.30",2.6,CASH,
06/07/2024 19:23,London Brixton,Nancy Melendez,Regular Cappuccino - 2.15,2.15,CARD,1644387095702981
06/07/2024 19:24,London Brixton,Audrea Gunter,Regular Espresso - 1.50,1.5,CARD,2251724678218740
06/07/2024 19:26,London Brixton,Ernest Battle,Regular Smoothies - Carrot Kick - 2.00,2.0,CARD,6208876749232223
06/07/2024 19:27,London Brixton,Anne Collins,"Regular Smoothies - Carrot Kick - 2.00, Large Smoothies - Glowing Greens - 2.50, Large Smoothies - Carrot Kick - 2.50, Regular Hot chocolate - 2.20",9.2,CARD,8913835364085906
06/07/2024 19:28,London Brixton,George Bowman,"Large Smoothies - Carrot Kick - 2.50, Regular Speciality Tea - Earl Grey - 1.30",3.8,CARD,8094262680450694
06/07/2024 19:30,London Brixton,Helen Czarnecki,"Large Smoothies - Glowing Greens - 2.50, Large Smoothies - Glowing Greens - 2.50, Large Iced americano - 2.50, Large Hot chocolate - 2.90",10.4,CARD,9060075286517179
06/07/2024 19:31,London Brixton,Jeffery Smith,"Large Cappuccino - 2.45, Large Frappes - Strawberries & Cream - 3.25, Regular Speciality Tea - Earl Grey - 1.30",7.0,CASH,
06/07/2024 19:32,London Brixton,Denise Zinger,"Regular Cappuccino - 2.15, Large Hot chocolate - 2.90, Large Iced americano - 2.50, Large Espresso - 1.80",9.35,CARD,3483188513507638
06/07/2024 19:34,London Brixton,Robert Woods,Large Smoothies - Carrot Kick - 2.50,2.5,CASH,
06/07/2024 19:35,London Brixton,Teddy Tropea,Regular Iced americano - 2.15,2.15,CARD,2166210754920563
06/07/2024 19:36,London Brixton,Casey Harriss,"Large Smoothies - Glowing Greens - 2.50, Large Iced americano - 2.50",5.0,CASH,
06/07/2024 19:38,London Brixton,Alice Blight,"Large Speciality Tea - Earl Grey - 1.60, Large Cappuccino - 2.45, Regular Hot chocolate - 2.20",6.25,CARD,5179455015094195
06/07/2024 19:39,London Brixton,Ezequiel Muller,"Large Espresso - 1.80, Large Hot chocolate - 2.90, Large Speciality Tea - Earl Grey - 1.60",6.3,CARD,7386947304727314
06/07/2024 19:40,London Brixton,Charlette Miller,"Large Espresso - 1.80, Regular Cappuccino - 2.15, Regular Espresso - 1.50",5.45,CASH,
06/07/2024 19:42,London Brixton,Leon Hanna,Regular Frappes - Strawberries & Cream - 2.75,2.75,CASH,
06/07/2024 19:43,London Brixton,Justin Yu,"Large Espresso - 1.80, Large Smoothies - Glowing Greens - 2.50, Large Cappuccino - 2.45, Regular Iced americano - 2.15, Large Smoothies - Glowing Greens - 2.50",11.4,CARD,5280437985243421
06/07/2024 19:44,London Brixton,Angelique Papa,"Large Espresso - 1.80, Regular Smoothies - Glowing Greens - 2.00, Regular Speciality Tea - Earl Grey - 1.30",5.1,CARD,5613998478841410
06/07/2024 19:46,London Brixton,Faith Horne,Regular Hot chocolate - 2.20,2.2,CARD,9334606103724117
06/07/2024 19:47,London Brixton,Clara Conrad,Regular Smoothies - Glowing Greens - 2.00,2.0,CASH,
06/07/2024 19:48,London Brixton,Charles Young,Regular Speciality Tea - Earl Grey - 1.30,1.3,CASH,
06/07/2024 19:50,London Brixton,Allie Zarek,Regular Frappes - Strawberries & Cream - 2.75,2.75,CASH,
06/07/2024 19:51,London Brixton,Lester Buchanan,Large Speciality Tea - Earl Grey - 1.60,1.6,CARD,8216355231781430
06/07/2024 19:53,London Brixton,Clarence Markus,"Regular Iced americano - 2.15, Large Hot chocolate - 2.90, Regular Smoothies - Glowing Greens - 2.00",7.05,CARD,2158794281799030
06/07/2024 19:54,London Brixton,Austin Krueger,"Regular Espresso - 1.50, Large Iced americano - 2.50, Large Smoothies - Carrot Kick - 2.50, Regular Espresso - 1.50, Regular Iced americano - 2.15",10.15,CARD,4612830136914532
06/07/2024 19:55,London Brixton,Barbara Houston,"Regular Iced americano - 2.15, Large Frappes - Strawberries & Cream - 3.25",5.4,CARD,7724558171134538
06/07/2024 19:57,London Brixton,Ray Oakley,"Large Iced americano - 2.50, Large Hot chocolate - 2.90, Regular Smoothies - Carrot Kick - 2.00",7.4,CASH,
06/07/2024 19:58,London Brixton,James Mckeon,"Large Speciality Tea - Earl Grey - 1.60, Large Iced americano - 2.50, Regular Hot chocolate - 2.20, Large Smoothies - Carrot Kick - 2.50, Large Frappes - Strawberries & Cream - 3.25",12.05,CASH,
06/07/2024 19:59,London Brixton,Kimberly Keller,"Regular Iced americano - 2.15, Regular Speciality Tea - Earl Grey - 1.30",3.45,CARD,9858299666934095
06/07/2024 20:01,London Brixton,Florence Peitz,"Regular Hot chocolate - 2.20, Large Smoothies - Carrot Kick - 2.50, Large Frappes - Strawberries & Cream - 3.25, Large Speciality Tea - Earl Grey - 1.60, Regular Speciality Tea - Earl Grey - 1.30, Regular Cappuccino - 2.15",13.0,CARD,6846044821622136
06/07/2024 20:03,London Brixton,Stephanie Gieger,Regular Speciality Tea - Earl Grey - 1.30,1.3,CASH,
06/07/2024 20:05,London Brixton,Joy Dender,"Large Hot chocolate - 2.90, Regular Speciality Tea - Earl Grey - 1.30, Regular Iced americano - 2.15",6.35,CARD,1672428617688196
06/07/2024 20:08,London Brixton,Tony Smith,"Large Espresso - 1.80, Regular Smoothies - Glowing Greens - 2.00",3.8,CARD,2619455973866753
06/07/2024 20:10,London Brixton,Benito Cirone,"Regular Speciality Tea - Earl Grey - 1.30, Large Hot chocolate - 2.90, Large Smoothies - Glowing Greens - 2.50",6.7,CARD,2178098126266253
06/07/2024 20:13,London Brixton,Frank Lenhart,"Large Smoothies - Carrot Kick - 2.50, Large Frappes - Strawberries & Cream - 3.25, Regular Cappuccino - 2.15, Regular Smoothies - Glowing Greens - 2.00",9.9,CASH,
06/07/2024 20:15,London Brixton,Patricia Byars,"Large Cappuccino - 2.45, Large Cappuccino - 2.45, Large Hot chocolate - 2.90, Large Iced americano - 2.50, Regular Espresso - 1.50, Regular Cappuccino - 2.15",13.95,CARD,5362747995777379
06/07/2024 20:17,London Brixton,George Moore,"Regular Speciality Tea - Earl Grey - 1.30, Large Smoothies - Carrot Kick - 2.50, Large Iced americano - 2.50, Large Smoothies - Carrot Kick - 2.50, Regular Iced americano - 2.15, Large Frappes - Strawberries & Cream - 3.25",14.2,CARD,6542321632882306
06/07/2024 20:20,London Brixton,Joan Boyd,"Regular Hot chocolate - 2.20, Large Iced americano - 2.50",4.7,CARD,6777418837619019
06/07/2024 20:22,London Brixton,Linda Lavender,Large Iced americano - 2.50,2.5,CARD,6141605380640188
06/07/2024 20:25,London Brixton,Robert Perron,"Regular Cappuccino - 2.15, Large Smoothies - Carrot Kick - 2.50, Regular Smoothies - Carrot Kick - 2.00, Regular Cappuccino - 2.15, Large Smoothies - Glowing Greens - 2.50, Large Iced americano - 2.50",13.8,CASH,
06/07/2024 20:27,London Brixton,Barbara Dunn,"Large Cappuccino - 2.45, Regular Hot chocolate - 2.20",4.65,CARD,6573828208649324
06/07/2024 20:29,London Brixton,Kevin Eakes,"Large Frappes - Strawberries & Cream - 3.25, Large Speciality Tea - Earl Grey - 1.60",4.85,CASH,
06/07/2024 20:32,London Brixton,Donna Landrum,"Regular Smoothies - Glowing Greens - 2.00, Regular Speciality Tea - Earl Grey - 1.30, Large Speciality Tea - Earl Grey - 1.60",4.9,CARD,4136184090559636
06/07/2024 20:34,London Brixton,Frances Carrillo,"Large Hot chocolate - 2.90, Large Smoothies - Carrot Kick - 2.50, Large Iced americano - 2.50",7.9,CARD,7965276370211696
06/07/2024 20:37,London Brixton,Karla Hancock,"Large Speciality Tea - Earl Grey - 1.60, Regular Speciality Tea - Earl Grey - 1.30, Regular Smoothies - Glowing Greens - 2.00",4.9,CASH,
06/07/2024 20:39,London Brixton,Toni Thrasher,Large Iced americano - 2.50,2.5,CASH,
06/07/2024 20:41,London Brixton,James Bagg,"Large Frappes - Strawberries & Cream - 3.25, Large Speciality Tea - Earl Grey - 1.60, Large Cappuccino - 2.45, Regular Cappuccino - 2.15",9.45,CARD,9051519701375219
06/07/2024 20:44,London Brixton,David Mendoza,"Regular Smoothies - Glowing Greens - 2.00, Large Speciality Tea - Earl Grey - 1.60, Large Hot chocolate - 2.90",6.5,CARD,3473694726907011
06/07/2024 20:46,London Brixton,Virginia Naylor,"Large Speciality Tea - Earl Grey - 1.60, Regular Iced americano - 2.15, Regular Speciality Tea - Earl Grey - 1.30",5.05,CASH,
06/07/2024 20:49,London Brixton,Richard Spataro,"Regular Cappuccino - 2.15, Large Smoothies - Glowing Greens - 2.50, Regular Speciality Tea - Earl Grey - 1.30",5.95,CARD,7569766148615700
06/07/2024 20:51,London Brixton,Janice Mcginnis,"Large Iced americano - 2.50, Regular Hot chocolate - 2.20, Large Iced americano - 2.50",7.2,CASH,
06/07/2024 20:53,London Brixton,Michael Smith,"Large Speciality Tea - Earl Grey - 1.60, Regular Hot chocolate - 2.20",3.8,CARD,8681275209298407
06/07/2024 20:56,London Brixton,Allen Uselman,Regular Cappuccino - 2.15,2.15,CARD,1979030909628253
06/07/2024 20:58,London Brixton,Donald Ogg,Large Iced americano - 2.50,2.5,CASH,
