06/07/2024 09:00,Longridge,Jason Washington,"Large Frappes - Strawberries & Cream - 3.25, Large Frappes - Strawberries & Cream - 3.25",6.5,CARD,2777099334785658
06/07/2024 09:01,Longridge,Therese Herrera,"Regular Smoothies - Glowing Greens - 2.00, Large Mocha - 2.70, Regular Frappes - Strawberries & Cream - 2.75, Large Mocha - 2.70, Large Smoothies - Glowing Greens - 2.50",12.65,CARD,3576971398433043
06/07/2024 09:02,Longridge,Randall Harrison,"Regular Mocha - 2.30, Regular Mocha - 2.30, Large Smoothies - Glowing Greens - 2.50",7.1,CARD,3661032291753927
06/07/2024 09:03,Longridge,Rosie Littleton,"Large Speciality Tea - Earl Grey - 1.60, Large Mocha - 2.70, Large Flavoured iced latte - Caramel - 3.25, Regular Flavoured iced latte - Caramel - 2.75",10.3,CARD,1090611173902839
06/07/2024 09:04,Longridge,Beverly Bond,Regular Flavoured iced latte - Caramel - 2.75,2.75,CARD,4983493669375650
06/07/2024 09:05,Longridge,Gary Mckeel,"Large Flavoured iced latte - Caramel - 3.25, Large Glass of milk - 1.10, Regular Glass of milk - 0.70, Regular Speciality Tea - Earl Grey - 1.30",6.35,CARD,7462770007807435
06/07/2024 09:06,Longridge,Heidi Berry,"Large Flavoured iced latte - Caramel - 3.25, Regular Speciality Tea - Earl Grey - 1.30, Regular Flavoured iced latte - Caramel - 2.75",7.3,CARD,4260100641896996
06/07/2024 09:07,Longridge,Devora Winger,"Regular Frappes - Strawberries & Cream - 2.75, Large Speciality Tea - Earl Grey - 1.60",4.35,CARD,5965800376302739
06/07/2024 09:08,Longridge,Maria Latus,"Large Speciality Tea - Earl Grey - 1.60, Regular Smoothies - Glowing Greens - 2.00",3.6,CARD,7302941708153312
06/07/2024 09:09,Longridge,Jasmine Jones,"Regular Flavoured iced latte - Caramel - 2.75, Regular Smoothies - Glowing Greens - 2.00, Regular Speciality Tea - Earl Grey - 1.30",6.05,CASH,
06/07/2024 09:10,Longridge,Mark Meredith,"Regular Glass of milk - 0.70, Regular Smoothies - Glowing Greens - 2.00",2.7,CASH,
06/07/2024 09:11,Longridge,Christopher Miles,Regular Mocha - 2.30,2.3,CASH,
06/07/2024 09:13,Longridge,Brenda Thomason,"Regular Smoothies - Glowing Greens - 2.00, Large Flavoured iced latte - Caramel - 3.25",5.25,CASH,
06/07/2024 09:14,Longridge,Rose Lipkin,Regular Frappes - Strawberries & Cream - 2.75,2.75,CASH,
06/07/2024 09:15,Longridge,Magan Maloney,Regular Smoothies - Glowing Greens - 2.00,2.0,CASH,
06/07/2024 09:16,Longridge,Wilbert Spears,Large Smoothies - Glowing Greens - 2.50,2.5,CARD,9882862868686342
06/07/2024 09:17,Longridge,Laurie Gilpin,"Regular Flavoured iced latte - Caramel - 2.75, Large Flavoured iced latte - Caramel - 3.25, Large Mocha - 2.70",8.7,CARD,3489098397960859
06/07/2024 09:18,Longridge,Sarah Lovelace,"Regular Mocha - 2.30, Regular Glass of milk - 0.70",3.0,CARD,6240572098264389
06/07/2024 09:19,Longridge,Kelly Heinz,"Regular Mocha - 2.30, Regular Frappes - Strawberries & Cream - 2.75, Large Glass of milk - 1.10, Large Mocha - 2.70",8.85,CASH,
06/07/2024 09:20,Longridge,Carolyn Tappen,Large Mocha - 2.70,2.7,CARD,2458563041844172
06/07/2024 09:21,Longridge,Elissa Balducci,Regular Smoothies - Glowing Greens - 2.00,2.0,CARD,6036259433424569
06/07/2024 09:22,Longridge,Darren Brandenburg,"Large Mocha - 2.70, Regular Glass of milk - 0.70",3.4,CARD,9967669386547373
06/07/2024 09:23,Longridge,Will Mccall,Regular Glass of milk - 0.70,0.7,CASH,
06/07/2024 09:24,Longridge,Johnnie Baggett,Regular Frappes - Strawberries & Cream - 2.75,2.75,CARD,1173256667384277
06/07/2024 09:26,Longridge,Ruby Rapkin,"Large Frappes - Strawberries & Cream - 3.25, Large Mocha - 2.70",5.95,CARD,5793064202918114
06/07/2024 09:27,Longridge,Jeffery Quirin,"Large Speciality Tea - Earl Grey - 1.60, Large Speciality Tea - Earl Grey - 1.60, Regular Smoothies - Glowing Greens - 2.00",5.2,CARD,5032728681041802
06/07/2024 09:28,Longridge,Paul Hughes,Regular Frappes - Strawberries & Cream - 2.75,2.75,CARD,2397885745692720
06/07/2024 09:29,Longridge,Sean Lico,"Regular Speciality Tea - Earl Grey - 1.30, Large Smoothies - Glowing Greens - 2.50",3.8,CARD,5622911564928911
06/07/2024 09:30,Longridge,Margaret Schmidt,"Regular Flavoured iced latte - Caramel - 2.75, Large Speciality Tea - Earl Grey - 1.60",4.35,CARD,1651161748606411
06/07/2024 09:31,Longridge,Vicky Strief,"Large Smoothies - Glowing Greens - 2.50, Regular Smoothies - Glowing Greens - 2.00",4.5,CARD,2374518492857194
06/07/2024 09:32,Longridge,Keith Leak,Regular Glass of milk - 0.70,0.7,CASH,
06/07/2024 09:33,Longridge,Mary Day,"Regular Glass of milk - 0.70, Large Smoothies - Glowing Greens - 2.50, Regular Speciality Tea - Earl Grey - 1.30",4.5,CASH,
06/07/2024 09:34,Longridge,Joshua Piles,"Large Glass of milk - 1.10, Regular Flavoured iced latte - Caramel - 2.75, Large Flavoured iced latte - Caramel - 3.25",7.1,CASH,
06/07/2024 09:35,Longridge,Jamal Melby,"Large Mocha - 2.70, Large Frappes - Strawberries & Cream - 3.25",5.95,CARD,4411202253124583
06/07/2024 09:36,Longridge,Faith Lewis,"Large Glass of milk - 1.10, Regular Mocha - 2.30, Large Flavoured iced latte - Caramel - 3.25",6.65,CASH,
06/07/2024 09:37,Longridge,Hector Mcdougal,Regular Mocha - 2.30,2.3,CARD,3777792973057316
06/07/2024 09:39,Longridge,Daniel Nichols,"Regular Glass of milk - 0.70, Large Mocha - 2.70, Regular Frappes - Strawberries & Cream - 2.75, Regular Mocha - 2.30",8.45,CASH,
06/07/2024 09:40,Longridge,Christopher Brush,"Regular Frappes - Strawberries & Cream - 2.75, Large Mocha - 2.70, Large Frappes - Strawberries & Cream - 3.25",8.7,CARD,2604902997321912
06/07/2024 09:41,Longridge,Maggie Casteel,"Regular Frappes - Strawberries & Cream - 2.75, Regular Glass of milk - 0.70, Regular Flavoured iced latte - Caramel - 2.75",6.2,CARD,1623588404015774
06/07/2024 09:42,Longridge,Amanda Aliff,"Regular Smoothies - Glowing Greens - 2.00, Large Flavoured iced latte - Caramel - 3.25, Large Smoothies - Glowing Greens - 2.50",7.75,CARD,9055906773515269
06/07/2024 09:43,Longridge,Roxanne Brown,"Regular Mocha - 2.30, Large Smoothies - Glowing Greens - 2.50, Regular Smoothies - Glowing Greens - 2.00",6.8,CARD,6400781127979290
06/07/2024 09:44,Longridge,Fred Wheeler,Large Frappes - Strawberries & Cream - 3.25,3.25,CASH,
06/07/2024 09:45,Longridge,Joseph Shetterly,Regular Glass of milk - 0.70,0.7,CARD,8597322325065319
06/07/2024 09:46,Longridge,Patricia Bailey,Regular Smoothies - Glowing Greens - 2.00,2.0,CARD,3773831348541230
06/07/2024 09:47,Longridge,Paula Chapman,"Large Smoothies - Glowing Greens - 2.50, Regular Frappes - Strawberries & Cream - 2.75",5.25,CARD,5700277207230451
06/07/2024 09:48,Longridge,Mary Rancourt,"Large Flavoured iced latte - Caramel - 3.25, Large Mocha - 2.70, Regular Flavoured iced latte - Caramel - 2.75, Large Mocha - 2.70",11.4,CARD,6034905131538299
06/07/2024 09:49,Longridge,Marilyn Nelson,"Regular Smoothies - Glowing Greens - 2.00, Large Flavoured iced latte - Caramel - 3.25, Regular Flavoured iced latte - Caramel - 2.75, Regular Glass of milk - 0.70, Regular Mocha - 2.30, Regular Mocha - 2.30",13.3,CARD,5005198838716931
06/07/2024 09:50,Longridge,Donald Beitz,"Large Mocha - 2.70, Regular Mocha - 2.30",5.0,CASH,
06/07/2024 09:52,Longridge,Robert Odell,Regular Frappes - Strawberries & Cream - 2.75,2.75,CARD,5705650768685667
06/07/2024 09:53,Longridge,Jeffrey Colman,"Regular Speciality Tea - Earl Grey - 1.30, Regular Frappes - Strawberries & Cream - 2.75",4.05,CARD,6713728093479236
06/07/2024 09:54,Longridge,Dominick Martinez,"Regular Frappes - Strawberries & Cream - 2.75, Regular Smoothies - Glowing Greens - 2.00, Large Mocha - 2.70",7.45,CASH,
06/07/2024 09:55,Longridge,Helen Jones,"Large Flavoured iced latte - Caramel - 3.25, Regular Mocha - 2.30",5.55,CARD,9347763143325403
06/07/2024 09:56,Longridge,Grace Lavalle,"Large Speciality Tea - Earl Grey - 1.60, Regular Flavoured iced latte - Caramel - 2.75, Regular Frappes - Strawberries & Cream - 2.75, Large Glass of milk - 1.10, Regular Mocha - 2.30, Large Glass of milk - 1.10",11.6,CARD,7587646196303418
06/07/2024 09:57,Longridge,Victor Sandrock,Large Glass of milk - 1.10,1.1,CARD,1362912164294977
06/07/2024 09:58,Longridge,Virginia Lewis,"Large Smoothies - Glowing Greens - 2.50, Regular Speciality Tea - Earl Grey - 1.30",3.8,CARD,7954838192524675
06/07/2024 09:59,Longridge,Rosanna Gomez,"Large Glass of milk - 1.10, Large Speciality Tea - Earl Grey - 1.60, Regular Smoothies - Glowing Greens - 2.00, Large Smoothies - Glowing Greens - 2.50, Large Mocha - 2.70",9.9,CARD,8717848481550685
06/07/2024 10:00,Longridge,Robert Levy,"Regular Mocha - 2.30, Regular Mocha - 2.30",4.6,CARD,8711428637134946
06/07/2024 10:03,Longridge,James Taylor,"Regular Mocha - 2.30, Regular Glass of milk - 0.70, Regular Frappes - Strawberries & Cream - 2.75",5.75,CASH,
06/07/2024 10:06,Longridge,Roy Mcmillian,Large Speciality Tea - Earl Grey - 1.60,1.6,CASH,
06/07/2024 10:10,Longridge,James Blind,"Regular Mocha - 2.30, Regular Speciality Tea - Earl Grey - 1.30",3.6,CARD,3665887773161828
06/07/2024 10:13,Longridge,Barbara Vaughn,"Regular Flavoured iced latte - Caramel - 2.75, Large Flavoured iced latte - Caramel - 3.25, Regular Glass of milk - 0.70, Regular Speciality Tea - Earl Grey - 1.30, Regular Speciality Tea - Earl Grey - 1.30",9.3,CARD,2536908587701931
06/07/2024 10:16,Longridge,Shane Gomez,"Large Frappes - Strawberries & Cream - 3.25, Regular Glass of milk - 0.70, Large Smoothies - Glowing Greens - 2.50, Large Frappes - Strawberries & Cream - 3.25, Regular Flavoured iced latte - Caramel - 2.75",12.45,CASH,
06/07/2024 10:19,Longridge,Mary Chenault,"Large Mocha - 2.70, Regular Frappes - Strawberries & Cream - 2.75, Large Flavoured iced latte - Caramel - 3.25, Large Flavoured iced latte - Caramel - 3.25, Regular Flavoured iced latte - Caramel - 2.75",14.7,CASH,
06/07/2024 10:22,Longridge,Adele Edgehill,Regular Mocha - 2.30,2.3,CASH,
06/07/2024 10:25,Longridge,Sharon Todd,"Regular Frappes - Strawberries & Cream - 2.75, Large Mocha - 2.70, Large Speciality Tea - Earl Grey - 1.60",7.05,CARD,1886556855176874
06/07/2024 10:29,Longridge,James Hollenbach,"Large Speciality Tea - Earl Grey - 1.60, Regular Smoothies - Glowing Greens - 2.00, Large Mocha - 2.70, Large Flavoured iced latte - Caramel - 3.25, Regular Flavoured iced latte - Caramel - 2.75",12.3,CARD,7743136760496856
06/07/2024 10:32,Longridge,Laura Chambers,Large Flavoured iced latte - Caramel - 3.25,3.25,CARD,2973065012512185
06/07/2024 10:35,Longridge,Lester Miller,"Regular Glass of milk - 0.70, Regular Speciality Tea - Earl Grey - 1.30",2.0,CARD,7578095924540522
06/07/2024 10:38,Longridge,Greg Reyes,"Large Speciality Tea - Earl Grey - 1.60, Regular Flavoured iced latte - Caramel - 2.75, Regular Mocha - 2.30",6.65,CARD,6595697000540490
06/07/2024 10:41,Longridge,Alicia Kurz,Large Glass of milk - 1.10,1.1,CASH,
06/07/2024 10:44,Longridge,Hester Paquette,"Regular Smoothies - Glowing Greens - 2.00, Large Mocha - 2.70",4.7,CARD,3588237765152656
06/07/2024 10:47,Longridge,Robert Jacobs,"Regular Smoothies - Glowing Greens - 2.00, Regular Glass of milk - 0.70, Large Speciality Tea - Earl Grey - 1.60, Large Smoothies - Glowing Greens - 2.50",6.8,CARD,6638448414402192
06/07/2024 10:51,Longridge,Henry Walling,"Regular Glass of milk - 0.70, Regular Frappes - Strawberries & Cream - 2.75, Large Flavoured iced latte - Caramel - 3.25",6.7,CARD,8714611598869479
06/07/2024 10:54,Longridge,Erma Budzynski,"Large Frappes - Strawberries & Cream - 3.25, Large Flavoured iced latte - Caramel - 3.25, Regular Speciality Tea - Earl Grey - 1.30, Large Mocha - 2.70, Regular Mocha - 2.30, Regular Frappes - Strawberries & Cream - 2.75",15.55,CARD,7016383260922461
06/07/2024 10:57,Longridge,Casey Nesbitt,"Large Flavoured iced latte - Caramel - 3.25, Large Frappes - Strawberries & Cream - 3.25",6.5,CARD,9821916152915633
06/07/2024 11:00,Longridge,Jeanie Keniston,"Regular Flavoured iced latte - Caramel - 2.75, Large Frappes - Strawberries & Cream - 3.25, Large Smoothies - Glowing Greens - 2.50, Regular Smoothies - Glowing Greens - 2.00",10.5,CASH,
06/07/2024 11:08,Longridge,Maggie Wheeler,"Regular Speciality Tea - Earl Grey - 1.30, Large Flavoured iced latte - Caramel - 3.25, Large Smoothies - Glowing Greens - 2.50, Regular Smoothies - Glowing Greens - 2.00",9.05,CARD,7255403054998780
06/07/2024 11:15,Longridge,Adele Mullins,Regular Smoothies - Glowing Greens - 2.00,2.0,CARD,5632608755363138
06/07/2024 11:23,Longridge,Michael Wilson,"Large Frappes - Strawberries & Cream - 3.25, Regular Frappes - Strawberries & Cream - 2.75, Large Glass of milk - 1.10",7.1,CARD,7078798152829187
06/07/2024 11:30,Longridge,Peter Dejohn,Regular Glass of milk - 0.70,0.7,CASH,
06/07/2024 11:38,Longridge,Edna Zimmerman,"Regular Flavoured iced latte - Caramel - 2.75, Regular Speciality Tea - Earl Grey - 1.30",4.05,CASH,
06/07/2024 11:45,Longridge,Michael Sylvia,Regular Glass of milk - 0.70,0.7,CARD,7738046796026019
06/07/2024 11:53,Longridge,Rico Easterling,"Large Mocha - 2.70, Large Flavoured iced latte - Caramel - 3.25",5.95,CARD,3168106107993681
06/07/2024 12:00,Longridge,Betty Winters,"Large Glass of milk - 1.10, Regular Smoothies - Glowing Greens - 2.00, Regular Smoothies - Glowing Greens - 2.00, Regular Smoothies - Glowing Greens - 2.00, Regular Flavoured iced latte - Caramel - 2.75, Regular Flavoured iced latte - Caramel - 2.75",12.6,CARD,8257862581905511
06/07/2024 12:06,Longridge,Thomas Krick,"Regular Frappes - Strawberries & Cream - 2.75, Large Speciality Tea - Earl Grey - 1.60, Large Speciality Tea - Earl Grey - 1.60",5.95,CASH,
06/07/2024 12:12,Longridge,Steven Krebs,"Regular Smoothies - Glowing Greens - 2.00, Regular Speciality Tea - Earl Grey - 1.30, Large Frappes - Strawberries & Cream - 3.25",6.55,CARD,2656951203859734
06/07/2024 12:18,Longridge,Melissa Powell,"Regular Mocha - 2.30, Large Mocha - 2.70",5.0,CARD,7453570051544137
06/07/2024 12:24,Longridge,Willie Prohaska,"Large Glass of milk - 1.10, Regular Speciality Tea - Earl Grey - 1.30, Regular Glass of milk - 0.70",3.1,CARD,7345380740684326
06/07/2024 12:30,Longridge,Elmer Doe,"Large Mocha - 2.70, Regular Flavoured iced latte - Caramel - 2.75",5.45,CARD,3460740967284754
06/07/2024 12:36,Longridge,Betty Mora,"Large Flavoured iced latte - Caramel - 3.25, Regular Speciality Tea - Earl Grey - 1.30, Regular Frappes - Strawberries & Cream - 2.75, Large Speciality Tea - Earl Grey - 1.60",8.9,CASH,
06/07/2024 12:42,Longridge,Carrie Rocha,"Regular Mocha - 2.30, Large Flavoured iced latte - Caramel - 3.25, Large Glass of milk - 1.10, Regular Frappes - Strawberries & Cream - 2.75",9.4,CASH,
06/07/2024 12:48,Longridge,Rebecca Henderson,"Regular Flavoured iced latte - Caramel - 2.75, Regular Smoothies - Glowing Greens - 2.00, Large Smoothies - Glowing Greens - 2.50, Large Mocha - 2.70",9.95,CASH,
06/07/2024 12:54,Longridge,Richard Turner,"Regular Frappes - Strawberries & Cream - 2.75, Regular Frappes - Strawberries & Cream - 2.75, Large Mocha - 2.70, Large Speciality Tea - Earl Grey - 1.60",9.8,CASH,
06/07/2024 13:00,Longridge,Myrna Mcconnell,"Regular Speciality Tea - Earl Grey - 1.30, Large Frappes - Strawberries & Cream - 3.25, Large Smoothies - Glowing Greens - 2.50, Large Glass of milk - 1.10, Regular Frappes - Strawberries & Cream - 2.75",10.9,CARD,3479194345383268
06/07/2024 13:01,Longridge,Carol Orr,Regular Flavoured iced latte - Caramel - 2.75,2.75,CARD,5299625156695760
06/07/2024 13:02,Longridge,Alan Alvarez,"Regular Glass of milk - 0.70, Regular Smoothies - Glowing Greens - 2.00, Large Glass of milk - 1.10, Regular Frappes - Strawberries & Cream - 2.75",6.55,CASH,
06/07/2024 13:03,Longridge,Donna Bustios,"Large Smoothies - Glowing Greens - 2.50, Regular Glass of milk - 0.70, Large Mocha - 2.70, Large Glass of milk - 1.10, Regular Glass of milk - 0.70, Regular Mocha - 2.30",10.0,CASH,
06/07/2024 13:04,Longridge,Viola Johnson,Large Smoothies - Glowing Greens - 2.50,2.5,CARD,9531008084632913
06/07/2024 13:05,Longridge,David Felix,Regular Smoothies - Glowing Greens - 2.00,2.0,CARD,6163036149887513
06/07/2024 13:06,Longridge,Juan Lyle,"Large Speciality Tea - Earl Grey - 1.60, Large Frappes - Strawberries & Cream - 3.25, Large Frappes - Strawberries & Cream - 3.25, Regular Flavoured iced latte - Caramel - 2.75",10.85,CARD,4116659963889200
06/07/2024 13:07,Longridge,John Balzer,"Large Glass of milk - 1.10, Large Glass of milk - 1.10, Regular Mocha - 2.30, Regular Smoothies - Glowing Greens - 2.00",6.5,CARD,6989995287263901
06/07/2024 13:08,Longridge,Edith Moody,Regular Flavoured iced latte - Caramel - 2.75,2.75,CARD,5641881677413226
06/07/2024 13:09,Longridge,Josephine Sumpter,Regular Smoothies - Glowing Greens - 2.00,2.0,CASH,
06/07/2024 13:10,Longridge,Mildred Nichols,"Regular Mocha - 2.30, Regular Flavoured iced latte - Caramel - 2.75, Regular Frappes - Strawberries & Cream - 2.75",7.8,CARD,1465381655744725
06/07/2024 13:10,Longridge,Salvatore Rorick,"Large Mocha - 2.70, Regular Glass of milk - 0.70, Regular Glass of milk - 0.70",4.1,CARD,8746214597691231
06/07/2024 13:11,Longridge,Mary Swanson,"Large Mocha - 2.70, Large Flavoured iced latte - Caramel - 3.25, Large Smoothies - Glowing Greens - 2.50, Regular Smoothies - Glowing Greens - 2.00, Large Mocha - 2.70",13.15,CARD,4791455336502029
06/07/2024 13:12,Longridge,Anna Carreon,"Large Glass of milk - 1.10, Large Mocha - 2.70, Regular Mocha - 2.30, Regular Flavoured iced latte - Caramel - 2.75",8.85,CASH,
06/07/2024 13:13,Longridge,Noel Madero,"Regular Mocha - 2.30, Regular Smoothies - Glowing Greens - 2.00",4.3,CASH,
06/07/2024 13:14,Longridge,Maria Stevens,"Large Frappes - Strawberries & Cream - 3.25, Large Mocha - 2.70, Regular Smoothies - Glowing Greens - 2.00, Regular Mocha - 2.30",10.25,CARD,2021027472345217
06/07/2024 13:15,Longridge,Joseph Hamilton,"Regular Smoothies - Glowing Greens - 2.00, Large Smoothies - Glowing Greens - 2.50, Regular Frappes - Strawberries & Cream - 2.75, Large Flavoured iced latte - Caramel - 3.25, Large Speciality Tea - Earl Grey - 1.60",12.1,CARD,2682464787927361
06/07/2024 13:16,Longridge,Philip Parker,Large Glass of milk - 1.10,1.1,CARD,2617184843815036
06/07/2024 13:17,Longridge,Ophelia Matthews,"Regular Speciality Tea - Earl Grey - 1.30, Large Mocha - 2.70",4.0,CARD,8025430616290527
06/07/2024 13:18,Longridge,Billy Rico,"Large Frappes - Strawberries & Cream - 3.25, Regular Glass of milk - 0.70, Large Mocha - 2.70",6.65,CASH,
06/07/2024 13:19,Longridge,Steven Moore,Large Frappes - Strawberries & Cream - 3.25,3.25,CARD,1611432286541889
06/07/2024 13:20,Longridge,Josefa Harrison,"Large Smoothies - Glowing Greens - 2.50, Large Frappes - Strawberries & Cream - 3.25, Large Mocha - 2.70, Regular Speciality Tea - Earl Grey - 1.30, Regular Mocha - 2.30, Large Flavoured iced latte - Caramel - 3.25",15.3,CARD,5298868817403658
06/07/2024 13:21,Longridge,Joan Surface,"Regular Flavoured iced latte - Caramel - 2.75, Regular Smoothies - Glowing Greens - 2.00, Regular Smoothies - Glowing Greens - 2.00",6.75,CARD,4653829656887906
06/07/2024 13:22,Longridge,Felicia Fuentes,"Large Smoothies - Glowing Greens - 2.50, Large Flavoured iced latte - Caramel - 3.25, Large Mocha - 2.70",8.45,CARD,5139281563223465
06/07/2024 13:23,Longridge,Debra Cosselman,"Regular Glass of milk - 0.70, Large Frappes - Strawberries & Cream - 3.25, Regular Frappes - Strawberries & Cream - 2.75",6.7,CARD,1322470924404127
06/07/2024 13:24,Longridge,Sean Johnson,"Large Flavoured iced latte - Caramel - 3.25, Large Flavoured iced latte - Caramel - 3.25, Large Smoothies - Glowing Greens - 2.50",9.0,CASH,
06/07/2024 13:25,Longridge,Robert Lara,"Regular Glass of milk - 0.70, Large Glass of milk - 1.10, Large Speciality Tea - Earl Grey - 1.60, Regular Frappes - Strawberries & Cream - 2.75, Large Flavoured iced latte - Caramel - 3.25, Regular Smoothies - Glowing Greens - 2.00",11.4,CARD,2592848590043830
06/07/2024 13:26,Longridge,Ruby Hughes,"Regular Speciality Tea - Earl Grey - 1.30, Regular Speciality Tea - Earl Grey - 1.30",2.6,CASH,
06/07/2024 13:27,Longridge,Miguel Hilton,"Regular Flavoured iced latte - Caramel - 2.75, Large Flavoured iced latte - Caramel - 3.25, Regular Mocha - 2.30, Regular Glass of milk - 0.70, Regular Flavoured iced latte - Caramel - 2.75, Regular Flavoured iced latte - Caramel - 2.75",14.5,CARD,6704343821477297
06/07/2024 13:28,Longridge,David Anderson,"Regular Flavoured iced latte - Caramel - 2.75, Regular Flavoured iced latte - Caramel - 2.75, Regular Glass of milk - 0.70",6.2,CARD,9205234292713146
06/07/2024 13:29,Longridge,Earl Kirkpatrick,"Regular Flavoured iced latte - Caramel - 2.75, Regular Flavoured iced latte - Caramel - 2.75, Regular Frappes - Strawberries & Cream - 2.75, Large Flavoured iced latte - Caramel - 3.25, Large Frappes - Strawberries & Cream - 3.25, Regular Mocha - 2.30",17.05,CARD,8479782951679752
06/07/2024 13:29,Longridge,Vanessa Michelle,Large Flavoured iced latte - Caramel - 3.25,3.25,CARD,3650829188877799
06/07/2024 13:30,Longridge,Pearl Patterson,Regular Flavoured iced latte - Caramel - 2.75,2.75,CARD,1090514432345696
06/07/2024 13:31,Longridge,Sarah Hall,"Regular Mocha - 2.30, Large Frappes - Strawberries & Cream - 3.25",5.55,CASH,
06/07/2024 13:32,Longridge,Sherry Morales,"Regular Glass of milk - 0.70, Regular Mocha - 2.30",3.0,CARD,5148071850689554
06/07/2024 13:33,Longridge,Jesse West,"Regular Flavoured iced latte - Caramel - 2.75, Regular Smoothies - Glowing Greens - 2.00",4.75,CARD,6615783857352451
06/07/2024 13:34,Longridge,Dong Bailey,"Large Speciality Tea - Earl Grey - 1.60, Regular Flavoured iced latte - Caramel - 2.75",4.35,CARD,4272054542003900
06/07/2024 13:35,Longridge,Ruth Hernandez,"Large Frappes - Strawberries & Cream - 3.25, Regular Flavoured iced latte - Caramel - 2.75, Large Flavoured iced latte - Caramel - 3.25",9.25,CASH,
06/07/2024 13:36,Longridge,Douglas Gutierrez,"Regular Smoothies - Glowing Greens - 2.00, Large Speciality Tea - Earl Grey - 1.60, Regular Smoothies - Glowing Greens - 2.00",5.6,CASH,
06/07/2024 13:37,Longridge,Susan Current,"Regular Frappes - Strawberries & Cream - 2.75, Large Smoothies - Glowing Greens - 2.50, Large Glass of milk - 1.10, Regular Glass of milk - 0.70",7.05,CASH,
06/07/2024 13:38,Longridge,Melanie Barnes,"Large Speciality Tea - Earl Grey - 1.60, Large Glass of milk - 1.10, Large Speciality Tea - Earl Grey - 1.60, Large Speciality Tea - Earl Grey - 1.60, Regular Glass of milk - 0.70",6.6,CARD,8033999823188288
06/07/2024 13:39,Longridge,Felipe Thompson,"Regular Speciality Tea - Earl Grey - 1.30, Large Flavoured iced latte - Caramel - 3.25, Regular Flavoured iced latte - Caramel - 2.75, Large Mocha - 2.70, Large Frappes - Strawberries & Cream - 3.25",13.25,CARD,8865455474097101
06/07/2024 13:40,Longridge,Marian Haskell,"Regular Mocha - 2.30, Regular Mocha - 2.30, Regular Mocha - 2.30",6.9,CARD,5273635968751023
06/07/2024 13:41,Longridge,Herman Owens,"Large Speciality Tea - Earl Grey - 1.60, Large Mocha - 2.70",4.3,CARD,8101927591897329
06/07/2024 13:42,Longridge,Doyle Watkins,Large Smoothies - Glowing Greens - 2.50,2.5,CARD,3795434363808666
06/07/2024 13:43,Longridge,Beverly Templeton,"Regular Speciality Tea - Earl Grey - 1.30, Large Frappes - Strawberries & Cream - 3.25, Regular Flavoured iced latte - Caramel - 2.75, Large Flavoured iced latte - Caramel - 3.25, Regular Speciality Tea - Earl Grey - 1.30",11.85,CARD,8691779510818163
06/07/2024 13:44,Longridge,Kyle Paulson,"Large Smoothies - Glowing Greens - 2.50, Regular Frappes - Strawberries & Cream - 2.75, Regular Speciality Tea - Earl Grey - 1.30, Large Flavoured iced latte - Caramel - 3.25, Large Mocha - 2.70, Regular Smoothies - Glowing Greens - 2.00",14.5,CARD,7328101135004406
06/07/2024 13:45,Longridge,Marilyn Forrester,"Large Frappes - Strawberries & Cream - 3.25, Regular Mocha - 2.30",5.55,CASH,
06/07/2024 13:46,Longridge,Ray Ngo,Regular Speciality Tea - Earl Grey - 1.30,1.3,CARD,7076666483531630
06/07/2024 13:47,Longridge,Elmo Hawkins,"Large Flavoured iced latte - Caramel - 3.25, Regular Mocha - 2.30",5.55,CASH,
06/07/2024 13:48,Longridge,Alicia Paul,"Regular Glass of milk - 0.70, Regular Frappes - Strawberries & Cream - 2.75, Regular Frappes - Strawberries & Cream - 2.75",6.2,CASH,
06/07/2024 13:48,Longridge,Megan Crisp,"Regular Mocha - 2.30, Regular Speciality Tea - Earl Grey - 1.30, Regular Mocha - 2.30",5.9,CARD,8679239326001439
06/07/2024 13:49,Longridge,Elizabeth Kaplan,"Large Speciality Tea - Earl Grey - 1.60, Large Flavoured iced latte - Caramel - 3.25, Large Frappes - Strawberries & Cream - 3.25",8.1,CASH,
06/07/2024 13:50,Longridge,Thelma Hankinson,"Large Mocha - 2.70, Regular Speciality Tea - Earl Grey - 1.30, Regular Glass of milk - 0.70, Regular Smoothies - Glowing Greens - 2.00",6.7,CARD,9119184279878232
06/07/2024 13:51,Longridge,James Jackson,"Regular Speciality Tea - Earl Grey - 1.30, Large Flavoured iced latte - Caramel - 3.25, Large Mocha - 2.70, Regular Smoothies - Glowing Greens - 2.00, Regular Frappes - Strawberries & Cream - 2.75",12.0,CASH,
06/07/2024 13:52,Longridge,Anthony Lipscomb,"Large Frappes - Strawberries & Cream - 3.25, Regular Glass of milk - 0.70, Large Smoothies - Glowing Greens - 2.50",6.45,CARD,9960752246214244
06/07/2024 13:53,Longridge,Sarah Ainslie,"Large Mocha - 2.70, Large Glass of milk - 1.10",3.8,CARD,2709998947261259
06/07/2024 13:54,Longridge,Louise Myles,"Regular Mocha - 2.30, Large Flavoured iced latte - Caramel - 3.25, Large Mocha - 2.70",8.25,CARD,7569016509643128
06/07/2024 13:55,Longridge,Angela Hewson,Regular Glass of milk - 0.70,0.7,CARD,9428363327006023
06/07/2024 13:56,Longridge,Joseph Hodges,"Large Flavoured iced latte - Caramel - 3.25, Regular Speciality Tea - Earl Grey - 1.30, Regular Frappes - Strawberries & Cream - 2.75",7.3,CARD,6679523775800598
06/07/2024 13:57,Longridge,James Westphal,"Regular Speciality Tea - Earl Grey - 1.30, Large Flavoured iced latte - Caramel - 3.25, Regular Frappes - Strawberries & Cream - 2.75, Regular Glass of milk - 0.70",8.0,CASH,
06/07/2024 13:58,Longridge,Gregory Tatom,"Large Mocha - 2.70, Large Flavoured iced latte - Caramel - 3.25, Large Glass of milk - 1.10, Regular Glass of milk - 0.70, Large Frappes - Strawberries & Cream - 3.25, Regular Smoothies - Glowing Greens - 2.00",13.0,CASH,
06/07/2024 13:59,Longridge,Michael Drake,"Large Smoothies - Glowing Greens - 2.50, Large Frappes - Strawberries & Cream - 3.25, Regular Smoothies - Glowing Greens - 2.00",7.75,CARD,6725576397312427
06/07/2024 14:00,Longridge,Donald Meade,"Large Frappes - Strawberries & Cream - 3.25, Regular Flavoured iced latte - Caramel - 2.75",6.0,CASH,
06/07/2024 14:03,Longridge,Lee Walker,"Regular Flavoured iced latte - Caramel - 2.75, Regular Speciality Tea - Earl Grey - 1.30",4.05,CARD,7162161794208689
06/07/2024 14:06,Longridge,Margie Griffin,"Large Glass of milk - 1.10, Large Mocha - 2.70, Large Speciality Tea - Earl Grey - 1.60, Regular Frappes - Strawberries & Cream - 2.75, Large Smoothies - Glowing Greens - 2.50, Regular Mocha - 2.30",12.95,CARD,8188911754765282
06/07/2024 14:09,Longridge,Michaela Block,"Large Mocha - 2.70, Large Flavoured iced latte - Caramel - 3.25",5.95,CARD,3612151902805107
06/07/2024 14:12,Longridge,Elizabeth Crowe,"Large Flavoured iced latte - Caramel - 3.25, Regular Speciality Tea - Earl Grey - 1.30, Large Frappes - Strawberries & Cream - 3.25, Large Smoothies - Glowing Greens - 2.50",10.3,CARD,1153285314936671
06/07/2024 14:16,Longridge,Nick Chavira,"Large Flavoured iced latte - Caramel - 3.25, Large Glass of milk - 1.10, Regular Speciality Tea - Earl Grey - 1.30",5.65,CARD,6831484586676002
06/07/2024 14:19,Longridge,Malcom Hines,"Large Speciality Tea - Earl Grey - 1.60, Regular Speciality Tea - Earl Grey - 1.30",2.9,CARD,9884720088333216
06/07/2024 14:22,Longridge,Christopher Todd,"Large Smoothies - Glowing Greens - 2.50, Large Speciality Tea - Earl Grey - 1.60, Regular Speciality Tea - Earl Grey - 1.30, Large Flavoured iced latte - Caramel - 3.25, Regular Mocha - 2.30",10.95,CARD,4045681814782350
06/07/2024 14:25,Longridge,Mary Andino,"Large Glass of milk - 1.10, Regular Smoothies - Glowing Greens - 2.00",3.1,CASH,
06/07/2024 14:28,Longridge,David Lauer,Large Mocha - 2.70,2.7,CASH,
06/07/2024 14:31,Longridge,Michael Parnell,Large Flavoured iced latte - Caramel - 3.25,3.25,CARD,5348932454450040
06/07/2024 14:35,Longridge,Robert Vida,"Large Speciality Tea - Earl Grey - 1.60, Large Frappes - Strawberries & Cream - 3.25, Regular Mocha - 2.30, Large Speciality Tea - Earl Grey - 1.60",8.75,CASH,
06/07/2024 14:38,Longridge,Laura Swaney,"Large Frappes - Strawberries & Cream - 3.25, Regular Flavoured iced latte - Caramel - 2.75, Large Smoothies - Glowing Greens - 2.50, Regular Smoothies - Glowing Greens - 2.00, Large Mocha - 2.70",13.2,CASH,
06/07/2024 14:41,Longridge,Frank Piermont,"Regular Glass of milk - 0.70, Regular Glass of milk - 0.70",1.4,CARD,1527641417913363
06/07/2024 14:44,Longridge,Barbara Creighton,"Large Flavoured iced latte - Caramel - 3.25, Large Frappes - Strawberries & Cream - 3.25, Regular Frappes - Strawberries & Cream - 2.75, Regular Mocha - 2.30, Large Mocha - 2.70",14.25,CASH,
06/07/2024 14:47,Longridge,Carmen Foster,"Regular Frappes - Strawberries & Cream - 2.75, Large Mocha - 2.70, Large Smoothies - Glowing Greens - 2.50, Regular Glass of milk - 0.70",8.65,CARD,8913724765897672
06/07/2024 14:50,Longridge,Michael Obrien,Large Smoothies - Glowing Greens - 2.50,2.5,CARD,1364836896923280
06/07/2024 14:53,Longridge,Michael Huynh,"Large Glass of milk - 1.10, Regular Speciality Tea - Earl Grey - 1.30, Regular Glass of milk - 0.70",3.1,CARD,8533797416825085
06/07/2024 14:57,Longridge,Preston Brumit,"Large Flavoured iced latte - Caramel - 3.25, Regular Flavoured iced latte - Caramel - 2.75",6.0,CASH,
06/07/2024 15:00,Longridge,Edna Negrete,"Large Frappes - Strawberries & Cream - 3.25, Regular Mocha - 2.30",5.55,CASH,
06/07/2024 15:01,Longridge,Billy Tabor,"Large Speciality Tea - Earl Grey - 1.60, Regular Speciality Tea - Earl Grey - 1.30, Regular Speciality Tea - Earl Grey - 1.30, Regular Flavoured iced latte - Caramel - 2.75",6.95,CASH,
06/07/2024 15:02,Longridge,Annette Hogan,"Regular Speciality Tea - Earl Grey - 1.30, Regular Frappes - Strawberries & Cream - 2.75, Regular Flavoured iced latte - Caramel - 2.75, Large Speciality Tea - Earl Grey - 1.60, Large Speciality Tea - Earl Grey - 1.60, Regular Frappes - Strawberries & Cream - 2.75",12.75,CARD,5173901327573212
06/07/2024 15:03,Longridge,Shay Partch,"Large Glass of milk - 1.10, Large Speciality Tea - Earl Grey - 1.60",2.7,CARD,7557029564076004
06/07/2024 15:04,Longridge,Paulette Lancaster,"Large Glass of milk - 1.10, Large Flavoured iced latte - Caramel - 3.25",4.35,CASH,
06/07/2024 15:05,Longridge,Joshua Miller,"Regular Speciality Tea - Earl Grey - 1.30, Regular Mocha - 2.30, Regular Glass of milk - 0.70, Regular Speciality Tea - Earl Grey - 1.30",5.6,CASH,
06/07/2024 15:06,Longridge,Velma Fussell,"Large Flavoured iced latte - Caramel - 3.25, Regular Frappes - Strawberries & Cream - 2.75",6.0,CARD,1840084352326517
06/07/2024 15:07,Longridge,Peter Evans,Large Flavoured iced latte - Caramel - 3.25,3.25,CARD,1487176430528985
06/07/2024 15:08,Longridge,Jesse Janow,"Regular Smoothies - Glowing Greens - 2.00, Regular Frappes - Strawberries & Cream - 2.75, Regular Smoothies - Glowing Greens - 2.00",6.75,CASH,
06/07/2024 15:09,Longridge,Constance Addis,"Regular Smoothies - Glowing Greens - 2.00, Large Mocha - 2.70, Large Flavoured iced latte - Caramel - 3.25",7.95,CASH,
06/07/2024 15:10,Longridge,David Watkins,"Large Flavoured iced latte - Caramel - 3.25, Regular Smoothies - Glowing Greens - 2.00",5.25,CARD,8942420247303892
06/07/2024 15:11,Longridge,Nancy Rosenthal,"Regular Speciality Tea - Earl Grey - 1.30, Regular Speciality Tea - Earl Grey - 1.30, Regular Frappes - Strawberries & Cream - 2.75, Regular Glass of milk - 0.70",6.05,CASH,
06/07/2024 15:12,Longridge,Matthew Poulsen,"Regular Speciality Tea - Earl Grey - 1.30, Large Smoothies - Glowing Greens - 2.50, Large Mocha - 2.70, Regular Frappes - Strawberries & Cream - 2.75, Large Frappes - Strawberries & Cream - 3.25",12.5,CARD,5786639137008687
06/07/2024 15:13,Longridge,Gloria Harris,"Regular Glass of milk - 0.70, Large Mocha - 2.70",3.4,CARD,2635175488208969
06/07/2024 15:14,Longridge,David Chicas,"Regular Mocha - 2.30, Large Mocha - 2.70, Regular Flavoured iced latte - Caramel - 2.75",7.75,CARD,5970267369109491
06/07/2024 15:15,Longridge,Belinda Ralph,"Large Speciality Tea - Earl Grey - 1.60, Regular Glass of milk - 0.70, Large Smoothies - Glowing Greens - 2.50, Large Flavoured iced latte - Caramel - 3.25, Large Glass of milk - 1.10",9.15,CARD,4769007007146306
06/07/2024 15:16,Longridge,Laurie Gloor,Large Frappes - Strawberries & Cream - 3.25,3.25,CARD,8590235967617654
06/07/2024 15:17,Longridge,Todd Wright,"Regular Mocha - 2.30, Regular Smoothies - Glowing Greens - 2.00",4.3,CARD,4455314714644987
06/07/2024 15:18,Longridge,Kathleen Grubb,"Large Flavoured iced latte - Caramel - 3.25, Large Flavoured iced latte - Caramel - 3.25, Regular Frappes - Strawberries & Cream - 2.75, Large Smoothies - Glowing Greens - 2.50, Regular Frappes - Strawberries & Cream - 2.75",14.5,CASH,
06/07/2024 15:19,Longridge,Heather Hobson,Regular Flavoured iced latte - Caramel - 2.75,2.75,CARD,3922738950633545
06/07/2024 15:20,Longridge,Luis Vrabel,"Regular Smoothies - Glowing Greens - 2.00, Large Speciality Tea - Earl Grey - 1.60",3.6,CASH,
06/07/2024 15:21,Longridge,Madeline Erickson,"Large Flavoured iced latte - Caramel - 3.25, Regular Smoothies - Glowing Greens - 2.00, Large Speciality Tea - Earl Grey - 1.60",6.85,CASH,
06/07/2024 15:22,Longridge,Linette Willoughby,"Large Speciality Tea - Earl Grey - 1.60, Regular Flavoured iced latte - Caramel - 2.75, Regular Frappes - Strawberries & Cream - 2.75",7.1,CASH,
06/07/2024 15:23,Longridge,Jana Dunkin,Large Speciality Tea - Earl Grey - 1.60,1.6,CARD,1922176563537981
06/07/2024 15:25,Longridge,Corey Tong,"Regular Mocha - 2.30, Regular Frappes - Strawberries & Cream - 2.75",5.05,CARD,5638936197566565
06/07/2024 15:26,Longridge,Mary Lombardo,"Regular Glass of milk - 0.70, Regular Frappes - Strawberries & Cream - 2.75, Large Speciality Tea - Earl Grey - 1.60, Large Flavoured iced latte - Caramel - 3.25, Regular Speciality Tea - Earl Grey - 1.30, Regular Frappes - Strawberries & Cream - 2.75",12.35,CARD,8856824082395762
06/07/2024 15:27,Longridge,Thelma Mugleston,"Regular Flavoured iced latte - Caramel - 2.75, Large Frappes - Strawberries & Cream - 3.25, Large Frappes - Strawberries & Cream - 3.25, Regular Flavoured iced latte - Caramel - 2.75",12.0,CASH,
06/07/2024 15:28,Longridge,Shawn Meeks,"Regular Mocha - 2.30, Regular Smoothies - Glowing Greens - 2.00, Regular Speciality Tea - Earl Grey - 1.30",5.6,CASH,
06/07/2024 15:29,Longridge,Steve Karban,Large Frappes - Strawberries & Cream - 3.25,3.25,CARD,4099929755622782
06/07/2024 15:30,Longridge,Lewis Privette,Large Smoothies - Glowing Greens - 2.50,2.5,CARD,2333027330661355
06/07/2024 15:31,Longridge,Jean Christophe,"Large Speciality Tea - Earl Grey - 1.60, Regular Mocha - 2.30, Regular Speciality Tea - Earl Grey - 1.30",5.2,CARD,3127566163361712
06/07/2024 15:32,Longridge,Virginia Franklin,"Large Mocha - 2.70, Large Mocha - 2.70, Large Glass of milk - 1.10",6.5,CASH,
06/07/2024 15:33,Longridge,Leonard Brown,"Regular Glass of milk - 0.70, Regular Smoothies - Glowing Greens - 2.00",2.7,CASH,
06/07/2024 15:34,Longridge,Jana Lewis,"Regular Mocha - 2.30, Regular Mocha - 2.30",4.6,CARD,3628007321190790
06/07/2024 15:35,Longridge,Earl Orosco,Large Speciality Tea - Earl Grey - 1.60,1.6,CASH,
06/07/2024 15:36,Longridge,Ruby Soriano,"Regular Smoothies - Glowing Greens - 2.00, Large Glass of milk - 1.10, Regular Glass of milk - 0.70",3.8,CARD,7398220916176964
06/07/2024 15:37,Longridge,Stacey Peckenpaugh,"Large Speciality Tea - Earl Grey - 1.60, Regular Flavoured iced latte - Caramel - 2.75",4.35,CARD,7295627144144547
06/07/2024 15:38,Longridge,Vera Summers,Large Speciality Tea - Earl Grey - 1.60,1.6,CARD,9676185541550805
06/07/2024 15:39,Longridge,Jeffrey White,"Regular Frappes - Strawberries & Cream - 2.75, Regular Smoothies - Glowing Greens - 2.00, Regular Glass of milk - 0.70, Large Frappes - Strawberries & Cream - 3.25",8.7,CARD,8048474716535092
06/07/2024 15:40,Longridge,Alonzo Ochs,"Large Speciality Tea - Earl Grey - 1.60, Large Speciality Tea - Earl Grey - 1.60",3.2,CASH,
06/07/2024 15:41,Longridge,Leroy Lowe,"Regular Mocha - 2.30, Regular Speciality Tea - Earl Grey - 1.30, Large Frappes - Strawberries & Cream - 3.25",6.85,CARD,3683444945532289
06/07/2024 15:42,Longridge,Denise Fullenkamp,"Regular Frappes - Strawberries & Cream - 2.75, Large Glass of milk - 1.10, Regular Smoothies - Glowing Greens - 2.00",5.85,CARD,1776289551001165
06/07/2024 15:43,Longridge,Betty Herrel,Regular Glass of milk - 0.70,0.7,CARD,8094415056505274
06/07/2024 15:44,Longridge,James Anthony,"Large Flavoured iced latte - Caramel - 3.25, Regular Smoothies - Glowing Greens - 2.00",5.25,CASH,
06/07/2024 15:45,Longridge,Thomas Emerson,"Regular Flavoured iced latte - Caramel - 2.75, Regular Speciality Tea - Earl Grey - 1.30",4.05,CARD,6624091443953601
06/07/2024 15:46,Longridge,Connie Trantham,"Regular Mocha - 2.30, Large Smoothies - Glowing Greens - 2.50, Large Smoothies - Glowing Greens - 2.50",7.3,CARD,3578476461525200
06/07/2024 15:47,Longridge,Synthia Garay,"Regular Speciality Tea - Earl Grey - 1.30, Large Flavoured iced latte - Caramel - 3.25, Large Smoothies - Glowing Greens - 2.50",7.05,CARD,1008398176192080
06/07/2024 15:48,Longridge,Helen Hedrick,"Large Mocha - 2.70, Large Speciality Tea - Earl Grey - 1.60",4.3,CARD,2792048683395103
06/07/2024 15:49,Longridge,Deborah Kaufman,"Large Glass of milk - 1.10, Regular Flavoured iced latte - Caramel - 2.75, Regular Speciality Tea - Earl Grey - 1.30",5.15,CASH,
06/07/2024 15:50,Longridge,Connie Kubiak,"Large Mocha - 2.70, Large Frappes - Strawberries & Cream - 3.25, Regular Mocha - 2.30, Regular Mocha - 2.30",10.55,CARD,2940050141928708
06/07/2024 15:51,Longridge,George Mcmahon,Regular Speciality Tea - Earl Grey - 1.30,1.3,CARD,8897645692565489
06/07/2024 15:52,Longridge,Karen Lanclos,"Regular Mocha - 2.30, Regular Mocha - 2.30",4.6,CARD,1391109725768772
06/07/2024 15:53,Longridge,John Hirota,Regular Flavoured iced latte - Caramel - 2.75,2.75,CASH,
06/07/2024 15:54,Longridge,Lucy Villagomez,"Large Flavoured iced latte - Caramel - 3.25, Regular Frappes - Strawberries & Cream - 2.75, Regular Frappes - Strawberries & Cream - 2.75, Regular Frappes - Strawberries & Cream - 2.75",11.5,CARD,8312880718168184
06/07/2024 15:56,Longridge,Andrea Fulvio,"Regular Mocha - 2.30, Large Flavoured iced latte - Caramel - 3.25",5.55,CASH,
06/07/2024 15:57,Longridge,Marian Richey,"Large Speciality Tea - Earl Grey - 1.60, Large Mocha - 2.70, Large Mocha - 2.70, Regular Flavoured iced latte - Caramel - 2.75",9.75,CARD,9540653757188620
06/07/2024 15:58,Longridge,Betty Turner,Regular Flavoured iced latte - Caramel - 2.75,2.75,CASH,
06/07/2024 15:59,Longridge,Katina Baumann,"Regular Flavoured iced latte - Caramel - 2.75, Large Speciality Tea - Earl Grey - 1.60",4.35,CASH,
06/07/2024 16:00,Longridge,Darrell Caceres,Large Flavoured iced latte - Caramel - 3.25,3.25,CASH,
06/07/2024 16:02,Longridge,Florence Gray,Regular Mocha - 2.30,2.3,CASH,
06/07/2024 16:04,Longridge,Shannon Anderson,Regular Frappes - Strawberries & Cream - 2.75,2.75,CARD,8615082785656067
06/07/2024 16:06,Longridge,Sophia Anderson,"Large Mocha - 2.70, Large Speciality Tea - Earl Grey - 1.60, Regular Glass of milk - 0.70",5.0,CASH,
06/07/2024 16:08,Longridge,Thomas Chang,Large Mocha - 2.70,2.7,CARD,2255918584889387
06/07/2024 16:10,Longridge,Gregory Adame,"Regular Smoothies - Glowing Greens - 2.00, Regular Mocha - 2.30, Regular Smoothies - Glowing Greens - 2.00, Large Frappes - Strawberries & Cream - 3.25, Large Flavoured iced latte - Caramel - 3.25",12.8,CARD,3487941693082783
06/07/2024 16:12,Longridge,Victoria Moore,"Regular Frappes - Strawberries & Cream - 2.75, Large Speciality Tea - Earl Grey - 1.60",4.35,CARD,3789220886694758
06/07/2024 16:14,Longridge,Maria Dennis,"Large Speciality Tea - Earl Grey - 1.60, Regular Flavoured iced latte - Caramel - 2.75",4.35,CARD,5975549926106711
06/07/2024 16:16,Longridge,Dana Gatlin,"Regular Mocha - 2.30, Large Mocha - 2.70, Regular Speciality Tea - Earl Grey - 1.30",6.3,CARD,7273385783124495
06/07/2024 16:18,Longridge,Edward Nasser,"Large Speciality Tea - Earl Grey - 1.60, Regular Speciality Tea - Earl Grey - 1.30, Large Speciality Tea - Earl Grey - 1.60, Regular Smoothies - Glowing Greens - 2.00",6.5,CARD,5476936273441774
06/07/2024 16:20,Longridge,Eugene Ayling,Regular Frappes - Strawberries & Cream - 2.75,2.75,CASH,
06/07/2024 16:22,Longridge,Ryan Hatfield,"Large Speciality Tea - Earl Grey - 1.60, Regular Glass of milk - 0.70",2.3,CASH,
06/07/2024 16:24,Longridge,Steve Steele,"Regular Speciality Tea - Earl Grey - 1.30, Regular Mocha - 2.30, Regular Smoothies - Glowing Greens - 2.00, Regular Mocha - 2.30",7.9,CASH,
06/07/2024 16:26,Longridge,Lynn Sturgill,"Large Speciality Tea - Earl Grey - 1.60, Large Mocha - 2.70, Regular Speciality Tea - Earl Grey - 1.30",5.6,CARD,1622270719763518
06/07/2024 16:28,Longridge,Henry Parton,"Large Mocha - 2.70, Large Speciality Tea - Earl Grey - 1.60",4.3,CASH,
06/07/2024 16:30,Longridge,Vernon Evans,"Regular Flavoured iced latte - Caramel - 2.75, Regular Glass of milk - 0.70, Regular Speciality Tea - Earl Grey - 1.30, Large Flavoured iced latte - Caramel - 3.25, Regular Speciality Tea - Earl Grey - 1.30, Regular Mocha - 2.30",11.6,CARD,2165859976598631
06/07/2024 16:32,Longridge,Christine Wilson,"Large Mocha - 2.70, Regular Speciality Tea - Earl Grey - 1.30, Large Glass of milk - 1.10",5.1,CASH,
06/07/2024 16:34,Longridge,Sandy Schott,"Large Glass of milk - 1.10, Large Frappes - Strawberries & Cream - 3.25, Large Smoothies - Glowing Greens - 2.50, Large Flavoured iced latte - Caramel - 3.25, Regular Flavoured iced latte - Caramel - 2.75",12.85,CASH,
06/07/2024 16:36,Longridge,Linda Brogan,"Regular Mocha - 2.30, Large Smoothies - Glowing Greens - 2.50, Regular Speciality Tea - Earl Grey - 1.30, Large Mocha - 2.70, Large Mocha - 2.70",11.5,CARD,7770270985374447
06/07/2024 16:38,Longridge,Richard Nettles,"Regular Glass of milk - 0.70, Large Flavoured iced latte - Caramel - 3.25",3.95,CARD,6490811016806828
06/07/2024 16:40,Longridge,Allison Beard,"Regular Frappes - Strawberries & Cream - 2.75, Regular Flavoured iced latte - Caramel - 2.75, Regular Frappes - Strawberries & Cream - 2.75, Large Glass of milk - 1.10, Large Frappes - Strawberries & Cream - 3.25, Regular Frappes - Strawberries & Cream - 2.75",15.35,CARD,4885905618468580
06/07/2024 16:42,Longridge,Gloria Bakley,Regular Flavoured iced latte - Caramel - 2.75,2.75,CARD,3325550572022538
06/07/2024 16:44,Longridge,Randell Bryson,"Regular Flavoured iced latte - Caramel - 2.75, Regular Frappes - Strawberries & Cream - 2.75",5.5,CARD,7789648774558852
06/07/2024 16:46,Longridge,Nicholas Crawford,Large Mocha - 2.70,2.7,CARD,5121678391412089
06/07/2024 16:48,Longridge,Miguel Hunt,"Large Frappes - Strawberries & Cream - 3.25, Regular Flavoured iced latte - Caramel - 2.75, Regular Glass of milk - 0.70",6.7,CASH,
06/07/2024 16:50,Longridge,Bobbi Demirchyan,Regular Frappes - Strawberries & Cream - 2.75,2.75,CARD,9000220020730448
06/07/2024 16:52,Longridge,Susan Bone,Large Speciality Tea - Earl Grey - 1.60,1.6,CARD,9370186203077628
06/07/2024 16:54,Longridge,Bobby Mckelvey,Large Speciality Tea - Earl Grey - 1.60,1.6,CARD,1056793334314586
06/07/2024 16:56,Longridge,Wesley Craddock,"Large Speciality Tea - Earl Grey - 1.60, Regular Mocha - 2.30, Large Frappes - Strawberries & Cream - 3.25, Regular Frappes - Strawberries & Cream - 2.75, Regular Smoothies - Glowing Greens - 2.00, Regular Flavoured iced latte - Caramel - 2.75",14.65,CARD,5695830606699051
06/07/2024 16:58,Longridge,Andrew Noble,Regular Smoothies - Glowing Greens - 2.00,2.0,CARD,1315431903991030
