04/07/2024 09:00,London Camden,Jesse Neal,Regular Chai latte - 2.30,2.3,CARD,6303892273842508
04/07/2024 09:02,London Camden,Faye Cutchall,Large Chai latte - 2.60,2.6,CARD,5453835873968073
04/07/2024 09:05,London Camden,Marvin Daughrity,"Large Flavoured hot chocolate - Vanilla - 2.90, Large Flavoured hot chocolate - Vanilla - 2.90, Large Flavoured latte - Vanilla - 2.85",8.65,CARD,5986661313787894
04/07/2024 09:08,London Camden,Raymond Desposito,Large Flavoured latte - Vanilla - 2.85,2.85,CARD,3727599693537872
04/07/2024 09:10,London Camden,Clifford Monson,"Regular Iced latte - 2.35, Regular Hot chocolate - 2.20, Regular Flavoured hot chocolate - Vanilla - 2.60, Large Chai latte - 2.60, Large Hot chocolate - 2.90",12.65,CARD,6019162578368663
04/07/2024 09:13,London Camden,Tracey Lesh,"Large Flavoured hot chocolate - Hazelnut - 2.90, Regular Flavoured hot chocolate - Hazelnut - 2.60, Regular Flavoured hot chocolate - Vanilla - 2.60, Regular Hot chocolate - 2.20",10.3,CARD,6054566538328003
04/07/2024 09:16,London Camden,Linda Kester,"Large Flavoured hot chocolate - Vanilla - 2.90, Large Iced latte - 2.85",5.75,CARD,4789485733673116
04/07/2024 09:19,London Camden,Natalie Hutchings,"Large Flavoured latte - Vanilla - 2.85, Large Speciality Tea - Peppermint - 1.60",4.45,CARD,8546614640319605
04/07/2024 09:21,London Camden,Anthony Staton,"Large Chai latte - 2.60, Large Flavoured hot chocolate - Hazelnut - 2.90",5.5,CARD,3363027269729675
04/07/2024 09:24,London Camden,Betty Bodrick,"Regular Flavoured latte - Vanilla - 2.55, Regular Luxury hot chocolate - 2.40, Large Speciality Tea - Peppermint - 1.60, Regular Speciality Tea - Peppermint - 1.30, Large Flavoured hot chocolate - Hazelnut - 2.90",10.75,CARD,1086705211302217
04/07/2024 09:27,London Camden,Loraine Garrido,"Regular Flavoured hot chocolate - Vanilla - 2.60, Large Flavoured hot chocolate - Hazelnut - 2.90, Regular Speciality Tea - Peppermint - 1.30, Regular Flavoured latte - Vanilla - 2.55",9.35,CARD,3475101341568526
04/07/2024 09:29,London Camden,Brenda Mau,Regular Flavoured hot chocolate - Hazelnut - 2.60,2.6,CARD,3059704679451911
04/07/2024 09:32,London Camden,Birdie Ortega,"Large Iced latte - 2.85, Large Hot chocolate - 2.90",5.75,CARD,2911537622283520
04/07/2024 09:35,London Camden,Terence Vogel,Regular Flavoured latte - Vanilla - 2.55,2.55,CARD,4564964975410572
04/07/2024 09:38,London Camden,Gary Collins,"Regular Speciality Tea - Peppermint - 1.30, Regular Hot chocolate - 2.20, Large Flavoured latte - Vanilla - 2.85, Regular Speciality Tea - Peppermint - 1.30, Large Hot chocolate - 2.90",10.55,CARD,5835562908995285
04/07/2024 09:40,London Camden,Benjamin Sealey,"Large Hot chocolate - 2.90, Regular Flavoured hot chocolate - Hazelnut - 2.60",5.5,CASH,
04/07/2024 09:43,London Camden,Dale Martinez,"Large Flavoured hot chocolate - Vanilla - 2.90, Regular Speciality Tea - Peppermint - 1.30",4.2,CASH,
04/07/2024 09:46,London Camden,Sarah Harvey,"Large Chai latte - 2.60, Regular Flavoured hot chocolate - Vanilla - 2.60, Large Speciality Tea - Peppermint - 1.60, Regular Flavoured hot chocolate - Vanilla - 2.60, Regular Hot chocolate - 2.20",11.6,CARD,8223228426549319
04/07/2024 09:48,London Camden,Mercy Kruger,"Large Flavoured latte - Vanilla - 2.85, Large Flavoured hot chocolate - Hazelnut - 2.90, Regular Flavoured hot chocolate - Vanilla - 2.60, Large Iced latte - 2.85, Regular Chai latte - 2.30, Large Flavoured latte - Vanilla - 2.85",16.35,CARD,2234316416893110
04/07/2024 09:51,London Camden,Jamie Jordan,"Regular Flavoured latte - Vanilla - 2.55, Regular Hot chocolate - 2.20, Large Chai latte - 2.60, Regular Speciality Tea - Peppermint - 1.30, Large Chai latte - 2.60",11.25,CARD,6634491313364871
04/07/2024 09:54,London Camden,Richard Zubiate,"Regular Hot chocolate - 2.20, Large Hot chocolate - 2.90, Regular Flavoured hot chocolate - Hazelnut - 2.60, Regular Flavoured hot chocolate - Hazelnut - 2.60",10.3,CARD,6710509698656493
04/07/2024 09:57,London Camden,Allen Jenkins,"Large Luxury hot chocolate - 2.70, Regular Hot chocolate - 2.20",4.9,CASH,
04/07/2024 09:59,London Camden,Stacey Martinez,"Large Luxury hot chocolate - 2.70, Large Speciality Tea - Peppermint - 1.60, Regular Flavoured hot chocolate - Hazelnut - 2.60",6.9,CARD,7226890858360399
04/07/2024 10:02,London Camden,Geneva Calderon,"Large Iced latte - 2.85, Regular Flavoured latte - Vanilla - 2.55, Regular Chai latte - 2.30, Regular Flavoured latte - Vanilla - 2.55, Large Flavoured hot chocolate - Vanilla - 2.90",13.15,CASH,
04/07/2024 10:04,London Camden,Nathan Perez,Large Flavoured hot chocolate - Vanilla - 2.90,2.9,CASH,
04/07/2024 10:06,London Camden,Lindsay Coleman,"Large Iced latte - 2.85, Regular Flavoured latte - Vanilla - 2.55",5.4,CARD,8750322474961302
04/07/2024 10:09,London Camden,Betty Watkins,"Regular Speciality Tea - Peppermint - 1.30, Large Flavoured hot chocolate - Hazelnut - 2.90",4.2,CARD,5520353629232762
04/07/2024 10:11,London Camden,Carl Cook,"Regular Luxury hot chocolate - 2.40, Regular Iced latte - 2.35, Large Chai latte - 2.60, Large Speciality Tea - Peppermint - 1.60",8.95,CASH,
04/07/2024 10:13,London Camden,Walter Vasquez,Large Speciality Tea - Peppermint - 1.60,1.6,CARD,4450054819386512
04/07/2024 10:15,London Camden,Clara Neilson,"Large Hot chocolate - 2.90, Large Flavoured hot chocolate - Vanilla - 2.90",5.8,CASH,
04/07/2024 10:18,London Camden,Helen Battle,Large Speciality Tea - Peppermint - 1.60,1.6,CARD,6094213165868112
04/07/2024 10:20,London Camden,John Caudle,Regular Flavoured hot chocolate - Hazelnut - 2.60,2.6,CASH,
04/07/2024 10:22,London Camden,Edna Sobus,"Regular Speciality Tea - Peppermint - 1.30, Regular Hot chocolate - 2.20",3.5,CARD,7846315614480339
04/07/2024 10:24,London Camden,Lynn Roden,"Large Speciality Tea - Peppermint - 1.60, Regular Speciality Tea - Peppermint - 1.30, Regular Speciality Tea - Peppermint - 1.30, Large Flavoured hot chocolate - Vanilla - 2.90, Large Hot chocolate - 2.90",10.0,CASH,
04/07/2024 10:26,London Camden,Debra Delcid,"Large Flavoured latte - Vanilla - 2.85, Large Speciality Tea - Peppermint - 1.60, Regular Flavoured latte - Vanilla - 2.55",7.0,CARD,5836151413463201
04/07/2024 10:29,London Camden,Larry Stewart,"Large Speciality Tea - Peppermint - 1.60, Regular Luxury hot chocolate - 2.40, Regular Chai latte - 2.30, Regular Flavoured hot chocolate - Vanilla - 2.60",8.9,CARD,4968324826757071
04/07/2024 10:31,London Camden,Harold Muzzy,"Large Speciality Tea - Peppermint - 1.60, Large Iced latte - 2.85",4.45,CARD,3157738397054346
04/07/2024 10:33,London Camden,Shane Britt,"Regular Chai latte - 2.30, Large Flavoured hot chocolate - Hazelnut - 2.90, Large Speciality Tea - Peppermint - 1.60",6.8,CASH,
04/07/2024 10:35,London Camden,Eva Kelly,"Large Luxury hot chocolate - 2.70, Large Flavoured latte - Vanilla - 2.85, Large Flavoured hot chocolate - Hazelnut - 2.90",8.45,CARD,2906198042940063
04/07/2024 10:37,London Camden,Mildred Russo,"Regular Iced latte - 2.35, Regular Speciality Tea - Peppermint - 1.30",3.65,CARD,7190922244123399
04/07/2024 10:40,London Camden,Robert Copeland,"Large Chai latte - 2.60, Regular Luxury hot chocolate - 2.40",5.0,CARD,6310776035980813
04/07/2024 10:42,London Camden,Andrew Quintana,"Regular Flavoured hot chocolate - Hazelnut - 2.60, Regular Iced latte - 2.35, Regular Chai latte - 2.30, Large Hot chocolate - 2.90",10.15,CASH,
04/07/2024 10:44,London Camden,Juanita Chasse,"Regular Luxury hot chocolate - 2.40, Large Hot chocolate - 2.90",5.3,CASH,
04/07/2024 10:46,London Camden,Diane Richards,"Regular Speciality Tea - Peppermint - 1.30, Large Chai latte - 2.60, Regular Flavoured hot chocolate - Vanilla - 2.60, Large Flavoured hot chocolate - Hazelnut - 2.90, Large Speciality Tea - Peppermint - 1.60, Regular Iced latte - 2.35",13.35,CARD,3795018288672057
04/07/2024 10:49,London Camden,Allene Phillips,Large Speciality Tea - Peppermint - 1.60,1.6,CARD,6364853300145208
04/07/2024 10:51,London Camden,Thomas Rieben,"Regular Flavoured latte - Vanilla - 2.55, Regular Hot chocolate - 2.20",4.75,CARD,7065781978641742
04/07/2024 10:53,London Camden,Genevieve Basquez,"Large Luxury hot chocolate - 2.70, Regular Speciality Tea - Peppermint - 1.30, Regular Luxury hot chocolate - 2.40, Regular Chai latte - 2.30, Large Iced latte - 2.85",11.55,CARD,1237062000023959
04/07/2024 10:55,London Camden,Ashley Potter,"Large Chai latte - 2.60, Regular Hot chocolate - 2.20, Large Speciality Tea - Peppermint - 1.60, Large Chai latte - 2.60",9.0,CASH,
04/07/2024 10:57,London Camden,Donald Mcclain,"Regular Hot chocolate - 2.20, Large Iced latte - 2.85",5.05,CASH,
04/07/2024 11:00,London Camden,Alice Bekins,"Large Chai latte - 2.60, Large Speciality Tea - Peppermint - 1.60, Regular Luxury hot chocolate - 2.40, Regular Speciality Tea - Peppermint - 1.30",7.9,CARD,5648835131173116
04/07/2024 11:02,London Camden,Alexis Diefenderfer,Large Flavoured hot chocolate - Hazelnut - 2.90,2.9,CASH,
04/07/2024 11:05,London Camden,Mae Alexander,"Large Flavoured hot chocolate - Hazelnut - 2.90, Large Flavoured latte - Vanilla - 2.85, Large Luxury hot chocolate - 2.70, Large Speciality Tea - Peppermint - 1.60, Large Luxury hot chocolate - 2.70, Large Flavoured hot chocolate - Hazelnut - 2.90",15.65,CARD,2479554751232927
04/07/2024 11:07,London Camden,Joan Ecklund,"Regular Flavoured hot chocolate - Vanilla - 2.60, Large Hot chocolate - 2.90",5.5,CARD,6687024283451946
04/07/2024 11:10,London Camden,Rebecca Sills,"Regular Chai latte - 2.30, Large Chai latte - 2.60, Large Iced latte - 2.85, Regular Flavoured latte - Vanilla - 2.55, Regular Speciality Tea - Peppermint - 1.30, Large Luxury hot chocolate - 2.70",14.3,CARD,2031388204447048
04/07/2024 11:12,London Camden,Vida Semaan,"Regular Chai latte - 2.30, Regular Iced latte - 2.35, Large Flavoured hot chocolate - Hazelnut - 2.90, Large Luxury hot chocolate - 2.70",10.25,CARD,6490363348941269
04/07/2024 11:15,London Camden,Derrick Hendricks,"Large Flavoured hot chocolate - Vanilla - 2.90, Regular Chai latte - 2.30, Regular Flavoured hot chocolate - Vanilla - 2.60",7.8,CARD,4219589056382009
04/07/2024 11:17,London Camden,Erin Burkhart,Large Flavoured hot chocolate - Vanilla - 2.90,2.9,CASH,
04/07/2024 11:20,London Camden,Angel Rodriguez,Large Flavoured latte - Vanilla - 2.85,2.85,CARD,3286127579776055
04/07/2024 11:22,London Camden,David Mckinney,Large Hot chocolate - 2.90,2.9,CASH,
04/07/2024 11:25,London Camden,Joseph Sarver,"Large Luxury hot chocolate - 2.70, Regular Flavoured latte - Vanilla - 2.55, Regular Luxury hot chocolate - 2.40",7.65,CASH,
04/07/2024 11:27,London Camden,Jessica Grant,"Regular Luxury hot chocolate - 2.40, Large Speciality Tea - Peppermint - 1.60",4.0,CARD,5302526935705261
04/07/2024 11:30,London Camden,Ronald Gonzalez,"Regular Flavoured latte - Vanilla - 2.55, Regular Chai latte - 2.30",4.85,CARD,5477847710595171
04/07/2024 11:32,London Camden,Terrell Baillargeon,"Regular Flavoured hot chocolate - Hazelnut - 2.60, Large Flavoured hot chocolate - Hazelnut - 2.90, Large Chai latte - 2.60, Large Flavoured hot chocolate - Hazelnut - 2.90, Large Flavoured hot chocolate - Hazelnut - 2.90, Large Luxury hot chocolate - 2.70",16.6,CASH,
04/07/2024 11:35,London Camden,Adam Thomas,"Regular Speciality Tea - Peppermint - 1.30, Large Speciality Tea - Peppermint - 1.60, Regular Speciality Tea - Peppermint - 1.30",4.2,CASH,
04/07/2024 11:37,London Camden,Kyle Gay,Large Flavoured latte - Vanilla - 2.85,2.85,CARD,1157787150115715
04/07/2024 11:40,London Camden,Christopher Mayfield,"Large Luxury hot chocolate - 2.70, Large Hot chocolate - 2.90",5.6,CASH,
04/07/2024 11:42,London Camden,Garry Isaac,"Large Luxury hot chocolate - 2.70, Large Flavoured latte - Vanilla - 2.85, Regular Luxury hot chocolate - 2.40",7.95,CARD,4230801870247294
04/07/2024 11:45,London Camden,Richard Foxx,"Large Speciality Tea - Peppermint - 1.60, Large Flavoured hot chocolate - Hazelnut - 2.90, Large Speciality Tea - Peppermint - 1.60",6.1,CASH,
04/07/2024 11:47,London Camden,Richard Martinson,Regular Iced latte - 2.35,2.35,CARD,6633009403824094
04/07/2024 11:50,London Camden,Venus Ulibarri,Regular Speciality Tea - Peppermint - 1.30,1.3,CASH,
04/07/2024 11:52,London Camden,Arline Green,"Regular Flavoured hot chocolate - Vanilla - 2.60, Regular Flavoured hot chocolate - Vanilla - 2.60, Regular Luxury hot chocolate - 2.40, Regular Speciality Tea - Peppermint - 1.30",8.9,CASH,
04/07/2024 11:55,London Camden,Sheila Carroll,"Large Flavoured latte - Vanilla - 2.85, Regular Flavoured hot chocolate - Hazelnut - 2.60, Large Iced latte - 2.85",8.3,CARD,3610192837816372
04/07/2024 11:57,London Camden,Rebecca Green,Regular Hot chocolate - 2.20,2.2,CASH,
04/07/2024 12:00,London Camden,Carl Pearson,"Regular Flavoured hot chocolate - Hazelnut - 2.60, Regular Chai latte - 2.30, Regular Iced latte - 2.35",7.25,CARD,7492740344666521
04/07/2024 12:02,London Camden,Christopher Acosta,Large Speciality Tea - Peppermint - 1.60,1.6,CARD,9179252914180728
04/07/2024 12:03,London Camden,Raymond Nash,Large Hot chocolate - 2.90,2.9,CASH,
04/07/2024 12:05,London Camden,Darius Cook,"Regular Chai latte - 2.30, Regular Iced latte - 2.35",4.65,CARD,1614305070697399
04/07/2024 12:07,London Camden,Erika Cunningham,"Regular Flavoured hot chocolate - Vanilla - 2.60, Regular Hot chocolate - 2.20",4.8,CARD,4172036853970451
04/07/2024 12:09,London Camden,Christy Jenkins,Regular Speciality Tea - Peppermint - 1.30,1.3,CARD,8350627831117851
04/07/2024 12:11,London Camden,Patricia Shaw,Regular Flavoured hot chocolate - Hazelnut - 2.60,2.6,CARD,3930527348232700
04/07/2024 12:13,London Camden,Edwin Orzell,Large Flavoured latte - Vanilla - 2.85,2.85,CARD,5424471034057424
04/07/2024 12:15,London Camden,Milton Bentson,"Large Speciality Tea - Peppermint - 1.60, Large Luxury hot chocolate - 2.70",4.3,CARD,4117195624700635
04/07/2024 12:17,London Camden,Marilyn Diggs,"Regular Chai latte - 2.30, Large Iced latte - 2.85, Regular Hot chocolate - 2.20",7.35,CARD,7751290116947526
04/07/2024 12:19,London Camden,James Marcinkiewicz,Large Speciality Tea - Peppermint - 1.60,1.6,CARD,3876298196487507
04/07/2024 12:21,London Camden,Lloyd Burroughs,"Large Flavoured latte - Vanilla - 2.85, Large Speciality Tea - Peppermint - 1.60",4.45,CASH,
04/07/2024 12:23,London Camden,Richard Ibarra,"Large Flavoured hot chocolate - Hazelnut - 2.90, Regular Speciality Tea - Peppermint - 1.30, Large Flavoured latte - Vanilla - 2.85",7.05,CARD,4700192615536039
04/07/2024 12:25,London Camden,Helen Segovia,"Regular Flavoured hot chocolate - Hazelnut - 2.60, Large Flavoured hot chocolate - Vanilla - 2.90, Regular Flavoured latte - Vanilla - 2.55, Large Luxury hot chocolate - 2.70",10.75,CARD,3441778393339723
04/07/2024 12:27,London Camden,Teresa Page,"Regular Flavoured hot chocolate - Hazelnut - 2.60, Large Flavoured hot chocolate - Vanilla - 2.90, Large Iced latte - 2.85",8.35,CARD,2485806756221496
04/07/2024 12:29,London Camden,Walter George,"Large Luxury hot chocolate - 2.70, Large Speciality Tea - Peppermint - 1.60",4.3,CARD,9505518040936719
04/07/2024 12:31,London Camden,Philip Wayment,Regular Iced latte - 2.35,2.35,CARD,5715514792138463
04/07/2024 12:32,London Camden,Cathey Broderick,"Regular Speciality Tea - Peppermint - 1.30, Regular Flavoured hot chocolate - Vanilla - 2.60, Regular Flavoured hot chocolate - Hazelnut - 2.60",6.5,CASH,
04/07/2024 12:34,London Camden,Donald Hylan,"Regular Flavoured hot chocolate - Hazelnut - 2.60, Large Speciality Tea - Peppermint - 1.60, Large Iced latte - 2.85",7.05,CARD,4484618687934683
04/07/2024 12:36,London Camden,Michael Rogers,Large Luxury hot chocolate - 2.70,2.7,CARD,7005077040902396
04/07/2024 12:38,London Camden,Clifton Mastriano,"Regular Speciality Tea - Peppermint - 1.30, Large Flavoured hot chocolate - Vanilla - 2.90, Large Flavoured hot chocolate - Vanilla - 2.90, Large Chai latte - 2.60, Large Hot chocolate - 2.90",12.6,CARD,9714354096457194
04/07/2024 12:40,London Camden,Nancy Shelly,"Large Flavoured latte - Vanilla - 2.85, Large Iced latte - 2.85, Large Speciality Tea - Peppermint - 1.60, Regular Flavoured latte - Vanilla - 2.55",9.85,CARD,8265400056891283
04/07/2024 12:42,London Camden,Rose Rubenstein,"Regular Hot chocolate - 2.20, Regular Flavoured hot chocolate - Vanilla - 2.60, Large Flavoured hot chocolate - Hazelnut - 2.90, Large Chai latte - 2.60, Large Luxury hot chocolate - 2.70, Regular Hot chocolate - 2.20",15.2,CASH,
04/07/2024 12:44,London Camden,Jewel Williams,Large Chai latte - 2.60,2.6,CASH,
04/07/2024 12:46,London Camden,Irene Atherton,"Regular Iced latte - 2.35, Large Chai latte - 2.60, Large Flavoured latte - Vanilla - 2.85, Regular Chai latte - 2.30",10.1,CASH,
04/07/2024 12:48,London Camden,George Herke,"Regular Chai latte - 2.30, Large Chai latte - 2.60, Regular Flavoured hot chocolate - Hazelnut - 2.60",7.5,CASH,
04/07/2024 12:50,London Camden,Tricia Phillips,"Regular Chai latte - 2.30, Large Flavoured hot chocolate - Vanilla - 2.90, Large Flavoured hot chocolate - Vanilla - 2.90, Regular Iced latte - 2.35",10.45,CASH,
04/07/2024 12:52,London Camden,Thomas Brock,"Large Hot chocolate - 2.90, Large Flavoured hot chocolate - Hazelnut - 2.90, Large Flavoured hot chocolate - Hazelnut - 2.90",8.7,CARD,8073486809544998
04/07/2024 12:54,London Camden,Steven Gutierrez,"Large Flavoured hot chocolate - Hazelnut - 2.90, Regular Flavoured hot chocolate - Hazelnut - 2.60, Large Chai latte - 2.60",8.1,CARD,8804711147882379
04/07/2024 12:56,London Camden,Faith Amaro,"Large Flavoured hot chocolate - Vanilla - 2.90, Regular Chai latte - 2.30",5.2,CARD,9380960745012974
04/07/2024 12:58,London Camden,Timothy Lewis,"Regular Flavoured latte - Vanilla - 2.55, Large Speciality Tea - Peppermint - 1.60, Large Luxury hot chocolate - 2.70, Large Hot chocolate - 2.90, Regular Speciality Tea - Peppermint - 1.30",11.05,CARD,7236167274144635
04/07/2024 13:00,London Camden,Josephine Gilmore,"Large Flavoured latte - Vanilla - 2.85, Large Hot chocolate - 2.90",5.75,CASH,
04/07/2024 13:00,London Camden,Carl Silverman,"Large Hot chocolate - 2.90, Large Iced latte - 2.85",5.75,CASH,
04/07/2024 13:01,London Camden,Patrick Haddad,"Regular Flavoured latte - Vanilla - 2.55, Large Flavoured latte - Vanilla - 2.85",5.4,CARD,8888032631453945
04/07/2024 13:02,London Camden,Abe Kern,"Regular Flavoured latte - Vanilla - 2.55, Large Speciality Tea - Peppermint - 1.60, Large Flavoured hot chocolate - Hazelnut - 2.90",7.05,CARD,9505941280300841
04/07/2024 13:03,London Camden,Deborah Warren,Regular Flavoured latte - Vanilla - 2.55,2.55,CARD,2662412549246949
04/07/2024 13:04,London Camden,Sally Ziemba,"Regular Luxury hot chocolate - 2.40, Large Flavoured latte - Vanilla - 2.85, Large Luxury hot chocolate - 2.70",7.95,CARD,7798389839810887
04/07/2024 13:05,London Camden,David Allen,Regular Iced latte - 2.35,2.35,CARD,3668069324526754
04/07/2024 13:06,London Camden,Robert Curley,"Large Flavoured hot chocolate - Vanilla - 2.90, Large Speciality Tea - Peppermint - 1.60, Large Luxury hot chocolate - 2.70",7.2,CASH,
04/07/2024 13:07,London Camden,Lucille Desimone,Regular Speciality Tea - Peppermint - 1.30,1.3,CASH,
04/07/2024 13:08,London Camden,Joshua Sims,"Regular Hot chocolate - 2.20, Large Flavoured latte - Vanilla - 2.85, Regular Iced latte - 2.35, Regular Hot chocolate - 2.20, Regular Flavoured latte - Vanilla - 2.55",12.15,CARD,1152281860320354
04/07/2024 13:08,London Camden,Ollie Toliver,Regular Flavoured hot chocolate - Vanilla - 2.60,2.6,CARD,4624000242772397
04/07/2024 13:09,London Camden,Yvette Acker,"Regular Speciality Tea - Peppermint - 1.30, Regular Flavoured latte - Vanilla - 2.55, Large Hot chocolate - 2.90, Large Iced latte - 2.85",9.6,CARD,6148465064401506
04/07/2024 13:10,London Camden,Daniel Broyles,"Large Flavoured latte - Vanilla - 2.85, Regular Hot chocolate - 2.20, Regular Speciality Tea - Peppermint - 1.30, Regular Luxury hot chocolate - 2.40",8.75,CASH,
04/07/2024 13:11,London Camden,Karen Holt,"Regular Flavoured hot chocolate - Hazelnut - 2.60, Large Hot chocolate - 2.90, Large Speciality Tea - Peppermint - 1.60, Large Flavoured hot chocolate - Hazelnut - 2.90, Regular Iced latte - 2.35",12.35,CASH,
04/07/2024 13:12,London Camden,Jeffrey Sims,"Regular Chai latte - 2.30, Regular Flavoured hot chocolate - Vanilla - 2.60, Large Flavoured hot chocolate - Hazelnut - 2.90, Large Flavoured hot chocolate - Hazelnut - 2.90",10.7,CARD,1641618984609620
04/07/2024 13:13,London Camden,Josefina Jordan,"Large Speciality Tea - Peppermint - 1.60, Large Flavoured hot chocolate - Vanilla - 2.90, Regular Speciality Tea - Peppermint - 1.30, Large Hot chocolate - 2.90",8.7,CASH,
04/07/2024 13:14,London Camden,Rebecca Musial,Large Flavoured hot chocolate - Hazelnut - 2.90,2.9,CASH,
04/07/2024 13:15,London Camden,Patricia Gausman,Large Flavoured hot chocolate - Vanilla - 2.90,2.9,CARD,4807669210088169
04/07/2024 13:15,London Camden,Elizabeth Parks,"Large Luxury hot chocolate - 2.70, Large Flavoured hot chocolate - Hazelnut - 2.90, Regular Flavoured latte - Vanilla - 2.55",8.15,CARD,4557570771832368
04/07/2024 13:16,London Camden,Troy Bullins,"Large Luxury hot chocolate - 2.70, Large Flavoured hot chocolate - Hazelnut - 2.90, Regular Flavoured hot chocolate - Hazelnut - 2.60, Large Hot chocolate - 2.90, Regular Speciality Tea - Peppermint - 1.30",12.4,CARD,5979341314989150
04/07/2024 13:17,London Camden,Anna Martinez,"Regular Iced latte - 2.35, Regular Chai latte - 2.30",4.65,CARD,1481671661323252
04/07/2024 13:18,London Camden,Eleanor Scianna,"Regular Flavoured hot chocolate - Hazelnut - 2.60, Large Flavoured hot chocolate - Hazelnut - 2.90, Regular Luxury hot chocolate - 2.40, Regular Chai latte - 2.30, Regular Chai latte - 2.30",12.5,CARD,9782222746939212
04/07/2024 13:19,London Camden,Patrick Masterson,"Regular Flavoured latte - Vanilla - 2.55, Regular Hot chocolate - 2.20",4.75,CASH,
04/07/2024 13:20,London Camden,Jose Heffner,"Large Flavoured hot chocolate - Hazelnut - 2.90, Large Speciality Tea - Peppermint - 1.60",4.5,CARD,3338543132965389
04/07/2024 13:21,London Camden,Carolyn Bell,Large Flavoured hot chocolate - Vanilla - 2.90,2.9,CASH,
04/07/2024 13:22,London Camden,Floyd Kilcoyne,"Large Luxury hot chocolate - 2.70, Large Flavoured hot chocolate - Hazelnut - 2.90, Regular Hot chocolate - 2.20",7.8,CARD,5755065111958238
04/07/2024 13:23,London Camden,Robert Leech,"Regular Speciality Tea - Peppermint - 1.30, Regular Iced latte - 2.35, Regular Luxury hot chocolate - 2.40",6.05,CASH,
04/07/2024 13:23,London Camden,Altagracia Huard,"Large Flavoured latte - Vanilla - 2.85, Regular Speciality Tea - Peppermint - 1.30, Regular Flavoured latte - Vanilla - 2.55",6.7,CASH,
04/07/2024 13:24,London Camden,Jose Smith,"Regular Hot chocolate - 2.20, Large Speciality Tea - Peppermint - 1.60, Regular Luxury hot chocolate - 2.40, Large Chai latte - 2.60",8.8,CASH,
04/07/2024 13:25,London Camden,Kristi Wendolski,"Regular Flavoured hot chocolate - Hazelnut - 2.60, Regular Hot chocolate - 2.20",4.8,CARD,2072439112940773
04/07/2024 13:26,London Camden,Edwin Cattaneo,Large Chai latte - 2.60,2.6,CASH,
04/07/2024 13:27,London Camden,Amanda Irvine,Regular Speciality Tea - Peppermint - 1.30,1.3,CARD,5956091210045990
04/07/2024 13:28,London Camden,Joey Abdi,"Large Luxury hot chocolate - 2.70, Regular Flavoured hot chocolate - Hazelnut - 2.60, Large Flavoured latte - Vanilla - 2.85, Regular Speciality Tea - Peppermint - 1.30, Regular Flavoured hot chocolate - Hazelnut - 2.60",12.05,CASH,
04/07/2024 13:29,London Camden,Mary Hendley,"Large Chai latte - 2.60, Large Flavoured hot chocolate - Hazelnut - 2.90",5.5,CARD,3605591631814512
04/07/2024 13:30,London Camden,Keith Putnam,Regular Luxury hot chocolate - 2.40,2.4,CARD,7397430506096816
04/07/2024 13:30,London Camden,Doris Lugo,"Large Flavoured hot chocolate - Hazelnut - 2.90, Large Hot chocolate - 2.90",5.8,CASH,
04/07/2024 13:31,London Camden,John Cambre,"Regular Iced latte - 2.35, Regular Flavoured hot chocolate - Hazelnut - 2.60, Regular Hot chocolate - 2.20, Regular Flavoured latte - Vanilla - 2.55",9.7,CARD,5654287200399578
04/07/2024 13:32,London Camden,Lane Jones,Large Flavoured latte - Vanilla - 2.85,2.85,CARD,5439706331244110
04/07/2024 13:33,London Camden,Carol Maedche,"Large Luxury hot chocolate - 2.70, Regular Luxury hot chocolate - 2.40, Regular Hot chocolate - 2.20",7.3,CARD,5141323517416063
04/07/2024 13:34,London Camden,Brenda Shary,"Regular Speciality Tea - Peppermint - 1.30, Large Luxury hot chocolate - 2.70, Large Iced latte - 2.85",6.85,CASH,
04/07/2024 13:35,London Camden,Richard Martello,"Large Flavoured hot chocolate - Vanilla - 2.90, Large Iced latte - 2.85, Regular Luxury hot chocolate - 2.40, Large Speciality Tea - Peppermint - 1.60",9.75,CARD,3255223268990500
04/07/2024 13:36,London Camden,Kathleen Madrid,"Large Flavoured latte - Vanilla - 2.85, Regular Iced latte - 2.35",5.2,CARD,7182097915125365
04/07/2024 13:37,London Camden,Annette Whitehead,"Large Luxury hot chocolate - 2.70, Regular Flavoured hot chocolate - Vanilla - 2.60, Large Iced latte - 2.85, Large Flavoured latte - Vanilla - 2.85, Large Chai latte - 2.60",13.6,CARD,6823455109297946
04/07/2024 13:38,London Camden,Michael Smythe,Large Luxury hot chocolate - 2.70,2.7,CASH,
04/07/2024 13:38,London Camden,Tonya Mathis,"Regular Iced latte - 2.35, Regular Iced latte - 2.35, Large Flavoured latte - Vanilla - 2.85, Large Flavoured hot chocolate - Vanilla - 2.90",10.45,CARD,3082210068844387
04/07/2024 13:39,London Camden,Margaret Hicks,"Large Hot chocolate - 2.90, Large Hot chocolate - 2.90, Large Flavoured latte - Vanilla - 2.85, Large Flavoured hot chocolate - Vanilla - 2.90",11.55,CASH,
04/07/2024 13:40,London Camden,Arthur Stanhope,Regular Flavoured hot chocolate - Vanilla - 2.60,2.6,CARD,9086473372539450
04/07/2024 13:41,London Camden,Judy Garibay,"Large Hot chocolate - 2.90, Regular Flavoured hot chocolate - Vanilla - 2.60, Regular Luxury hot chocolate - 2.40, Regular Luxury hot chocolate - 2.40",10.3,CASH,
04/07/2024 13:42,London Camden,Ruth Jones,Regular Hot chocolate - 2.20,2.2,CARD,7089822641810383
04/07/2024 13:43,London Camden,Vance Gomez,"Large Flavoured latte - Vanilla - 2.85, Large Iced latte - 2.85, Large Flavoured hot chocolate - Hazelnut - 2.90",8.6,CARD,2033251542571278
04/07/2024 13:44,London Camden,Betsy Mulford,"Large Speciality Tea - Peppermint - 1.60, Regular Flavoured hot chocolate - Vanilla - 2.60, Regular Iced latte - 2.35",6.55,CARD,4387986767443372
04/07/2024 13:45,London Camden,Robert Farris,"Regular Speciality Tea - Peppermint - 1.30, Large Chai latte - 2.60, Regular Flavoured latte - Vanilla - 2.55",6.45,CASH,
04/07/2024 13:45,London Camden,Carolyn Lombardo,"Regular Flavoured hot chocolate - Hazelnut - 2.60, Large Flavoured latte - Vanilla - 2.85",5.45,CASH,
04/07/2024 13:46,London Camden,Stacey Mansell,"Regular Chai latte - 2.30, Regular Chai latte - 2.30",4.6,CARD,7301934418006013
04/07/2024 13:47,London Camden,Arthur Foley,Large Flavoured latte - Vanilla - 2.85,2.85,CARD,3244771067988484
04/07/2024 13:48,London Camden,James Torres,"Large Flavoured hot chocolate - Hazelnut - 2.90, Regular Flavoured latte - Vanilla - 2.55, Large Hot chocolate - 2.90",8.35,CASH,
04/07/2024 13:49,London Camden,Christopher Chalifour,"Regular Chai latte - 2.30, Regular Flavoured hot chocolate - Hazelnut - 2.60",4.9,CASH,
04/07/2024 13:50,London Camden,Vickie Manning,"Large Luxury hot chocolate - 2.70, Large Flavoured latte - Vanilla - 2.85, Regular Flavoured latte - Vanilla - 2.55",8.1,CARD,9301067357915602
04/07/2024 13:51,London Camden,Melissa Thompson,"Regular Speciality Tea - Peppermint - 1.30, Large Luxury hot chocolate - 2.70, Regular Hot chocolate - 2.20, Large Speciality Tea - Peppermint - 1.60, Large Flavoured hot chocolate - Hazelnut - 2.90",10.7,CASH,
04/07/2024 13:52,London Camden,Nick Piccard,"Regular Chai latte - 2.30, Regular Speciality Tea - Peppermint - 1.30, Large Iced latte - 2.85, Large Flavoured hot chocolate - Hazelnut - 2.90, Large Luxury hot chocolate - 2.70, Large Chai latte - 2.60",14.65,CARD,9739643510308245
04/07/2024 13:53,London Camden,John Cochran,Regular Chai latte - 2.30,2.3,CASH,
04/07/2024 13:53,London Camden,Gina Crow,"Large Flavoured latte - Vanilla - 2.85, Large Chai latte - 2.60, Large Flavoured latte - Vanilla - 2.85, Large Chai latte - 2.60",10.9,CARD,5226204940077864
04/07/2024 13:54,London Camden,Robert Grant,"Regular Flavoured latte - Vanilla - 2.55, Large Flavoured latte - Vanilla - 2.85",5.4,CASH,
04/07/2024 13:55,London Camden,Virginia Sadler,"Regular Flavoured latte - Vanilla - 2.55, Regular Iced latte - 2.35, Regular Chai latte - 2.30, Regular Iced latte - 2.35",9.55,CARD,6500168003386910
04/07/2024 13:56,London Camden,Christopher Dawson,"Regular Flavoured hot chocolate - Hazelnut - 2.60, Large Flavoured hot chocolate - Vanilla - 2.90",5.5,CARD,9922492882371957
04/07/2024 13:57,London Camden,Guy Jaffe,"Regular Speciality Tea - Peppermint - 1.30, Large Iced latte - 2.85",4.15,CASH,
04/07/2024 13:58,London Camden,Miles Koenen,Regular Iced latte - 2.35,2.35,CASH,
04/07/2024 13:59,London Camden,Marion Blank,"Regular Speciality Tea - Peppermint - 1.30, Large Hot chocolate - 2.90, Large Iced latte - 2.85",7.05,CARD,1680148680986668
04/07/2024 14:00,London Camden,Ellen Guajardo,Large Flavoured hot chocolate - Hazelnut - 2.90,2.9,CARD,4841322950742888
04/07/2024 14:00,London Camden,Henrietta Strackbein,Large Speciality Tea - Peppermint - 1.60,1.6,CARD,8137006029492579
04/07/2024 14:01,London Camden,Michael Edemann,"Large Chai latte - 2.60, Large Iced latte - 2.85",5.45,CARD,9338549613656492
04/07/2024 14:02,London Camden,Jerry Aguirre,"Regular Flavoured latte - Vanilla - 2.55, Large Luxury hot chocolate - 2.70, Regular Luxury hot chocolate - 2.40, Regular Flavoured hot chocolate - Vanilla - 2.60",10.25,CARD,8106087966598552
04/07/2024 14:03,London Camden,Henry Thomas,"Regular Flavoured latte - Vanilla - 2.55, Regular Flavoured hot chocolate - Hazelnut - 2.60, Regular Hot chocolate - 2.20, Large Flavoured hot chocolate - Vanilla - 2.90, Regular Luxury hot chocolate - 2.40, Regular Flavoured latte - Vanilla - 2.55",15.2,CARD,1417406183555059
04/07/2024 14:04,London Camden,Josephine Field,Large Chai latte - 2.60,2.6,CARD,2075862090046703
04/07/2024 14:05,London Camden,Jessie Brooks,"Regular Hot chocolate - 2.20, Large Flavoured latte - Vanilla - 2.85, Regular Speciality Tea - Peppermint - 1.30",6.35,CARD,3176794113541698
04/07/2024 14:06,London Camden,Donna Carpenter,"Regular Flavoured latte - Vanilla - 2.55, Large Hot chocolate - 2.90, Regular Flavoured latte - Vanilla - 2.55",8.0,CARD,5979091598997086
04/07/2024 14:07,London Camden,Shirley Clapp,"Regular Chai latte - 2.30, Regular Flavoured latte - Vanilla - 2.55",4.85,CARD,4105690838029352
04/07/2024 14:07,London Camden,Kelsey Cook,"Large Luxury hot chocolate - 2.70, Regular Flavoured latte - Vanilla - 2.55",5.25,CARD,6914776082652400
04/07/2024 14:08,London Camden,Christopher Huss,"Large Hot chocolate - 2.90, Large Flavoured latte - Vanilla - 2.85, Large Flavoured hot chocolate - Vanilla - 2.90",8.65,CARD,3977368832084558
04/07/2024 14:09,London Camden,Eunice Avery,"Regular Flavoured hot chocolate - Hazelnut - 2.60, Regular Flavoured hot chocolate - Vanilla - 2.60, Regular Luxury hot chocolate - 2.40, Large Chai latte - 2.60",10.2,CASH,
04/07/2024 14:10,London Camden,Michael Long,Large Flavoured hot chocolate - Hazelnut - 2.90,2.9,CARD,7704712940003410
04/07/2024 14:11,London Camden,Laura Johson,"Regular Flavoured hot chocolate - Hazelnut - 2.60, Regular Flavoured hot chocolate - Vanilla - 2.60",5.2,CASH,
04/07/2024 14:12,London Camden,John Knight,"Large Hot chocolate - 2.90, Regular Flavoured latte - Vanilla - 2.55, Regular Flavoured latte - Vanilla - 2.55, Regular Flavoured hot chocolate - Hazelnut - 2.60, Large Flavoured hot chocolate - Vanilla - 2.90",13.5,CASH,
04/07/2024 14:13,London Camden,Pam Jones,"Regular Luxury hot chocolate - 2.40, Regular Flavoured hot chocolate - Vanilla - 2.60",5.0,CARD,9803206809427594
04/07/2024 14:13,London Camden,Ann Daniel,"Regular Speciality Tea - Peppermint - 1.30, Large Luxury hot chocolate - 2.70, Regular Hot chocolate - 2.20, Regular Iced latte - 2.35",8.55,CARD,2898710009566870
04/07/2024 14:14,London Camden,Frederick Gilmore,"Regular Iced latte - 2.35, Large Flavoured hot chocolate - Vanilla - 2.90, Regular Chai latte - 2.30",7.55,CASH,
04/07/2024 14:15,London Camden,Michael Thomas,Large Luxury hot chocolate - 2.70,2.7,CARD,7798042254614801
04/07/2024 14:16,London Camden,Timothy Stillwagon,"Regular Flavoured latte - Vanilla - 2.55, Regular Speciality Tea - Peppermint - 1.30, Large Flavoured hot chocolate - Vanilla - 2.90",6.75,CASH,
04/07/2024 14:17,London Camden,Floyd Williams,"Regular Hot chocolate - 2.20, Large Chai latte - 2.60, Regular Flavoured hot chocolate - Hazelnut - 2.60",7.4,CASH,
04/07/2024 14:18,London Camden,Clarissa Roseman,"Large Hot chocolate - 2.90, Large Chai latte - 2.60",5.5,CARD,1371439997658507
04/07/2024 14:19,London Camden,Hector Labbe,"Large Flavoured latte - Vanilla - 2.85, Large Speciality Tea - Peppermint - 1.60, Regular Speciality Tea - Peppermint - 1.30, Regular Flavoured latte - Vanilla - 2.55, Large Hot chocolate - 2.90",11.2,CARD,9155562948971548
04/07/2024 14:20,London Camden,George Crain,Regular Iced latte - 2.35,2.35,CARD,3438873048709949
04/07/2024 14:20,London Camden,James Smith,Regular Flavoured hot chocolate - Hazelnut - 2.60,2.6,CARD,1264517182912461
04/07/2024 14:21,London Camden,Jennifer Rizo,Large Flavoured latte - Vanilla - 2.85,2.85,CARD,4658059321745814
04/07/2024 14:22,London Camden,Horacio Webb,Large Flavoured hot chocolate - Hazelnut - 2.90,2.9,CARD,8395818088422539
04/07/2024 14:23,London Camden,Barbara Guerrero,Regular Flavoured latte - Vanilla - 2.55,2.55,CARD,8468283745519404
04/07/2024 14:24,London Camden,Joshua Boothe,Regular Iced latte - 2.35,2.35,CARD,4774671338367463
04/07/2024 14:25,London Camden,Ana Sammons,"Large Flavoured hot chocolate - Vanilla - 2.90, Large Chai latte - 2.60, Large Flavoured latte - Vanilla - 2.85",8.35,CARD,2283235234189662
04/07/2024 14:26,London Camden,Dominick Navarro,Regular Iced latte - 2.35,2.35,CASH,
04/07/2024 14:26,London Camden,Molly Waverly,"Regular Flavoured latte - Vanilla - 2.55, Regular Hot chocolate - 2.20, Large Flavoured hot chocolate - Vanilla - 2.90, Large Flavoured hot chocolate - Hazelnut - 2.90",10.55,CARD,2027232269330358
04/07/2024 14:27,London Camden,Garth Lewandowski,"Regular Hot chocolate - 2.20, Regular Flavoured latte - Vanilla - 2.55, Large Flavoured hot chocolate - Vanilla - 2.90",7.65,CASH,
04/07/2024 14:28,London Camden,Charisse Conrad,"Regular Hot chocolate - 2.20, Regular Flavoured latte - Vanilla - 2.55, Regular Flavoured latte - Vanilla - 2.55, Regular Flavoured hot chocolate - Hazelnut - 2.60, Large Chai latte - 2.60",12.5,CARD,6852421266690225
04/07/2024 14:29,London Camden,Melvin Renee,"Regular Iced latte - 2.35, Large Iced latte - 2.85",5.2,CASH,
04/07/2024 14:30,London Camden,Kristy Otero,"Regular Hot chocolate - 2.20, Regular Speciality Tea - Peppermint - 1.30, Regular Iced latte - 2.35",5.85,CARD,9744244997866635
04/07/2024 14:31,London Camden,Peggy Atkinson,"Regular Hot chocolate - 2.20, Regular Chai latte - 2.30, Large Iced latte - 2.85",7.35,CASH,
04/07/2024 14:32,London Camden,Bessie Long,Large Hot chocolate - 2.90,2.9,CASH,
04/07/2024 14:33,London Camden,Kimberly Morris,Large Iced latte - 2.85,2.85,CARD,1258930849757359
04/07/2024 14:33,London Camden,Matthew Ginn,Large Flavoured hot chocolate - Vanilla - 2.90,2.9,CARD,5725646342036069
04/07/2024 14:34,London Camden,Celia Ottesen,"Regular Luxury hot chocolate - 2.40, Large Flavoured hot chocolate - Hazelnut - 2.90, Large Chai latte - 2.60",7.9,CARD,5533355078698064
04/07/2024 14:35,London Camden,Celesta Riester,"Large Chai latte - 2.60, Large Flavoured hot chocolate - Hazelnut - 2.90, Regular Speciality Tea - Peppermint - 1.30, Regular Flavoured hot chocolate - Vanilla - 2.60",9.4,CARD,6595267196188786
04/07/2024 14:36,London Camden,Rodney Hernandez,"Regular Flavoured latte - Vanilla - 2.55, Regular Luxury hot chocolate - 2.40",4.95,CARD,5611194571901143
04/07/2024 14:37,London Camden,Sandra Grant,"Large Iced latte - 2.85, Large Iced latte - 2.85",5.7,CASH,
04/07/2024 14:38,London Camden,Kenneth Rezentes,"Regular Flavoured hot chocolate - Vanilla - 2.60, Large Flavoured latte - Vanilla - 2.85, Large Chai latte - 2.60",8.05,CARD,7272686525574054
04/07/2024 14:39,London Camden,Darryl Fennern,Large Luxury hot chocolate - 2.70,2.7,CARD,1537501131815832
04/07/2024 14:39,London Camden,Tina Thompson,Regular Speciality Tea - Peppermint - 1.30,1.3,CARD,3505837829264423
04/07/2024 14:40,London Camden,Colin Conn,Regular Speciality Tea - Peppermint - 1.30,1.3,CARD,6124612783651198
04/07/2024 14:41,London Camden,Michael Walls,"Regular Flavoured hot chocolate - Vanilla - 2.60, Regular Chai latte - 2.30, Regular Chai latte - 2.30, Regular Speciality Tea - Peppermint - 1.30",8.5,CARD,9741923760838614
04/07/2024 14:42,London Camden,Leslie Schooley,"Regular Chai latte - 2.30, Regular Luxury hot chocolate - 2.40",4.7,CARD,9782394944602619
04/07/2024 14:43,London Camden,Bruce Napoleon,"Regular Flavoured hot chocolate - Hazelnut - 2.60, Regular Flavoured latte - Vanilla - 2.55",5.15,CARD,6548517805421796
04/07/2024 14:44,London Camden,Vera Hamilton,"Large Speciality Tea - Peppermint - 1.60, Large Speciality Tea - Peppermint - 1.60",3.2,CARD,9893170968848894
04/07/2024 14:45,London Camden,Gregory Allen,"Regular Flavoured latte - Vanilla - 2.55, Regular Flavoured hot chocolate - Vanilla - 2.60, Large Flavoured latte - Vanilla - 2.85",8.0,CARD,5623362273792496
04/07/2024 14:46,London Camden,Michael Burbach,"Large Flavoured hot chocolate - Vanilla - 2.90, Large Speciality Tea - Peppermint - 1.60, Large Chai latte - 2.60, Large Flavoured latte - Vanilla - 2.85",9.95,CARD,6958284004082548
04/07/2024 14:46,London Camden,Kimberly Seaman,"Regular Flavoured hot chocolate - Hazelnut - 2.60, Large Chai latte - 2.60, Large Iced latte - 2.85, Regular Chai latte - 2.30, Regular Speciality Tea - Peppermint - 1.30, Large Iced latte - 2.85",14.5,CARD,6185964115433932
04/07/2024 14:47,London Camden,Helen Miller,"Large Flavoured latte - Vanilla - 2.85, Regular Flavoured hot chocolate - Hazelnut - 2.60, Large Iced latte - 2.85, Large Flavoured hot chocolate - Vanilla - 2.90, Regular Chai latte - 2.30",13.5,CARD,7673615344447150
04/07/2024 14:48,London Camden,Ralph Horne,Regular Hot chocolate - 2.20,2.2,CARD,2624768548757883
04/07/2024 14:49,London Camden,Samantha Mcquaid,Regular Flavoured hot chocolate - Hazelnut - 2.60,2.6,CARD,6306598795007815
04/07/2024 14:50,London Camden,Eleanor Allen,Regular Luxury hot chocolate - 2.40,2.4,CASH,
04/07/2024 14:51,London Camden,Mark Caldwell,Large Flavoured hot chocolate - Vanilla - 2.90,2.9,CARD,5014935645816176
04/07/2024 14:52,London Camden,Jenifer Goodman,"Large Hot chocolate - 2.90, Large Iced latte - 2.85, Regular Flavoured hot chocolate - Vanilla - 2.60, Large Speciality Tea - Peppermint - 1.60, Regular Flavoured hot chocolate - Hazelnut - 2.60",12.55,CARD,4448661088275818
04/07/2024 14:52,London Camden,Kent Newton,"Regular Flavoured latte - Vanilla - 2.55, Large Flavoured hot chocolate - Hazelnut - 2.90",5.45,CASH,
04/07/2024 14:53,London Camden,Aaron Hardin,Regular Iced latte - 2.35,2.35,CARD,5214058944358120
04/07/2024 14:54,London Camden,Roger Wilson,"Regular Hot chocolate - 2.20, Regular Luxury hot chocolate - 2.40, Regular Flavoured hot chocolate - Hazelnut - 2.60",7.2,CARD,2289475815292763
04/07/2024 14:55,London Camden,Jane Stanford,"Regular Luxury hot chocolate - 2.40, Regular Luxury hot chocolate - 2.40",4.8,CARD,8977910481512273
04/07/2024 14:56,London Camden,Leonard Williams,"Regular Hot chocolate - 2.20, Regular Speciality Tea - Peppermint - 1.30",3.5,CARD,5653384775189494
04/07/2024 14:57,London Camden,Robert Krumholz,"Regular Speciality Tea - Peppermint - 1.30, Regular Luxury hot chocolate - 2.40, Regular Hot chocolate - 2.20",5.9,CARD,4198028127950598
04/07/2024 14:58,London Camden,Cynthia Hildreth,"Large Chai latte - 2.60, Regular Hot chocolate - 2.20, Large Flavoured hot chocolate - Hazelnut - 2.90, Regular Luxury hot chocolate - 2.40, Regular Speciality Tea - Peppermint - 1.30",11.4,CARD,3259349641715835
04/07/2024 14:59,London Camden,Crystal Harris,Large Speciality Tea - Peppermint - 1.60,1.6,CARD,3008674295720612
04/07/2024 14:59,London Camden,Sharon Cavalero,"Large Iced latte - 2.85, Large Luxury hot chocolate - 2.70, Large Chai latte - 2.60, Large Iced latte - 2.85",11.0,CARD,7032887279965282
04/07/2024 15:00,London Camden,Paul Sullivan,"Large Flavoured latte - Vanilla - 2.85, Large Flavoured hot chocolate - Hazelnut - 2.90",5.75,CARD,5311830818105923
04/07/2024 15:01,London Camden,Edgar Moyer,"Regular Hot chocolate - 2.20, Large Speciality Tea - Peppermint - 1.60",3.8,CARD,4493376317870887
04/07/2024 15:03,London Camden,Heather Mcintosh,"Large Chai latte - 2.60, Large Flavoured hot chocolate - Vanilla - 2.90, Large Flavoured hot chocolate - Vanilla - 2.90, Regular Luxury hot chocolate - 2.40, Regular Flavoured hot chocolate - Vanilla - 2.60, Regular Flavoured hot chocolate - Hazelnut - 2.60",16.0,CASH,
04/07/2024 15:04,London Camden,Joseph Johnson,Regular Iced latte - 2.35,2.35,CARD,1863608714634398
04/07/2024 15:05,London Camden,Steven Mooreland,"Large Iced latte - 2.85, Regular Chai latte - 2.30, Large Luxury hot chocolate - 2.70, Large Iced latte - 2.85",10.7,CARD,3595221633421395
04/07/2024 15:06,London Camden,Valerie Perry,"Regular Luxury hot chocolate - 2.40, Large Flavoured hot chocolate - Vanilla - 2.90, Regular Flavoured hot chocolate - Hazelnut - 2.60, Regular Flavoured hot chocolate - Hazelnut - 2.60, Regular Flavoured hot chocolate - Hazelnut - 2.60",13.1,CARD,4119838917383279
04/07/2024 15:07,London Camden,Ernesto Kephart,"Large Flavoured latte - Vanilla - 2.85, Large Flavoured latte - Vanilla - 2.85",5.7,CASH,
04/07/2024 15:08,London Camden,Lee Kaplan,"Large Chai latte - 2.60, Regular Hot chocolate - 2.20, Regular Flavoured hot chocolate - Hazelnut - 2.60",7.4,CARD,7921341110569534
04/07/2024 15:10,London Camden,Elizabeth Lively,Regular Chai latte - 2.30,2.3,CARD,9289731800271530
04/07/2024 15:11,London Camden,Cody Pavlas,Large Speciality Tea - Peppermint - 1.60,1.6,CARD,7068741630136904
04/07/2024 15:12,London Camden,Thomas Burnette,Large Luxury hot chocolate - 2.70,2.7,CARD,8181728300173329
04/07/2024 15:13,London Camden,Claude Daniels,"Regular Flavoured hot chocolate - Vanilla - 2.60, Regular Flavoured hot chocolate - Hazelnut - 2.60, Large Flavoured latte - Vanilla - 2.85",8.05,CARD,5056980852653296
04/07/2024 15:14,London Camden,Chris Pappan,"Regular Speciality Tea - Peppermint - 1.30, Regular Speciality Tea - Peppermint - 1.30, Regular Flavoured latte - Vanilla - 2.55",5.15,CARD,7974188344320988
04/07/2024 15:15,London Camden,Elizabeth Pellerin,Large Speciality Tea - Peppermint - 1.60,1.6,CARD,6661039799304711
04/07/2024 15:17,London Camden,Miriam Doyon,"Regular Speciality Tea - Peppermint - 1.30, Large Flavoured hot chocolate - Vanilla - 2.90, Large Iced latte - 2.85",7.05,CARD,6566126656421094
04/07/2024 15:18,London Camden,Jessica Salling,"Large Flavoured latte - Vanilla - 2.85, Large Iced latte - 2.85, Regular Hot chocolate - 2.20, Large Hot chocolate - 2.90",10.8,CARD,3324388627837800
04/07/2024 15:19,London Camden,Ruth Penn,"Regular Iced latte - 2.35, Regular Flavoured latte - Vanilla - 2.55, Large Chai latte - 2.60",7.5,CASH,
04/07/2024 15:20,London Camden,Israel Pai,"Large Flavoured hot chocolate - Hazelnut - 2.90, Large Speciality Tea - Peppermint - 1.60, Large Flavoured latte - Vanilla - 2.85, Large Flavoured latte - Vanilla - 2.85, Large Chai latte - 2.60, Regular Luxury hot chocolate - 2.40",15.2,CASH,
04/07/2024 15:21,London Camden,Vernell Washington,"Large Flavoured hot chocolate - Hazelnut - 2.90, Large Luxury hot chocolate - 2.70, Large Speciality Tea - Peppermint - 1.60, Regular Iced latte - 2.35",9.55,CASH,
04/07/2024 15:22,London Camden,Lori Fuentes,"Regular Speciality Tea - Peppermint - 1.30, Large Flavoured latte - Vanilla - 2.85, Regular Flavoured hot chocolate - Hazelnut - 2.60, Regular Speciality Tea - Peppermint - 1.30, Large Hot chocolate - 2.90",10.95,CARD,8638142829678155
04/07/2024 15:24,London Camden,Landon Carlock,"Large Speciality Tea - Peppermint - 1.60, Regular Luxury hot chocolate - 2.40, Large Speciality Tea - Peppermint - 1.60, Large Iced latte - 2.85, Regular Flavoured latte - Vanilla - 2.55",11.0,CARD,5124193571153312
04/07/2024 15:25,London Camden,Joseph Bain,"Large Flavoured hot chocolate - Hazelnut - 2.90, Large Speciality Tea - Peppermint - 1.60, Regular Flavoured latte - Vanilla - 2.55",7.05,CARD,3035333934663302
04/07/2024 15:26,London Camden,Kandi Holley,Regular Flavoured hot chocolate - Hazelnut - 2.60,2.6,CASH,
04/07/2024 15:27,London Camden,Antonio Evans,"Large Flavoured latte - Vanilla - 2.85, Large Flavoured hot chocolate - Vanilla - 2.90",5.75,CASH,
04/07/2024 15:28,London Camden,Laura Tomczak,"Large Flavoured hot chocolate - Vanilla - 2.90, Large Flavoured latte - Vanilla - 2.85, Large Iced latte - 2.85, Regular Iced latte - 2.35",10.95,CARD,6804331045019984
04/07/2024 15:29,London Camden,Laura Simpson,Regular Flavoured hot chocolate - Vanilla - 2.60,2.6,CARD,3896585743055822
04/07/2024 15:31,London Camden,George Renfroe,"Large Flavoured hot chocolate - Hazelnut - 2.90, Large Flavoured hot chocolate - Hazelnut - 2.90, Regular Hot chocolate - 2.20, Regular Chai latte - 2.30, Large Hot chocolate - 2.90, Large Flavoured latte - Vanilla - 2.85",16.05,CARD,3410118095376837
04/07/2024 15:32,London Camden,Paulette Butler,Regular Chai latte - 2.30,2.3,CARD,2791450657373175
04/07/2024 15:33,London Camden,Lisa Flower,"Large Speciality Tea - Peppermint - 1.60, Large Speciality Tea - Peppermint - 1.60, Large Chai latte - 2.60",5.8,CASH,
04/07/2024 15:34,London Camden,Mary Johnson,"Regular Hot chocolate - 2.20, Large Flavoured hot chocolate - Vanilla - 2.90",5.1,CARD,6456113217854318
04/07/2024 15:35,London Camden,Kaitlin Charles,Large Flavoured hot chocolate - Vanilla - 2.90,2.9,CARD,9489866254962831
04/07/2024 15:36,London Camden,Robert Fritz,"Regular Flavoured hot chocolate - Vanilla - 2.60, Regular Speciality Tea - Peppermint - 1.30, Large Hot chocolate - 2.90, Regular Luxury hot chocolate - 2.40",9.2,CASH,
04/07/2024 15:38,London Camden,Robert Velasquez,"Large Hot chocolate - 2.90, Large Speciality Tea - Peppermint - 1.60",4.5,CARD,3146453475956044
04/07/2024 15:39,London Camden,Gayle Gustovich,"Regular Iced latte - 2.35, Regular Chai latte - 2.30",4.65,CARD,8753568401470761
04/07/2024 15:40,London Camden,Charles Himmons,"Large Chai latte - 2.60, Large Flavoured hot chocolate - Hazelnut - 2.90, Regular Flavoured hot chocolate - Vanilla - 2.60",8.1,CARD,7837368275148021
04/07/2024 15:41,London Camden,Ernest Carson,"Regular Speciality Tea - Peppermint - 1.30, Regular Iced latte - 2.35, Large Hot chocolate - 2.90, Regular Flavoured latte - Vanilla - 2.55, Regular Luxury hot chocolate - 2.40",11.5,CARD,3736888235809442
04/07/2024 15:42,London Camden,James Jones,Large Luxury hot chocolate - 2.70,2.7,CASH,
04/07/2024 15:43,London Camden,Roberto Roderiquez,"Regular Hot chocolate - 2.20, Large Hot chocolate - 2.90, Large Hot chocolate - 2.90",8.0,CASH,
04/07/2024 15:45,London Camden,Caroline Couture,"Regular Speciality Tea - Peppermint - 1.30, Regular Speciality Tea - Peppermint - 1.30",2.6,CASH,
04/07/2024 15:46,London Camden,Thomas Peterson,Regular Flavoured latte - Vanilla - 2.55,2.55,CASH,
04/07/2024 15:47,London Camden,David Handley,"Large Flavoured latte - Vanilla - 2.85, Regular Luxury hot chocolate - 2.40, Large Flavoured latte - Vanilla - 2.85, Regular Flavoured latte - Vanilla - 2.55, Regular Flavoured latte - Vanilla - 2.55",13.2,CARD,6937379933453661
04/07/2024 15:48,London Camden,Martin Mckinley,"Regular Flavoured hot chocolate - Hazelnut - 2.60, Regular Flavoured hot chocolate - Vanilla - 2.60",5.2,CARD,9045179478557318
04/07/2024 15:49,London Camden,Henry Jones,Large Flavoured hot chocolate - Vanilla - 2.90,2.9,CARD,4774398883569066
04/07/2024 15:50,London Camden,Henry Kelley,"Regular Chai latte - 2.30, Regular Flavoured hot chocolate - Hazelnut - 2.60, Regular Flavoured hot chocolate - Hazelnut - 2.60",7.5,CARD,3833477980165553
04/07/2024 15:52,London Camden,Eileen Roberts,"Regular Iced latte - 2.35, Regular Flavoured hot chocolate - Vanilla - 2.60, Large Luxury hot chocolate - 2.70, Large Iced latte - 2.85",10.5,CARD,5151187491336340
04/07/2024 15:53,London Camden,Jennette Echevarria,"Regular Chai latte - 2.30, Regular Chai latte - 2.30, Large Iced latte - 2.85, Large Speciality Tea - Peppermint - 1.60",9.05,CARD,2737851383582641
04/07/2024 15:54,London Camden,Michael Wilkerson,"Large Flavoured latte - Vanilla - 2.85, Large Speciality Tea - Peppermint - 1.60, Large Luxury hot chocolate - 2.70",7.15,CARD,8039170048838482
04/07/2024 15:55,London Camden,Eric Ansley,"Large Chai latte - 2.60, Large Flavoured latte - Vanilla - 2.85, Regular Chai latte - 2.30, Regular Chai latte - 2.30, Regular Hot chocolate - 2.20, Regular Flavoured latte - Vanilla - 2.55",14.8,CARD,2969024510984875
04/07/2024 15:56,London Camden,Roy Preston,"Regular Luxury hot chocolate - 2.40, Large Flavoured hot chocolate - Hazelnut - 2.90",5.3,CARD,6755468390342701
04/07/2024 15:57,London Camden,Chris Burke,"Regular Flavoured hot chocolate - Hazelnut - 2.60, Large Chai latte - 2.60, Regular Luxury hot chocolate - 2.40, Regular Chai latte - 2.30, Large Flavoured hot chocolate - Hazelnut - 2.90",12.8,CARD,1157044302606480
04/07/2024 15:59,London Camden,Dirk Colon,Large Luxury hot chocolate - 2.70,2.7,CASH,
04/07/2024 16:00,London Camden,Robert Hoogland,Large Flavoured hot chocolate - Hazelnut - 2.90,2.9,CARD,3754360154262586
04/07/2024 16:02,London Camden,Nathan Jackson,"Large Flavoured hot chocolate - Vanilla - 2.90, Large Hot chocolate - 2.90",5.8,CASH,
04/07/2024 16:04,London Camden,Pamela Burke,"Regular Speciality Tea - Peppermint - 1.30, Large Hot chocolate - 2.90, Regular Iced latte - 2.35, Large Flavoured hot chocolate - Vanilla - 2.90, Large Chai latte - 2.60",12.05,CARD,3315565186467277
04/07/2024 16:06,London Camden,Latasha Chu,"Regular Hot chocolate - 2.20, Large Flavoured latte - Vanilla - 2.85, Regular Luxury hot chocolate - 2.40",7.45,CARD,2890110710956265
04/07/2024 16:09,London Camden,Daniel Macias,Large Iced latte - 2.85,2.85,CASH,
04/07/2024 16:11,London Camden,Kristin Curtsinger,"Regular Hot chocolate - 2.20, Regular Flavoured hot chocolate - Vanilla - 2.60",4.8,CARD,7134002532289188
04/07/2024 16:13,London Camden,Jackie Stubblefield,"Regular Speciality Tea - Peppermint - 1.30, Regular Flavoured hot chocolate - Vanilla - 2.60",3.9,CARD,6330559964783612
04/07/2024 16:15,London Camden,Roger Caines,"Regular Luxury hot chocolate - 2.40, Regular Speciality Tea - Peppermint - 1.30, Large Chai latte - 2.60",6.3,CARD,9460459058503619
04/07/2024 16:18,London Camden,Paul Cross,"Large Speciality Tea - Peppermint - 1.60, Regular Speciality Tea - Peppermint - 1.30, Regular Flavoured hot chocolate - Vanilla - 2.60, Large Iced latte - 2.85",8.35,CARD,7947008389005393
04/07/2024 16:20,London Camden,Preston Kohn,"Large Flavoured hot chocolate - Hazelnut - 2.90, Large Flavoured latte - Vanilla - 2.85, Regular Flavoured hot chocolate - Vanilla - 2.60, Regular Luxury hot chocolate - 2.40, Large Flavoured hot chocolate - Hazelnut - 2.90, Large Luxury hot chocolate - 2.70",16.35,CARD,7691812638788550
04/07/2024 16:22,London Camden,Roger Devine,"Regular Chai latte - 2.30, Large Speciality Tea - Peppermint - 1.60, Large Speciality Tea - Peppermint - 1.60",5.5,CARD,3343022928103030
04/07/2024 16:24,London Camden,Mamie Majeski,"Regular Luxury hot chocolate - 2.40, Regular Chai latte - 2.30, Regular Speciality Tea - Peppermint - 1.30, Regular Luxury hot chocolate - 2.40, Regular Chai latte - 2.30",10.7,CARD,9129632728480127
04/07/2024 16:26,London Camden,Dorothy Murphy,"Large Flavoured hot chocolate - Vanilla - 2.90, Large Flavoured hot chocolate - Hazelnut - 2.90",5.8,CASH,
04/07/2024 16:29,London Camden,Jason Chiarito,Regular Flavoured latte - Vanilla - 2.55,2.55,CASH,
04/07/2024 16:31,London Camden,Margaret Norman,"Large Flavoured hot chocolate - Vanilla - 2.90, Regular Flavoured latte - Vanilla - 2.55, Large Speciality Tea - Peppermint - 1.60",7.05,CARD,5528843995381882
04/07/2024 16:33,London Camden,Felicia Starkey,"Regular Speciality Tea - Peppermint - 1.30, Large Iced latte - 2.85, Large Chai latte - 2.60",6.75,CARD,9819648714013749
04/07/2024 16:35,London Camden,Stephen Nix,"Regular Speciality Tea - Peppermint - 1.30, Regular Speciality Tea - Peppermint - 1.30, Regular Chai latte - 2.30",4.9,CASH,
04/07/2024 16:37,London Camden,Marjorie Sanders,"Large Flavoured hot chocolate - Vanilla - 2.90, Large Hot chocolate - 2.90, Regular Flavoured hot chocolate - Vanilla - 2.60",8.4,CARD,2097756217703990
04/07/2024 16:40,London Camden,Carolyn Johnson,"Regular Luxury hot chocolate - 2.40, Large Chai latte - 2.60",5.0,CARD,5563487775241783
04/07/2024 16:42,London Camden,John Chavarria,"Large Flavoured hot chocolate - Vanilla - 2.90, Large Speciality Tea - Peppermint - 1.60, Regular Flavoured hot chocolate - Vanilla - 2.60, Regular Iced latte - 2.35, Regular Chai latte - 2.30, Regular Speciality Tea - Peppermint - 1.30",13.05,CARD,8237861413825518
04/07/2024 16:44,London Camden,Bobby Jenkins,Regular Flavoured hot chocolate - Hazelnut - 2.60,2.6,CARD,2881219629907431
04/07/2024 16:46,London Camden,Donald Kimme,"Regular Iced latte - 2.35, Regular Speciality Tea - Peppermint - 1.30, Large Chai latte - 2.60",6.25,CARD,6669032676240741
04/07/2024 16:49,London Camden,Susan Moffitt,Large Iced latte - 2.85,2.85,CARD,6697372268597183
04/07/2024 16:51,London Camden,Leona Palmer,Regular Flavoured hot chocolate - Vanilla - 2.60,2.6,CARD,7485847791839096
04/07/2024 16:53,London Camden,John Ahlman,"Regular Flavoured hot chocolate - Vanilla - 2.60, Regular Luxury hot chocolate - 2.40",5.0,CARD,6961736307484326
04/07/2024 16:55,London Camden,Maria Payne,"Regular Flavoured hot chocolate - Vanilla - 2.60, Regular Speciality Tea - Peppermint - 1.30, Regular Flavoured hot chocolate - Hazelnut - 2.60",6.5,CARD,1249937556919891
04/07/2024 16:57,London Camden,Donald Frisch,"Large Chai latte - 2.60, Large Speciality Tea - Peppermint - 1.60",4.2,CARD,6819027675729865
