04/07/2024 09:00,London Piccadilly,Kim Chandler,"Regular Flavoured iced latte - Caramel - 2.75, Large Flavoured latte - Hazelnut - 2.85, Large Speciality Tea - Peppermint - 1.60, Regular Flavoured iced latte - Vanilla - 2.75",9.95,CARD,7761944917240964
04/07/2024 09:04,London Piccadilly,Lindsay Harris,"Regular Flavoured iced latte - Vanilla - 2.75, Large Flavoured latte - Hazelnut - 2.85",5.6,CARD,2130383855924717
04/07/2024 09:08,London Piccadilly,Linda Nishida,"Regular Flavoured latte - Hazelnut - 2.55, Large Smoothies - Carrot Kick - 2.50, Regular Flavoured iced latte - Vanilla - 2.75, Large Flavoured iced latte - Vanilla - 3.25, Regular Iced latte - 2.35, Large Cortado - 2.35",15.75,CARD,3289566321695616
04/07/2024 09:12,London Piccadilly,Arthur Tucker,"Large Flavoured latte - Hazelnut - 2.85, Large Cortado - 2.35, Large Flavoured iced latte - Caramel - 3.25",8.45,CARD,3986955430543755
04/07/2024 09:17,London Piccadilly,Margaret Baldwin,"Regular Flavoured iced latte - Caramel - 2.75, Regular Cortado - 2.05, Large Flavoured latte - Hazelnut - 2.85, Large Flavoured iced latte - Vanilla - 3.25",10.9,CARD,4297603885508838
04/07/2024 09:21,London Piccadilly,Kristie Bills,"Large Flavoured iced latte - Caramel - 3.25, Large Flavoured hot chocolate - Vanilla - 2.90",6.15,CARD,5377831555179007
04/07/2024 09:25,London Piccadilly,Yu Payne,"Regular Smoothies - Carrot Kick - 2.00, Large Flavoured iced latte - Caramel - 3.25, Large Flavoured iced latte - Vanilla - 3.25, Large Speciality Tea - Peppermint - 1.60, Large Iced latte - 2.85",12.95,CARD,4111667414300181
04/07/2024 09:29,London Piccadilly,Gary Byrnes,Regular Smoothies - Carrot Kick - 2.00,2.0,CASH,
04/07/2024 09:34,London Piccadilly,Willie Short,"Large Flavoured hot chocolate - Vanilla - 2.90, Regular Smoothies - Carrot Kick - 2.00",4.9,CARD,2221389847084250
04/07/2024 09:38,London Piccadilly,Allen Miller,"Large Flavoured hot chocolate - Vanilla - 2.90, Regular Flavoured iced latte - Vanilla - 2.75",5.65,CARD,9762543251679215
04/07/2024 09:42,London Piccadilly,Beatrice Perlman,"Regular Flavoured latte - Hazelnut - 2.55, Regular Flavoured iced latte - Caramel - 2.75, Regular Iced latte - 2.35, Regular Flavoured iced latte - Vanilla - 2.75",10.4,CARD,8929393982343976
04/07/2024 09:47,London Piccadilly,Donald Jones,"Regular Iced latte - 2.35, Large Flavoured latte - Hazelnut - 2.85, Regular Smoothies - Carrot Kick - 2.00, Regular Flavoured hot chocolate - Vanilla - 2.60",9.8,CASH,
04/07/2024 09:51,London Piccadilly,Anthony Dabbs,"Large Smoothies - Carrot Kick - 2.50, Regular Cortado - 2.05, Large Flavoured iced latte - Vanilla - 3.25, Large Flavoured hot chocolate - Vanilla - 2.90, Large Flavoured latte - Hazelnut - 2.85",13.55,CASH,
04/07/2024 09:55,London Piccadilly,Douglas Clark,"Large Iced latte - 2.85, Large Flavoured iced latte - Caramel - 3.25, Regular Iced latte - 2.35, Regular Flavoured latte - Hazelnut - 2.55",11.0,CARD,9966773751535587
04/07/2024 09:59,London Piccadilly,Emanuel Chandler,"Large Flavoured iced latte - Caramel - 3.25, Regular Cortado - 2.05, Large Speciality Tea - Peppermint - 1.60, Regular Flavoured iced latte - Vanilla - 2.75, Large Speciality Tea - Peppermint - 1.60",11.25,CASH,
04/07/2024 10:04,London Piccadilly,Deborah Renn,Large Iced latte - 2.85,2.85,CARD,7166809612069632
04/07/2024 10:05,London Piccadilly,Beatrice North,Regular Flavoured latte - Hazelnut - 2.55,2.55,CARD,9705420386104153
04/07/2024 10:06,London Piccadilly,Matt Vandesande,"Regular Smoothies - Carrot Kick - 2.00, Large Flavoured hot chocolate - Vanilla - 2.90, Regular Cortado - 2.05",6.95,CARD,4049015041243010
04/07/2024 10:07,London Piccadilly,Lea Marcucci,Regular Smoothies - Carrot Kick - 2.00,2.0,CASH,
04/07/2024 10:08,London Piccadilly,Karen Lee,"Large Flavoured iced latte - Caramel - 3.25, Regular Flavoured latte - Hazelnut - 2.55, Large Iced latte - 2.85, Large Flavoured iced latte - Vanilla - 3.25",11.9,CARD,7715441697103836
04/07/2024 10:09,London Piccadilly,Ivory Lindstrom,"Large Flavoured iced latte - Vanilla - 3.25, Regular Iced latte - 2.35, Regular Flavoured latte - Hazelnut - 2.55, Regular Smoothies - Carrot Kick - 2.00, Regular Speciality Tea - Peppermint - 1.30, Regular Flavoured iced latte - Vanilla - 2.75",14.2,CASH,
04/07/2024 10:11,London Piccadilly,Dave Horsley,"Large Iced latte - 2.85, Regular Flavoured iced latte - Caramel - 2.75, Regular Flavoured hot chocolate - Vanilla - 2.60, Regular Flavoured latte - Hazelnut - 2.55, Large Flavoured latte - Hazelnut - 2.85",13.6,CARD,3851999514203602
04/07/2024 10:12,London Piccadilly,Minnie Gilliam,Large Flavoured iced latte - Vanilla - 3.25,3.25,CARD,7333940647881619
04/07/2024 10:13,London Piccadilly,Jessie Battle,"Regular Speciality Tea - Peppermint - 1.30, Regular Smoothies - Carrot Kick - 2.00, Regular Flavoured iced latte - Vanilla - 2.75, Regular Flavoured latte - Hazelnut - 2.55",8.6,CASH,
04/07/2024 10:14,London Piccadilly,Lettie Hill,"Regular Smoothies - Carrot Kick - 2.00, Large Flavoured hot chocolate - Vanilla - 2.90",4.9,CASH,
04/07/2024 10:15,London Piccadilly,Ray Naylor,"Large Flavoured iced latte - Caramel - 3.25, Regular Flavoured iced latte - Caramel - 2.75, Large Flavoured iced latte - Caramel - 3.25, Large Flavoured latte - Hazelnut - 2.85",12.1,CASH,
04/07/2024 10:16,London Piccadilly,Colette Flores,Large Flavoured iced latte - Vanilla - 3.25,3.25,CARD,5867106780376998
04/07/2024 10:17,London Piccadilly,John Hollister,"Regular Speciality Tea - Peppermint - 1.30, Large Flavoured iced latte - Vanilla - 3.25, Regular Iced latte - 2.35, Regular Flavoured iced latte - Vanilla - 2.75, Large Smoothies - Carrot Kick - 2.50",12.15,CARD,2100059618808542
04/07/2024 10:18,London Piccadilly,James Smiley,"Large Flavoured latte - Hazelnut - 2.85, Large Iced latte - 2.85, Large Flavoured iced latte - Vanilla - 3.25, Large Speciality Tea - Peppermint - 1.60",10.55,CARD,5977393573443502
04/07/2024 10:20,London Piccadilly,Brian Loveland,"Large Flavoured hot chocolate - Vanilla - 2.90, Large Flavoured hot chocolate - Vanilla - 2.90, Regular Smoothies - Carrot Kick - 2.00, Regular Flavoured latte - Hazelnut - 2.55, Large Iced latte - 2.85",13.2,CARD,7949473366762380
04/07/2024 10:21,London Piccadilly,Jorge Kellogg,"Regular Flavoured latte - Hazelnut - 2.55, Large Flavoured latte - Hazelnut - 2.85, Large Speciality Tea - Peppermint - 1.60",7.0,CARD,3381662313091907
04/07/2024 10:22,London Piccadilly,Juan Goodwin,"Large Cortado - 2.35, Large Flavoured latte - Hazelnut - 2.85",5.2,CARD,2906981306796921
04/07/2024 10:23,London Piccadilly,Nathalie Bernal,"Regular Cortado - 2.05, Regular Flavoured hot chocolate - Vanilla - 2.60, Regular Smoothies - Carrot Kick - 2.00, Regular Iced latte - 2.35, Large Flavoured latte - Hazelnut - 2.85, Regular Flavoured iced latte - Caramel - 2.75",14.6,CARD,9233691144272577
04/07/2024 10:24,London Piccadilly,Lanita Roberts,"Large Flavoured hot chocolate - Vanilla - 2.90, Regular Flavoured latte - Hazelnut - 2.55",5.45,CASH,
04/07/2024 10:25,London Piccadilly,Jennifer Herzog,"Regular Flavoured iced latte - Vanilla - 2.75, Regular Speciality Tea - Peppermint - 1.30, Regular Flavoured iced latte - Vanilla - 2.75",6.8,CARD,5111689116275059
04/07/2024 10:26,London Piccadilly,Pamela Cruz,"Regular Cortado - 2.05, Regular Smoothies - Carrot Kick - 2.00, Large Smoothies - Carrot Kick - 2.50, Regular Flavoured latte - Hazelnut - 2.55",9.1,CASH,
04/07/2024 10:27,London Piccadilly,Mark Phillips,"Large Smoothies - Carrot Kick - 2.50, Regular Flavoured hot chocolate - Vanilla - 2.60, Regular Flavoured latte - Hazelnut - 2.55, Large Cortado - 2.35",10.0,CARD,8848145467059489
04/07/2024 10:29,London Piccadilly,Hilde Mcgough,Regular Flavoured hot chocolate - Vanilla - 2.60,2.6,CARD,2698517895762792
04/07/2024 10:30,London Piccadilly,Margaret Ambler,"Large Iced latte - 2.85, Large Flavoured latte - Hazelnut - 2.85",5.7,CASH,
04/07/2024 10:31,London Piccadilly,Michael Rummel,Large Flavoured latte - Hazelnut - 2.85,2.85,CARD,4258121462028807
04/07/2024 10:32,London Piccadilly,Patricia Little,"Regular Cortado - 2.05, Regular Speciality Tea - Peppermint - 1.30, Large Iced latte - 2.85, Regular Flavoured iced latte - Vanilla - 2.75",8.95,CASH,
04/07/2024 10:33,London Piccadilly,Mark Rush,"Regular Speciality Tea - Peppermint - 1.30, Regular Iced latte - 2.35",3.65,CARD,8756768899731105
04/07/2024 10:34,London Piccadilly,Carol Ferranti,Regular Flavoured iced latte - Vanilla - 2.75,2.75,CARD,3457473626000862
04/07/2024 10:35,London Piccadilly,William Schroeder,"Regular Flavoured iced latte - Caramel - 2.75, Large Cortado - 2.35, Large Flavoured iced latte - Caramel - 3.25, Large Flavoured latte - Hazelnut - 2.85",11.2,CARD,2827544288054000
04/07/2024 10:36,London Piccadilly,David Flanagan,Regular Flavoured iced latte - Caramel - 2.75,2.75,CARD,7402571546244146
04/07/2024 10:38,London Piccadilly,Megan Barnes,"Regular Speciality Tea - Peppermint - 1.30, Regular Cortado - 2.05, Large Speciality Tea - Peppermint - 1.60",4.95,CARD,9741111724146791
04/07/2024 10:39,London Piccadilly,Michael Holberg,Regular Iced latte - 2.35,2.35,CARD,9031310301690427
04/07/2024 10:40,London Piccadilly,Micheal Knight,"Large Flavoured hot chocolate - Vanilla - 2.90, Regular Iced latte - 2.35",5.25,CARD,2694545667927829
04/07/2024 10:41,London Piccadilly,Wayne Ziad,Large Flavoured iced latte - Caramel - 3.25,3.25,CASH,
04/07/2024 10:42,London Piccadilly,Daniel Daw,"Large Flavoured iced latte - Vanilla - 3.25, Regular Flavoured iced latte - Vanilla - 2.75, Regular Flavoured hot chocolate - Vanilla - 2.60, Regular Cortado - 2.05, Large Smoothies - Carrot Kick - 2.50",13.15,CARD,3307272588337884
04/07/2024 10:43,London Piccadilly,Kristen Floyd,"Regular Flavoured latte - Hazelnut - 2.55, Large Iced latte - 2.85, Regular Speciality Tea - Peppermint - 1.30, Regular Flavoured iced latte - Caramel - 2.75, Regular Iced latte - 2.35",11.8,CARD,6226716373635652
04/07/2024 10:44,London Piccadilly,Dennis Johnson,Regular Iced latte - 2.35,2.35,CASH,
04/07/2024 10:46,London Piccadilly,Maire Baker,"Large Speciality Tea - Peppermint - 1.60, Large Speciality Tea - Peppermint - 1.60",3.2,CASH,
04/07/2024 10:47,London Piccadilly,John Sammons,"Regular Flavoured hot chocolate - Vanilla - 2.60, Regular Smoothies - Carrot Kick - 2.00",4.6,CARD,6919208984420982
04/07/2024 10:48,London Piccadilly,Rudolph Hernandez,"Large Iced latte - 2.85, Regular Smoothies - Carrot Kick - 2.00, Large Flavoured iced latte - Caramel - 3.25, Regular Flavoured iced latte - Caramel - 2.75",10.85,CARD,5077392603582415
04/07/2024 10:49,London Piccadilly,Edwin Carlton,"Large Flavoured iced latte - Caramel - 3.25, Large Flavoured latte - Hazelnut - 2.85, Large Flavoured latte - Hazelnut - 2.85",8.95,CARD,1770691001553296
04/07/2024 10:50,London Piccadilly,Chanel Sandoval,"Large Cortado - 2.35, Regular Flavoured latte - Hazelnut - 2.55, Large Flavoured iced latte - Vanilla - 3.25, Large Flavoured latte - Hazelnut - 2.85, Regular Flavoured hot chocolate - Vanilla - 2.60",13.6,CASH,
04/07/2024 10:51,London Piccadilly,Billy Macchiaroli,"Regular Flavoured iced latte - Vanilla - 2.75, Large Iced latte - 2.85, Large Flavoured latte - Hazelnut - 2.85",8.45,CARD,5433301296776216
04/07/2024 10:52,London Piccadilly,Tomas Parish,"Regular Cortado - 2.05, Large Flavoured latte - Hazelnut - 2.85",4.9,CARD,1663172486887906
04/07/2024 10:53,London Piccadilly,John Cassidy,"Regular Flavoured iced latte - Caramel - 2.75, Large Cortado - 2.35, Large Smoothies - Carrot Kick - 2.50, Regular Flavoured iced latte - Vanilla - 2.75, Regular Smoothies - Carrot Kick - 2.00",12.35,CARD,5364800119561368
04/07/2024 10:54,London Piccadilly,Emily Mihm,"Large Flavoured iced latte - Caramel - 3.25, Regular Iced latte - 2.35",5.6,CARD,7837861228639073
04/07/2024 10:56,London Piccadilly,Joy Vega,Large Flavoured iced latte - Caramel - 3.25,3.25,CARD,3866543187595362
04/07/2024 10:57,London Piccadilly,Rafael Garcia,Regular Flavoured iced latte - Caramel - 2.75,2.75,CASH,
04/07/2024 10:58,London Piccadilly,Nancy Allen,Regular Iced latte - 2.35,2.35,CASH,
04/07/2024 10:59,London Piccadilly,Dorothy Settles,"Regular Iced latte - 2.35, Regular Smoothies - Carrot Kick - 2.00",4.35,CARD,9327944022929572
04/07/2024 11:00,London Piccadilly,Earl Elliott,"Large Flavoured iced latte - Vanilla - 3.25, Regular Flavoured iced latte - Vanilla - 2.75",6.0,CASH,
04/07/2024 11:12,London Piccadilly,Nicole Goodwin,"Large Iced latte - 2.85, Large Iced latte - 2.85",5.7,CARD,6274643093401818
04/07/2024 11:24,London Piccadilly,Margaret Simmons,"Regular Iced latte - 2.35, Regular Flavoured iced latte - Caramel - 2.75",5.1,CARD,3967074764147292
04/07/2024 11:36,London Piccadilly,Albert Metzger,"Regular Flavoured iced latte - Caramel - 2.75, Large Flavoured iced latte - Caramel - 3.25, Large Flavoured iced latte - Vanilla - 3.25, Regular Flavoured iced latte - Caramel - 2.75",12.0,CASH,
04/07/2024 11:48,London Piccadilly,Dorothy Holland,"Large Flavoured iced latte - Vanilla - 3.25, Large Iced latte - 2.85, Regular Flavoured latte - Hazelnut - 2.55, Regular Flavoured iced latte - Vanilla - 2.75",11.4,CARD,8885935072530111
04/07/2024 12:00,London Piccadilly,Jose Owen,"Regular Flavoured hot chocolate - Vanilla - 2.60, Regular Iced latte - 2.35",4.95,CARD,7859359434104829
04/07/2024 12:07,London Piccadilly,Anna Hood,"Regular Flavoured iced latte - Caramel - 2.75, Large Flavoured iced latte - Caramel - 3.25, Large Cortado - 2.35, Regular Iced latte - 2.35",10.7,CASH,
04/07/2024 12:13,London Piccadilly,Marlin Bonifer,"Large Flavoured latte - Hazelnut - 2.85, Regular Speciality Tea - Peppermint - 1.30, Regular Flavoured iced latte - Vanilla - 2.75, Regular Flavoured latte - Hazelnut - 2.55, Regular Flavoured iced latte - Vanilla - 2.75",12.2,CASH,
04/07/2024 12:20,London Piccadilly,Rick Harris,"Large Iced latte - 2.85, Regular Flavoured iced latte - Vanilla - 2.75",5.6,CARD,4219392707881006
04/07/2024 12:27,London Piccadilly,Nolan Hershberger,Regular Flavoured iced latte - Caramel - 2.75,2.75,CARD,7811836023825087
04/07/2024 12:33,London Piccadilly,Tamra King,Large Smoothies - Carrot Kick - 2.50,2.5,CASH,
04/07/2024 12:40,London Piccadilly,Maria Wilbur,"Large Flavoured iced latte - Vanilla - 3.25, Large Flavoured hot chocolate - Vanilla - 2.90",6.15,CARD,3721701420625747
04/07/2024 12:47,London Piccadilly,Stephan Layne,"Regular Flavoured iced latte - Vanilla - 2.75, Large Flavoured latte - Hazelnut - 2.85",5.6,CARD,3057096017832116
04/07/2024 12:53,London Piccadilly,Linda Reale,"Regular Flavoured iced latte - Caramel - 2.75, Regular Smoothies - Carrot Kick - 2.00",4.75,CARD,4299010970471158
04/07/2024 13:00,London Piccadilly,Richard Gonzalez,"Regular Speciality Tea - Peppermint - 1.30, Regular Flavoured latte - Hazelnut - 2.55, Large Flavoured iced latte - Caramel - 3.25",7.1,CASH,
04/07/2024 13:03,London Piccadilly,Mark Pace,"Large Iced latte - 2.85, Regular Smoothies - Carrot Kick - 2.00",4.85,CASH,
04/07/2024 13:06,London Piccadilly,Robin Vick,"Large Cortado - 2.35, Regular Speciality Tea - Peppermint - 1.30, Regular Flavoured iced latte - Vanilla - 2.75",6.4,CARD,1956394848443283
04/07/2024 13:08,London Piccadilly,Amber Kilgore,"Large Flavoured latte - Hazelnut - 2.85, Regular Speciality Tea - Peppermint - 1.30",4.15,CARD,5062427905193201
04/07/2024 13:11,London Piccadilly,Rick Ambler,Regular Flavoured hot chocolate - Vanilla - 2.60,2.6,CARD,3440441694957325
04/07/2024 13:14,London Piccadilly,Dorothy Hatfield,"Regular Smoothies - Carrot Kick - 2.00, Large Speciality Tea - Peppermint - 1.60, Large Cortado - 2.35",5.95,CASH,
04/07/2024 13:16,London Piccadilly,William Stapleton,"Regular Cortado - 2.05, Regular Cortado - 2.05, Regular Flavoured latte - Hazelnut - 2.55",6.65,CARD,1509963054933714
04/07/2024 13:19,London Piccadilly,Maxine Hanover,"Regular Flavoured iced latte - Vanilla - 2.75, Large Flavoured hot chocolate - Vanilla - 2.90, Regular Flavoured iced latte - Vanilla - 2.75",8.4,CARD,3700998764458858
04/07/2024 13:22,London Piccadilly,Larry Mosher,"Large Flavoured hot chocolate - Vanilla - 2.90, Large Smoothies - Carrot Kick - 2.50",5.4,CASH,
04/07/2024 13:25,London Piccadilly,Manuel Anchondo,"Regular Flavoured hot chocolate - Vanilla - 2.60, Regular Flavoured iced latte - Vanilla - 2.75, Regular Flavoured iced latte - Vanilla - 2.75, Large Flavoured latte - Hazelnut - 2.85, Regular Smoothies - Carrot Kick - 2.00",12.95,CARD,7222553077473632
04/07/2024 13:27,London Piccadilly,Lynn Brooks,Regular Iced latte - 2.35,2.35,CARD,6233232587931622
04/07/2024 13:30,London Piccadilly,Rhonda Bowerman,Regular Speciality Tea - Peppermint - 1.30,1.3,CARD,5764818255450279
04/07/2024 13:33,London Piccadilly,Nettie Roberts,"Large Flavoured hot chocolate - Vanilla - 2.90, Large Smoothies - Carrot Kick - 2.50, Large Iced latte - 2.85, Large Flavoured hot chocolate - Vanilla - 2.90",11.15,CARD,3940529179909601
04/07/2024 13:35,London Piccadilly,John Gerrald,"Regular Flavoured latte - Hazelnut - 2.55, Large Smoothies - Carrot Kick - 2.50",5.05,CASH,
04/07/2024 13:38,London Piccadilly,Nicolas Landfair,"Regular Flavoured hot chocolate - Vanilla - 2.60, Large Speciality Tea - Peppermint - 1.60, Regular Flavoured iced latte - Vanilla - 2.75, Large Smoothies - Carrot Kick - 2.50",9.45,CARD,1450002283193997
04/07/2024 13:41,London Piccadilly,Byron Humphrey,"Regular Speciality Tea - Peppermint - 1.30, Large Cortado - 2.35",3.65,CARD,1508344395597691
04/07/2024 13:44,London Piccadilly,Zena Bush,Regular Smoothies - Carrot Kick - 2.00,2.0,CARD,8288395867525265
04/07/2024 13:46,London Piccadilly,Cindy Rimson,Regular Flavoured iced latte - Vanilla - 2.75,2.75,CASH,
04/07/2024 13:49,London Piccadilly,Mary Huskey,"Large Flavoured hot chocolate - Vanilla - 2.90, Large Flavoured iced latte - Vanilla - 3.25, Large Flavoured iced latte - Caramel - 3.25, Regular Speciality Tea - Peppermint - 1.30",10.7,CARD,9534043043451482
04/07/2024 13:52,London Piccadilly,Ethel Massa,Regular Flavoured iced latte - Vanilla - 2.75,2.75,CARD,8235742136696889
04/07/2024 13:54,London Piccadilly,Roger Pryor,"Regular Smoothies - Carrot Kick - 2.00, Large Flavoured iced latte - Caramel - 3.25, Regular Smoothies - Carrot Kick - 2.00, Large Flavoured iced latte - Vanilla - 3.25",10.5,CARD,1473469046538519
04/07/2024 13:57,London Piccadilly,Norman Loder,"Regular Flavoured latte - Hazelnut - 2.55, Regular Flavoured latte - Hazelnut - 2.55, Regular Flavoured latte - Hazelnut - 2.55, Regular Speciality Tea - Peppermint - 1.30, Large Smoothies - Carrot Kick - 2.50",11.45,CARD,7462524393795419
04/07/2024 14:00,London Piccadilly,Tommy Kerr,"Large Cortado - 2.35, Large Smoothies - Carrot Kick - 2.50",4.85,CASH,
04/07/2024 14:02,London Piccadilly,William Williams,"Regular Flavoured latte - Hazelnut - 2.55, Regular Cortado - 2.05, Large Iced latte - 2.85, Regular Flavoured iced latte - Caramel - 2.75",10.2,CARD,1833168628622409
04/07/2024 14:03,London Piccadilly,Denise Fletcher,Large Flavoured iced latte - Caramel - 3.25,3.25,CARD,9389147145891630
04/07/2024 14:05,London Piccadilly,Kevin Hyde,Large Flavoured latte - Hazelnut - 2.85,2.85,CARD,4568415091960194
04/07/2024 14:06,London Piccadilly,Pamela Clothier,"Regular Cortado - 2.05, Large Smoothies - Carrot Kick - 2.50, Large Iced latte - 2.85",7.4,CARD,8102060061086860
04/07/2024 14:08,London Piccadilly,Lisa Miranda,Large Flavoured iced latte - Vanilla - 3.25,3.25,CARD,1875281166063229
04/07/2024 14:10,London Piccadilly,Joseph English,"Large Cortado - 2.35, Large Flavoured latte - Hazelnut - 2.85, Large Flavoured iced latte - Caramel - 3.25",8.45,CARD,3180203910846454
04/07/2024 14:11,London Piccadilly,Maurice Barron,"Large Flavoured iced latte - Vanilla - 3.25, Regular Flavoured hot chocolate - Vanilla - 2.60, Large Flavoured hot chocolate - Vanilla - 2.90",8.75,CARD,7185394900482245
04/07/2024 14:13,London Piccadilly,Ramona Keith,"Large Flavoured iced latte - Caramel - 3.25, Regular Flavoured iced latte - Caramel - 2.75",6.0,CARD,2249533542427662
04/07/2024 14:14,London Piccadilly,Micheal Hodges,"Large Flavoured iced latte - Vanilla - 3.25, Large Iced latte - 2.85",6.1,CASH,
04/07/2024 14:16,London Piccadilly,Lena Patterson,"Large Cortado - 2.35, Regular Cortado - 2.05, Regular Iced latte - 2.35, Large Flavoured iced latte - Caramel - 3.25",10.0,CASH,
04/07/2024 14:18,London Piccadilly,Danny Richardson,"Regular Cortado - 2.05, Large Flavoured latte - Hazelnut - 2.85, Large Speciality Tea - Peppermint - 1.60",6.5,CARD,1221078343585438
04/07/2024 14:19,London Piccadilly,Curtis Dunleavy,"Large Smoothies - Carrot Kick - 2.50, Large Flavoured latte - Hazelnut - 2.85, Large Speciality Tea - Peppermint - 1.60, Regular Iced latte - 2.35, Large Cortado - 2.35, Large Flavoured hot chocolate - Vanilla - 2.90",14.55,CARD,7899130303619462
04/07/2024 14:21,London Piccadilly,John Pollara,"Regular Cortado - 2.05, Regular Speciality Tea - Peppermint - 1.30",3.35,CASH,
04/07/2024 14:23,London Piccadilly,Christopher Sanford,"Large Flavoured hot chocolate - Vanilla - 2.90, Large Flavoured hot chocolate - Vanilla - 2.90",5.8,CARD,3009731533625144
04/07/2024 14:24,London Piccadilly,Michael George,"Regular Speciality Tea - Peppermint - 1.30, Large Flavoured latte - Hazelnut - 2.85, Regular Flavoured hot chocolate - Vanilla - 2.60",6.75,CASH,
04/07/2024 14:26,London Piccadilly,Mary Mctigue,"Regular Flavoured iced latte - Vanilla - 2.75, Large Flavoured iced latte - Vanilla - 3.25",6.0,CASH,
04/07/2024 14:27,London Piccadilly,Patricia Walker,Regular Cortado - 2.05,2.05,CARD,7802242678010526
04/07/2024 14:29,London Piccadilly,Catherine Cobb,Regular Flavoured latte - Hazelnut - 2.55,2.55,CARD,7536991009143830
04/07/2024 14:31,London Piccadilly,Estelle Stefani,"Large Iced latte - 2.85, Regular Cortado - 2.05, Regular Flavoured hot chocolate - Vanilla - 2.60, Regular Iced latte - 2.35, Large Speciality Tea - Peppermint - 1.60",11.45,CASH,
04/07/2024 14:32,London Piccadilly,David Jenkins,"Large Cortado - 2.35, Large Iced latte - 2.85",5.2,CASH,
04/07/2024 14:34,London Piccadilly,Tracy Esparza,"Regular Speciality Tea - Peppermint - 1.30, Regular Speciality Tea - Peppermint - 1.30, Regular Flavoured iced latte - Vanilla - 2.75, Regular Flavoured iced latte - Vanilla - 2.75",8.1,CARD,5911802161233565
04/07/2024 14:35,London Piccadilly,Tara Flores,"Large Flavoured latte - Hazelnut - 2.85, Regular Flavoured iced latte - Vanilla - 2.75",5.6,CARD,9460443060447619
04/07/2024 14:37,London Piccadilly,Brett Kelter,"Large Flavoured iced latte - Caramel - 3.25, Regular Flavoured hot chocolate - Vanilla - 2.60",5.85,CARD,2046510411738132
04/07/2024 14:39,London Piccadilly,Albina Williams,Regular Smoothies - Carrot Kick - 2.00,2.0,CARD,8012489469966965
04/07/2024 14:40,London Piccadilly,Essie Krumwiede,"Large Flavoured iced latte - Vanilla - 3.25, Large Iced latte - 2.85",6.1,CARD,5365409453871123
04/07/2024 14:42,London Piccadilly,April Jellerson,"Regular Iced latte - 2.35, Regular Flavoured hot chocolate - Vanilla - 2.60, Large Flavoured iced latte - Vanilla - 3.25, Large Cortado - 2.35, Regular Iced latte - 2.35",12.9,CASH,
04/07/2024 14:44,London Piccadilly,Vicki Mcconnell,Large Cortado - 2.35,2.35,CARD,2034101203956038
04/07/2024 14:45,London Piccadilly,Anthony Mcgregor,"Large Flavoured latte - Hazelnut - 2.85, Regular Speciality Tea - Peppermint - 1.30, Large Flavoured iced latte - Caramel - 3.25",7.4,CARD,3189028215504069
04/07/2024 14:47,London Piccadilly,Howard Long,"Regular Flavoured hot chocolate - Vanilla - 2.60, Regular Flavoured iced latte - Caramel - 2.75",5.35,CARD,3501605616477036
04/07/2024 14:48,London Piccadilly,Carlos Thompson,"Regular Flavoured hot chocolate - Vanilla - 2.60, Regular Iced latte - 2.35, Large Flavoured hot chocolate - Vanilla - 2.90, Large Flavoured iced latte - Caramel - 3.25",11.1,CARD,2780956668432871
04/07/2024 14:50,London Piccadilly,Ralph Robertson,"Large Iced latte - 2.85, Large Flavoured iced latte - Caramel - 3.25, Regular Speciality Tea - Peppermint - 1.30, Regular Iced latte - 2.35",9.75,CARD,3233003593787778
04/07/2024 14:52,London Piccadilly,John Fagan,"Large Iced latte - 2.85, Regular Iced latte - 2.35, Regular Flavoured hot chocolate - Vanilla - 2.60",7.8,CARD,6558839973762183
04/07/2024 14:53,London Piccadilly,Terry Lewis,"Regular Flavoured iced latte - Vanilla - 2.75, Large Speciality Tea - Peppermint - 1.60",4.35,CARD,3618941824542598
04/07/2024 14:55,London Piccadilly,Patricia Galuska,"Regular Smoothies - Carrot Kick - 2.00, Large Flavoured hot chocolate - Vanilla - 2.90, Large Flavoured latte - Hazelnut - 2.85",7.75,CARD,4426655151978766
04/07/2024 14:56,London Piccadilly,Andre Sullivan,"Regular Iced latte - 2.35, Large Cortado - 2.35, Large Flavoured iced latte - Vanilla - 3.25",7.95,CASH,
04/07/2024 14:58,London Piccadilly,Thomas Thibault,"Regular Flavoured latte - Hazelnut - 2.55, Regular Flavoured hot chocolate - Vanilla - 2.60",5.15,CASH,
04/07/2024 15:00,London Piccadilly,Alfred Hoeck,"Regular Speciality Tea - Peppermint - 1.30, Regular Flavoured latte - Hazelnut - 2.55",3.85,CARD,7318768790091259
04/07/2024 15:03,London Piccadilly,Nina Ross,Large Flavoured iced latte - Vanilla - 3.25,3.25,CARD,2525937204114554
04/07/2024 15:07,London Piccadilly,Linda Grandberry,Large Iced latte - 2.85,2.85,CASH,
04/07/2024 15:10,London Piccadilly,Dawn Keene,Large Speciality Tea - Peppermint - 1.60,1.6,CARD,9137402428094122
04/07/2024 15:14,London Piccadilly,Jack Philips,"Large Flavoured latte - Hazelnut - 2.85, Large Smoothies - Carrot Kick - 2.50",5.35,CARD,9154142460004460
04/07/2024 15:17,London Piccadilly,Mary Taylor,"Regular Flavoured iced latte - Vanilla - 2.75, Large Iced latte - 2.85",5.6,CASH,
04/07/2024 15:21,London Piccadilly,Thomas Coburn,"Regular Flavoured iced latte - Vanilla - 2.75, Large Speciality Tea - Peppermint - 1.60, Regular Flavoured latte - Hazelnut - 2.55",6.9,CARD,3134001295240666
04/07/2024 15:24,London Piccadilly,Charlotte Baxter,Large Flavoured iced latte - Caramel - 3.25,3.25,CASH,
04/07/2024 15:28,London Piccadilly,David Tuplano,"Large Cortado - 2.35, Large Flavoured iced latte - Caramel - 3.25, Large Flavoured iced latte - Vanilla - 3.25, Regular Flavoured iced latte - Caramel - 2.75",11.6,CASH,
04/07/2024 15:31,London Piccadilly,Jeffrey Ma,"Regular Flavoured iced latte - Vanilla - 2.75, Large Flavoured hot chocolate - Vanilla - 2.90, Large Smoothies - Carrot Kick - 2.50",8.15,CARD,6039893104020727
04/07/2024 15:35,London Piccadilly,Aretha Mckee,"Large Smoothies - Carrot Kick - 2.50, Large Flavoured iced latte - Vanilla - 3.25, Large Iced latte - 2.85",8.6,CASH,
04/07/2024 15:38,London Piccadilly,Mason Dickerson,"Large Cortado - 2.35, Regular Flavoured iced latte - Caramel - 2.75, Large Speciality Tea - Peppermint - 1.60, Large Flavoured iced latte - Vanilla - 3.25, Regular Flavoured iced latte - Caramel - 2.75",12.7,CARD,2756203541911596
04/07/2024 15:42,London Piccadilly,Sandra Rogers,"Large Speciality Tea - Peppermint - 1.60, Regular Cortado - 2.05, Large Flavoured iced latte - Caramel - 3.25",6.9,CARD,3326018627464309
04/07/2024 15:45,London Piccadilly,Mary Sowers,"Regular Iced latte - 2.35, Regular Iced latte - 2.35",4.7,CARD,5876689532407941
04/07/2024 15:49,London Piccadilly,George Simmons,"Regular Flavoured iced latte - Caramel - 2.75, Regular Iced latte - 2.35, Regular Flavoured iced latte - Caramel - 2.75, Regular Flavoured iced latte - Caramel - 2.75, Regular Iced latte - 2.35",12.95,CARD,3779673160627540
04/07/2024 15:52,London Piccadilly,Heather Johnson,"Large Iced latte - 2.85, Large Flavoured iced latte - Caramel - 3.25",6.1,CASH,
04/07/2024 15:56,London Piccadilly,Jodi Wiese,Regular Speciality Tea - Peppermint - 1.30,1.3,CARD,1241551801603785
04/07/2024 16:00,London Piccadilly,Susan Thiele,"Large Flavoured iced latte - Vanilla - 3.25, Large Iced latte - 2.85",6.1,CASH,
04/07/2024 16:02,London Piccadilly,Maria Padilla,"Large Flavoured iced latte - Caramel - 3.25, Large Smoothies - Carrot Kick - 2.50",5.75,CARD,4842366084226074
04/07/2024 16:04,London Piccadilly,Glenna Draper,Regular Iced latte - 2.35,2.35,CARD,9667003363897990
04/07/2024 16:06,London Piccadilly,Gabriel Jeffords,Large Flavoured iced latte - Vanilla - 3.25,3.25,CARD,1690925418254450
04/07/2024 16:08,London Piccadilly,Eli Cummins,"Large Speciality Tea - Peppermint - 1.60, Regular Flavoured iced latte - Caramel - 2.75",4.35,CARD,9584950330557523
04/07/2024 16:10,London Piccadilly,Darryl Lawrence,"Regular Flavoured hot chocolate - Vanilla - 2.60, Regular Speciality Tea - Peppermint - 1.30",3.9,CASH,
04/07/2024 16:12,London Piccadilly,Sean Turner,"Large Flavoured latte - Hazelnut - 2.85, Regular Iced latte - 2.35",5.2,CARD,6618700611937186
04/07/2024 16:14,London Piccadilly,Brigette Tsosie,"Regular Iced latte - 2.35, Large Flavoured hot chocolate - Vanilla - 2.90, Regular Flavoured iced latte - Caramel - 2.75, Large Flavoured iced latte - Caramel - 3.25",11.25,CARD,9226699567911980
04/07/2024 16:16,London Piccadilly,Shantell Mack,"Regular Flavoured hot chocolate - Vanilla - 2.60, Regular Flavoured iced latte - Vanilla - 2.75",5.35,CARD,6960663573409606
04/07/2024 16:18,London Piccadilly,William Vonbraunsberg,"Large Speciality Tea - Peppermint - 1.60, Regular Iced latte - 2.35",3.95,CASH,
04/07/2024 16:20,London Piccadilly,Jean Carney,"Large Flavoured latte - Hazelnut - 2.85, Large Smoothies - Carrot Kick - 2.50",5.35,CASH,
04/07/2024 16:22,London Piccadilly,Booker Pierce,Regular Speciality Tea - Peppermint - 1.30,1.3,CARD,1529054327695499
04/07/2024 16:24,London Piccadilly,Maria Hawes,"Large Iced latte - 2.85, Regular Flavoured hot chocolate - Vanilla - 2.60, Regular Smoothies - Carrot Kick - 2.00, Large Flavoured latte - Hazelnut - 2.85, Large Smoothies - Carrot Kick - 2.50",12.8,CARD,1654921072815699
04/07/2024 16:26,London Piccadilly,Ruth Bonner,"Regular Flavoured hot chocolate - Vanilla - 2.60, Regular Iced latte - 2.35",4.95,CASH,
04/07/2024 16:28,London Piccadilly,Robert Spears,"Regular Flavoured iced latte - Caramel - 2.75, Regular Iced latte - 2.35",5.1,CARD,7826892115576817
04/07/2024 16:30,London Piccadilly,Evelyn Crutchfield,"Regular Flavoured iced latte - Caramel - 2.75, Regular Flavoured iced latte - Caramel - 2.75, Large Iced latte - 2.85, Large Iced latte - 2.85",11.2,CASH,
04/07/2024 16:32,London Piccadilly,Susan Huard,"Large Flavoured hot chocolate - Vanilla - 2.90, Large Flavoured iced latte - Caramel - 3.25, Regular Flavoured hot chocolate - Vanilla - 2.60",8.75,CARD,3821598517089602
04/07/2024 16:34,London Piccadilly,Lillian Grogan,"Large Iced latte - 2.85, Large Speciality Tea - Peppermint - 1.60, Regular Flavoured iced latte - Caramel - 2.75, Regular Flavoured latte - Hazelnut - 2.55",9.75,CARD,5664410242906870
04/07/2024 16:36,London Piccadilly,Jeffery Campbell,"Regular Iced latte - 2.35, Large Flavoured hot chocolate - Vanilla - 2.90, Large Flavoured latte - Hazelnut - 2.85",8.1,CARD,7106572031595854
04/07/2024 16:38,London Piccadilly,Hazel Burton,"Regular Iced latte - 2.35, Large Smoothies - Carrot Kick - 2.50, Large Cortado - 2.35",7.2,CASH,
04/07/2024 16:40,London Piccadilly,Precious Johnson,"Regular Speciality Tea - Peppermint - 1.30, Large Iced latte - 2.85, Regular Iced latte - 2.35, Large Flavoured latte - Hazelnut - 2.85",9.35,CASH,
04/07/2024 16:42,London Piccadilly,William Mckenna,"Regular Flavoured latte - Hazelnut - 2.55, Regular Flavoured hot chocolate - Vanilla - 2.60, Large Flavoured iced latte - Caramel - 3.25",8.4,CASH,
04/07/2024 16:44,London Piccadilly,Wade Mcclellan,"Regular Flavoured latte - Hazelnut - 2.55, Regular Smoothies - Carrot Kick - 2.00, Regular Flavoured latte - Hazelnut - 2.55, Large Smoothies - Carrot Kick - 2.50, Large Speciality Tea - Peppermint - 1.60",11.2,CARD,2296831046656509
04/07/2024 16:46,London Piccadilly,Megan Palmese,Large Iced latte - 2.85,2.85,CASH,
04/07/2024 16:48,London Piccadilly,Jeanette Booker,Large Cortado - 2.35,2.35,CARD,3716876782626193
04/07/2024 16:50,London Piccadilly,John Smith,"Large Flavoured iced latte - Caramel - 3.25, Large Flavoured iced latte - Caramel - 3.25, Regular Speciality Tea - Peppermint - 1.30, Regular Cortado - 2.05",9.85,CARD,6744090971146909
04/07/2024 16:52,London Piccadilly,Elizabeth Pettner,Regular Flavoured hot chocolate - Vanilla - 2.60,2.6,CARD,3958661369669371
04/07/2024 16:54,London Piccadilly,Darron Rossano,"Regular Speciality Tea - Peppermint - 1.30, Large Smoothies - Carrot Kick - 2.50",3.8,CARD,7670859381400722
04/07/2024 16:56,London Piccadilly,Steven Post,"Regular Flavoured iced latte - Vanilla - 2.75, Regular Flavoured hot chocolate - Vanilla - 2.60, Large Iced latte - 2.85, Regular Cortado - 2.05, Regular Iced latte - 2.35",12.6,CASH,
04/07/2024 16:58,London Piccadilly,Cesar Lucas,Large Flavoured latte - Hazelnut - 2.85,2.85,CARD,9511203684830792
