04/07/2024 09:00,Longridge,Latasha Slusher,Large Frappes - Strawberries & Cream - 3.25,3.25,CARD,5150918474096270
04/07/2024 09:01,Longridge,Marilyn Skinner,Regular Smoothies - Glowing Greens - 2.00,2.0,CARD,3300915521973669
04/07/2024 09:02,Longridge,Martin Huggins,"Large Flavoured iced latte - Caramel - 3.25, Regular Flavoured iced latte - Caramel - 2.75, Large Smoothies - Glowing Greens - 2.50",8.5,CARD,3750223907285716
04/07/2024 09:03,Longridge,Debra Gunn,"Large Flavoured iced latte - Caramel - 3.25, Large Smoothies - Glowing Greens - 2.50, Regular Mocha - 2.30",8.05,CARD,5636619161642622
04/07/2024 09:04,Longridge,Joseph Santos,Large Speciality Tea - Earl Grey - 1.60,1.6,CASH,
04/07/2024 09:05,Longridge,Juan Pritchard,"Large Mocha - 2.70, Large Flavoured iced latte - Caramel - 3.25, Regular Smoothies - Glowing Greens - 2.00",7.95,CASH,
04/07/2024 09:06,Longridge,Percy Hiemstra,"Large Smoothies - Glowing Greens - 2.50, Regular Smoothies - Glowing Greens - 2.00",4.5,CARD,6241290655703737
04/07/2024 09:07,Longridge,Michael Duckworth,"Large Smoothies - Glowing Greens - 2.50, Regular Smoothies - Glowing Greens - 2.00, Regular Mocha - 2.30, Large Flavoured iced latte - Caramel - 3.25, Regular Smoothies - Glowing Greens - 2.00",12.05,CARD,6846069474799749
04/07/2024 09:08,Longridge,Maurice Newport,"Large Smoothies - Glowing Greens - 2.50, Regular Frappes - Strawberries & Cream - 2.75",5.25,CASH,
04/07/2024 09:09,Longridge,Joseph Hoppes,"Regular Mocha - 2.30, Regular Flavoured iced latte - Caramel - 2.75, Large Glass of milk - 1.10, Large Frappes - Strawberries & Cream - 3.25, Regular Speciality Tea - Earl Grey - 1.30",10.7,CARD,1290941350006584
04/07/2024 09:10,Longridge,Sara Drake,"Regular Mocha - 2.30, Large Flavoured iced latte - Caramel - 3.25, Large Frappes - Strawberries & Cream - 3.25",8.8,CASH,
04/07/2024 09:11,Longridge,Stella Souvannavong,"Large Smoothies - Glowing Greens - 2.50, Regular Mocha - 2.30, Large Speciality Tea - Earl Grey - 1.60",6.4,CASH,
04/07/2024 09:13,Longridge,Joseph Metzler,"Large Smoothies - Glowing Greens - 2.50, Large Speciality Tea - Earl Grey - 1.60, Regular Frappes - Strawberries & Cream - 2.75",6.85,CARD,4253033844574779
04/07/2024 09:14,Longridge,Joseph Johnson,"Regular Smoothies - Glowing Greens - 2.00, Large Mocha - 2.70, Regular Flavoured iced latte - Caramel - 2.75",7.45,CARD,2090434849746593
04/07/2024 09:15,Longridge,Andres Stangl,"Large Mocha - 2.70, Large Smoothies - Glowing Greens - 2.50",5.2,CASH,
04/07/2024 09:16,Longridge,Earline Nelson,"Regular Mocha - 2.30, Large Flavoured iced latte - Caramel - 3.25",5.55,CASH,
04/07/2024 09:17,Longridge,Matthew Wise,"Regular Smoothies - Glowing Greens - 2.00, Large Speciality Tea - Earl Grey - 1.60, Regular Smoothies - Glowing Greens - 2.00",5.6,CARD,9014173312015027
04/07/2024 09:18,Longridge,Martha Hiatt,"Regular Frappes - Strawberries & Cream - 2.75, Regular Frappes - Strawberries & Cream - 2.75, Regular Smoothies - Glowing Greens - 2.00",7.5,CARD,1293542605087272
04/07/2024 09:19,Longridge,Juana Frazier,"Regular Smoothies - Glowing Greens - 2.00, Regular Frappes - Strawberries & Cream - 2.75, Large Speciality Tea - Earl Grey - 1.60",6.35,CASH,
04/07/2024 09:20,Longridge,Marcos Cherry,Regular Speciality Tea - Earl Grey - 1.30,1.3,CARD,3945523901763086
04/07/2024 09:21,Longridge,Mike Williams,"Regular Frappes - Strawberries & Cream - 2.75, Regular Smoothies - Glowing Greens - 2.00",4.75,CASH,
04/07/2024 09:22,Longridge,Anita Hamilton,"Regular Smoothies - Glowing Greens - 2.00, Large Glass of milk - 1.10, Regular Frappes - Strawberries & Cream - 2.75, Large Speciality Tea - Earl Grey - 1.60, Large Speciality Tea - Earl Grey - 1.60, Regular Frappes - Strawberries & Cream - 2.75",11.8,CASH,
04/07/2024 09:23,Longridge,Kimberly Coughlin,"Large Mocha - 2.70, Regular Flavoured iced latte - Caramel - 2.75",5.45,CARD,5798582343596082
04/07/2024 09:24,Longridge,Paul Caballero,"Regular Speciality Tea - Earl Grey - 1.30, Large Mocha - 2.70",4.0,CASH,
04/07/2024 09:26,Longridge,Linda Ketcher,"Large Flavoured iced latte - Caramel - 3.25, Large Flavoured iced latte - Caramel - 3.25, Regular Frappes - Strawberries & Cream - 2.75",9.25,CASH,
04/07/2024 09:27,Longridge,Mary Flores,"Large Glass of milk - 1.10, Regular Smoothies - Glowing Greens - 2.00",3.1,CASH,
04/07/2024 09:28,Longridge,Brandon Gaylord,"Large Speciality Tea - Earl Grey - 1.60, Large Flavoured iced latte - Caramel - 3.25, Large Mocha - 2.70, Large Glass of milk - 1.10, Large Frappes - Strawberries & Cream - 3.25",11.9,CASH,
04/07/2024 09:29,Longridge,Patrick Davis,Large Flavoured iced latte - Caramel - 3.25,3.25,CARD,6593084737538297
04/07/2024 09:30,Longridge,Chloe Hart,"Regular Speciality Tea - Earl Grey - 1.30, Regular Frappes - Strawberries & Cream - 2.75",4.05,CASH,
04/07/2024 09:31,Longridge,Sharon Cammarata,"Large Speciality Tea - Earl Grey - 1.60, Large Flavoured iced latte - Caramel - 3.25, Large Frappes - Strawberries & Cream - 3.25, Large Smoothies - Glowing Greens - 2.50, Regular Frappes - Strawberries & Cream - 2.75, Regular Speciality Tea - Earl Grey - 1.30",14.65,CASH,
04/07/2024 09:32,Longridge,Martin Stone,Regular Frappes - Strawberries & Cream - 2.75,2.75,CARD,6504685994146660
04/07/2024 09:33,Longridge,Scott Baily,"Large Mocha - 2.70, Large Mocha - 2.70",5.4,CARD,2517013003026655
04/07/2024 09:34,Longridge,Jeffrey Henson,"Regular Flavoured iced latte - Caramel - 2.75, Regular Mocha - 2.30, Large Speciality Tea - Earl Grey - 1.60, Regular Flavoured iced latte - Caramel - 2.75",9.4,CARD,5812608146902261
04/07/2024 09:35,Longridge,James Bailey,"Large Glass of milk - 1.10, Regular Flavoured iced latte - Caramel - 2.75, Large Frappes - Strawberries & Cream - 3.25, Regular Flavoured iced latte - Caramel - 2.75, Regular Glass of milk - 0.70",10.55,CARD,5693706025221819
04/07/2024 09:36,Longridge,Harold Leonard,"Regular Frappes - Strawberries & Cream - 2.75, Large Flavoured iced latte - Caramel - 3.25, Large Mocha - 2.70, Large Glass of milk - 1.10, Regular Mocha - 2.30, Large Glass of milk - 1.10",13.2,CARD,9900580847122184
04/07/2024 09:37,Longridge,Betty Pamperin,"Regular Frappes - Strawberries & Cream - 2.75, Large Mocha - 2.70, Large Speciality Tea - Earl Grey - 1.60, Regular Mocha - 2.30, Large Smoothies - Glowing Greens - 2.50, Regular Glass of milk - 0.70",12.55,CASH,
04/07/2024 09:39,Longridge,Doris Butler,Large Flavoured iced latte - Caramel - 3.25,3.25,CARD,9082557981439053
04/07/2024 09:40,Longridge,Sara Burgess,"Regular Frappes - Strawberries & Cream - 2.75, Large Glass of milk - 1.10",3.85,CARD,1706334360245513
04/07/2024 09:41,Longridge,Deana Davidson,"Regular Frappes - Strawberries & Cream - 2.75, Regular Speciality Tea - Earl Grey - 1.30, Regular Mocha - 2.30, Large Speciality Tea - Earl Grey - 1.60",7.95,CARD,3132168379187331
04/07/2024 09:42,Longridge,Noel Brazell,"Regular Speciality Tea - Earl Grey - 1.30, Regular Frappes - Strawberries & Cream - 2.75, Large Smoothies - Glowing Greens - 2.50, Regular Frappes - Strawberries & Cream - 2.75, Large Flavoured iced latte - Caramel - 3.25",12.55,CARD,8627769464014586
04/07/2024 09:43,Longridge,Alicia Daquino,"Regular Glass of milk - 0.70, Regular Mocha - 2.30",3.0,CARD,6742939933126192
04/07/2024 09:44,Longridge,Derrick Satterwhite,"Large Frappes - Strawberries & Cream - 3.25, Regular Glass of milk - 0.70, Large Smoothies - Glowing Greens - 2.50",6.45,CARD,1690911249058661
04/07/2024 09:45,Longridge,Melanie Stachowiak,"Regular Flavoured iced latte - Caramel - 2.75, Regular Speciality Tea - Earl Grey - 1.30, Regular Smoothies - Glowing Greens - 2.00, Regular Speciality Tea - Earl Grey - 1.30, Large Speciality Tea - Earl Grey - 1.60",8.95,CARD,5476570759333171
04/07/2024 09:46,Longridge,Lucy Meeter,"Large Mocha - 2.70, Regular Flavoured iced latte - Caramel - 2.75",5.45,CARD,5602008219232030
04/07/2024 09:47,Longridge,Georgia Barrett,Regular Frappes - Strawberries & Cream - 2.75,2.75,CARD,8338812151275022
04/07/2024 09:48,Longridge,James May,Regular Frappes - Strawberries & Cream - 2.75,2.75,CARD,5639765075919831
04/07/2024 09:49,Longridge,Maggie Cruz,Regular Speciality Tea - Earl Grey - 1.30,1.3,CARD,4527205212036058
04/07/2024 09:50,Longridge,Jesus Raglin,"Regular Mocha - 2.30, Large Glass of milk - 1.10, Regular Frappes - Strawberries & Cream - 2.75, Regular Speciality Tea - Earl Grey - 1.30, Large Frappes - Strawberries & Cream - 3.25, Large Speciality Tea - Earl Grey - 1.60",12.3,CARD,4580604495816412
04/07/2024 09:52,Longridge,James Oslund,Large Flavoured iced latte - Caramel - 3.25,3.25,CARD,3638505965706224
04/07/2024 09:53,Longridge,Howard Melgar,"Large Flavoured iced latte - Caramel - 3.25, Regular Frappes - Strawberries & Cream - 2.75, Large Glass of milk - 1.10",7.1,CASH,
04/07/2024 09:54,Longridge,Bruce Fowler,"Regular Glass of milk - 0.70, Large Speciality Tea - Earl Grey - 1.60",2.3,CARD,3613628487290503
04/07/2024 09:55,Longridge,Carol Mercado,Large Flavoured iced latte - Caramel - 3.25,3.25,CARD,3344083934672571
04/07/2024 09:56,Longridge,Helen Collins,Large Flavoured iced latte - Caramel - 3.25,3.25,CARD,9864939174334400
04/07/2024 09:57,Longridge,Brandon Martinez,"Large Frappes - Strawberries & Cream - 3.25, Regular Frappes - Strawberries & Cream - 2.75",6.0,CARD,6025088291744636
04/07/2024 09:58,Longridge,Dennis Molon,"Large Speciality Tea - Earl Grey - 1.60, Regular Flavoured iced latte - Caramel - 2.75",4.35,CARD,6958758521971553
04/07/2024 09:59,Longridge,Tony Childers,"Regular Frappes - Strawberries & Cream - 2.75, Large Speciality Tea - Earl Grey - 1.60, Large Speciality Tea - Earl Grey - 1.60",5.95,CARD,4939597936946211
04/07/2024 10:00,Longridge,Walter Crocker,Large Flavoured iced latte - Caramel - 3.25,3.25,CARD,1958188762322711
04/07/2024 10:03,Longridge,Steven Roberts,"Regular Flavoured iced latte - Caramel - 2.75, Regular Mocha - 2.30, Regular Flavoured iced latte - Caramel - 2.75, Regular Flavoured iced latte - Caramel - 2.75",10.55,CARD,6160177405787066
04/07/2024 10:06,Longridge,Norman King,"Large Glass of milk - 1.10, Regular Smoothies - Glowing Greens - 2.00",3.1,CASH,
04/07/2024 10:10,Longridge,Judith Noble,"Large Frappes - Strawberries & Cream - 3.25, Large Mocha - 2.70",5.95,CASH,
04/07/2024 10:13,Longridge,Jane Scianna,"Large Frappes - Strawberries & Cream - 3.25, Large Flavoured iced latte - Caramel - 3.25, Large Smoothies - Glowing Greens - 2.50",9.0,CARD,9399832084244391
04/07/2024 10:16,Longridge,Vincent George,"Large Frappes - Strawberries & Cream - 3.25, Large Smoothies - Glowing Greens - 2.50, Regular Flavoured iced latte - Caramel - 2.75",8.5,CARD,1362833673927055
04/07/2024 10:19,Longridge,Gladys Kingsley,"Regular Speciality Tea - Earl Grey - 1.30, Regular Frappes - Strawberries & Cream - 2.75, Regular Smoothies - Glowing Greens - 2.00",6.05,CARD,3805522376259409
04/07/2024 10:22,Longridge,Alice Garcia,"Large Frappes - Strawberries & Cream - 3.25, Regular Flavoured iced latte - Caramel - 2.75, Regular Frappes - Strawberries & Cream - 2.75",8.75,CARD,9093846521705414
04/07/2024 10:25,Longridge,Cindy Sugarman,"Regular Speciality Tea - Earl Grey - 1.30, Large Glass of milk - 1.10, Large Frappes - Strawberries & Cream - 3.25",5.65,CASH,
04/07/2024 10:29,Longridge,Bonita Carlson,"Large Glass of milk - 1.10, Large Flavoured iced latte - Caramel - 3.25, Regular Mocha - 2.30, Large Glass of milk - 1.10, Regular Flavoured iced latte - Caramel - 2.75",10.5,CARD,3884170914462202
04/07/2024 10:32,Longridge,Denise Hutcherson,"Large Speciality Tea - Earl Grey - 1.60, Large Glass of milk - 1.10, Large Flavoured iced latte - Caramel - 3.25, Regular Mocha - 2.30",8.25,CARD,8554496884459438
04/07/2024 10:35,Longridge,William Stewart,"Regular Mocha - 2.30, Large Smoothies - Glowing Greens - 2.50, Regular Smoothies - Glowing Greens - 2.00",6.8,CARD,1979863589162229
04/07/2024 10:38,Longridge,Lisa Lind,"Regular Mocha - 2.30, Regular Frappes - Strawberries & Cream - 2.75, Regular Smoothies - Glowing Greens - 2.00",7.05,CARD,4820661738454352
04/07/2024 10:41,Longridge,Joseph Stoglin,"Regular Frappes - Strawberries & Cream - 2.75, Regular Glass of milk - 0.70, Regular Flavoured iced latte - Caramel - 2.75",6.2,CASH,
04/07/2024 10:44,Longridge,Rickey Lee,"Large Speciality Tea - Earl Grey - 1.60, Regular Frappes - Strawberries & Cream - 2.75",4.35,CARD,9192618501474289
04/07/2024 10:47,Longridge,Kevin Nichols,"Large Flavoured iced latte - Caramel - 3.25, Regular Glass of milk - 0.70",3.95,CARD,4182085114907053
04/07/2024 10:51,Longridge,Ricardo Ayala,"Regular Smoothies - Glowing Greens - 2.00, Large Flavoured iced latte - Caramel - 3.25, Regular Flavoured iced latte - Caramel - 2.75, Large Flavoured iced latte - Caramel - 3.25",11.25,CARD,1451562416557034
04/07/2024 10:54,Longridge,Chelsea Brooks,"Regular Speciality Tea - Earl Grey - 1.30, Regular Mocha - 2.30, Regular Frappes - Strawberries & Cream - 2.75, Regular Frappes - Strawberries & Cream - 2.75",9.1,CARD,4810127663889912
04/07/2024 10:57,Longridge,Maria Colyer,"Regular Frappes - Strawberries & Cream - 2.75, Large Flavoured iced latte - Caramel - 3.25, Large Glass of milk - 1.10",7.1,CARD,2508687658402831
04/07/2024 11:00,Longridge,Ralph Shaffer,"Regular Glass of milk - 0.70, Regular Smoothies - Glowing Greens - 2.00, Regular Glass of milk - 0.70, Regular Flavoured iced latte - Caramel - 2.75",6.15,CARD,3820512138426944
04/07/2024 11:08,Longridge,Willie Yates,"Regular Speciality Tea - Earl Grey - 1.30, Regular Speciality Tea - Earl Grey - 1.30, Regular Flavoured iced latte - Caramel - 2.75, Large Flavoured iced latte - Caramel - 3.25, Regular Frappes - Strawberries & Cream - 2.75",11.35,CARD,9178521285993711
04/07/2024 11:15,Longridge,Paul Hickman,"Large Glass of milk - 1.10, Large Speciality Tea - Earl Grey - 1.60, Large Speciality Tea - Earl Grey - 1.60, Large Flavoured iced latte - Caramel - 3.25",7.55,CASH,
04/07/2024 11:23,Longridge,Joshua Morehead,Large Glass of milk - 1.10,1.1,CARD,4140287913256605
04/07/2024 11:30,Longridge,Margaret Morosow,Large Frappes - Strawberries & Cream - 3.25,3.25,CASH,
04/07/2024 11:38,Longridge,Bernadine Baxter,Large Flavoured iced latte - Caramel - 3.25,3.25,CARD,6105740907395158
04/07/2024 11:45,Longridge,Kevin Miller,"Large Flavoured iced latte - Caramel - 3.25, Regular Flavoured iced latte - Caramel - 2.75",6.0,CARD,5406239372749578
04/07/2024 11:53,Longridge,Louis Newcombe,"Large Flavoured iced latte - Caramel - 3.25, Regular Mocha - 2.30, Large Flavoured iced latte - Caramel - 3.25, Large Smoothies - Glowing Greens - 2.50",11.3,CASH,
04/07/2024 12:00,Longridge,Frank Kim,"Regular Flavoured iced latte - Caramel - 2.75, Large Flavoured iced latte - Caramel - 3.25, Regular Speciality Tea - Earl Grey - 1.30, Regular Smoothies - Glowing Greens - 2.00, Large Flavoured iced latte - Caramel - 3.25",12.55,CASH,
04/07/2024 12:06,Longridge,Sue Jones,"Large Speciality Tea - Earl Grey - 1.60, Regular Mocha - 2.30",3.9,CARD,3445659206370437
04/07/2024 12:12,Longridge,Laura Hayes,"Large Flavoured iced latte - Caramel - 3.25, Regular Flavoured iced latte - Caramel - 2.75, Regular Smoothies - Glowing Greens - 2.00, Regular Flavoured iced latte - Caramel - 2.75",10.75,CARD,6730413691969961
04/07/2024 12:18,Longridge,William Hennigan,"Regular Flavoured iced latte - Caramel - 2.75, Regular Smoothies - Glowing Greens - 2.00, Large Frappes - Strawberries & Cream - 3.25, Large Smoothies - Glowing Greens - 2.50",10.5,CASH,
04/07/2024 12:24,Longridge,Mildred Young,"Regular Speciality Tea - Earl Grey - 1.30, Large Flavoured iced latte - Caramel - 3.25, Regular Smoothies - Glowing Greens - 2.00, Regular Glass of milk - 0.70",7.25,CARD,4242427822381702
04/07/2024 12:30,Longridge,Steven Laurie,Large Mocha - 2.70,2.7,CASH,
04/07/2024 12:36,Longridge,James Dejesus,Regular Frappes - Strawberries & Cream - 2.75,2.75,CASH,
04/07/2024 12:42,Longridge,Diane Forbes,"Regular Glass of milk - 0.70, Large Glass of milk - 1.10",1.8,CASH,
04/07/2024 12:48,Longridge,Patricia Romero,"Regular Glass of milk - 0.70, Large Smoothies - Glowing Greens - 2.50, Regular Smoothies - Glowing Greens - 2.00",5.2,CARD,8303344056034911
04/07/2024 12:54,Longridge,Elizabeth Clemons,"Large Flavoured iced latte - Caramel - 3.25, Large Speciality Tea - Earl Grey - 1.60, Large Speciality Tea - Earl Grey - 1.60",6.45,CARD,6029706257140560
04/07/2024 13:00,Longridge,Russell Klein,"Regular Mocha - 2.30, Regular Glass of milk - 0.70",3.0,CARD,1412661383917898
04/07/2024 13:01,Longridge,Lorri Stromberg,"Regular Speciality Tea - Earl Grey - 1.30, Regular Frappes - Strawberries & Cream - 2.75, Regular Flavoured iced latte - Caramel - 2.75",6.8,CARD,7049101588547531
04/07/2024 13:02,Longridge,Janice Delacruz,"Regular Smoothies - Glowing Greens - 2.00, Large Mocha - 2.70, Regular Frappes - Strawberries & Cream - 2.75, Large Glass of milk - 1.10",8.55,CARD,5753142419797794
04/07/2024 13:03,Longridge,Valerie Fralin,Large Speciality Tea - Earl Grey - 1.60,1.6,CARD,8735668288000633
04/07/2024 13:04,Longridge,Caroline Gilmer,"Regular Flavoured iced latte - Caramel - 2.75, Large Glass of milk - 1.10",3.85,CASH,
04/07/2024 13:05,Longridge,William Steere,"Large Mocha - 2.70, Regular Glass of milk - 0.70",3.4,CARD,6098508373806663
04/07/2024 13:06,Longridge,Robert Edgerson,"Regular Mocha - 2.30, Regular Speciality Tea - Earl Grey - 1.30, Large Smoothies - Glowing Greens - 2.50",6.1,CARD,1437421312591855
04/07/2024 13:07,Longridge,Deborah Swift,Regular Smoothies - Glowing Greens - 2.00,2.0,CASH,
04/07/2024 13:08,Longridge,Michael Roberts,"Regular Speciality Tea - Earl Grey - 1.30, Large Smoothies - Glowing Greens - 2.50",3.8,CARD,5394392485291509
04/07/2024 13:09,Longridge,Lance Mcroy,"Regular Glass of milk - 0.70, Large Glass of milk - 1.10",1.8,CARD,4829635281284268
04/07/2024 13:10,Longridge,Manuel King,Large Frappes - Strawberries & Cream - 3.25,3.25,CARD,5113953490618810
04/07/2024 13:10,Longridge,Michelle Zwick,Large Flavoured iced latte - Caramel - 3.25,3.25,CARD,5129062638063045
04/07/2024 13:11,Longridge,William Starke,"Large Speciality Tea - Earl Grey - 1.60, Regular Flavoured iced latte - Caramel - 2.75, Regular Smoothies - Glowing Greens - 2.00",6.35,CARD,2322529989748459
04/07/2024 13:12,Longridge,Douglas Land,Large Frappes - Strawberries & Cream - 3.25,3.25,CARD,7008060929387696
04/07/2024 13:13,Longridge,John Leftwich,"Large Glass of milk - 1.10, Large Speciality Tea - Earl Grey - 1.60, Regular Smoothies - Glowing Greens - 2.00",4.7,CARD,7394843053222618
04/07/2024 13:14,Longridge,Betty Castillo,"Regular Flavoured iced latte - Caramel - 2.75, Regular Speciality Tea - Earl Grey - 1.30",4.05,CARD,1550754156500587
04/07/2024 13:15,Longridge,Todd Martin,"Large Mocha - 2.70, Large Mocha - 2.70, Large Mocha - 2.70",8.1,CARD,1394040574497072
04/07/2024 13:16,Longridge,Tammy Curtis,"Regular Speciality Tea - Earl Grey - 1.30, Large Flavoured iced latte - Caramel - 3.25, Regular Frappes - Strawberries & Cream - 2.75",7.3,CARD,3170182784536823
04/07/2024 13:17,Longridge,Dennis Steffen,Regular Speciality Tea - Earl Grey - 1.30,1.3,CARD,1188992097439844
04/07/2024 13:18,Longridge,Trudy Ward,"Regular Speciality Tea - Earl Grey - 1.30, Large Glass of milk - 1.10, Large Glass of milk - 1.10, Regular Frappes - Strawberries & Cream - 2.75, Large Speciality Tea - Earl Grey - 1.60, Large Mocha - 2.70",10.55,CARD,1635994158160838
04/07/2024 13:19,Longridge,Sheila Wilson,"Regular Flavoured iced latte - Caramel - 2.75, Regular Smoothies - Glowing Greens - 2.00",4.75,CASH,
04/07/2024 13:20,Longridge,Bobby Flores,"Regular Frappes - Strawberries & Cream - 2.75, Regular Flavoured iced latte - Caramel - 2.75",5.5,CASH,
04/07/2024 13:21,Longridge,Vernon Aldous,"Regular Flavoured iced latte - Caramel - 2.75, Regular Speciality Tea - Earl Grey - 1.30",4.05,CASH,
04/07/2024 13:22,Longridge,Delores Bruff,"Large Speciality Tea - Earl Grey - 1.60, Regular Frappes - Strawberries & Cream - 2.75",4.35,CARD,6456036428502339
04/07/2024 13:23,Longridge,Gerard Madonia,"Large Flavoured iced latte - Caramel - 3.25, Large Frappes - Strawberries & Cream - 3.25, Large Frappes - Strawberries & Cream - 3.25",9.75,CASH,
04/07/2024 13:24,Longridge,Anthony Milton,"Regular Frappes - Strawberries & Cream - 2.75, Regular Frappes - Strawberries & Cream - 2.75, Large Flavoured iced latte - Caramel - 3.25",8.75,CASH,
04/07/2024 13:25,Longridge,Rolf Flanders,"Regular Smoothies - Glowing Greens - 2.00, Large Mocha - 2.70",4.7,CARD,4510836506713848
04/07/2024 13:26,Longridge,Frances Kim,Large Flavoured iced latte - Caramel - 3.25,3.25,CARD,1426980575225122
04/07/2024 13:27,Longridge,Hermelinda Lockhart,"Large Smoothies - Glowing Greens - 2.50, Regular Speciality Tea - Earl Grey - 1.30, Regular Flavoured iced latte - Caramel - 2.75, Regular Flavoured iced latte - Caramel - 2.75",9.3,CASH,
04/07/2024 13:28,Longridge,Martha Artis,Large Mocha - 2.70,2.7,CARD,6328520434455866
04/07/2024 13:29,Longridge,James Garcia,"Regular Smoothies - Glowing Greens - 2.00, Regular Speciality Tea - Earl Grey - 1.30, Large Mocha - 2.70",6.0,CASH,
04/07/2024 13:29,Longridge,Ericka Owens,"Regular Mocha - 2.30, Regular Speciality Tea - Earl Grey - 1.30",3.6,CARD,1146864070214234
04/07/2024 13:30,Longridge,Cathrine Zapata,Large Flavoured iced latte - Caramel - 3.25,3.25,CASH,
04/07/2024 13:31,Longridge,Sharon Baldrige,"Large Glass of milk - 1.10, Large Speciality Tea - Earl Grey - 1.60",2.7,CASH,
04/07/2024 13:32,Longridge,Kristen Klemm,"Large Glass of milk - 1.10, Regular Glass of milk - 0.70, Large Mocha - 2.70, Large Flavoured iced latte - Caramel - 3.25, Large Frappes - Strawberries & Cream - 3.25, Regular Frappes - Strawberries & Cream - 2.75",13.75,CARD,7640173923362573
04/07/2024 13:33,Longridge,Christina Mccormick,"Large Flavoured iced latte - Caramel - 3.25, Large Frappes - Strawberries & Cream - 3.25",6.5,CASH,
04/07/2024 13:34,Longridge,Andrew Corbin,"Regular Glass of milk - 0.70, Regular Flavoured iced latte - Caramel - 2.75",3.45,CARD,2793705282710602
04/07/2024 13:35,Longridge,Joseph Rosales,"Regular Smoothies - Glowing Greens - 2.00, Large Frappes - Strawberries & Cream - 3.25, Regular Mocha - 2.30",7.55,CARD,1703271691337839
04/07/2024 13:36,Longridge,Jennifer Pryor,"Regular Glass of milk - 0.70, Large Flavoured iced latte - Caramel - 3.25, Regular Glass of milk - 0.70, Regular Frappes - Strawberries & Cream - 2.75",7.4,CASH,
04/07/2024 13:37,Longridge,Jonathan Henson,"Large Frappes - Strawberries & Cream - 3.25, Large Speciality Tea - Earl Grey - 1.60, Regular Flavoured iced latte - Caramel - 2.75, Large Glass of milk - 1.10",8.7,CARD,1648177181545463
04/07/2024 13:38,Longridge,Louis Martin,"Large Glass of milk - 1.10, Large Smoothies - Glowing Greens - 2.50",3.6,CASH,
04/07/2024 13:39,Longridge,Norma Sukhu,"Large Flavoured iced latte - Caramel - 3.25, Regular Speciality Tea - Earl Grey - 1.30",4.55,CARD,5574790480700489
04/07/2024 13:40,Longridge,Jon Johnson,"Large Smoothies - Glowing Greens - 2.50, Regular Glass of milk - 0.70, Large Flavoured iced latte - Caramel - 3.25, Regular Smoothies - Glowing Greens - 2.00, Large Flavoured iced latte - Caramel - 3.25",11.7,CARD,3784024564075429
04/07/2024 13:41,Longridge,Clinton Parmer,"Large Glass of milk - 1.10, Large Glass of milk - 1.10, Regular Smoothies - Glowing Greens - 2.00",4.2,CARD,4146033352846304
04/07/2024 13:42,Longridge,Cheryl Nickels,"Regular Flavoured iced latte - Caramel - 2.75, Regular Smoothies - Glowing Greens - 2.00",4.75,CARD,4106898855117486
04/07/2024 13:43,Longridge,Nancy Atchity,"Large Flavoured iced latte - Caramel - 3.25, Large Smoothies - Glowing Greens - 2.50",5.75,CARD,3226255198273854
04/07/2024 13:44,Longridge,William Mertz,"Regular Frappes - Strawberries & Cream - 2.75, Large Speciality Tea - Earl Grey - 1.60",4.35,CARD,1541831404784421
04/07/2024 13:45,Longridge,Marie Kinney,"Large Glass of milk - 1.10, Large Mocha - 2.70, Large Glass of milk - 1.10, Large Frappes - Strawberries & Cream - 3.25",8.15,CARD,5355234524876830
04/07/2024 13:46,Longridge,Jammie Sherman,"Regular Flavoured iced latte - Caramel - 2.75, Large Glass of milk - 1.10, Large Glass of milk - 1.10, Regular Flavoured iced latte - Caramel - 2.75",7.7,CASH,
04/07/2024 13:47,Longridge,John Jackson,"Large Speciality Tea - Earl Grey - 1.60, Regular Speciality Tea - Earl Grey - 1.30, Regular Flavoured iced latte - Caramel - 2.75, Large Flavoured iced latte - Caramel - 3.25",8.9,CARD,6353991107537978
04/07/2024 13:48,Longridge,William Wrona,Large Flavoured iced latte - Caramel - 3.25,3.25,CARD,5650884825047102
04/07/2024 13:48,Longridge,Clyde Anderson,Large Flavoured iced latte - Caramel - 3.25,3.25,CARD,8814663408432839
04/07/2024 13:49,Longridge,Dan Muncy,"Regular Frappes - Strawberries & Cream - 2.75, Regular Flavoured iced latte - Caramel - 2.75",5.5,CASH,
04/07/2024 13:50,Longridge,John Vanhoutte,"Regular Mocha - 2.30, Regular Flavoured iced latte - Caramel - 2.75, Regular Smoothies - Glowing Greens - 2.00, Regular Flavoured iced latte - Caramel - 2.75, Regular Frappes - Strawberries & Cream - 2.75",12.55,CASH,
04/07/2024 13:51,Longridge,Barbara Koenig,"Large Smoothies - Glowing Greens - 2.50, Large Smoothies - Glowing Greens - 2.50, Regular Flavoured iced latte - Caramel - 2.75",7.75,CARD,1631249334013476
04/07/2024 13:52,Longridge,Mary Parton,"Large Speciality Tea - Earl Grey - 1.60, Large Mocha - 2.70, Regular Speciality Tea - Earl Grey - 1.30",5.6,CARD,5390873459165951
04/07/2024 13:53,Longridge,Margaret Bolton,"Large Mocha - 2.70, Regular Smoothies - Glowing Greens - 2.00, Regular Smoothies - Glowing Greens - 2.00",6.7,CARD,3009757237145505
04/07/2024 13:54,Longridge,Joseph Chitwood,"Regular Speciality Tea - Earl Grey - 1.30, Large Glass of milk - 1.10, Large Frappes - Strawberries & Cream - 3.25, Large Frappes - Strawberries & Cream - 3.25",8.9,CARD,5388124141048720
04/07/2024 13:55,Longridge,Raymond Oregel,"Large Frappes - Strawberries & Cream - 3.25, Regular Speciality Tea - Earl Grey - 1.30, Regular Frappes - Strawberries & Cream - 2.75",7.3,CARD,4555223548228568
04/07/2024 13:56,Longridge,Glenn Barrientes,"Regular Flavoured iced latte - Caramel - 2.75, Large Flavoured iced latte - Caramel - 3.25",6.0,CARD,2685942832890171
04/07/2024 13:57,Longridge,Elia Johnson,"Large Glass of milk - 1.10, Large Speciality Tea - Earl Grey - 1.60, Large Glass of milk - 1.10",3.8,CARD,8882050904823090
04/07/2024 13:58,Longridge,William Yarborough,"Regular Flavoured iced latte - Caramel - 2.75, Large Glass of milk - 1.10, Large Glass of milk - 1.10",4.95,CARD,2562898104444515
04/07/2024 13:59,Longridge,Jamie Schmidt,"Large Smoothies - Glowing Greens - 2.50, Regular Flavoured iced latte - Caramel - 2.75",5.25,CARD,2799404613751988
04/07/2024 14:00,Longridge,Charles Fuss,Large Frappes - Strawberries & Cream - 3.25,3.25,CARD,6779929949496851
04/07/2024 14:03,Longridge,Sharon Wilkins,Regular Smoothies - Glowing Greens - 2.00,2.0,CARD,5683608007754078
04/07/2024 14:06,Longridge,Katy Treible,"Regular Glass of milk - 0.70, Regular Speciality Tea - Earl Grey - 1.30",2.0,CASH,
04/07/2024 14:09,Longridge,Rosemarie Bowles,"Large Smoothies - Glowing Greens - 2.50, Regular Speciality Tea - Earl Grey - 1.30, Large Speciality Tea - Earl Grey - 1.60",5.4,CARD,3384123448901514
04/07/2024 14:12,Longridge,Janet Pollock,"Large Frappes - Strawberries & Cream - 3.25, Large Speciality Tea - Earl Grey - 1.60",4.85,CASH,
04/07/2024 14:16,Longridge,Neil Miller,"Regular Smoothies - Glowing Greens - 2.00, Regular Frappes - Strawberries & Cream - 2.75",4.75,CARD,2124690479622479
04/07/2024 14:19,Longridge,Douglas Powell,"Large Frappes - Strawberries & Cream - 3.25, Regular Flavoured iced latte - Caramel - 2.75",6.0,CARD,6318646113070809
04/07/2024 14:22,Longridge,Dennis Russell,"Large Flavoured iced latte - Caramel - 3.25, Large Mocha - 2.70, Regular Speciality Tea - Earl Grey - 1.30",7.25,CASH,
04/07/2024 14:25,Longridge,Bernice Hill,Regular Flavoured iced latte - Caramel - 2.75,2.75,CARD,4598030166067394
04/07/2024 14:28,Longridge,Donald Mccarty,"Large Speciality Tea - Earl Grey - 1.60, Regular Smoothies - Glowing Greens - 2.00, Regular Smoothies - Glowing Greens - 2.00, Regular Speciality Tea - Earl Grey - 1.30, Large Frappes - Strawberries & Cream - 3.25",10.15,CASH,
04/07/2024 14:31,Longridge,Thomas Wood,"Large Smoothies - Glowing Greens - 2.50, Large Frappes - Strawberries & Cream - 3.25",5.75,CARD,4307974893059865
04/07/2024 14:35,Longridge,Paul Kelly,"Large Frappes - Strawberries & Cream - 3.25, Regular Speciality Tea - Earl Grey - 1.30",4.55,CARD,4408974359409633
04/07/2024 14:38,Longridge,James Adams,Regular Speciality Tea - Earl Grey - 1.30,1.3,CARD,8841995166715840
04/07/2024 14:41,Longridge,Alice Hoopes,"Regular Glass of milk - 0.70, Regular Flavoured iced latte - Caramel - 2.75",3.45,CARD,8497121108851141
04/07/2024 14:44,Longridge,Gordon Brown,Regular Speciality Tea - Earl Grey - 1.30,1.3,CASH,
04/07/2024 14:47,Longridge,Jeffrey Stone,"Large Smoothies - Glowing Greens - 2.50, Large Frappes - Strawberries & Cream - 3.25, Regular Glass of milk - 0.70",6.45,CARD,3422827938915398
04/07/2024 14:50,Longridge,Brandon Rodriguez,"Regular Speciality Tea - Earl Grey - 1.30, Regular Frappes - Strawberries & Cream - 2.75, Regular Frappes - Strawberries & Cream - 2.75, Regular Frappes - Strawberries & Cream - 2.75, Large Flavoured iced latte - Caramel - 3.25, Regular Smoothies - Glowing Greens - 2.00",14.8,CARD,7596751156887726
04/07/2024 14:53,Longridge,Robert Hulett,"Large Frappes - Strawberries & Cream - 3.25, Regular Frappes - Strawberries & Cream - 2.75, Large Flavoured iced latte - Caramel - 3.25",9.25,CASH,
04/07/2024 14:57,Longridge,Edward Blattner,"Regular Flavoured iced latte - Caramel - 2.75, Large Speciality Tea - Earl Grey - 1.60",4.35,CARD,4034680301988557
04/07/2024 15:00,Longridge,Sharon Dakins,"Large Flavoured iced latte - Caramel - 3.25, Large Smoothies - Glowing Greens - 2.50, Regular Flavoured iced latte - Caramel - 2.75",8.5,CASH,
04/07/2024 15:01,Longridge,Thomas Dews,"Regular Smoothies - Glowing Greens - 2.00, Regular Mocha - 2.30, Large Mocha - 2.70",7.0,CASH,
04/07/2024 15:02,Longridge,Vickie Millay,"Large Glass of milk - 1.10, Large Flavoured iced latte - Caramel - 3.25",4.35,CASH,
04/07/2024 15:03,Longridge,Christopher Barnard,Regular Frappes - Strawberries & Cream - 2.75,2.75,CASH,
04/07/2024 15:04,Longridge,Ruby Gentry,"Regular Mocha - 2.30, Regular Glass of milk - 0.70, Regular Flavoured iced latte - Caramel - 2.75",5.75,CASH,
04/07/2024 15:05,Longridge,Michael Lossett,"Large Flavoured iced latte - Caramel - 3.25, Regular Frappes - Strawberries & Cream - 2.75",6.0,CASH,
04/07/2024 15:06,Longridge,Kelly Forrest,"Large Frappes - Strawberries & Cream - 3.25, Large Mocha - 2.70, Regular Mocha - 2.30, Regular Glass of milk - 0.70",8.95,CASH,
04/07/2024 15:07,Longridge,Robert Aliff,"Large Glass of milk - 1.10, Large Mocha - 2.70, Regular Glass of milk - 0.70, Large Mocha - 2.70",7.2,CASH,
04/07/2024 15:08,Longridge,Grace Washington,"Regular Speciality Tea - Earl Grey - 1.30, Regular Speciality Tea - Earl Grey - 1.30, Regular Speciality Tea - Earl Grey - 1.30, Large Smoothies - Glowing Greens - 2.50",6.4,CASH,
04/07/2024 15:09,Longridge,Mason Armstead,Regular Frappes - Strawberries & Cream - 2.75,2.75,CARD,1607661001003259
04/07/2024 15:10,Longridge,Ola Mallon,"Large Frappes - Strawberries & Cream - 3.25, Regular Glass of milk - 0.70, Regular Speciality Tea - Earl Grey - 1.30",5.25,CARD,4554621182701952
04/07/2024 15:11,Longridge,Mark Ogle,"Regular Mocha - 2.30, Large Flavoured iced latte - Caramel - 3.25, Large Flavoured iced latte - Caramel - 3.25",8.8,CARD,9193246778369004
04/07/2024 15:12,Longridge,David Shaw,"Regular Smoothies - Glowing Greens - 2.00, Large Mocha - 2.70, Regular Smoothies - Glowing Greens - 2.00, Large Smoothies - Glowing Greens - 2.50",9.2,CASH,
04/07/2024 15:13,Longridge,Betty Hoag,Regular Mocha - 2.30,2.3,CARD,8339704946525528
04/07/2024 15:14,Longridge,Carol Pealer,Regular Frappes - Strawberries & Cream - 2.75,2.75,CARD,3870415127574111
04/07/2024 15:15,Longridge,Joette Baker,"Large Glass of milk - 1.10, Large Smoothies - Glowing Greens - 2.50, Regular Mocha - 2.30",5.9,CARD,9995694150398065
04/07/2024 15:16,Longridge,Linda Mcintosh,"Regular Smoothies - Glowing Greens - 2.00, Regular Frappes - Strawberries & Cream - 2.75",4.75,CASH,
04/07/2024 15:17,Longridge,Janie Paradis,"Regular Flavoured iced latte - Caramel - 2.75, Regular Smoothies - Glowing Greens - 2.00, Large Mocha - 2.70, Large Speciality Tea - Earl Grey - 1.60, Regular Frappes - Strawberries & Cream - 2.75, Regular Frappes - Strawberries & Cream - 2.75",14.55,CASH,
04/07/2024 15:18,Longridge,William Holley,"Large Frappes - Strawberries & Cream - 3.25, Regular Smoothies - Glowing Greens - 2.00, Regular Flavoured iced latte - Caramel - 2.75, Regular Frappes - Strawberries & Cream - 2.75, Regular Mocha - 2.30",13.05,CASH,
04/07/2024 15:19,Longridge,Cassondra Robinson,Large Frappes - Strawberries & Cream - 3.25,3.25,CASH,
04/07/2024 15:20,Longridge,Nolan Schuster,"Regular Smoothies - Glowing Greens - 2.00, Regular Frappes - Strawberries & Cream - 2.75, Large Flavoured iced latte - Caramel - 3.25, Regular Smoothies - Glowing Greens - 2.00",10.0,CARD,7915050724745160
04/07/2024 15:21,Longridge,Tasha Naquin,"Regular Speciality Tea - Earl Grey - 1.30, Regular Smoothies - Glowing Greens - 2.00, Regular Flavoured iced latte - Caramel - 2.75, Regular Flavoured iced latte - Caramel - 2.75, Large Frappes - Strawberries & Cream - 3.25",12.05,CASH,
04/07/2024 15:22,Longridge,William Capps,"Large Glass of milk - 1.10, Large Flavoured iced latte - Caramel - 3.25",4.35,CASH,
04/07/2024 15:23,Longridge,George Mcfadden,"Large Frappes - Strawberries & Cream - 3.25, Regular Speciality Tea - Earl Grey - 1.30, Large Smoothies - Glowing Greens - 2.50",7.05,CARD,9210650030926810
04/07/2024 15:25,Longridge,Michael Landau,"Regular Glass of milk - 0.70, Large Frappes - Strawberries & Cream - 3.25, Regular Frappes - Strawberries & Cream - 2.75, Large Flavoured iced latte - Caramel - 3.25, Regular Smoothies - Glowing Greens - 2.00",11.95,CASH,
04/07/2024 15:26,Longridge,Linda Morris,"Regular Glass of milk - 0.70, Large Flavoured iced latte - Caramel - 3.25, Large Glass of milk - 1.10, Large Mocha - 2.70",7.75,CASH,
04/07/2024 15:27,Longridge,Lilia Tindle,Large Flavoured iced latte - Caramel - 3.25,3.25,CARD,9287371589673672
04/07/2024 15:28,Longridge,Margaret Kues,"Large Flavoured iced latte - Caramel - 3.25, Large Flavoured iced latte - Caramel - 3.25, Regular Speciality Tea - Earl Grey - 1.30, Regular Flavoured iced latte - Caramel - 2.75, Regular Frappes - Strawberries & Cream - 2.75",13.3,CARD,5914393141656572
04/07/2024 15:29,Longridge,Warren Parsons,"Regular Mocha - 2.30, Large Mocha - 2.70, Regular Flavoured iced latte - Caramel - 2.75",7.75,CARD,7315302175976462
04/07/2024 15:30,Longridge,Joseph Harris,"Large Mocha - 2.70, Regular Mocha - 2.30",5.0,CASH,
04/07/2024 15:31,Longridge,Pamela Gossett,"Regular Mocha - 2.30, Large Smoothies - Glowing Greens - 2.50, Regular Speciality Tea - Earl Grey - 1.30",6.1,CARD,6740787515491443
04/07/2024 15:32,Longridge,Donald Winston,"Regular Frappes - Strawberries & Cream - 2.75, Large Smoothies - Glowing Greens - 2.50",5.25,CARD,4022396807079698
04/07/2024 15:33,Longridge,James Mosley,"Regular Speciality Tea - Earl Grey - 1.30, Large Smoothies - Glowing Greens - 2.50, Regular Mocha - 2.30",6.1,CASH,
04/07/2024 15:34,Longridge,Robert Froelich,"Regular Flavoured iced latte - Caramel - 2.75, Large Glass of milk - 1.10, Regular Smoothies - Glowing Greens - 2.00",5.85,CASH,
04/07/2024 15:35,Longridge,Stephanie Iverson,"Large Smoothies - Glowing Greens - 2.50, Regular Speciality Tea - Earl Grey - 1.30, Large Speciality Tea - Earl Grey - 1.60, Large Smoothies - Glowing Greens - 2.50, Large Flavoured iced latte - Caramel - 3.25",11.15,CARD,2001610159869096
04/07/2024 15:36,Longridge,Marge Hudson,Large Frappes - Strawberries & Cream - 3.25,3.25,CARD,4410142042449195
04/07/2024 15:37,Longridge,Kenneth Quinones,"Large Mocha - 2.70, Regular Mocha - 2.30, Regular Frappes - Strawberries & Cream - 2.75, Regular Smoothies - Glowing Greens - 2.00",9.75,CARD,9914011751029770
04/07/2024 15:38,Longridge,Phillip Greene,"Regular Mocha - 2.30, Large Frappes - Strawberries & Cream - 3.25, Large Flavoured iced latte - Caramel - 3.25, Regular Speciality Tea - Earl Grey - 1.30",10.1,CASH,
04/07/2024 15:39,Longridge,Brian Cunningham,"Large Glass of milk - 1.10, Regular Glass of milk - 0.70, Regular Flavoured iced latte - Caramel - 2.75",4.55,CARD,2081846341882617
04/07/2024 15:40,Longridge,Rosemary Joplin,"Large Mocha - 2.70, Regular Flavoured iced latte - Caramel - 2.75, Regular Flavoured iced latte - Caramel - 2.75, Regular Glass of milk - 0.70",8.9,CARD,4441153581867049
04/07/2024 15:41,Longridge,Jared Morley,"Large Mocha - 2.70, Large Mocha - 2.70",5.4,CARD,3500769692849105
04/07/2024 15:42,Longridge,Marsha Vanwassenhove,"Large Speciality Tea - Earl Grey - 1.60, Regular Flavoured iced latte - Caramel - 2.75",4.35,CARD,8367228871522657
04/07/2024 15:43,Longridge,Roy Parker,"Regular Mocha - 2.30, Regular Frappes - Strawberries & Cream - 2.75, Large Flavoured iced latte - Caramel - 3.25, Regular Mocha - 2.30, Large Flavoured iced latte - Caramel - 3.25",13.85,CARD,3740916303912446
04/07/2024 15:44,Longridge,Katie Littleton,"Regular Speciality Tea - Earl Grey - 1.30, Regular Mocha - 2.30, Large Glass of milk - 1.10",4.7,CASH,
04/07/2024 15:45,Longridge,James Stewart,"Large Speciality Tea - Earl Grey - 1.60, Regular Speciality Tea - Earl Grey - 1.30, Large Mocha - 2.70",5.6,CARD,5459883517917721
04/07/2024 15:46,Longridge,Annie Bey,"Large Flavoured iced latte - Caramel - 3.25, Regular Glass of milk - 0.70, Large Frappes - Strawberries & Cream - 3.25, Large Speciality Tea - Earl Grey - 1.60",8.8,CARD,6287411311740031
04/07/2024 15:47,Longridge,Debra Dinsmore,Large Smoothies - Glowing Greens - 2.50,2.5,CASH,
04/07/2024 15:48,Longridge,Frederic Washington,"Regular Flavoured iced latte - Caramel - 2.75, Regular Frappes - Strawberries & Cream - 2.75, Large Flavoured iced latte - Caramel - 3.25, Regular Mocha - 2.30",11.05,CARD,8090402493789581
04/07/2024 15:49,Longridge,Dana Griffin,Regular Frappes - Strawberries & Cream - 2.75,2.75,CARD,2113372751374988
04/07/2024 15:50,Longridge,Sydney Trahan,"Large Speciality Tea - Earl Grey - 1.60, Large Frappes - Strawberries & Cream - 3.25",4.85,CASH,
04/07/2024 15:51,Longridge,Santiago Pilkinton,Large Frappes - Strawberries & Cream - 3.25,3.25,CARD,2677919731926325
04/07/2024 15:52,Longridge,Rebecca Mclaughlin,Large Glass of milk - 1.10,1.1,CARD,6937999874963509
04/07/2024 15:53,Longridge,Marcus Wiford,"Regular Frappes - Strawberries & Cream - 2.75, Large Speciality Tea - Earl Grey - 1.60",4.35,CARD,8108923418849669
04/07/2024 15:54,Longridge,Ralph Elhard,"Regular Smoothies - Glowing Greens - 2.00, Large Glass of milk - 1.10, Large Mocha - 2.70, Regular Flavoured iced latte - Caramel - 2.75",8.55,CARD,8853774111405816
04/07/2024 15:56,Longridge,Paul Wiley,"Regular Frappes - Strawberries & Cream - 2.75, Large Smoothies - Glowing Greens - 2.50",5.25,CARD,6555206605654371
04/07/2024 15:57,Longridge,Mary Grose,"Regular Smoothies - Glowing Greens - 2.00, Large Flavoured iced latte - Caramel - 3.25",5.25,CARD,8723201285505303
04/07/2024 15:58,Longridge,Phyllis Huffman,"Large Flavoured iced latte - Caramel - 3.25, Regular Mocha - 2.30, Regular Mocha - 2.30",7.85,CARD,7576049409870557
04/07/2024 15:59,Longridge,Christina Dense,"Regular Speciality Tea - Earl Grey - 1.30, Regular Flavoured iced latte - Caramel - 2.75, Large Flavoured iced latte - Caramel - 3.25",7.3,CARD,6527529690588672
04/07/2024 16:00,Longridge,Andrew Mcgruder,"Large Speciality Tea - Earl Grey - 1.60, Large Frappes - Strawberries & Cream - 3.25, Regular Glass of milk - 0.70, Large Speciality Tea - Earl Grey - 1.60, Regular Speciality Tea - Earl Grey - 1.30, Large Mocha - 2.70",11.15,CASH,
04/07/2024 16:02,Longridge,Susan Dunford,"Regular Frappes - Strawberries & Cream - 2.75, Regular Flavoured iced latte - Caramel - 2.75, Regular Smoothies - Glowing Greens - 2.00, Regular Flavoured iced latte - Caramel - 2.75, Regular Mocha - 2.30, Large Flavoured iced latte - Caramel - 3.25",15.8,CARD,1343951657883891
04/07/2024 16:04,Longridge,Julie Palacios,"Regular Frappes - Strawberries & Cream - 2.75, Regular Mocha - 2.30, Regular Smoothies - Glowing Greens - 2.00, Large Frappes - Strawberries & Cream - 3.25, Large Flavoured iced latte - Caramel - 3.25",13.55,CASH,
04/07/2024 16:06,Longridge,Cherie Morrow,"Large Glass of milk - 1.10, Regular Speciality Tea - Earl Grey - 1.30, Large Smoothies - Glowing Greens - 2.50",4.9,CARD,5205889368674683
04/07/2024 16:08,Longridge,Aurelia Beier,"Large Speciality Tea - Earl Grey - 1.60, Regular Frappes - Strawberries & Cream - 2.75",4.35,CASH,
04/07/2024 16:10,Longridge,Nicholas Colson,"Large Frappes - Strawberries & Cream - 3.25, Regular Smoothies - Glowing Greens - 2.00, Regular Speciality Tea - Earl Grey - 1.30, Regular Speciality Tea - Earl Grey - 1.30",7.85,CARD,4157634397537824
04/07/2024 16:12,Longridge,William Perkins,"Large Flavoured iced latte - Caramel - 3.25, Regular Mocha - 2.30",5.55,CARD,8861393525406285
04/07/2024 16:14,Longridge,Helen Waldal,"Large Glass of milk - 1.10, Regular Mocha - 2.30",3.4,CASH,
04/07/2024 16:16,Longridge,Bart Fox,"Regular Glass of milk - 0.70, Large Glass of milk - 1.10",1.8,CARD,5672186454706184
04/07/2024 16:18,Longridge,Heather Blair,"Regular Mocha - 2.30, Large Smoothies - Glowing Greens - 2.50, Large Mocha - 2.70, Large Glass of milk - 1.10",8.6,CARD,4055373652346687
04/07/2024 16:20,Longridge,Dwayne Dominguez,"Regular Glass of milk - 0.70, Large Flavoured iced latte - Caramel - 3.25, Large Smoothies - Glowing Greens - 2.50, Large Smoothies - Glowing Greens - 2.50",8.95,CARD,9261764335691647
04/07/2024 16:22,Longridge,Kermit Hunt,"Large Flavoured iced latte - Caramel - 3.25, Large Flavoured iced latte - Caramel - 3.25",6.5,CASH,
04/07/2024 16:24,Longridge,Leonora Chase,Large Flavoured iced latte - Caramel - 3.25,3.25,CASH,
04/07/2024 16:26,Longridge,Matthew Burkett,"Regular Flavoured iced latte - Caramel - 2.75, Large Glass of milk - 1.10",3.85,CARD,5405404983540777
04/07/2024 16:28,Longridge,Ida Walker,"Large Frappes - Strawberries & Cream - 3.25, Large Frappes - Strawberries & Cream - 3.25",6.5,CARD,7565672547203217
04/07/2024 16:30,Longridge,Hoyt Warner,"Large Smoothies - Glowing Greens - 2.50, Regular Speciality Tea - Earl Grey - 1.30, Regular Smoothies - Glowing Greens - 2.00",5.8,CASH,
04/07/2024 16:32,Longridge,Maureen Amigon,"Large Mocha - 2.70, Large Flavoured iced latte - Caramel - 3.25",5.95,CASH,
04/07/2024 16:34,Longridge,Jaime Swain,"Regular Mocha - 2.30, Large Glass of milk - 1.10, Regular Mocha - 2.30, Regular Smoothies - Glowing Greens - 2.00",7.7,CASH,
04/07/2024 16:36,Longridge,Lelia Davis,"Large Mocha - 2.70, Regular Mocha - 2.30, Large Mocha - 2.70, Regular Mocha - 2.30",10.0,CASH,
04/07/2024 16:38,Longridge,Antonia Fyfe,"Regular Frappes - Strawberries & Cream - 2.75, Regular Mocha - 2.30, Regular Smoothies - Glowing Greens - 2.00",7.05,CARD,6855440536743796
04/07/2024 16:40,Longridge,Lillian Koontz,"Regular Glass of milk - 0.70, Large Flavoured iced latte - Caramel - 3.25, Large Speciality Tea - Earl Grey - 1.60, Large Mocha - 2.70",8.25,CARD,7351959462748035
04/07/2024 16:42,Longridge,Jerry Steward,"Regular Flavoured iced latte - Caramel - 2.75, Regular Glass of milk - 0.70",3.45,CARD,6081027315289245
04/07/2024 16:44,Longridge,Robert Soliz,"Large Smoothies - Glowing Greens - 2.50, Regular Frappes - Strawberries & Cream - 2.75, Regular Smoothies - Glowing Greens - 2.00, Regular Smoothies - Glowing Greens - 2.00, Large Smoothies - Glowing Greens - 2.50",11.75,CASH,
04/07/2024 16:46,Longridge,Crystal Benefield,Large Mocha - 2.70,2.7,CARD,6950686889021150
04/07/2024 16:48,Longridge,Heather Dannenberg,"Regular Mocha - 2.30, Regular Mocha - 2.30",4.6,CARD,8619031522986380
04/07/2024 16:50,Longridge,Kenneth Shelton,Regular Frappes - Strawberries & Cream - 2.75,2.75,CARD,4232936776049584
04/07/2024 16:52,Longridge,Debra Mcdonald,"Regular Frappes - Strawberries & Cream - 2.75, Regular Smoothies - Glowing Greens - 2.00, Regular Smoothies - Glowing Greens - 2.00",6.75,CASH,
04/07/2024 16:54,Longridge,John Haun,"Large Smoothies - Glowing Greens - 2.50, Large Smoothies - Glowing Greens - 2.50, Regular Speciality Tea - Earl Grey - 1.30, Regular Frappes - Strawberries & Cream - 2.75",9.05,CARD,6458283844292138
04/07/2024 16:56,Longridge,Michael Opland,"Regular Speciality Tea - Earl Grey - 1.30, Large Glass of milk - 1.10, Large Speciality Tea - Earl Grey - 1.60, Regular Frappes - Strawberries & Cream - 2.75",6.75,CARD,1963948327492096
04/07/2024 16:58,Longridge,Wayne Raborn,"Regular Mocha - 2.30, Regular Glass of milk - 0.70",3.0,CARD,4602969298930056
