04/07/2024 09:00,Uppingham,Michael Sullivan,"Regular Smoothies - Berry Beautiful - 2.00, Large Speciality Tea - Green - 1.60, Large Flavoured hot chocolate - Vanilla - 2.90",6.5,CARD,7598554950235805
04/07/2024 09:01,Uppingham,Elaine Bunch,"Large Flavoured hot chocolate - Vanilla - 2.90, Regular Flavoured hot chocolate - Vanilla - 2.60, Regular Cortado - 2.05, Large Red Label tea - 1.80",9.35,CASH,
04/07/2024 09:02,Uppingham,Doris Miller,Large Flavoured latte - Caramel - 2.85,2.85,CARD,2003647586810017
04/07/2024 09:03,Uppingham,John Wells,Regular Flavoured latte - Caramel - 2.55,2.55,CARD,9540058249005161
04/07/2024 09:04,Uppingham,Marion Krebs,"Large Cortado - 2.35, Large Flavoured hot chocolate - Vanilla - 2.90, Regular Flavoured latte - Caramel - 2.55, Large Speciality Tea - Green - 1.60",9.4,CASH,
04/07/2024 09:05,Uppingham,John Lynch,"Large Mocha - 2.70, Large Flavoured hot chocolate - Vanilla - 2.90, Regular Flavoured latte - Caramel - 2.55, Regular Red Label tea - 1.20",9.35,CARD,4909053896915861
04/07/2024 09:06,Uppingham,George Jones,"Large Flavoured latte - Caramel - 2.85, Regular Smoothies - Berry Beautiful - 2.00",4.85,CARD,4375225642036495
04/07/2024 09:07,Uppingham,Paul Garcia,"Large Flavoured latte - Hazelnut - 2.85, Regular Flavoured latte - Hazelnut - 2.55, Large Red Label tea - 1.80, Large Speciality Tea - Green - 1.60",8.8,CASH,
04/07/2024 09:08,Uppingham,Dewitt Smith,"Regular Red Label tea - 1.20, Large Speciality Tea - Peppermint - 1.60, Regular Smoothies - Berry Beautiful - 2.00",4.8,CASH,
04/07/2024 09:09,Uppingham,Lawrence Betters,"Large Mocha - 2.70, Regular Flavoured latte - Caramel - 2.55, Regular Mocha - 2.30",7.55,CASH,
04/07/2024 09:10,Uppingham,Sharon Wahlberg,"Regular Hot chocolate - 2.20, Regular Cortado - 2.05, Regular Red Label tea - 1.20, Regular Cortado - 2.05, Regular Flavoured latte - Hazelnut - 2.55",10.05,CARD,6847844558431729
04/07/2024 09:11,Uppingham,James Harris,Large Speciality Tea - Peppermint - 1.60,1.6,CARD,5857350499216767
04/07/2024 09:12,Uppingham,Wiley Judkins,Regular Flavoured hot chocolate - Vanilla - 2.60,2.6,CARD,7413932047359624
04/07/2024 09:13,Uppingham,Scott Bowler,"Regular Smoothies - Berry Beautiful - 2.00, Large Flavoured latte - Hazelnut - 2.85, Regular Flavoured hot chocolate - Vanilla - 2.60",7.45,CARD,2377078391230859
04/07/2024 09:14,Uppingham,Joan Berry,"Regular Speciality Tea - Green - 1.30, Regular Hot chocolate - 2.20",3.5,CARD,6260733393168664
04/07/2024 09:15,Uppingham,Richard Schmidt,"Large Flavoured latte - Caramel - 2.85, Large Speciality Tea - Peppermint - 1.60, Regular Flavoured latte - Hazelnut - 2.55, Regular Flavoured latte - Caramel - 2.55, Regular Hot chocolate - 2.20",11.75,CASH,
04/07/2024 09:16,Uppingham,Gerald Epp,"Regular Red Label tea - 1.20, Regular Speciality Tea - Green - 1.30",2.5,CARD,4298910664441072
04/07/2024 09:17,Uppingham,Samantha Tomasek,"Regular Cortado - 2.05, Large Flavoured latte - Caramel - 2.85, Regular Red Label tea - 1.20",6.1,CASH,
04/07/2024 09:18,Uppingham,Carol Ornellas,Regular Smoothies - Berry Beautiful - 2.00,2.0,CARD,3422668667592584
04/07/2024 09:19,Uppingham,Oliver Carey,"Large Speciality Tea - Peppermint - 1.60, Large Cortado - 2.35, Large Hot chocolate - 2.90",6.85,CARD,7635349790640111
04/07/2024 09:20,Uppingham,Angela Wilkinson,"Regular Cortado - 2.05, Large Speciality Tea - Peppermint - 1.60, Large Speciality Tea - Peppermint - 1.60",5.25,CARD,5458607009015980
04/07/2024 09:21,Uppingham,Al Simmons,Regular Hot chocolate - 2.20,2.2,CASH,
04/07/2024 09:22,Uppingham,Ann Cuddy,"Regular Flavoured hot chocolate - Vanilla - 2.60, Large Flavoured latte - Caramel - 2.85, Regular Smoothies - Berry Beautiful - 2.00, Large Red Label tea - 1.80",9.25,CARD,3754968302495301
04/07/2024 09:23,Uppingham,Faye Sims,"Large Flavoured latte - Hazelnut - 2.85, Large Flavoured latte - Hazelnut - 2.85, Large Mocha - 2.70, Regular Cortado - 2.05",10.45,CARD,2461398317759765
04/07/2024 09:24,Uppingham,Beverly Daniels,Regular Flavoured hot chocolate - Vanilla - 2.60,2.6,CARD,3391857642266004
04/07/2024 09:25,Uppingham,Kayla Lau,"Large Smoothies - Berry Beautiful - 2.50, Large Mocha - 2.70",5.2,CARD,8343962005513981
04/07/2024 09:26,Uppingham,James Blackman,"Regular Flavoured latte - Hazelnut - 2.55, Regular Smoothies - Berry Beautiful - 2.00",4.55,CASH,
04/07/2024 09:27,Uppingham,Janice Pittenger,"Regular Red Label tea - 1.20, Large Flavoured latte - Hazelnut - 2.85, Large Red Label tea - 1.80",5.85,CARD,8720674363803847
04/07/2024 09:28,Uppingham,Joseph Githens,"Regular Flavoured latte - Hazelnut - 2.55, Large Smoothies - Berry Beautiful - 2.50",5.05,CASH,
04/07/2024 09:29,Uppingham,Marion Cottone,"Regular Speciality Tea - Peppermint - 1.30, Regular Cortado - 2.05",3.35,CARD,9929624200171788
04/07/2024 09:30,Uppingham,Louis Earing,"Large Speciality Tea - Green - 1.60, Regular Hot chocolate - 2.20, Large Flavoured latte - Hazelnut - 2.85",6.65,CASH,
04/07/2024 09:31,Uppingham,Connie Boone,"Regular Red Label tea - 1.20, Large Cortado - 2.35, Large Smoothies - Berry Beautiful - 2.50",6.05,CARD,4628494916566229
04/07/2024 09:32,Uppingham,Emily Mcewen,"Regular Hot chocolate - 2.20, Large Red Label tea - 1.80, Large Red Label tea - 1.80",5.8,CASH,
04/07/2024 09:33,Uppingham,Johnny Major,"Regular Speciality Tea - Peppermint - 1.30, Large Flavoured latte - Hazelnut - 2.85",4.15,CARD,9883407390495540
04/07/2024 09:34,Uppingham,Odell Kramer,"Large Speciality Tea - Green - 1.60, Regular Speciality Tea - Green - 1.30, Large Speciality Tea - Peppermint - 1.60, Large Flavoured latte - Caramel - 2.85",7.35,CASH,
04/07/2024 09:35,Uppingham,Laura Skolnick,Regular Red Label tea - 1.20,1.2,CASH,
04/07/2024 09:36,Uppingham,Susan Reasner,"Large Cortado - 2.35, Regular Mocha - 2.30, Regular Hot chocolate - 2.20",6.85,CARD,6989275304956463
04/07/2024 09:37,Uppingham,Donald Ingram,"Regular Flavoured latte - Caramel - 2.55, Regular Cortado - 2.05, Regular Cortado - 2.05, Large Hot chocolate - 2.90",9.55,CARD,6924568968717937
04/07/2024 09:38,Uppingham,Daniel Hall,"Large Speciality Tea - Peppermint - 1.60, Regular Cortado - 2.05, Large Speciality Tea - Peppermint - 1.60, Regular Flavoured latte - Caramel - 2.55",7.8,CARD,2303515984901575
04/07/2024 09:39,Uppingham,Michael Davis,"Regular Hot chocolate - 2.20, Large Flavoured hot chocolate - Vanilla - 2.90, Regular Mocha - 2.30, Large Flavoured hot chocolate - Vanilla - 2.90, Large Mocha - 2.70",13.0,CARD,2963524276672765
04/07/2024 09:40,Uppingham,Sharon Voelkel,Regular Red Label tea - 1.20,1.2,CARD,1848230208211122
04/07/2024 09:41,Uppingham,Beverly Lizotte,"Regular Speciality Tea - Peppermint - 1.30, Regular Cortado - 2.05",3.35,CARD,5898070914044317
04/07/2024 09:42,Uppingham,Steven Sturgill,"Large Cortado - 2.35, Large Speciality Tea - Green - 1.60, Large Flavoured hot chocolate - Vanilla - 2.90, Large Hot chocolate - 2.90",9.75,CARD,9628944103425732
04/07/2024 09:43,Uppingham,Matthew Thomas,"Regular Mocha - 2.30, Regular Speciality Tea - Green - 1.30, Regular Speciality Tea - Peppermint - 1.30",4.9,CARD,8276482204852949
04/07/2024 09:44,Uppingham,Kim Washington,"Regular Red Label tea - 1.20, Large Hot chocolate - 2.90, Large Cortado - 2.35, Regular Cortado - 2.05",8.5,CASH,
04/07/2024 09:45,Uppingham,Lois Shumate,Regular Speciality Tea - Peppermint - 1.30,1.3,CARD,3297421865968771
04/07/2024 09:46,Uppingham,Erin Lewis,"Large Red Label tea - 1.80, Large Smoothies - Berry Beautiful - 2.50, Large Flavoured latte - Caramel - 2.85, Regular Flavoured latte - Caramel - 2.55",9.7,CASH,
04/07/2024 09:47,Uppingham,Joel Staggs,Regular Red Label tea - 1.20,1.2,CARD,6430217476402489
04/07/2024 09:48,Uppingham,Patrick Carroll,"Regular Red Label tea - 1.20, Large Speciality Tea - Green - 1.60, Regular Flavoured latte - Hazelnut - 2.55",5.35,CASH,
04/07/2024 09:49,Uppingham,Stacey Davison,Large Red Label tea - 1.80,1.8,CARD,7685407308215138
04/07/2024 09:50,Uppingham,Sophia Harrison,"Regular Flavoured latte - Hazelnut - 2.55, Large Red Label tea - 1.80, Large Mocha - 2.70, Regular Flavoured latte - Caramel - 2.55",9.6,CARD,6167927958880654
04/07/2024 09:51,Uppingham,Evelyn Montague,"Regular Mocha - 2.30, Regular Mocha - 2.30",4.6,CARD,5048871150833957
04/07/2024 09:52,Uppingham,Michael Parrott,"Large Speciality Tea - Green - 1.60, Regular Cortado - 2.05, Regular Flavoured hot chocolate - Vanilla - 2.60, Large Speciality Tea - Peppermint - 1.60, Large Mocha - 2.70, Regular Flavoured latte - Caramel - 2.55",13.1,CARD,9538101397905833
04/07/2024 09:53,Uppingham,Ingrid Kivett,"Large Flavoured hot chocolate - Vanilla - 2.90, Regular Flavoured latte - Caramel - 2.55, Large Red Label tea - 1.80, Regular Red Label tea - 1.20",8.45,CARD,4173569330123945
04/07/2024 09:54,Uppingham,Graciela Ziolkowski,"Regular Cortado - 2.05, Regular Hot chocolate - 2.20, Large Smoothies - Berry Beautiful - 2.50, Regular Cortado - 2.05",8.8,CASH,
04/07/2024 09:55,Uppingham,Cynthia Valle,"Large Speciality Tea - Peppermint - 1.60, Regular Mocha - 2.30",3.9,CARD,3524202339192983
04/07/2024 09:56,Uppingham,Samantha Hoffer,"Large Red Label tea - 1.80, Regular Cortado - 2.05",3.85,CARD,1435239669509518
04/07/2024 09:57,Uppingham,Marjorie Johnson,"Large Flavoured hot chocolate - Vanilla - 2.90, Large Flavoured hot chocolate - Vanilla - 2.90, Regular Cortado - 2.05, Large Flavoured latte - Caramel - 2.85, Large Red Label tea - 1.80, Regular Flavoured latte - Hazelnut - 2.55",15.05,CASH,
04/07/2024 09:58,Uppingham,Emilio Rios,Regular Red Label tea - 1.20,1.2,CARD,7152753920597363
04/07/2024 09:59,Uppingham,Edith Hutcherson,"Regular Flavoured latte - Caramel - 2.55, Large Speciality Tea - Green - 1.60, Regular Speciality Tea - Peppermint - 1.30, Regular Flavoured latte - Hazelnut - 2.55, Regular Mocha - 2.30, Large Flavoured latte - Hazelnut - 2.85",13.15,CARD,4427820860884770
04/07/2024 10:01,Uppingham,Mary Ceballos,Regular Red Label tea - 1.20,1.2,CARD,3788093332407864
04/07/2024 10:02,Uppingham,Andrew Philipp,"Regular Hot chocolate - 2.20, Large Speciality Tea - Green - 1.60, Regular Speciality Tea - Green - 1.30",5.1,CARD,6133968848752413
04/07/2024 10:03,Uppingham,Lawrence Fabert,"Regular Flavoured latte - Hazelnut - 2.55, Large Speciality Tea - Green - 1.60, Regular Speciality Tea - Peppermint - 1.30, Regular Flavoured hot chocolate - Vanilla - 2.60, Regular Flavoured latte - Caramel - 2.55",10.6,CASH,
04/07/2024 10:04,Uppingham,Jamie Johnson,"Regular Speciality Tea - Peppermint - 1.30, Large Speciality Tea - Peppermint - 1.60",2.9,CARD,1915257857135962
04/07/2024 10:06,Uppingham,Susan Butler,Regular Flavoured latte - Caramel - 2.55,2.55,CASH,
04/07/2024 10:07,Uppingham,Kevin Orr,Large Mocha - 2.70,2.7,CARD,9930907442205053
04/07/2024 10:08,Uppingham,Larry Collins,"Large Speciality Tea - Green - 1.60, Regular Mocha - 2.30, Regular Mocha - 2.30, Regular Cortado - 2.05",8.25,CARD,6224982774784632
04/07/2024 10:09,Uppingham,Michelle Anderson,Regular Smoothies - Berry Beautiful - 2.00,2.0,CARD,9442113307995217
04/07/2024 10:11,Uppingham,Bradford Legg,"Regular Mocha - 2.30, Regular Red Label tea - 1.20",3.5,CASH,
04/07/2024 10:12,Uppingham,Velma Wilson,Regular Speciality Tea - Green - 1.30,1.3,CARD,8171112946013371
04/07/2024 10:13,Uppingham,Darrel Marcus,"Large Cortado - 2.35, Regular Speciality Tea - Peppermint - 1.30",3.65,CASH,
04/07/2024 10:14,Uppingham,Austin Gordon,Regular Flavoured hot chocolate - Vanilla - 2.60,2.6,CARD,1528342138099335
04/07/2024 10:16,Uppingham,Alisha Saechao,"Regular Smoothies - Berry Beautiful - 2.00, Large Red Label tea - 1.80, Regular Flavoured latte - Hazelnut - 2.55, Regular Hot chocolate - 2.20, Regular Flavoured hot chocolate - Vanilla - 2.60, Large Cortado - 2.35",13.5,CARD,2475729086762588
04/07/2024 10:17,Uppingham,Ali Erwin,"Large Mocha - 2.70, Regular Flavoured latte - Caramel - 2.55",5.25,CARD,8148962474123299
04/07/2024 10:18,Uppingham,Dominic Brown,"Regular Mocha - 2.30, Regular Speciality Tea - Green - 1.30",3.6,CARD,1876730119658741
04/07/2024 10:19,Uppingham,Robyn Winston,Regular Mocha - 2.30,2.3,CARD,3139396272578274
04/07/2024 10:21,Uppingham,Anthony Macdonald,"Regular Cortado - 2.05, Large Red Label tea - 1.80, Large Smoothies - Berry Beautiful - 2.50, Regular Mocha - 2.30, Regular Speciality Tea - Green - 1.30, Large Flavoured hot chocolate - Vanilla - 2.90",12.85,CASH,
04/07/2024 10:22,Uppingham,Marylou Jackson,Large Flavoured latte - Hazelnut - 2.85,2.85,CARD,4045064247200413
04/07/2024 10:23,Uppingham,Jane Whitney,"Large Hot chocolate - 2.90, Regular Hot chocolate - 2.20, Large Hot chocolate - 2.90, Regular Speciality Tea - Green - 1.30, Large Flavoured latte - Hazelnut - 2.85",12.15,CASH,
04/07/2024 10:24,Uppingham,Robin Ransom,Large Flavoured hot chocolate - Vanilla - 2.90,2.9,CASH,
04/07/2024 10:26,Uppingham,Vivien Yeomans,Large Cortado - 2.35,2.35,CASH,
04/07/2024 10:27,Uppingham,Ricky Wright,"Regular Flavoured latte - Caramel - 2.55, Large Speciality Tea - Peppermint - 1.60, Large Speciality Tea - Peppermint - 1.60, Large Flavoured hot chocolate - Vanilla - 2.90",8.65,CARD,2226622825459467
04/07/2024 10:28,Uppingham,Denis Haight,"Large Mocha - 2.70, Regular Speciality Tea - Green - 1.30",4.0,CASH,
04/07/2024 10:29,Uppingham,Esther Crooks,Large Smoothies - Berry Beautiful - 2.50,2.5,CASH,
04/07/2024 10:31,Uppingham,Kevin Hopkins,"Large Flavoured hot chocolate - Vanilla - 2.90, Regular Flavoured latte - Hazelnut - 2.55, Large Hot chocolate - 2.90, Large Hot chocolate - 2.90",11.25,CASH,
04/07/2024 10:32,Uppingham,Wyatt Powers,Regular Red Label tea - 1.20,1.2,CASH,
04/07/2024 10:33,Uppingham,Benjamin Stutzman,"Regular Red Label tea - 1.20, Large Mocha - 2.70, Large Flavoured latte - Hazelnut - 2.85",6.75,CARD,5271698684624543
04/07/2024 10:34,Uppingham,Lottie Francois,"Large Flavoured latte - Hazelnut - 2.85, Regular Smoothies - Berry Beautiful - 2.00, Regular Flavoured hot chocolate - Vanilla - 2.60",7.45,CARD,5785434483925558
04/07/2024 10:36,Uppingham,Terry Harris,"Large Flavoured hot chocolate - Vanilla - 2.90, Large Flavoured latte - Hazelnut - 2.85, Regular Flavoured hot chocolate - Vanilla - 2.60, Large Red Label tea - 1.80, Regular Speciality Tea - Peppermint - 1.30, Large Hot chocolate - 2.90",14.35,CARD,3559122229606432
04/07/2024 10:37,Uppingham,John Cooper,"Large Red Label tea - 1.80, Regular Flavoured hot chocolate - Vanilla - 2.60, Large Flavoured latte - Caramel - 2.85, Large Hot chocolate - 2.90",10.15,CARD,9802718858350947
04/07/2024 10:38,Uppingham,Louis Ayala,"Large Speciality Tea - Green - 1.60, Regular Flavoured latte - Hazelnut - 2.55, Regular Speciality Tea - Peppermint - 1.30, Large Speciality Tea - Green - 1.60",7.05,CASH,
04/07/2024 10:39,Uppingham,Connie Johnson,"Regular Mocha - 2.30, Large Flavoured hot chocolate - Vanilla - 2.90, Large Mocha - 2.70, Regular Flavoured latte - Hazelnut - 2.55",10.45,CARD,4085672039948031
04/07/2024 10:41,Uppingham,Mary Christensen,Regular Red Label tea - 1.20,1.2,CARD,8308908103455419
04/07/2024 10:42,Uppingham,Richard Owens,Large Flavoured hot chocolate - Vanilla - 2.90,2.9,CASH,
04/07/2024 10:43,Uppingham,Glenda Williams,"Large Mocha - 2.70, Large Speciality Tea - Green - 1.60",4.3,CARD,9734082299240827
04/07/2024 10:44,Uppingham,Christopher Hoyman,"Regular Mocha - 2.30, Large Mocha - 2.70",5.0,CASH,
04/07/2024 10:46,Uppingham,George Dennis,Large Flavoured hot chocolate - Vanilla - 2.90,2.9,CARD,6279906987511965
04/07/2024 10:47,Uppingham,Michael Schoenfeld,"Regular Cortado - 2.05, Large Speciality Tea - Peppermint - 1.60",3.65,CARD,5924119777730030
04/07/2024 10:48,Uppingham,Estefana Bartlett,"Large Hot chocolate - 2.90, Regular Cortado - 2.05, Large Cortado - 2.35, Large Hot chocolate - 2.90",10.2,CARD,9337821049205192
04/07/2024 10:49,Uppingham,Michael Bigelow,"Regular Smoothies - Berry Beautiful - 2.00, Regular Speciality Tea - Green - 1.30, Regular Flavoured latte - Caramel - 2.55",5.85,CASH,
04/07/2024 10:51,Uppingham,George Gero,"Large Flavoured latte - Hazelnut - 2.85, Regular Flavoured hot chocolate - Vanilla - 2.60, Regular Mocha - 2.30",7.75,CARD,7631781191880560
04/07/2024 10:52,Uppingham,Esteban Marchese,"Large Speciality Tea - Peppermint - 1.60, Regular Flavoured latte - Hazelnut - 2.55, Large Hot chocolate - 2.90, Regular Red Label tea - 1.20",8.25,CARD,2174768390489663
04/07/2024 10:53,Uppingham,Maricela Godoy,"Regular Hot chocolate - 2.20, Regular Flavoured hot chocolate - Vanilla - 2.60, Regular Mocha - 2.30, Regular Flavoured latte - Hazelnut - 2.55",9.65,CARD,1124165712158640
04/07/2024 10:54,Uppingham,Wendy Glaser,Large Flavoured latte - Caramel - 2.85,2.85,CARD,5354958234660421
04/07/2024 10:56,Uppingham,Ivana Small,"Regular Flavoured latte - Caramel - 2.55, Regular Mocha - 2.30",4.85,CARD,9946563551454888
04/07/2024 10:57,Uppingham,Briana Hawkins,"Regular Mocha - 2.30, Regular Smoothies - Berry Beautiful - 2.00, Regular Hot chocolate - 2.20, Large Smoothies - Berry Beautiful - 2.50, Regular Cortado - 2.05",11.05,CARD,3418506526138597
04/07/2024 10:58,Uppingham,Deborah Coleman,"Large Flavoured latte - Caramel - 2.85, Large Cortado - 2.35, Large Hot chocolate - 2.90",8.1,CARD,5332909672529001
04/07/2024 10:59,Uppingham,Edith Colantuono,"Large Red Label tea - 1.80, Regular Speciality Tea - Green - 1.30",3.1,CARD,4101669649923808
04/07/2024 11:01,Uppingham,Robert Werley,"Large Flavoured latte - Hazelnut - 2.85, Large Flavoured latte - Caramel - 2.85, Regular Hot chocolate - 2.20, Regular Mocha - 2.30",10.2,CARD,8816762419196875
04/07/2024 11:03,Uppingham,Philip Genovese,"Regular Flavoured hot chocolate - Vanilla - 2.60, Regular Speciality Tea - Peppermint - 1.30",3.9,CARD,2787978851967455
04/07/2024 11:05,Uppingham,Judy Macias,Large Cortado - 2.35,2.35,CARD,4847323712478162
04/07/2024 11:07,Uppingham,Grant Castillo,Regular Speciality Tea - Green - 1.30,1.3,CARD,9964084952851529
04/07/2024 11:09,Uppingham,Richard Rodgers,"Large Flavoured latte - Hazelnut - 2.85, Large Mocha - 2.70",5.55,CASH,
04/07/2024 11:11,Uppingham,Christina Danahy,Large Flavoured latte - Hazelnut - 2.85,2.85,CARD,5106720386833565
04/07/2024 11:13,Uppingham,Maria Hauptman,"Large Cortado - 2.35, Large Cortado - 2.35, Regular Cortado - 2.05, Large Mocha - 2.70, Regular Cortado - 2.05",11.5,CARD,2040285610510910
04/07/2024 11:15,Uppingham,Catherine Duncan,"Large Speciality Tea - Peppermint - 1.60, Large Speciality Tea - Green - 1.60",3.2,CARD,1608579056661434
04/07/2024 11:17,Uppingham,Marcia Emch,"Large Flavoured latte - Caramel - 2.85, Regular Speciality Tea - Peppermint - 1.30, Large Smoothies - Berry Beautiful - 2.50",6.65,CARD,1583666517034798
04/07/2024 11:19,Uppingham,Millard Morris,"Regular Flavoured hot chocolate - Vanilla - 2.60, Regular Speciality Tea - Peppermint - 1.30",3.9,CARD,8795519730609480
04/07/2024 11:21,Uppingham,Lynda Quiroz,Large Hot chocolate - 2.90,2.9,CARD,1731173934269327
04/07/2024 11:23,Uppingham,Angelena Watson,"Large Hot chocolate - 2.90, Regular Flavoured latte - Caramel - 2.55",5.45,CASH,
04/07/2024 11:25,Uppingham,Lisa Hanson,Regular Flavoured latte - Caramel - 2.55,2.55,CARD,4805463026115688
04/07/2024 11:27,Uppingham,Jerry Breeden,"Large Speciality Tea - Green - 1.60, Large Speciality Tea - Peppermint - 1.60, Large Flavoured latte - Hazelnut - 2.85",6.05,CARD,5743546645434589
04/07/2024 11:29,Uppingham,John Russell,Regular Speciality Tea - Green - 1.30,1.3,CARD,5156867143488154
04/07/2024 11:31,Uppingham,Ralph Gilmore,"Regular Cortado - 2.05, Large Flavoured latte - Caramel - 2.85, Regular Speciality Tea - Green - 1.30",6.2,CARD,9320805588918049
04/07/2024 11:33,Uppingham,Terri Ramirez,Large Flavoured latte - Hazelnut - 2.85,2.85,CASH,
04/07/2024 11:35,Uppingham,Raymond Dessecker,"Large Speciality Tea - Peppermint - 1.60, Regular Red Label tea - 1.20",2.8,CARD,7752597370083262
04/07/2024 11:37,Uppingham,Leonard Walker,Regular Speciality Tea - Green - 1.30,1.3,CARD,4081678354839928
04/07/2024 11:39,Uppingham,Judy Walton,"Large Speciality Tea - Peppermint - 1.60, Large Hot chocolate - 2.90",4.5,CARD,6110338432624377
04/07/2024 11:41,Uppingham,Maurice Juergens,"Large Speciality Tea - Peppermint - 1.60, Large Smoothies - Berry Beautiful - 2.50, Regular Red Label tea - 1.20, Regular Flavoured latte - Hazelnut - 2.55, Large Flavoured latte - Hazelnut - 2.85",10.7,CASH,
04/07/2024 11:43,Uppingham,Eva Costello,"Regular Cortado - 2.05, Regular Cortado - 2.05, Large Flavoured latte - Hazelnut - 2.85, Large Hot chocolate - 2.90, Regular Speciality Tea - Peppermint - 1.30, Regular Flavoured latte - Caramel - 2.55",13.7,CASH,
04/07/2024 11:45,Uppingham,Doris Sale,"Large Mocha - 2.70, Regular Flavoured latte - Caramel - 2.55, Large Speciality Tea - Green - 1.60, Regular Flavoured latte - Hazelnut - 2.55",9.4,CARD,6927670070557047
04/07/2024 11:47,Uppingham,Clare York,Regular Flavoured latte - Hazelnut - 2.55,2.55,CASH,
04/07/2024 11:49,Uppingham,James Reid,Large Smoothies - Berry Beautiful - 2.50,2.5,CASH,
04/07/2024 11:51,Uppingham,Mattie Brown,"Regular Flavoured latte - Caramel - 2.55, Large Speciality Tea - Peppermint - 1.60, Regular Flavoured latte - Caramel - 2.55, Large Flavoured hot chocolate - Vanilla - 2.90, Regular Flavoured latte - Hazelnut - 2.55, Regular Mocha - 2.30",14.45,CARD,4799581904091216
04/07/2024 11:53,Uppingham,Walter Strapp,"Regular Flavoured latte - Caramel - 2.55, Regular Hot chocolate - 2.20",4.75,CARD,8361608374855486
04/07/2024 11:55,Uppingham,Jamie Wiggs,Large Cortado - 2.35,2.35,CARD,7824241410405050
04/07/2024 11:57,Uppingham,Stephanie Pitts,"Large Mocha - 2.70, Regular Flavoured hot chocolate - Vanilla - 2.60, Regular Speciality Tea - Peppermint - 1.30, Regular Red Label tea - 1.20",7.8,CARD,9454443501777807
04/07/2024 11:59,Uppingham,Christopher Sneed,"Regular Red Label tea - 1.20, Regular Speciality Tea - Peppermint - 1.30, Regular Speciality Tea - Green - 1.30, Large Cortado - 2.35, Regular Mocha - 2.30",8.45,CARD,6433984188363658
04/07/2024 12:01,Uppingham,Tommy Mcnabb,"Regular Mocha - 2.30, Regular Flavoured latte - Caramel - 2.55, Large Smoothies - Berry Beautiful - 2.50, Regular Flavoured latte - Caramel - 2.55",9.9,CARD,8797737658296824
04/07/2024 12:04,Uppingham,Roxanna Auton,"Regular Smoothies - Berry Beautiful - 2.00, Large Smoothies - Berry Beautiful - 2.50, Regular Speciality Tea - Peppermint - 1.30, Large Flavoured latte - Caramel - 2.85",8.65,CARD,3294304271285081
04/07/2024 12:07,Uppingham,Valentine Jackson,"Regular Hot chocolate - 2.20, Large Cortado - 2.35, Large Speciality Tea - Green - 1.60",6.15,CARD,5192307350627859
04/07/2024 12:10,Uppingham,Brian Garkow,"Large Mocha - 2.70, Regular Mocha - 2.30",5.0,CARD,2945421245438956
04/07/2024 12:13,Uppingham,Kathleen Mattews,Large Flavoured hot chocolate - Vanilla - 2.90,2.9,CARD,1844133680829776
04/07/2024 12:16,Uppingham,Brenda Lattimore,"Regular Flavoured hot chocolate - Vanilla - 2.60, Regular Speciality Tea - Green - 1.30, Regular Hot chocolate - 2.20",6.1,CASH,
04/07/2024 12:19,Uppingham,Elenora Noland,"Large Speciality Tea - Green - 1.60, Large Hot chocolate - 2.90",4.5,CARD,5423765993034995
04/07/2024 12:23,Uppingham,Kevin Johnson,"Large Hot chocolate - 2.90, Large Flavoured latte - Caramel - 2.85, Large Smoothies - Berry Beautiful - 2.50, Regular Flavoured hot chocolate - Vanilla - 2.60, Large Speciality Tea - Peppermint - 1.60",12.45,CARD,6288755913689718
04/07/2024 12:26,Uppingham,Joni Brunswick,"Regular Cortado - 2.05, Regular Smoothies - Berry Beautiful - 2.00, Large Flavoured latte - Hazelnut - 2.85, Large Cortado - 2.35",9.25,CASH,
04/07/2024 12:29,Uppingham,Soledad Theisen,"Regular Hot chocolate - 2.20, Regular Speciality Tea - Green - 1.30, Regular Flavoured hot chocolate - Vanilla - 2.60, Regular Flavoured latte - Caramel - 2.55",8.65,CARD,3648736376068599
04/07/2024 12:32,Uppingham,Grant Unch,"Regular Flavoured latte - Hazelnut - 2.55, Regular Hot chocolate - 2.20, Regular Cortado - 2.05",6.8,CARD,3230344842327702
04/07/2024 12:35,Uppingham,Brian Jones,"Regular Hot chocolate - 2.20, Regular Mocha - 2.30, Large Red Label tea - 1.80",6.3,CARD,3859078474285224
04/07/2024 12:38,Uppingham,Aida Brown,"Large Flavoured latte - Caramel - 2.85, Large Mocha - 2.70",5.55,CASH,
04/07/2024 12:41,Uppingham,Walter Mogan,Regular Flavoured hot chocolate - Vanilla - 2.60,2.6,CARD,4871945234039850
04/07/2024 12:45,Uppingham,Joseph Baron,"Large Mocha - 2.70, Large Smoothies - Berry Beautiful - 2.50",5.2,CASH,
04/07/2024 12:48,Uppingham,Rebecca Yasso,"Large Red Label tea - 1.80, Large Hot chocolate - 2.90, Regular Flavoured latte - Hazelnut - 2.55",7.25,CARD,4379960262664203
04/07/2024 12:51,Uppingham,Jean Johnson,"Regular Mocha - 2.30, Regular Hot chocolate - 2.20",4.5,CASH,
04/07/2024 12:54,Uppingham,Michael Jeffery,"Regular Mocha - 2.30, Regular Mocha - 2.30, Regular Mocha - 2.30, Regular Flavoured latte - Caramel - 2.55",9.45,CARD,2792298180126494
04/07/2024 12:57,Uppingham,Christine Bennett,Regular Cortado - 2.05,2.05,CARD,4684668690471481
04/07/2024 13:00,Uppingham,Marlene Vasmadjides,"Regular Flavoured latte - Caramel - 2.55, Regular Flavoured latte - Caramel - 2.55, Regular Red Label tea - 1.20, Regular Flavoured latte - Hazelnut - 2.55",8.85,CASH,
04/07/2024 13:02,Uppingham,Donna Dotson,"Regular Flavoured hot chocolate - Vanilla - 2.60, Large Smoothies - Berry Beautiful - 2.50",5.1,CARD,3694335551332658
04/07/2024 13:04,Uppingham,Sharon Bartlett,"Large Speciality Tea - Green - 1.60, Regular Flavoured latte - Hazelnut - 2.55",4.15,CASH,
04/07/2024 13:06,Uppingham,Viola Funk,Regular Speciality Tea - Green - 1.30,1.3,CASH,
04/07/2024 13:08,Uppingham,Walter Lerma,Large Red Label tea - 1.80,1.8,CASH,
04/07/2024 13:10,Uppingham,Jessica Diaz,"Large Speciality Tea - Green - 1.60, Regular Flavoured latte - Hazelnut - 2.55",4.15,CARD,1786913297137198
04/07/2024 13:12,Uppingham,Ian Hudson,"Regular Flavoured latte - Caramel - 2.55, Regular Flavoured latte - Caramel - 2.55, Large Cortado - 2.35",7.45,CARD,7843468659766658
04/07/2024 13:13,Uppingham,Donna Macchia,Large Speciality Tea - Peppermint - 1.60,1.6,CASH,
04/07/2024 13:15,Uppingham,John Swirsky,"Large Red Label tea - 1.80, Regular Flavoured hot chocolate - Vanilla - 2.60, Large Flavoured hot chocolate - Vanilla - 2.90, Regular Speciality Tea - Green - 1.30, Large Smoothies - Berry Beautiful - 2.50",11.1,CARD,1362829740547362
04/07/2024 13:17,Uppingham,Jennifer Brown,Large Hot chocolate - 2.90,2.9,CASH,
04/07/2024 13:19,Uppingham,Richard Reed,"Large Flavoured hot chocolate - Vanilla - 2.90, Large Red Label tea - 1.80",4.7,CASH,
04/07/2024 13:21,Uppingham,Jane Bailey,"Regular Cortado - 2.05, Large Flavoured latte - Caramel - 2.85, Regular Mocha - 2.30, Large Hot chocolate - 2.90",10.1,CARD,8675035792238684
04/07/2024 13:23,Uppingham,Cordia Venegas,"Large Speciality Tea - Green - 1.60, Large Hot chocolate - 2.90, Large Red Label tea - 1.80, Regular Mocha - 2.30, Large Speciality Tea - Green - 1.60, Regular Speciality Tea - Green - 1.30",11.5,CARD,4508553190944578
04/07/2024 13:25,Uppingham,Patricia Mckinney,"Large Hot chocolate - 2.90, Regular Mocha - 2.30",5.2,CARD,4000033997032780
04/07/2024 13:26,Uppingham,Carolyn Harris,"Regular Flavoured latte - Hazelnut - 2.55, Large Flavoured latte - Hazelnut - 2.85, Large Flavoured latte - Caramel - 2.85, Regular Flavoured latte - Caramel - 2.55, Large Hot chocolate - 2.90",13.7,CARD,2905482195216902
04/07/2024 13:28,Uppingham,Kathy Brock,"Large Cortado - 2.35, Regular Speciality Tea - Green - 1.30, Large Speciality Tea - Green - 1.60",5.25,CARD,9324995074937791
04/07/2024 13:30,Uppingham,Mary Harrill,"Regular Flavoured latte - Caramel - 2.55, Large Flavoured latte - Caramel - 2.85, Regular Cortado - 2.05, Large Mocha - 2.70, Large Speciality Tea - Green - 1.60",11.75,CARD,1599188925745487
04/07/2024 13:32,Uppingham,Marie Letarte,"Large Flavoured hot chocolate - Vanilla - 2.90, Large Cortado - 2.35, Regular Mocha - 2.30",7.55,CARD,5522269944683782
04/07/2024 13:34,Uppingham,Brittany Franklin,"Regular Red Label tea - 1.20, Large Cortado - 2.35, Regular Mocha - 2.30",5.85,CASH,
04/07/2024 13:36,Uppingham,Krista Bray,Large Flavoured hot chocolate - Vanilla - 2.90,2.9,CARD,7609185532160234
04/07/2024 13:38,Uppingham,Michelle Correia,Regular Smoothies - Berry Beautiful - 2.00,2.0,CARD,8507728478280221
04/07/2024 13:40,Uppingham,William Godinho,Regular Hot chocolate - 2.20,2.2,CASH,
04/07/2024 13:41,Uppingham,Joanna Foley,"Regular Flavoured hot chocolate - Vanilla - 2.60, Large Speciality Tea - Green - 1.60",4.2,CARD,2907038865638938
04/07/2024 13:43,Uppingham,Michael Wojner,"Regular Mocha - 2.30, Regular Cortado - 2.05",4.35,CARD,1436359431956762
04/07/2024 13:45,Uppingham,Teddy Ross,"Regular Flavoured hot chocolate - Vanilla - 2.60, Regular Flavoured latte - Hazelnut - 2.55",5.15,CASH,
04/07/2024 13:47,Uppingham,Alan Germann,"Large Speciality Tea - Green - 1.60, Regular Smoothies - Berry Beautiful - 2.00, Large Speciality Tea - Peppermint - 1.60",5.2,CARD,6757948779880890
04/07/2024 13:49,Uppingham,Walter Tecuanhuey,"Regular Speciality Tea - Green - 1.30, Regular Mocha - 2.30, Regular Flavoured hot chocolate - Vanilla - 2.60",6.2,CASH,
04/07/2024 13:51,Uppingham,Judy Kent,"Large Hot chocolate - 2.90, Large Red Label tea - 1.80, Large Mocha - 2.70, Large Cortado - 2.35, Large Smoothies - Berry Beautiful - 2.50",12.25,CASH,
04/07/2024 13:53,Uppingham,Thomas Kalichman,Regular Flavoured latte - Hazelnut - 2.55,2.55,CARD,7285324894138757
04/07/2024 13:54,Uppingham,Armando Graves,Large Smoothies - Berry Beautiful - 2.50,2.5,CARD,8010563047353396
04/07/2024 13:56,Uppingham,Mallory Brown,"Regular Cortado - 2.05, Regular Cortado - 2.05, Regular Flavoured latte - Hazelnut - 2.55, Large Red Label tea - 1.80, Regular Cortado - 2.05, Large Flavoured latte - Hazelnut - 2.85",13.35,CARD,5275029193403146
04/07/2024 13:58,Uppingham,Barbara Escovedo,"Regular Red Label tea - 1.20, Regular Flavoured latte - Hazelnut - 2.55, Regular Hot chocolate - 2.20, Large Speciality Tea - Peppermint - 1.60",7.55,CARD,5810789109936819
04/07/2024 14:00,Uppingham,Ramona Smith,"Regular Hot chocolate - 2.20, Regular Hot chocolate - 2.20",4.4,CASH,
04/07/2024 14:03,Uppingham,Helen Jimenez,"Large Flavoured latte - Caramel - 2.85, Regular Hot chocolate - 2.20, Regular Smoothies - Berry Beautiful - 2.00, Large Flavoured latte - Hazelnut - 2.85",9.9,CASH,
04/07/2024 14:07,Uppingham,Helen Merritt,"Large Cortado - 2.35, Large Hot chocolate - 2.90",5.25,CARD,1661121080216363
04/07/2024 14:10,Uppingham,Nancy Jones,Large Flavoured latte - Caramel - 2.85,2.85,CARD,9083543094259033
04/07/2024 14:13,Uppingham,Renetta Burks,"Regular Speciality Tea - Green - 1.30, Large Cortado - 2.35, Regular Flavoured latte - Caramel - 2.55, Regular Hot chocolate - 2.20",8.4,CARD,7618609308750421
04/07/2024 14:17,Uppingham,Charles Gerlach,"Regular Mocha - 2.30, Large Flavoured latte - Caramel - 2.85, Large Mocha - 2.70, Regular Cortado - 2.05",9.9,CASH,
04/07/2024 14:20,Uppingham,Cari Ayala,"Large Cortado - 2.35, Large Speciality Tea - Peppermint - 1.60",3.95,CASH,
04/07/2024 14:23,Uppingham,Jennifer Moore,Large Cortado - 2.35,2.35,CASH,
04/07/2024 14:27,Uppingham,Mary Adams,Large Speciality Tea - Peppermint - 1.60,1.6,CARD,9600063433052070
04/07/2024 14:30,Uppingham,Geraldine Lawson,"Large Smoothies - Berry Beautiful - 2.50, Large Red Label tea - 1.80, Large Red Label tea - 1.80, Regular Hot chocolate - 2.20, Large Red Label tea - 1.80",10.1,CASH,
04/07/2024 14:33,Uppingham,Jennifer Hobden,"Regular Hot chocolate - 2.20, Regular Red Label tea - 1.20, Large Speciality Tea - Green - 1.60, Regular Flavoured latte - Hazelnut - 2.55, Regular Flavoured latte - Caramel - 2.55",10.1,CASH,
04/07/2024 14:37,Uppingham,Patrick Horne,"Regular Flavoured latte - Hazelnut - 2.55, Large Speciality Tea - Green - 1.60",4.15,CARD,4036285216848533
04/07/2024 14:40,Uppingham,Johnny Johnson,Large Smoothies - Berry Beautiful - 2.50,2.5,CARD,2710439141517658
04/07/2024 14:43,Uppingham,Olga Stein,"Regular Red Label tea - 1.20, Large Cortado - 2.35",3.55,CASH,
04/07/2024 14:47,Uppingham,Jennifer Mcgee,Large Hot chocolate - 2.90,2.9,CARD,2218615965004592
04/07/2024 14:50,Uppingham,Joann Jewell,"Large Red Label tea - 1.80, Large Flavoured hot chocolate - Vanilla - 2.90",4.7,CARD,9578835417738098
04/07/2024 14:53,Uppingham,Terry Wagner,"Regular Flavoured latte - Caramel - 2.55, Large Speciality Tea - Green - 1.60",4.15,CASH,
04/07/2024 14:57,Uppingham,Robert Minnick,"Regular Smoothies - Berry Beautiful - 2.00, Regular Flavoured latte - Hazelnut - 2.55",4.55,CASH,
04/07/2024 15:00,Uppingham,James Dodson,Large Red Label tea - 1.80,1.8,CARD,9417547428500817
04/07/2024 15:03,Uppingham,Guy Slattery,"Large Speciality Tea - Peppermint - 1.60, Large Flavoured latte - Caramel - 2.85, Large Speciality Tea - Peppermint - 1.60",6.05,CARD,5044873320100265
04/07/2024 15:07,Uppingham,Carol Pearson,"Regular Speciality Tea - Green - 1.30, Large Speciality Tea - Peppermint - 1.60, Large Red Label tea - 1.80",4.7,CASH,
04/07/2024 15:10,Uppingham,Jeffrey Holstine,"Regular Smoothies - Berry Beautiful - 2.00, Large Red Label tea - 1.80, Large Cortado - 2.35, Regular Flavoured hot chocolate - Vanilla - 2.60, Large Flavoured latte - Caramel - 2.85",11.6,CASH,
04/07/2024 15:13,Uppingham,April Watts,"Regular Mocha - 2.30, Regular Red Label tea - 1.20",3.5,CARD,3459069347239506
04/07/2024 15:17,Uppingham,Marco Cannon,"Regular Red Label tea - 1.20, Large Flavoured latte - Hazelnut - 2.85, Large Speciality Tea - Green - 1.60",5.65,CARD,4065671165753913
04/07/2024 15:20,Uppingham,Jonathon King,Large Flavoured latte - Caramel - 2.85,2.85,CARD,5850718978678621
04/07/2024 15:23,Uppingham,James Jackson,Large Mocha - 2.70,2.7,CARD,7114169735170422
04/07/2024 15:27,Uppingham,Darnell Ellsworth,"Regular Mocha - 2.30, Large Smoothies - Berry Beautiful - 2.50",4.8,CARD,5594760450052382
04/07/2024 15:30,Uppingham,Shanika Chapin,"Large Hot chocolate - 2.90, Large Flavoured latte - Hazelnut - 2.85, Regular Speciality Tea - Green - 1.30, Large Speciality Tea - Green - 1.60, Regular Flavoured latte - Caramel - 2.55",11.2,CARD,1550441983757351
04/07/2024 15:33,Uppingham,Rachael Neale,"Regular Hot chocolate - 2.20, Regular Speciality Tea - Green - 1.30, Regular Flavoured latte - Hazelnut - 2.55, Regular Hot chocolate - 2.20, Large Flavoured latte - Hazelnut - 2.85, Large Speciality Tea - Peppermint - 1.60",12.7,CASH,
04/07/2024 15:37,Uppingham,Lori Ramirez,"Large Red Label tea - 1.80, Regular Flavoured latte - Caramel - 2.55",4.35,CARD,7373026526483321
04/07/2024 15:40,Uppingham,Kenneth Webb,"Regular Red Label tea - 1.20, Large Hot chocolate - 2.90, Regular Red Label tea - 1.20, Large Speciality Tea - Peppermint - 1.60",6.9,CARD,3629266787593862
04/07/2024 15:43,Uppingham,Roberta Gummer,Regular Cortado - 2.05,2.05,CARD,5000441674185869
04/07/2024 15:47,Uppingham,James Hopkins,Regular Hot chocolate - 2.20,2.2,CASH,
04/07/2024 15:50,Uppingham,Donna Morgan,Regular Mocha - 2.30,2.3,CASH,
04/07/2024 15:53,Uppingham,Dawn Ferguson,Regular Cortado - 2.05,2.05,CARD,9504352300847493
04/07/2024 15:57,Uppingham,Kathleen Powell,"Large Red Label tea - 1.80, Large Cortado - 2.35, Large Hot chocolate - 2.90",7.05,CARD,7456162259759090
04/07/2024 16:00,Uppingham,Angela Poplar,"Large Speciality Tea - Green - 1.60, Large Flavoured latte - Caramel - 2.85, Regular Flavoured latte - Hazelnut - 2.55",7.0,CASH,
04/07/2024 16:02,Uppingham,Mike Rubie,"Regular Mocha - 2.30, Large Flavoured latte - Caramel - 2.85, Regular Hot chocolate - 2.20, Regular Speciality Tea - Green - 1.30, Regular Red Label tea - 1.20",9.85,CARD,1485553839409809
04/07/2024 16:04,Uppingham,Robert Cobb,"Large Speciality Tea - Peppermint - 1.60, Regular Flavoured latte - Caramel - 2.55",4.15,CARD,1578505988633035
04/07/2024 16:05,Uppingham,Wilma Alejandre,"Large Flavoured hot chocolate - Vanilla - 2.90, Regular Cortado - 2.05",4.95,CARD,6583506932050238
04/07/2024 16:07,Uppingham,Curt Butts,Large Smoothies - Berry Beautiful - 2.50,2.5,CASH,
04/07/2024 16:09,Uppingham,Carol Singleton,Regular Red Label tea - 1.20,1.2,CASH,
04/07/2024 16:11,Uppingham,Elizabeth Regan,"Regular Red Label tea - 1.20, Large Hot chocolate - 2.90",4.1,CARD,7053569573910550
04/07/2024 16:12,Uppingham,Nicole Dupre,Regular Speciality Tea - Green - 1.30,1.3,CASH,
04/07/2024 16:14,Uppingham,Janetta Anaya,"Large Flavoured latte - Hazelnut - 2.85, Regular Smoothies - Berry Beautiful - 2.00",4.85,CASH,
04/07/2024 16:16,Uppingham,Patricia Long,"Large Mocha - 2.70, Regular Hot chocolate - 2.20",4.9,CASH,
04/07/2024 16:18,Uppingham,Michael Slaughter,"Regular Hot chocolate - 2.20, Regular Cortado - 2.05, Large Cortado - 2.35",6.6,CASH,
04/07/2024 16:19,Uppingham,Betty Dominguez,"Large Speciality Tea - Green - 1.60, Large Flavoured hot chocolate - Vanilla - 2.90",4.5,CARD,6678809865496999
04/07/2024 16:21,Uppingham,Richard Bush,"Large Flavoured hot chocolate - Vanilla - 2.90, Regular Speciality Tea - Green - 1.30, Regular Flavoured latte - Caramel - 2.55",6.75,CASH,
04/07/2024 16:23,Uppingham,Richard Lopes,"Regular Flavoured latte - Caramel - 2.55, Large Flavoured latte - Hazelnut - 2.85",5.4,CARD,8742177275401131
04/07/2024 16:25,Uppingham,Brittney Spear,"Large Flavoured latte - Caramel - 2.85, Large Flavoured latte - Caramel - 2.85, Large Red Label tea - 1.80, Regular Hot chocolate - 2.20",9.7,CARD,3574053290908317
04/07/2024 16:26,Uppingham,Genevieve Bryan,Regular Cortado - 2.05,2.05,CASH,
04/07/2024 16:28,Uppingham,Latrice Swonke,"Regular Flavoured latte - Hazelnut - 2.55, Regular Red Label tea - 1.20, Large Flavoured hot chocolate - Vanilla - 2.90, Regular Hot chocolate - 2.20",8.85,CARD,3210080106051983
04/07/2024 16:30,Uppingham,Holly Heidebrecht,"Large Red Label tea - 1.80, Regular Mocha - 2.30, Regular Mocha - 2.30, Regular Mocha - 2.30",8.7,CASH,
04/07/2024 16:32,Uppingham,Charlie Stang,Regular Flavoured latte - Caramel - 2.55,2.55,CARD,4336090858654460
04/07/2024 16:33,Uppingham,William Meyers,"Regular Red Label tea - 1.20, Regular Mocha - 2.30, Regular Smoothies - Berry Beautiful - 2.00, Regular Hot chocolate - 2.20, Regular Flavoured latte - Caramel - 2.55",10.25,CARD,4600165361604799
04/07/2024 16:35,Uppingham,Tammy Upchurch,"Large Flavoured hot chocolate - Vanilla - 2.90, Large Speciality Tea - Peppermint - 1.60, Large Speciality Tea - Green - 1.60, Large Mocha - 2.70, Large Cortado - 2.35",11.15,CARD,3401950983786614
04/07/2024 16:37,Uppingham,Fred Young,Regular Flavoured hot chocolate - Vanilla - 2.60,2.6,CARD,2048006836009179
04/07/2024 16:39,Uppingham,Amanda Patel,"Large Smoothies - Berry Beautiful - 2.50, Regular Flavoured latte - Hazelnut - 2.55, Large Flavoured hot chocolate - Vanilla - 2.90",7.95,CARD,4494377156583060
04/07/2024 16:41,Uppingham,William Arnold,Regular Red Label tea - 1.20,1.2,CARD,2408915283853190
04/07/2024 16:42,Uppingham,Samantha Embrey,Regular Hot chocolate - 2.20,2.2,CASH,
04/07/2024 16:44,Uppingham,Willie Reed,Large Mocha - 2.70,2.7,CASH,
04/07/2024 16:46,Uppingham,Earl Jeffrie,"Regular Speciality Tea - Green - 1.30, Large Smoothies - Berry Beautiful - 2.50, Large Speciality Tea - Green - 1.60, Large Flavoured latte - Caramel - 2.85",8.25,CASH,
04/07/2024 16:48,Uppingham,Helen Price,"Regular Speciality Tea - Peppermint - 1.30, Large Speciality Tea - Green - 1.60",2.9,CASH,
04/07/2024 16:49,Uppingham,Arthur Hafele,Large Flavoured latte - Caramel - 2.85,2.85,CASH,
04/07/2024 16:51,Uppingham,Maxine Davis,"Regular Hot chocolate - 2.20, Regular Red Label tea - 1.20, Regular Hot chocolate - 2.20, Large Red Label tea - 1.80",7.4,CARD,4157752601832414
04/07/2024 16:53,Uppingham,Rebecca Price,"Large Flavoured hot chocolate - Vanilla - 2.90, Large Hot chocolate - 2.90",5.8,CARD,8820517118216018
04/07/2024 16:55,Uppingham,Arthur Fleming,"Regular Flavoured latte - Hazelnut - 2.55, Regular Mocha - 2.30",4.85,CARD,6400088516591369
04/07/2024 16:56,Uppingham,Janice Stephenson,"Large Speciality Tea - Peppermint - 1.60, Regular Speciality Tea - Peppermint - 1.30",2.9,CARD,4520087935419637
04/07/2024 16:58,Uppingham,Alfred Bedell,"Large Speciality Tea - Peppermint - 1.60, Regular Flavoured hot chocolate - Vanilla - 2.60, Large Cortado - 2.35, Regular Hot chocolate - 2.20",8.75,CASH,
