10/07/2024 09:00,Leeds,June Rodriquez,"Regular Chai latte - 2.30, Regular Filter coffee - 1.50",3.8,CARD,6939982673588504
10/07/2024 09:01,Leeds,Florence Span,"Regular Iced americano - 2.15, Large Iced americano - 2.50, Large Iced americano - 2.50",7.15,CARD,5049694780203222
10/07/2024 09:03,Leeds,Milda Sawtelle,"Large Filter coffee - 1.80, Large Chai latte - 2.60, Large Filter coffee - 1.80",6.2,CARD,9385827920163560
10/07/2024 09:04,Leeds,Nancy Monat,Large Filter coffee - 1.80,1.8,CASH,
10/07/2024 09:06,Leeds,Melody Nicely,"Regular Filter coffee - 1.50, Large Chai latte - 2.60, Large Chai latte - 2.60, Large Iced americano - 2.50",9.2,CARD,1855574679235557
10/07/2024 09:08,Leeds,Garrett Carey,"Regular Hot Chocolate - 1.40, Regular Chai latte - 2.30",3.7,CARD,5261497715725373
10/07/2024 09:09,Leeds,Robert Garcia,"Large Hot Chocolate - 1.70, Large Speciality Tea - English breakfast - 1.60, Regular Chai latte - 2.30",5.6,CASH,
10/07/2024 09:11,Leeds,Robert Meidl,"Large Filter coffee - 1.80, Regular Speciality Tea - English breakfast - 1.30, Regular Hot Chocolate - 1.40, Regular Hot Chocolate - 1.40",5.9,CASH,
10/07/2024 09:12,Leeds,Rose Ludgate,"Large Iced americano - 2.50, Regular Chai latte - 2.30, Large Filter coffee - 1.80, Regular Chai latte - 2.30, Large Hot Chocolate - 1.70",10.6,CASH,
10/07/2024 09:14,Leeds,Eugene Lenters,"Large Filter coffee - 1.80, Regular Chai latte - 2.30, Regular Filter coffee - 1.50, Regular Filter coffee - 1.50",7.1,CARD,7924843907778291
10/07/2024 09:16,Leeds,Paul Williams,"Regular Speciality Tea - English breakfast - 1.30, Large Speciality Tea - English breakfast - 1.60",2.9,CASH,
10/07/2024 09:17,Leeds,David Cartwright,"Large Iced americano - 2.50, Regular Filter coffee - 1.50",4.0,CASH,
10/07/2024 09:19,Leeds,Perla Theobald,"Regular Iced americano - 2.15, Large Speciality Tea - English breakfast - 1.60, Large Chai latte - 2.60, Regular Filter coffee - 1.50",7.85,CARD,1012802071035113
10/07/2024 09:21,Leeds,Jeffery Jackson,Regular Chai latte - 2.30,2.3,CARD,6478999514415963
10/07/2024 09:22,Leeds,Brian Lacour,"Regular Speciality Tea - English breakfast - 1.30, Regular Filter coffee - 1.50, Regular Iced americano - 2.15",4.95,CARD,9463658414232275
10/07/2024 09:24,Leeds,Lauri Bowman,"Regular Hot Chocolate - 1.40, Regular Hot Chocolate - 1.40, Large Hot Chocolate - 1.70, Large Filter coffee - 1.80",6.3,CARD,7653760748996921
10/07/2024 09:25,Leeds,Tara Rose,"Regular Chai latte - 2.30, Regular Speciality Tea - English breakfast - 1.30, Regular Hot Chocolate - 1.40",5.0,CARD,7588707027886012
10/07/2024 09:27,Leeds,Chi Storms,"Large Chai latte - 2.60, Regular Speciality Tea - English breakfast - 1.30",3.9,CASH,
10/07/2024 09:29,Leeds,Sara Astin,"Regular Chai latte - 2.30, Large Speciality Tea - English breakfast - 1.60, Large Speciality Tea - English breakfast - 1.60, Large Chai latte - 2.60",8.1,CARD,4921134017584670
10/07/2024 09:30,Leeds,Katrina Bauer,"Regular Chai latte - 2.30, Large Speciality Tea - English breakfast - 1.60, Regular Speciality Tea - English breakfast - 1.30",5.2,CARD,2867745934165968
10/07/2024 09:32,Leeds,Benjamin Anderson,"Large Iced americano - 2.50, Large Filter coffee - 1.80, Regular Chai latte - 2.30",6.6,CARD,5298137757027534
10/07/2024 09:33,Leeds,Jennifer Alves,"Large Hot Chocolate - 1.70, Large Hot Chocolate - 1.70, Regular Chai latte - 2.30",5.7,CASH,
10/07/2024 09:35,Leeds,Michael Barrett,"Large Hot Chocolate - 1.70, Regular Iced americano - 2.15, Large Iced americano - 2.50, Regular Chai latte - 2.30, Large Iced americano - 2.50",11.15,CASH,
10/07/2024 09:37,Leeds,Clarine Vasquez,"Regular Filter coffee - 1.50, Large Filter coffee - 1.80, Regular Chai latte - 2.30, Regular Iced americano - 2.15, Regular Iced americano - 2.15, Regular Iced americano - 2.15",12.05,CARD,7014957172751720
10/07/2024 09:38,Leeds,Kelly Pelletier,"Large Speciality Tea - English breakfast - 1.60, Regular Filter coffee - 1.50, Regular Hot Chocolate - 1.40, Large Iced americano - 2.50, Regular Speciality Tea - English breakfast - 1.30",8.3,CARD,9852584742521648
10/07/2024 09:40,Leeds,Patricia Green,"Regular Filter coffee - 1.50, Large Filter coffee - 1.80, Regular Iced americano - 2.15, Large Speciality Tea - English breakfast - 1.60, Regular Hot Chocolate - 1.40",8.45,CASH,
10/07/2024 09:42,Leeds,Roger Campbell,"Large Chai latte - 2.60, Large Chai latte - 2.60",5.2,CARD,8965173711265248
10/07/2024 09:43,Leeds,Darrin Canales,"Regular Hot Chocolate - 1.40, Large Filter coffee - 1.80, Regular Hot Chocolate - 1.40, Large Chai latte - 2.60, Regular Hot Chocolate - 1.40, Regular Speciality Tea - English breakfast - 1.30",9.9,CASH,
10/07/2024 09:45,Leeds,John Barrett,"Large Speciality Tea - English breakfast - 1.60, Regular Iced americano - 2.15, Regular Chai latte - 2.30, Large Iced americano - 2.50",8.55,CARD,6051614200147028
10/07/2024 09:46,Leeds,John Johnson,Large Iced americano - 2.50,2.5,CARD,4332324373887297
10/07/2024 09:48,Leeds,Teresa Moriarty,"Large Chai latte - 2.60, Regular Chai latte - 2.30, Large Iced americano - 2.50, Regular Chai latte - 2.30",9.7,CASH,
10/07/2024 09:50,Leeds,Richard Willey,"Large Hot Chocolate - 1.70, Large Iced americano - 2.50, Regular Speciality Tea - English breakfast - 1.30, Large Hot Chocolate - 1.70, Regular Chai latte - 2.30",9.5,CARD,2489603475521948
10/07/2024 09:51,Leeds,Lynne Regan,Large Hot Chocolate - 1.70,1.7,CARD,1676161148633059
10/07/2024 09:53,Leeds,Julian Fields,Regular Filter coffee - 1.50,1.5,CARD,9884324103196152
10/07/2024 09:54,Leeds,Rosie Perez,"Regular Iced americano - 2.15, Large Chai latte - 2.60, Large Filter coffee - 1.80, Large Chai latte - 2.60",9.15,CASH,
10/07/2024 09:56,Leeds,William Mayberry,"Regular Filter coffee - 1.50, Large Filter coffee - 1.80, Regular Chai latte - 2.30",5.6,CARD,3489619981658193
10/07/2024 09:58,Leeds,Jose Simmons,Regular Hot Chocolate - 1.40,1.4,CARD,4075117991680846
10/07/2024 09:59,Leeds,Katherine Kokoska,"Regular Chai latte - 2.30, Large Filter coffee - 1.80, Regular Speciality Tea - English breakfast - 1.30",5.4,CASH,
10/07/2024 10:01,Leeds,John Ona,Regular Hot Chocolate - 1.40,1.4,CARD,2469829185989459
10/07/2024 10:02,Leeds,Tommy Paxton,"Regular Iced americano - 2.15, Large Filter coffee - 1.80",3.95,CASH,
10/07/2024 10:03,Leeds,Richard Kaminsky,"Regular Speciality Tea - English breakfast - 1.30, Regular Filter coffee - 1.50",2.8,CARD,2483570912574814
10/07/2024 10:04,Leeds,Paul Johnson,Large Speciality Tea - English breakfast - 1.60,1.6,CASH,
10/07/2024 10:05,Leeds,Jessica Hurley,"Regular Filter coffee - 1.50, Large Chai latte - 2.60",4.1,CASH,
10/07/2024 10:06,Leeds,Natalia Ferguson,"Regular Speciality Tea - English breakfast - 1.30, Regular Filter coffee - 1.50, Regular Filter coffee - 1.50, Regular Speciality Tea - English breakfast - 1.30, Large Speciality Tea - English breakfast - 1.60",7.2,CARD,8728356715185158
10/07/2024 10:07,Leeds,Danielle Coats,"Regular Speciality Tea - English breakfast - 1.30, Large Speciality Tea - English breakfast - 1.60, Large Filter coffee - 1.80, Large Iced americano - 2.50, Large Filter coffee - 1.80, Large Hot Chocolate - 1.70",10.7,CARD,9047638390452446
10/07/2024 10:08,Leeds,Hector Mann,Regular Hot Chocolate - 1.40,1.4,CARD,9822012912660229
10/07/2024 10:09,Leeds,Sean Boscio,"Regular Iced americano - 2.15, Regular Chai latte - 2.30, Regular Filter coffee - 1.50, Regular Filter coffee - 1.50, Regular Chai latte - 2.30, Regular Filter coffee - 1.50",11.25,CASH,
10/07/2024 10:11,Leeds,Roger Flores,"Regular Hot Chocolate - 1.40, Large Filter coffee - 1.80, Regular Speciality Tea - English breakfast - 1.30, Regular Chai latte - 2.30",6.8,CARD,4431033581710536
10/07/2024 10:12,Leeds,Betty Martin,Regular Speciality Tea - English breakfast - 1.30,1.3,CARD,5864415495071465
10/07/2024 10:13,Leeds,John Schillaci,Large Filter coffee - 1.80,1.8,CARD,1484660056620088
10/07/2024 10:14,Leeds,Lynn James,"Regular Speciality Tea - English breakfast - 1.30, Regular Iced americano - 2.15, Large Hot Chocolate - 1.70, Large Filter coffee - 1.80, Regular Filter coffee - 1.50, Regular Hot Chocolate - 1.40",9.85,CARD,7299041570534292
10/07/2024 10:15,Leeds,John Heise,"Regular Chai latte - 2.30, Large Iced americano - 2.50, Regular Filter coffee - 1.50, Large Iced americano - 2.50, Large Chai latte - 2.60",11.4,CARD,6075384085122783
10/07/2024 10:16,Leeds,Katherine Fisher,"Large Speciality Tea - English breakfast - 1.60, Large Speciality Tea - English breakfast - 1.60",3.2,CASH,
10/07/2024 10:17,Leeds,Charles Ramirez,"Regular Chai latte - 2.30, Regular Speciality Tea - English breakfast - 1.30, Regular Hot Chocolate - 1.40",5.0,CARD,5205632717029097
10/07/2024 10:18,Leeds,Margaret Gary,"Regular Filter coffee - 1.50, Large Chai latte - 2.60, Large Iced americano - 2.50, Regular Filter coffee - 1.50",8.1,CASH,
10/07/2024 10:19,Leeds,Catherine Bond,"Regular Hot Chocolate - 1.40, Large Iced americano - 2.50, Large Speciality Tea - English breakfast - 1.60, Large Filter coffee - 1.80, Regular Chai latte - 2.30",9.6,CASH,
10/07/2024 10:20,Leeds,Tracy Domingo,Large Chai latte - 2.60,2.6,CASH,
10/07/2024 10:21,Leeds,Gladys Woods,Large Speciality Tea - English breakfast - 1.60,1.6,CASH,
10/07/2024 10:22,Leeds,Christine Law,Large Chai latte - 2.60,2.6,CARD,2656383351506126
10/07/2024 10:23,Leeds,Geoffrey Mathewson,"Regular Hot Chocolate - 1.40, Large Iced americano - 2.50",3.9,CASH,
10/07/2024 10:24,Leeds,Annie Popek,"Regular Speciality Tea - English breakfast - 1.30, Regular Chai latte - 2.30, Regular Chai latte - 2.30",5.9,CARD,7750863006556387
10/07/2024 10:25,Leeds,Robert Haworth,Large Speciality Tea - English breakfast - 1.60,1.6,CASH,
10/07/2024 10:27,Leeds,Gerald Glover,"Regular Iced americano - 2.15, Large Speciality Tea - English breakfast - 1.60, Regular Chai latte - 2.30",6.05,CARD,5453305017292696
10/07/2024 10:28,Leeds,Rebecca Barbrick,Large Hot Chocolate - 1.70,1.7,CARD,4562153394860568
10/07/2024 10:29,Leeds,Terrell Noori,"Regular Hot Chocolate - 1.40, Large Hot Chocolate - 1.70, Regular Hot Chocolate - 1.40, Regular Filter coffee - 1.50",6.0,CASH,
10/07/2024 10:30,Leeds,Shonda Crandle,"Regular Iced americano - 2.15, Large Chai latte - 2.60, Regular Speciality Tea - English breakfast - 1.30",6.05,CARD,3718045171649286
10/07/2024 10:31,Leeds,Lonnie Koetter,"Large Iced americano - 2.50, Regular Iced americano - 2.15, Large Filter coffee - 1.80",6.45,CARD,2526264414999526
10/07/2024 10:32,Leeds,Bonita Stamper,"Regular Chai latte - 2.30, Large Chai latte - 2.60, Regular Filter coffee - 1.50",6.4,CASH,
10/07/2024 10:33,Leeds,Darryl Clark,"Large Filter coffee - 1.80, Large Hot Chocolate - 1.70, Large Hot Chocolate - 1.70, Regular Chai latte - 2.30",7.5,CARD,2279173507886183
10/07/2024 10:34,Leeds,David Wasinger,"Large Speciality Tea - English breakfast - 1.60, Large Chai latte - 2.60, Large Chai latte - 2.60, Large Speciality Tea - English breakfast - 1.60",8.4,CARD,6422057596810861
10/07/2024 10:35,Leeds,Edward Beagle,"Large Speciality Tea - English breakfast - 1.60, Regular Filter coffee - 1.50",3.1,CARD,2702293463066119
10/07/2024 10:36,Leeds,Francis Caminero,Regular Chai latte - 2.30,2.3,CARD,1761904818190534
10/07/2024 10:37,Leeds,Julia Harris,Large Iced americano - 2.50,2.5,CARD,8245979753139099
10/07/2024 10:38,Leeds,Phillip Peterson,"Regular Speciality Tea - English breakfast - 1.30, Regular Filter coffee - 1.50, Regular Chai latte - 2.30, Regular Chai latte - 2.30, Regular Chai latte - 2.30",9.7,CARD,8489372732840502
10/07/2024 10:39,Leeds,Osvaldo Lincoln,"Large Hot Chocolate - 1.70, Regular Iced americano - 2.15, Regular Hot Chocolate - 1.40",5.25,CARD,7775993910130692
10/07/2024 10:40,Leeds,Anthony Green,Regular Iced americano - 2.15,2.15,CARD,8142302219173391
10/07/2024 10:41,Leeds,Sandra Michael,Regular Filter coffee - 1.50,1.5,CARD,4642415012935945
10/07/2024 10:43,Leeds,Gerald Carpenter,"Large Iced americano - 2.50, Large Chai latte - 2.60, Regular Speciality Tea - English breakfast - 1.30",6.4,CARD,7518131044477252
10/07/2024 10:44,Leeds,Mozelle Saffell,"Large Iced americano - 2.50, Large Filter coffee - 1.80, Regular Filter coffee - 1.50",5.8,CASH,
10/07/2024 10:45,Leeds,Mary Phillips,"Large Speciality Tea - English breakfast - 1.60, Large Filter coffee - 1.80",3.4,CARD,6136904616255451
10/07/2024 10:46,Leeds,Patricia Miles,"Regular Speciality Tea - English breakfast - 1.30, Large Speciality Tea - English breakfast - 1.60, Regular Speciality Tea - English breakfast - 1.30",4.2,CASH,
10/07/2024 10:47,Leeds,Marie Henson,"Regular Filter coffee - 1.50, Regular Chai latte - 2.30, Regular Filter coffee - 1.50, Large Chai latte - 2.60, Regular Speciality Tea - English breakfast - 1.30",9.2,CARD,2261910651191763
10/07/2024 10:48,Leeds,Sabrina Vanwinkle,"Large Filter coffee - 1.80, Regular Speciality Tea - English breakfast - 1.30, Large Iced americano - 2.50, Large Chai latte - 2.60",8.2,CASH,
10/07/2024 10:49,Leeds,Sarah Ryan,"Regular Speciality Tea - English breakfast - 1.30, Regular Filter coffee - 1.50, Large Chai latte - 2.60, Regular Filter coffee - 1.50",6.9,CARD,2121054443878170
10/07/2024 10:50,Leeds,Donna Dunnigan,"Large Filter coffee - 1.80, Large Filter coffee - 1.80",3.6,CARD,6106906126329545
10/07/2024 10:51,Leeds,Shirley Carroll,"Large Filter coffee - 1.80, Regular Hot Chocolate - 1.40, Large Chai latte - 2.60",5.8,CARD,4287605727850963
10/07/2024 10:52,Leeds,Kenneth Rogers,"Large Hot Chocolate - 1.70, Regular Chai latte - 2.30, Large Filter coffee - 1.80",5.8,CASH,
10/07/2024 10:53,Leeds,Tammy Morin,"Large Hot Chocolate - 1.70, Regular Chai latte - 2.30, Regular Iced americano - 2.15, Large Hot Chocolate - 1.70",7.85,CARD,9442277468137353
10/07/2024 10:54,Leeds,James Wilson,"Regular Iced americano - 2.15, Large Speciality Tea - English breakfast - 1.60, Regular Speciality Tea - English breakfast - 1.30, Large Hot Chocolate - 1.70",6.75,CARD,7247044116050711
10/07/2024 10:55,Leeds,Donald Farlow,"Large Speciality Tea - English breakfast - 1.60, Regular Hot Chocolate - 1.40, Regular Chai latte - 2.30, Large Speciality Tea - English breakfast - 1.60, Regular Hot Chocolate - 1.40",8.3,CASH,
10/07/2024 10:56,Leeds,Carrie Breedon,"Regular Chai latte - 2.30, Regular Speciality Tea - English breakfast - 1.30, Regular Chai latte - 2.30",5.9,CARD,5598089485625834
10/07/2024 10:57,Leeds,Elsa Escobar,"Large Chai latte - 2.60, Large Chai latte - 2.60, Large Chai latte - 2.60, Regular Speciality Tea - English breakfast - 1.30",9.1,CASH,
10/07/2024 10:59,Leeds,Harvey Henderson,"Large Chai latte - 2.60, Regular Hot Chocolate - 1.40, Large Hot Chocolate - 1.70, Regular Chai latte - 2.30",8.0,CARD,9717298371935390
10/07/2024 11:00,Leeds,Anna Espinal,"Large Chai latte - 2.60, Regular Hot Chocolate - 1.40, Large Filter coffee - 1.80, Large Chai latte - 2.60, Regular Iced americano - 2.15",10.55,CARD,2309048453021835
10/07/2024 11:04,Leeds,Porfirio Manning,"Large Filter coffee - 1.80, Regular Hot Chocolate - 1.40",3.2,CARD,2662591959663165
10/07/2024 11:08,Leeds,Jerry Burciaga,Regular Filter coffee - 1.50,1.5,CARD,5227925503166040
10/07/2024 11:12,Leeds,Glenn Townsand,Regular Iced americano - 2.15,2.15,CARD,1006299242508868
10/07/2024 11:16,Leeds,Kate Dorko,"Large Hot Chocolate - 1.70, Large Hot Chocolate - 1.70",3.4,CASH,
10/07/2024 11:20,Leeds,Helen Lantieri,"Regular Iced americano - 2.15, Regular Speciality Tea - English breakfast - 1.30, Regular Speciality Tea - English breakfast - 1.30, Large Iced americano - 2.50",7.25,CARD,9138525633303037
10/07/2024 11:24,Leeds,Sherri Nusbaum,"Regular Chai latte - 2.30, Large Chai latte - 2.60",4.9,CASH,
10/07/2024 11:28,Leeds,Mark Mcgraw,Regular Filter coffee - 1.50,1.5,CARD,7694446609779193
10/07/2024 11:32,Leeds,Michelle Martin,"Regular Speciality Tea - English breakfast - 1.30, Large Filter coffee - 1.80",3.1,CASH,
10/07/2024 11:36,Leeds,Anne Krueger,Large Filter coffee - 1.80,1.8,CARD,7810555307987048
10/07/2024 11:40,Leeds,Eddie Johnson,Regular Filter coffee - 1.50,1.5,CARD,2981339821103003
10/07/2024 11:44,Leeds,Rick Koenig,"Regular Hot Chocolate - 1.40, Regular Iced americano - 2.15",3.55,CARD,7640452377044769
10/07/2024 11:48,Leeds,Juan Campbell,"Large Filter coffee - 1.80, Large Filter coffee - 1.80",3.6,CARD,8201259920796418
10/07/2024 11:52,Leeds,Robert Coronado,"Large Iced americano - 2.50, Large Iced americano - 2.50, Large Filter coffee - 1.80",6.8,CARD,8431251643931758
10/07/2024 11:56,Leeds,Charlene Murphy,"Large Filter coffee - 1.80, Regular Filter coffee - 1.50, Regular Iced americano - 2.15, Large Chai latte - 2.60",8.05,CARD,5868786346641143
10/07/2024 12:00,Leeds,Jerry Suarez,"Large Hot Chocolate - 1.70, Large Hot Chocolate - 1.70",3.4,CARD,2096902462302882
10/07/2024 12:01,Leeds,Stewart Gould,"Large Hot Chocolate - 1.70, Large Filter coffee - 1.80, Large Chai latte - 2.60, Regular Hot Chocolate - 1.40, Regular Filter coffee - 1.50",9.0,CASH,
10/07/2024 12:03,Leeds,Bradley Merritt,Regular Speciality Tea - English breakfast - 1.30,1.3,CARD,7111368754798210
10/07/2024 12:05,Leeds,Bernard Cornett,"Regular Chai latte - 2.30, Regular Filter coffee - 1.50, Regular Chai latte - 2.30, Large Filter coffee - 1.80",7.9,CASH,
10/07/2024 12:06,Leeds,Sarah Baker,"Regular Iced americano - 2.15, Regular Filter coffee - 1.50",3.65,CARD,9208630622666689
10/07/2024 12:08,Leeds,Juana King,"Regular Filter coffee - 1.50, Regular Filter coffee - 1.50",3.0,CARD,5333771232908072
10/07/2024 12:10,Leeds,Susan Preyer,"Regular Filter coffee - 1.50, Large Iced americano - 2.50, Large Iced americano - 2.50, Regular Chai latte - 2.30, Large Hot Chocolate - 1.70, Large Chai latte - 2.60",13.1,CARD,7463063599063860
10/07/2024 12:11,Leeds,Aubrey Brown,"Large Filter coffee - 1.80, Large Hot Chocolate - 1.70, Large Iced americano - 2.50",6.0,CARD,4630968590104100
10/07/2024 12:13,Leeds,Laurie Gayton,"Large Filter coffee - 1.80, Large Chai latte - 2.60, Large Filter coffee - 1.80, Large Filter coffee - 1.80",8.0,CARD,5828766160229163
10/07/2024 12:15,Leeds,Inez Cronin,"Regular Hot Chocolate - 1.40, Regular Hot Chocolate - 1.40, Large Speciality Tea - English breakfast - 1.60",4.4,CARD,6844247237424994
10/07/2024 12:16,Leeds,Catherine Smith,Regular Iced americano - 2.15,2.15,CARD,4822353771578824
10/07/2024 12:18,Leeds,Thurman Tapia,"Regular Hot Chocolate - 1.40, Large Iced americano - 2.50, Regular Filter coffee - 1.50",5.4,CARD,8309358709921589
10/07/2024 12:20,Leeds,Lane Mitchell,"Regular Chai latte - 2.30, Large Iced americano - 2.50, Regular Chai latte - 2.30, Regular Chai latte - 2.30",9.4,CARD,2862631939511515
10/07/2024 12:21,Leeds,Jason Ramos,"Regular Filter coffee - 1.50, Regular Hot Chocolate - 1.40, Large Chai latte - 2.60",5.5,CASH,
10/07/2024 12:23,Leeds,Katherine Helbling,Large Filter coffee - 1.80,1.8,CARD,9827083187320698
10/07/2024 12:25,Leeds,Michael Lowry,"Large Iced americano - 2.50, Regular Filter coffee - 1.50, Regular Filter coffee - 1.50",5.5,CASH,
10/07/2024 12:26,Leeds,Jimmy Smith,"Large Chai latte - 2.60, Large Filter coffee - 1.80, Regular Iced americano - 2.15",6.55,CASH,
10/07/2024 12:28,Leeds,Tracy Laird,"Large Filter coffee - 1.80, Regular Iced americano - 2.15, Regular Hot Chocolate - 1.40, Regular Chai latte - 2.30",7.65,CARD,5271818265896533
10/07/2024 12:30,Leeds,Julie Hohn,Regular Speciality Tea - English breakfast - 1.30,1.3,CARD,4836227774545703
10/07/2024 12:31,Leeds,John Crawford,"Regular Speciality Tea - English breakfast - 1.30, Large Iced americano - 2.50",3.8,CASH,
10/07/2024 12:33,Leeds,Ronald Frost,"Regular Filter coffee - 1.50, Regular Filter coffee - 1.50, Large Iced americano - 2.50",5.5,CASH,
10/07/2024 12:35,Leeds,Susan Twombly,Regular Hot Chocolate - 1.40,1.4,CASH,
10/07/2024 12:36,Leeds,Gladys Wagner,"Large Filter coffee - 1.80, Large Chai latte - 2.60, Large Filter coffee - 1.80, Regular Iced americano - 2.15",8.35,CARD,6183892979240547
10/07/2024 12:38,Leeds,Janet Hill,"Large Chai latte - 2.60, Regular Hot Chocolate - 1.40",4.0,CASH,
10/07/2024 12:40,Leeds,Oscar Davis,Regular Hot Chocolate - 1.40,1.4,CARD,2561893008565788
10/07/2024 12:41,Leeds,Janet Warren,Regular Hot Chocolate - 1.40,1.4,CARD,2042015399123076
10/07/2024 12:43,Leeds,Paul Hinton,"Regular Filter coffee - 1.50, Regular Speciality Tea - English breakfast - 1.30",2.8,CASH,
10/07/2024 12:45,Leeds,Walter Noonan,Large Hot Chocolate - 1.70,1.7,CASH,
10/07/2024 12:46,Leeds,Edward Mclean,Regular Filter coffee - 1.50,1.5,CARD,3963824427897553
10/07/2024 12:48,Leeds,Allen Hill,"Regular Filter coffee - 1.50, Large Chai latte - 2.60, Large Hot Chocolate - 1.70",5.8,CARD,6555422050108039
10/07/2024 12:50,Leeds,Gilberto Magana,"Regular Hot Chocolate - 1.40, Large Iced americano - 2.50, Large Speciality Tea - English breakfast - 1.60, Regular Hot Chocolate - 1.40",6.9,CARD,5366067954126260
10/07/2024 12:51,Leeds,Teri Owen,"Large Chai latte - 2.60, Large Hot Chocolate - 1.70",4.3,CARD,9599134470586967
10/07/2024 12:53,Leeds,Adriana Maize,Regular Filter coffee - 1.50,1.5,CASH,
10/07/2024 12:55,Leeds,Gerard Majewski,"Large Iced americano - 2.50, Large Filter coffee - 1.80, Regular Filter coffee - 1.50, Large Filter coffee - 1.80, Large Iced americano - 2.50",10.1,CARD,9028202255914847
10/07/2024 12:56,Leeds,David Raterman,"Regular Speciality Tea - English breakfast - 1.30, Large Iced americano - 2.50",3.8,CARD,6242805087677923
10/07/2024 12:58,Leeds,Donovan Housh,Regular Speciality Tea - English breakfast - 1.30,1.3,CARD,9173902673955695
10/07/2024 13:00,Leeds,Bessie Lopez,"Regular Iced americano - 2.15, Large Iced americano - 2.50, Regular Hot Chocolate - 1.40",6.05,CASH,
10/07/2024 13:00,Leeds,Katrina Ratterman,Regular Iced americano - 2.15,2.15,CARD,2653227389255234
10/07/2024 13:01,Leeds,Thomas Napolitano,"Large Hot Chocolate - 1.70, Large Iced americano - 2.50, Regular Speciality Tea - English breakfast - 1.30",5.5,CARD,9075984297325027
10/07/2024 13:02,Leeds,Elvira Connelly,"Large Iced americano - 2.50, Regular Iced americano - 2.15, Large Speciality Tea - English breakfast - 1.60",6.25,CARD,6517880928224329
10/07/2024 13:03,Leeds,Anthony Sanchez,"Large Iced americano - 2.50, Large Filter coffee - 1.80, Regular Chai latte - 2.30",6.6,CARD,9934537823312177
10/07/2024 13:04,Leeds,Robert Gravel,"Regular Chai latte - 2.30, Large Iced americano - 2.50",4.8,CASH,
10/07/2024 13:05,Leeds,Alyce Wright,"Regular Filter coffee - 1.50, Large Hot Chocolate - 1.70",3.2,CARD,2217164150322342
10/07/2024 13:05,Leeds,Mark Potvin,Large Filter coffee - 1.80,1.8,CASH,
10/07/2024 13:06,Leeds,Christy Arroyo,"Regular Filter coffee - 1.50, Regular Hot Chocolate - 1.40",2.9,CARD,1997161580011879
10/07/2024 13:07,Leeds,John Marquez,"Large Speciality Tea - English breakfast - 1.60, Large Filter coffee - 1.80, Regular Iced americano - 2.15, Large Hot Chocolate - 1.70",7.25,CARD,6078625042727786
10/07/2024 13:08,Leeds,Eleanor Beamon,"Large Chai latte - 2.60, Regular Speciality Tea - English breakfast - 1.30, Regular Iced americano - 2.15",6.05,CARD,9792939988791991
10/07/2024 13:09,Leeds,Eleanor Shoop,"Large Hot Chocolate - 1.70, Large Chai latte - 2.60, Large Filter coffee - 1.80, Regular Filter coffee - 1.50, Regular Chai latte - 2.30",9.9,CARD,7198326933588927
10/07/2024 13:10,Leeds,Milton Herold,Regular Iced americano - 2.15,2.15,CARD,4777075604344583
10/07/2024 13:10,Leeds,Lee Theall,"Large Hot Chocolate - 1.70, Regular Filter coffee - 1.50, Regular Iced americano - 2.15, Large Iced americano - 2.50",7.85,CARD,8596256405398973
10/07/2024 13:11,Leeds,Matthew Perez,"Large Chai latte - 2.60, Large Speciality Tea - English breakfast - 1.60, Large Chai latte - 2.60",6.8,CARD,4707348796401480
10/07/2024 13:12,Leeds,Rachel Hall,Large Chai latte - 2.60,2.6,CASH,
10/07/2024 13:13,Leeds,Willard Green,"Large Chai latte - 2.60, Regular Hot Chocolate - 1.40, Large Speciality Tea - English breakfast - 1.60",5.6,CARD,8064882856637558
10/07/2024 13:14,Leeds,Amy Hensley,Regular Filter coffee - 1.50,1.5,CARD,2373660879925321
10/07/2024 13:15,Leeds,Karen Murphy,"Large Iced americano - 2.50, Regular Iced americano - 2.15, Regular Chai latte - 2.30, Regular Hot Chocolate - 1.40",8.35,CARD,2089467331518956
10/07/2024 13:15,Leeds,Cristina Mixer,"Regular Hot Chocolate - 1.40, Large Filter coffee - 1.80",3.2,CARD,9837704559802034
10/07/2024 13:16,Leeds,Mohammad Stanford,"Regular Chai latte - 2.30, Regular Filter coffee - 1.50, Regular Hot Chocolate - 1.40, Regular Chai latte - 2.30, Large Iced americano - 2.50",10.0,CARD,1009880842860183
10/07/2024 13:17,Leeds,Melisa Bassett,"Regular Iced americano - 2.15, Large Filter coffee - 1.80, Regular Filter coffee - 1.50",5.45,CASH,
10/07/2024 13:18,Leeds,Lena Fashaw,"Large Chai latte - 2.60, Regular Iced americano - 2.15, Regular Filter coffee - 1.50, Regular Hot Chocolate - 1.40",7.65,CARD,2157937022191640
10/07/2024 13:19,Leeds,Ronald Roman,"Regular Filter coffee - 1.50, Large Filter coffee - 1.80, Regular Iced americano - 2.15, Regular Speciality Tea - English breakfast - 1.30, Large Hot Chocolate - 1.70, Regular Hot Chocolate - 1.40",9.85,CARD,8871051170497987
10/07/2024 13:20,Leeds,Kay Miles,"Large Speciality Tea - English breakfast - 1.60, Regular Filter coffee - 1.50, Large Iced americano - 2.50, Large Speciality Tea - English breakfast - 1.60",7.2,CASH,
10/07/2024 13:20,Leeds,Sharon Roy,"Regular Iced americano - 2.15, Regular Speciality Tea - English breakfast - 1.30, Large Iced americano - 2.50, Regular Speciality Tea - English breakfast - 1.30",7.25,CARD,6408347249782498
10/07/2024 13:21,Leeds,Tracy Goodwin,"Regular Iced americano - 2.15, Large Iced americano - 2.50, Regular Filter coffee - 1.50",6.15,CASH,
10/07/2024 13:22,Leeds,Ryan Lau,"Large Iced americano - 2.50, Large Speciality Tea - English breakfast - 1.60, Large Hot Chocolate - 1.70, Regular Speciality Tea - English breakfast - 1.30, Large Filter coffee - 1.80",8.9,CARD,3567610451674183
10/07/2024 13:23,Leeds,Edmond Ritter,"Large Chai latte - 2.60, Large Filter coffee - 1.80, Large Speciality Tea - English breakfast - 1.60",6.0,CARD,4703244705516381
10/07/2024 13:24,Leeds,Julia Opland,"Large Chai latte - 2.60, Large Filter coffee - 1.80",4.4,CARD,9728137120480774
10/07/2024 13:25,Leeds,Elwood Buzzelli,Large Chai latte - 2.60,2.6,CASH,
10/07/2024 13:25,Leeds,Shin Sanchez,"Regular Hot Chocolate - 1.40, Large Filter coffee - 1.80, Large Speciality Tea - English breakfast - 1.60",4.8,CARD,8107880964596159
10/07/2024 13:26,Leeds,Susan Carr,"Regular Hot Chocolate - 1.40, Large Filter coffee - 1.80, Large Chai latte - 2.60, Large Iced americano - 2.50",8.3,CARD,2730352803647775
10/07/2024 13:27,Leeds,Ellen Fang,"Regular Filter coffee - 1.50, Regular Speciality Tea - English breakfast - 1.30",2.8,CASH,
10/07/2024 13:28,Leeds,Katie Millsaps,"Large Filter coffee - 1.80, Large Iced americano - 2.50, Large Iced americano - 2.50",6.8,CARD,6279358870187872
10/07/2024 13:29,Leeds,Sherry Adair,"Regular Filter coffee - 1.50, Regular Filter coffee - 1.50",3.0,CASH,
10/07/2024 13:30,Leeds,Preston Cox,"Regular Iced americano - 2.15, Large Hot Chocolate - 1.70",3.85,CARD,8772283985842455
10/07/2024 13:30,Leeds,Brandon Cimini,"Large Hot Chocolate - 1.70, Large Hot Chocolate - 1.70, Regular Speciality Tea - English breakfast - 1.30",4.7,CARD,7060291561389261
10/07/2024 13:31,Leeds,Brandy Ramos,"Large Speciality Tea - English breakfast - 1.60, Regular Filter coffee - 1.50, Large Chai latte - 2.60, Regular Hot Chocolate - 1.40",7.1,CARD,7565177424079465
10/07/2024 13:32,Leeds,Charles Hall,"Large Filter coffee - 1.80, Large Iced americano - 2.50, Regular Iced americano - 2.15, Large Iced americano - 2.50, Regular Iced americano - 2.15",11.1,CARD,7461336974826731
10/07/2024 13:33,Leeds,Bill Chatfield,"Large Chai latte - 2.60, Regular Chai latte - 2.30",4.9,CARD,4585232981881154
10/07/2024 13:34,Leeds,Walter Park,"Regular Chai latte - 2.30, Large Speciality Tea - English breakfast - 1.60, Regular Chai latte - 2.30",6.2,CARD,8100202742032591
10/07/2024 13:35,Leeds,Margarita Finley,"Regular Speciality Tea - English breakfast - 1.30, Regular Speciality Tea - English breakfast - 1.30",2.6,CARD,5169442404332400
10/07/2024 13:35,Leeds,Peter Bayless,"Large Filter coffee - 1.80, Regular Filter coffee - 1.50",3.3,CASH,
10/07/2024 13:36,Leeds,Jamee Hardy,"Large Hot Chocolate - 1.70, Large Iced americano - 2.50, Large Speciality Tea - English breakfast - 1.60, Regular Speciality Tea - English breakfast - 1.30, Large Hot Chocolate - 1.70",8.8,CASH,
10/07/2024 13:37,Leeds,George Garza,"Large Filter coffee - 1.80, Large Filter coffee - 1.80",3.6,CARD,2889075350362313
10/07/2024 13:38,Leeds,Jennifer Jones,"Regular Filter coffee - 1.50, Large Chai latte - 2.60, Large Speciality Tea - English breakfast - 1.60, Regular Filter coffee - 1.50",7.2,CARD,3411356969261420
10/07/2024 13:39,Leeds,Sonya Lariviere,Large Filter coffee - 1.80,1.8,CARD,2779235881898281
10/07/2024 13:40,Leeds,Myra Jamison,"Regular Chai latte - 2.30, Regular Hot Chocolate - 1.40, Regular Speciality Tea - English breakfast - 1.30, Regular Iced americano - 2.15, Regular Filter coffee - 1.50",8.65,CARD,6358405953018426
10/07/2024 13:40,Leeds,John Alexander,"Large Chai latte - 2.60, Large Chai latte - 2.60, Large Hot Chocolate - 1.70",6.9,CARD,1179238998442873
10/07/2024 13:41,Leeds,Dorothy Guhl,"Large Speciality Tea - English breakfast - 1.60, Large Iced americano - 2.50, Regular Iced americano - 2.15",6.25,CARD,7607417743056600
10/07/2024 13:42,Leeds,Jill Jones,Regular Hot Chocolate - 1.40,1.4,CARD,7113702821500571
10/07/2024 13:43,Leeds,William Cushman,"Large Chai latte - 2.60, Regular Hot Chocolate - 1.40, Regular Filter coffee - 1.50, Large Iced americano - 2.50",8.0,CARD,3629271568248595
10/07/2024 13:44,Leeds,Norman Philbeck,"Large Hot Chocolate - 1.70, Regular Speciality Tea - English breakfast - 1.30, Regular Speciality Tea - English breakfast - 1.30, Regular Chai latte - 2.30",6.6,CASH,
10/07/2024 13:45,Leeds,Maria Thomas,"Large Hot Chocolate - 1.70, Large Speciality Tea - English breakfast - 1.60, Large Iced americano - 2.50, Large Speciality Tea - English breakfast - 1.60",7.4,CARD,1585038081151841
10/07/2024 13:45,Leeds,Robert Coleman,"Large Speciality Tea - English breakfast - 1.60, Large Chai latte - 2.60, Large Iced americano - 2.50",6.7,CARD,2030376661688529
10/07/2024 13:46,Leeds,Ann Brasher,Large Speciality Tea - English breakfast - 1.60,1.6,CASH,
10/07/2024 13:47,Leeds,Terri Rodriquez,"Large Speciality Tea - English breakfast - 1.60, Regular Speciality Tea - English breakfast - 1.30, Regular Chai latte - 2.30, Large Speciality Tea - English breakfast - 1.60, Large Hot Chocolate - 1.70",8.5,CASH,
10/07/2024 13:48,Leeds,James Henscheid,Large Filter coffee - 1.80,1.8,CASH,
10/07/2024 13:49,Leeds,Crystal Wiggins,"Large Hot Chocolate - 1.70, Regular Speciality Tea - English breakfast - 1.30, Large Chai latte - 2.60, Large Filter coffee - 1.80",7.4,CASH,
10/07/2024 13:50,Leeds,Mary Hines,"Large Speciality Tea - English breakfast - 1.60, Regular Iced americano - 2.15",3.75,CASH,
10/07/2024 13:50,Leeds,Jon Warner,"Large Filter coffee - 1.80, Regular Hot Chocolate - 1.40, Regular Filter coffee - 1.50, Large Chai latte - 2.60",7.3,CARD,4535378860574305
10/07/2024 13:51,Leeds,Daniel Creighton,"Regular Filter coffee - 1.50, Large Chai latte - 2.60",4.1,CASH,
10/07/2024 13:52,Leeds,James Reed,"Large Filter coffee - 1.80, Large Filter coffee - 1.80, Large Chai latte - 2.60",6.2,CASH,
10/07/2024 13:53,Leeds,Lowell Sylvain,"Large Chai latte - 2.60, Regular Chai latte - 2.30, Regular Iced americano - 2.15",7.05,CARD,3028006450895876
10/07/2024 13:54,Leeds,Andre Cahill,Regular Chai latte - 2.30,2.3,CARD,2383036395837803
10/07/2024 13:55,Leeds,Christopher Babcock,"Large Filter coffee - 1.80, Large Iced americano - 2.50",4.3,CARD,8410115325305769
10/07/2024 13:55,Leeds,Alicia Sandoval,"Regular Filter coffee - 1.50, Regular Filter coffee - 1.50",3.0,CASH,
10/07/2024 13:56,Leeds,Keith Bushey,"Regular Chai latte - 2.30, Large Chai latte - 2.60, Large Hot Chocolate - 1.70, Regular Hot Chocolate - 1.40, Large Chai latte - 2.60",10.6,CARD,8624850368335297
10/07/2024 13:57,Leeds,Rose Brieno,"Regular Speciality Tea - English breakfast - 1.30, Large Chai latte - 2.60",3.9,CARD,9132226107162954
10/07/2024 13:58,Leeds,Mary Nelms,"Large Filter coffee - 1.80, Large Speciality Tea - English breakfast - 1.60",3.4,CARD,2186658729619811
10/07/2024 13:59,Leeds,Troy Dipietro,"Regular Filter coffee - 1.50, Regular Chai latte - 2.30, Regular Iced americano - 2.15",5.95,CARD,1698576708080767
10/07/2024 14:00,Leeds,Heather Zywiec,"Regular Speciality Tea - English breakfast - 1.30, Regular Iced americano - 2.15",3.45,CASH,
10/07/2024 14:01,Leeds,Martin Martinez,"Regular Filter coffee - 1.50, Large Filter coffee - 1.80, Regular Hot Chocolate - 1.40, Regular Filter coffee - 1.50",6.2,CARD,4888794118560316
10/07/2024 14:02,Leeds,Justin Cunningham,"Large Chai latte - 2.60, Large Hot Chocolate - 1.70",4.3,CARD,2602412164514634
10/07/2024 14:02,Leeds,Candice Alvarado,"Regular Hot Chocolate - 1.40, Regular Hot Chocolate - 1.40",2.8,CARD,7011854328309535
10/07/2024 14:03,Leeds,Melanie Mcneill,"Large Filter coffee - 1.80, Regular Chai latte - 2.30, Regular Hot Chocolate - 1.40, Regular Filter coffee - 1.50",7.0,CARD,3170387422286969
10/07/2024 14:04,Leeds,Narcisa Brading,"Regular Filter coffee - 1.50, Large Hot Chocolate - 1.70, Regular Chai latte - 2.30, Large Filter coffee - 1.80",7.3,CARD,6231051658595873
10/07/2024 14:05,Leeds,John Wesley,"Large Iced americano - 2.50, Large Hot Chocolate - 1.70, Large Filter coffee - 1.80",6.0,CARD,7365566402870207
10/07/2024 14:06,Leeds,Barbara Proctor,"Large Chai latte - 2.60, Large Chai latte - 2.60, Large Filter coffee - 1.80, Large Chai latte - 2.60",9.6,CASH,
10/07/2024 14:07,Leeds,Gloria Bateman,Regular Filter coffee - 1.50,1.5,CASH,
10/07/2024 14:08,Leeds,Lois Glass,"Large Speciality Tea - English breakfast - 1.60, Regular Iced americano - 2.15, Large Speciality Tea - English breakfast - 1.60, Regular Hot Chocolate - 1.40",6.75,CARD,5705193829266983
10/07/2024 14:09,Leeds,Katie Mcauliffe,"Regular Filter coffee - 1.50, Large Speciality Tea - English breakfast - 1.60, Large Chai latte - 2.60, Regular Hot Chocolate - 1.40",7.1,CARD,7033006641285188
10/07/2024 14:10,Leeds,Christina Okoye,"Regular Speciality Tea - English breakfast - 1.30, Regular Hot Chocolate - 1.40, Large Hot Chocolate - 1.70, Regular Filter coffee - 1.50, Regular Filter coffee - 1.50",7.4,CARD,2699513344003796
10/07/2024 14:11,Leeds,Denise Emmett,"Regular Filter coffee - 1.50, Large Filter coffee - 1.80, Large Iced americano - 2.50",5.8,CARD,8534385558431210
10/07/2024 14:12,Leeds,Valeria Smith,"Large Iced americano - 2.50, Large Chai latte - 2.60, Large Chai latte - 2.60, Regular Filter coffee - 1.50",9.2,CARD,2884551038622750
10/07/2024 14:13,Leeds,Clarence Schmelzer,"Regular Filter coffee - 1.50, Large Hot Chocolate - 1.70, Regular Chai latte - 2.30, Regular Chai latte - 2.30",7.8,CARD,8216330622347854
10/07/2024 14:14,Leeds,Holly Selman,Regular Speciality Tea - English breakfast - 1.30,1.3,CARD,6874614548068334
10/07/2024 14:15,Leeds,Ann Rousse,"Regular Iced americano - 2.15, Large Chai latte - 2.60",4.75,CARD,6297593012203092
10/07/2024 14:16,Leeds,Tom Taylor,"Regular Hot Chocolate - 1.40, Regular Speciality Tea - English breakfast - 1.30, Large Chai latte - 2.60, Large Filter coffee - 1.80, Large Speciality Tea - English breakfast - 1.60, Large Speciality Tea - English breakfast - 1.60",10.3,CARD,2379102771759340
10/07/2024 14:17,Leeds,Yesenia Gusler,"Regular Chai latte - 2.30, Large Speciality Tea - English breakfast - 1.60",3.9,CARD,1881446949939501
10/07/2024 14:18,Leeds,John Brinkley,Large Filter coffee - 1.80,1.8,CARD,5015845177650606
10/07/2024 14:19,Leeds,Nancy Bonilla,"Regular Speciality Tea - English breakfast - 1.30, Regular Filter coffee - 1.50, Regular Speciality Tea - English breakfast - 1.30, Large Chai latte - 2.60",6.7,CARD,5063324891770937
10/07/2024 14:20,Leeds,Anna Pierce,Large Chai latte - 2.60,2.6,CARD,7321382757261434
10/07/2024 14:21,Leeds,Tressa Hardeman,Regular Hot Chocolate - 1.40,1.4,CARD,5439340775914176
10/07/2024 14:21,Leeds,Richard Carty,"Regular Chai latte - 2.30, Large Chai latte - 2.60, Large Iced americano - 2.50",7.4,CASH,
10/07/2024 14:22,Leeds,Frances Kim,Large Chai latte - 2.60,2.6,CARD,6233482966840909
10/07/2024 14:23,Leeds,Mike Mefford,"Large Speciality Tea - English breakfast - 1.60, Regular Chai latte - 2.30, Regular Filter coffee - 1.50",5.4,CARD,8495420523117378
10/07/2024 14:24,Leeds,Gwen Clayton,"Large Filter coffee - 1.80, Regular Chai latte - 2.30",4.1,CASH,
10/07/2024 14:25,Leeds,Mary Ogden,"Regular Chai latte - 2.30, Large Iced americano - 2.50, Large Chai latte - 2.60, Regular Filter coffee - 1.50",8.9,CARD,3898904097077276
10/07/2024 14:26,Leeds,Dorothy Cantrell,"Regular Chai latte - 2.30, Regular Chai latte - 2.30, Regular Speciality Tea - English breakfast - 1.30",5.9,CARD,9984326731033480
10/07/2024 14:27,Leeds,Julie Ferguson,"Regular Iced americano - 2.15, Large Chai latte - 2.60",4.75,CARD,5284200033006779
10/07/2024 14:28,Leeds,Raymond Broenneke,Regular Iced americano - 2.15,2.15,CARD,2469246441221400
10/07/2024 14:29,Leeds,Leon Gainey,"Regular Filter coffee - 1.50, Large Filter coffee - 1.80, Regular Iced americano - 2.15",5.45,CARD,5969307619607777
10/07/2024 14:30,Leeds,Maurice Morales,"Regular Chai latte - 2.30, Regular Speciality Tea - English breakfast - 1.30",3.6,CASH,
10/07/2024 14:31,Leeds,Roman Tague,"Regular Filter coffee - 1.50, Large Hot Chocolate - 1.70",3.2,CARD,2223621869536107
10/07/2024 14:32,Leeds,Yuri Brown,"Regular Chai latte - 2.30, Regular Filter coffee - 1.50, Regular Speciality Tea - English breakfast - 1.30",5.1,CARD,7293589007865234
10/07/2024 14:33,Leeds,Elsie Armendariz,"Regular Iced americano - 2.15, Regular Chai latte - 2.30",4.45,CASH,
10/07/2024 14:34,Leeds,Darrell Villarreal,"Large Chai latte - 2.60, Large Filter coffee - 1.80",4.4,CASH,
10/07/2024 14:35,Leeds,Amber Patterson,"Regular Iced americano - 2.15, Large Hot Chocolate - 1.70, Regular Iced americano - 2.15",6.0,CASH,
10/07/2024 14:36,Leeds,Donald Smith,"Regular Iced americano - 2.15, Large Iced americano - 2.50",4.65,CARD,2668358665218706
10/07/2024 14:37,Leeds,Ben Chamberlain,Large Filter coffee - 1.80,1.8,CARD,6040309518507315
10/07/2024 14:38,Leeds,Bess Williams,"Large Iced americano - 2.50, Regular Iced americano - 2.15",4.65,CARD,3175922410116294
10/07/2024 14:39,Leeds,Steven Knab,"Large Hot Chocolate - 1.70, Large Chai latte - 2.60",4.3,CASH,
10/07/2024 14:40,Leeds,Veronica Saunders,"Large Filter coffee - 1.80, Large Hot Chocolate - 1.70",3.5,CARD,7968008677729147
10/07/2024 14:40,Leeds,Leonel Clark,Large Chai latte - 2.60,2.6,CASH,
10/07/2024 14:41,Leeds,Leah Sanchez,Regular Chai latte - 2.30,2.3,CASH,
10/07/2024 14:42,Leeds,Michael Whitaker,Large Iced americano - 2.50,2.5,CASH,
10/07/2024 14:43,Leeds,Sarah Lance,"Regular Chai latte - 2.30, Regular Filter coffee - 1.50",3.8,CARD,8169176969317643
10/07/2024 14:44,Leeds,Scott Bradford,Large Filter coffee - 1.80,1.8,CASH,
10/07/2024 14:45,Leeds,John Scruggs,"Large Speciality Tea - English breakfast - 1.60, Large Hot Chocolate - 1.70, Large Chai latte - 2.60, Large Chai latte - 2.60",8.5,CARD,1482465208213099
10/07/2024 14:46,Leeds,Loida Fleming,"Regular Iced americano - 2.15, Large Iced americano - 2.50, Large Hot Chocolate - 1.70, Regular Chai latte - 2.30, Large Speciality Tea - English breakfast - 1.60",10.25,CARD,5846703031758342
10/07/2024 14:47,Leeds,Darnell Billups,"Regular Chai latte - 2.30, Large Speciality Tea - English breakfast - 1.60",3.9,CARD,3212480693426644
10/07/2024 14:48,Leeds,Ron Pierce,"Regular Iced americano - 2.15, Regular Iced americano - 2.15",4.3,CARD,2670778883574251
10/07/2024 14:49,Leeds,Vickie Shephard,Large Chai latte - 2.60,2.6,CARD,9497444559189618
10/07/2024 14:50,Leeds,Therese Killeagle,"Regular Speciality Tea - English breakfast - 1.30, Large Chai latte - 2.60, Large Speciality Tea - English breakfast - 1.60, Regular Speciality Tea - English breakfast - 1.30",6.8,CARD,2200223155657272
10/07/2024 14:51,Leeds,Velma Gaskin,Regular Speciality Tea - English breakfast - 1.30,1.3,CARD,3409545070583580
10/07/2024 14:52,Leeds,Jeannie Stewart,Large Speciality Tea - English breakfast - 1.60,1.6,CARD,4621849640689067
10/07/2024 14:53,Leeds,Eunice Morgan,Regular Filter coffee - 1.50,1.5,CARD,2209575633828251
10/07/2024 14:54,Leeds,Mary Forbes,Large Hot Chocolate - 1.70,1.7,CARD,1341773399932697
10/07/2024 14:55,Leeds,Rodney Heard,"Large Speciality Tea - English breakfast - 1.60, Regular Speciality Tea - English breakfast - 1.30, Regular Hot Chocolate - 1.40, Large Hot Chocolate - 1.70, Regular Hot Chocolate - 1.40",7.4,CARD,6907863169031549
10/07/2024 14:56,Leeds,Marjorie Jackson,"Regular Iced americano - 2.15, Large Speciality Tea - English breakfast - 1.60",3.75,CASH,
10/07/2024 14:57,Leeds,Richard Hayner,"Large Speciality Tea - English breakfast - 1.60, Regular Hot Chocolate - 1.40, Regular Iced americano - 2.15, Large Chai latte - 2.60, Large Chai latte - 2.60",10.35,CARD,2015961164583604
10/07/2024 14:58,Leeds,James Manthe,Large Hot Chocolate - 1.70,1.7,CARD,4089211895963084
10/07/2024 14:59,Leeds,Gilbert Smith,"Large Speciality Tea - English breakfast - 1.60, Regular Filter coffee - 1.50, Regular Speciality Tea - English breakfast - 1.30, Large Speciality Tea - English breakfast - 1.60",6.0,CARD,6649239219414099
10/07/2024 14:59,Leeds,Lester Harris,"Large Chai latte - 2.60, Regular Speciality Tea - English breakfast - 1.30",3.9,CARD,7537061352720713
10/07/2024 15:00,Leeds,Jackie Link,Large Chai latte - 2.60,2.6,CARD,8145866752021744
10/07/2024 15:01,Leeds,Carlos Vining,"Large Chai latte - 2.60, Large Filter coffee - 1.80, Regular Filter coffee - 1.50",5.9,CARD,1180549450195926
10/07/2024 15:02,Leeds,Robert Dudley,"Large Speciality Tea - English breakfast - 1.60, Large Chai latte - 2.60",4.2,CARD,2881666382575159
10/07/2024 15:03,Leeds,Jason Garrison,Regular Chai latte - 2.30,2.3,CARD,5684619800304772
10/07/2024 15:04,Leeds,John Vinson,"Large Filter coffee - 1.80, Large Iced americano - 2.50, Regular Hot Chocolate - 1.40",5.7,CASH,
10/07/2024 15:05,Leeds,Todd Crosslin,"Regular Filter coffee - 1.50, Regular Speciality Tea - English breakfast - 1.30, Regular Hot Chocolate - 1.40",4.2,CASH,
10/07/2024 15:06,Leeds,Crystal Clark,"Large Hot Chocolate - 1.70, Large Hot Chocolate - 1.70, Large Hot Chocolate - 1.70",5.1,CARD,7583586900765380
10/07/2024 15:07,Leeds,Michael Lempke,"Large Filter coffee - 1.80, Regular Chai latte - 2.30, Large Chai latte - 2.60",6.7,CARD,6952093537860427
10/07/2024 15:07,Leeds,Charlie Yancey,"Large Speciality Tea - English breakfast - 1.60, Regular Hot Chocolate - 1.40, Large Filter coffee - 1.80, Regular Chai latte - 2.30, Regular Speciality Tea - English breakfast - 1.30",8.4,CARD,6823524374224386
10/07/2024 15:08,Leeds,Billy Rivera,"Large Iced americano - 2.50, Large Speciality Tea - English breakfast - 1.60",4.1,CARD,9994526783967529
10/07/2024 15:09,Leeds,Elizabeth Carter,"Large Speciality Tea - English breakfast - 1.60, Regular Speciality Tea - English breakfast - 1.30, Regular Hot Chocolate - 1.40",4.3,CARD,7581337200306758
10/07/2024 15:10,Leeds,Charlie Clay,Regular Speciality Tea - English breakfast - 1.30,1.3,CASH,
10/07/2024 15:11,Leeds,Kim Chambers,Regular Speciality Tea - English breakfast - 1.30,1.3,CASH,
10/07/2024 15:12,Leeds,Margret Hall,"Regular Chai latte - 2.30, Large Chai latte - 2.60, Regular Iced americano - 2.15, Regular Chai latte - 2.30, Regular Iced americano - 2.15, Regular Iced americano - 2.15",13.65,CARD,8986011928429818
10/07/2024 15:13,Leeds,Richard Waldrop,Regular Hot Chocolate - 1.40,1.4,CARD,6674445898362317
10/07/2024 15:14,Leeds,Elizabeth Kachmarsky,"Large Filter coffee - 1.80, Large Filter coffee - 1.80, Regular Hot Chocolate - 1.40",5.0,CARD,2644406190776846
10/07/2024 15:14,Leeds,Scottie Gamble,"Regular Chai latte - 2.30, Large Speciality Tea - English breakfast - 1.60, Regular Filter coffee - 1.50, Large Hot Chocolate - 1.70, Large Filter coffee - 1.80, Regular Filter coffee - 1.50",10.4,CARD,9687079227482828
10/07/2024 15:15,Leeds,Steven Bolden,"Large Speciality Tea - English breakfast - 1.60, Regular Filter coffee - 1.50, Regular Speciality Tea - English breakfast - 1.30, Regular Iced americano - 2.15, Large Filter coffee - 1.80",8.35,CARD,3954361032412892
10/07/2024 15:16,Leeds,Victoria Jackson,"Large Filter coffee - 1.80, Large Filter coffee - 1.80, Regular Hot Chocolate - 1.40, Regular Hot Chocolate - 1.40, Regular Filter coffee - 1.50",7.9,CARD,6392182665676184
10/07/2024 15:17,Leeds,Vincent Dammen,"Regular Filter coffee - 1.50, Large Chai latte - 2.60, Large Filter coffee - 1.80, Large Iced americano - 2.50, Regular Iced americano - 2.15",10.55,CARD,4299529665788797
10/07/2024 15:18,Leeds,David King,"Large Iced americano - 2.50, Regular Filter coffee - 1.50, Regular Filter coffee - 1.50",5.5,CARD,8310904519070289
10/07/2024 15:19,Leeds,Roosevelt Mueller,"Large Hot Chocolate - 1.70, Regular Hot Chocolate - 1.40, Regular Iced americano - 2.15, Large Chai latte - 2.60",7.85,CASH,
10/07/2024 15:20,Leeds,Regina Pierce,"Regular Iced americano - 2.15, Large Chai latte - 2.60",4.75,CARD,9976466288061378
10/07/2024 15:21,Leeds,Katherine Johnson,Large Filter coffee - 1.80,1.8,CARD,6724424874830826
10/07/2024 15:22,Leeds,Jennifer Holguin,"Large Filter coffee - 1.80, Large Chai latte - 2.60",4.4,CASH,
10/07/2024 15:22,Leeds,Craig Koziol,Regular Iced americano - 2.15,2.15,CARD,2152674406222032
10/07/2024 15:23,Leeds,Carlos Jack,"Regular Filter coffee - 1.50, Large Speciality Tea - English breakfast - 1.60",3.1,CARD,5731082769361686
10/07/2024 15:24,Leeds,Oscar Gonzalez,"Large Filter coffee - 1.80, Regular Filter coffee - 1.50, Regular Chai latte - 2.30, Regular Speciality Tea - English breakfast - 1.30, Regular Hot Chocolate - 1.40",8.3,CASH,
10/07/2024 15:25,Leeds,Megan Nunez,Regular Chai latte - 2.30,2.3,CARD,2712773516148938
10/07/2024 15:26,Leeds,Rene Hawks,"Regular Filter coffee - 1.50, Large Chai latte - 2.60, Regular Hot Chocolate - 1.40",5.5,CARD,5850156762211340
10/07/2024 15:27,Leeds,Heather Malpass,Regular Iced americano - 2.15,2.15,CARD,8401107911570588
10/07/2024 15:28,Leeds,Virginia Dawson,"Large Filter coffee - 1.80, Regular Chai latte - 2.30, Regular Hot Chocolate - 1.40",5.5,CARD,3232918329362100
10/07/2024 15:29,Leeds,Christina Mascarenas,"Large Filter coffee - 1.80, Large Chai latte - 2.60, Large Speciality Tea - English breakfast - 1.60, Regular Speciality Tea - English breakfast - 1.30",7.3,CARD,8697097392320198
10/07/2024 15:29,Leeds,Dorothy Anderson,Large Iced americano - 2.50,2.5,CARD,1626789687217810
10/07/2024 15:30,Leeds,Virgil Robertson,Regular Chai latte - 2.30,2.3,CARD,2960062136180474
10/07/2024 15:31,Leeds,Andrew Slawson,Large Chai latte - 2.60,2.6,CASH,
10/07/2024 15:32,Leeds,Elaine Howell,"Regular Filter coffee - 1.50, Regular Speciality Tea - English breakfast - 1.30, Large Filter coffee - 1.80, Large Iced americano - 2.50",7.1,CARD,2106519756258325
10/07/2024 15:33,Leeds,Brittany Thomas,"Large Hot Chocolate - 1.70, Regular Filter coffee - 1.50, Regular Speciality Tea - English breakfast - 1.30, Large Filter coffee - 1.80",6.3,CARD,2755214674555667
10/07/2024 15:34,Leeds,Donald Cope,"Regular Iced americano - 2.15, Regular Hot Chocolate - 1.40, Regular Hot Chocolate - 1.40, Large Chai latte - 2.60, Large Chai latte - 2.60",10.15,CASH,
10/07/2024 15:35,Leeds,Casandra Chivers,"Large Hot Chocolate - 1.70, Regular Chai latte - 2.30, Regular Speciality Tea - English breakfast - 1.30, Regular Iced americano - 2.15",7.45,CARD,7957455158851103
10/07/2024 15:36,Leeds,George Gottschalk,"Large Filter coffee - 1.80, Regular Chai latte - 2.30, Regular Filter coffee - 1.50",5.6,CARD,6148599581413370
10/07/2024 15:36,Leeds,Francisco Saunders,"Large Speciality Tea - English breakfast - 1.60, Large Filter coffee - 1.80",3.4,CARD,4828522814486605
10/07/2024 15:37,Leeds,John Bethke,"Regular Speciality Tea - English breakfast - 1.30, Regular Chai latte - 2.30, Regular Filter coffee - 1.50",5.1,CASH,
10/07/2024 15:38,Leeds,Mary Mcdonald,"Large Iced americano - 2.50, Large Hot Chocolate - 1.70, Regular Iced americano - 2.15",6.35,CARD,9970193942361140
10/07/2024 15:39,Leeds,Victoria Pope,"Regular Speciality Tea - English breakfast - 1.30, Regular Chai latte - 2.30, Regular Chai latte - 2.30",5.9,CARD,2680561183432399
10/07/2024 15:40,Leeds,Robert Ernst,Regular Hot Chocolate - 1.40,1.4,CARD,6779410500852943
10/07/2024 15:41,Leeds,Robin Brown,Large Chai latte - 2.60,2.6,CARD,2535100463468846
10/07/2024 15:42,Leeds,Louise Brown,"Large Filter coffee - 1.80, Regular Hot Chocolate - 1.40",3.2,CARD,3453146860780598
10/07/2024 15:43,Leeds,Lisa Villagomez,Large Speciality Tea - English breakfast - 1.60,1.6,CARD,8809371848711089
10/07/2024 15:43,Leeds,Min Goldstein,"Regular Filter coffee - 1.50, Large Hot Chocolate - 1.70, Regular Iced americano - 2.15, Large Hot Chocolate - 1.70, Regular Hot Chocolate - 1.40, Large Filter coffee - 1.80",10.25,CASH,
10/07/2024 15:44,Leeds,Imogene Parker,Regular Chai latte - 2.30,2.3,CARD,8283200366827314
10/07/2024 15:45,Leeds,Kenneth Drelick,"Large Iced americano - 2.50, Regular Chai latte - 2.30",4.8,CARD,4499761886124167
10/07/2024 15:46,Leeds,Rena Comacho,"Regular Filter coffee - 1.50, Regular Speciality Tea - English breakfast - 1.30, Regular Iced americano - 2.15",4.95,CASH,
10/07/2024 15:47,Leeds,Rogelio Monarez,Regular Filter coffee - 1.50,1.5,CASH,
10/07/2024 15:48,Leeds,Vaughn Mayfield,Regular Chai latte - 2.30,2.3,CARD,9564034299850780
10/07/2024 15:49,Leeds,William Morrison,"Regular Speciality Tea - English breakfast - 1.30, Large Hot Chocolate - 1.70, Regular Chai latte - 2.30, Regular Hot Chocolate - 1.40",6.7,CARD,3841587784461145
10/07/2024 15:50,Leeds,Kenneth Sands,"Large Hot Chocolate - 1.70, Regular Chai latte - 2.30, Regular Hot Chocolate - 1.40, Large Hot Chocolate - 1.70, Large Filter coffee - 1.80, Large Iced americano - 2.50",11.4,CARD,5145556507498581
10/07/2024 15:51,Leeds,Ines Robinson,"Regular Filter coffee - 1.50, Large Filter coffee - 1.80, Regular Chai latte - 2.30, Regular Speciality Tea - English breakfast - 1.30",6.9,CASH,
10/07/2024 15:51,Leeds,Michael Lowrey,"Regular Speciality Tea - English breakfast - 1.30, Regular Chai latte - 2.30",3.6,CARD,6417839347733518
10/07/2024 15:52,Leeds,Lauren Zuniga,"Large Hot Chocolate - 1.70, Regular Filter coffee - 1.50",3.2,CARD,6248464882814740
10/07/2024 15:53,Leeds,Patricia Shaver,"Regular Chai latte - 2.30, Large Chai latte - 2.60, Large Iced americano - 2.50, Large Hot Chocolate - 1.70",9.1,CARD,4952710785172383
10/07/2024 15:54,Leeds,Melissa Hamada,"Large Chai latte - 2.60, Large Filter coffee - 1.80",4.4,CARD,5965316668487993
10/07/2024 15:55,Leeds,Tom Oliver,"Regular Chai latte - 2.30, Large Chai latte - 2.60, Regular Filter coffee - 1.50",6.4,CARD,2939705768527523
10/07/2024 15:56,Leeds,Margaret Scott,"Large Filter coffee - 1.80, Regular Hot Chocolate - 1.40",3.2,CASH,
10/07/2024 15:57,Leeds,Tammy Fitch,Large Iced americano - 2.50,2.5,CARD,6237224627512781
10/07/2024 15:58,Leeds,Ronny Jones,"Regular Chai latte - 2.30, Regular Iced americano - 2.15, Regular Hot Chocolate - 1.40, Large Filter coffee - 1.80, Regular Hot Chocolate - 1.40",9.05,CASH,
10/07/2024 15:58,Leeds,Teresa Robinson,"Regular Filter coffee - 1.50, Large Chai latte - 2.60",4.1,CASH,
10/07/2024 15:59,Leeds,Judie Brandon,"Large Chai latte - 2.60, Regular Filter coffee - 1.50, Regular Hot Chocolate - 1.40, Large Filter coffee - 1.80",7.3,CASH,
10/07/2024 16:00,Leeds,Amy Culliton,Large Chai latte - 2.60,2.6,CARD,4833212955478314
10/07/2024 16:02,Leeds,Bridgette Nace,"Regular Chai latte - 2.30, Regular Speciality Tea - English breakfast - 1.30, Large Speciality Tea - English breakfast - 1.60, Large Filter coffee - 1.80",7.0,CASH,
10/07/2024 16:04,Leeds,Esther Miller,"Large Chai latte - 2.60, Regular Filter coffee - 1.50, Regular Filter coffee - 1.50, Large Iced americano - 2.50, Regular Chai latte - 2.30",10.4,CARD,8818322554066719
10/07/2024 16:05,Leeds,Jessica Tran,"Large Filter coffee - 1.80, Regular Filter coffee - 1.50",3.3,CARD,9129181746469945
10/07/2024 16:07,Leeds,Debra Elerson,"Regular Chai latte - 2.30, Regular Chai latte - 2.30, Regular Hot Chocolate - 1.40, Large Hot Chocolate - 1.70, Large Filter coffee - 1.80",9.5,CARD,1630325958710761
10/07/2024 16:09,Leeds,Curtis Perez,"Regular Speciality Tea - English breakfast - 1.30, Large Speciality Tea - English breakfast - 1.60, Regular Iced americano - 2.15, Large Filter coffee - 1.80",6.85,CARD,1740445333674823
10/07/2024 16:11,Leeds,Althea Eversole,"Large Hot Chocolate - 1.70, Large Speciality Tea - English breakfast - 1.60, Large Chai latte - 2.60",5.9,CARD,3906161108973034
10/07/2024 16:12,Leeds,Kenneth King,Regular Iced americano - 2.15,2.15,CASH,
10/07/2024 16:14,Leeds,John Greenberg,"Large Chai latte - 2.60, Large Speciality Tea - English breakfast - 1.60, Regular Chai latte - 2.30, Regular Hot Chocolate - 1.40",7.9,CASH,
10/07/2024 16:16,Leeds,Gene Arcuri,"Regular Chai latte - 2.30, Regular Speciality Tea - English breakfast - 1.30, Regular Filter coffee - 1.50, Large Hot Chocolate - 1.70",6.8,CASH,
10/07/2024 16:18,Leeds,Carole Brewer,"Large Iced americano - 2.50, Large Speciality Tea - English breakfast - 1.60, Large Chai latte - 2.60, Large Speciality Tea - English breakfast - 1.60",8.3,CARD,7859142380189156
10/07/2024 16:19,Leeds,Rose Williams,"Regular Filter coffee - 1.50, Regular Hot Chocolate - 1.40, Large Chai latte - 2.60, Regular Speciality Tea - English breakfast - 1.30, Regular Hot Chocolate - 1.40",8.2,CARD,2934772574377380
10/07/2024 16:21,Leeds,Julian Jenkins,"Large Iced americano - 2.50, Regular Hot Chocolate - 1.40",3.9,CARD,7121812886969850
10/07/2024 16:23,Leeds,Nellie Mcknight,"Large Iced americano - 2.50, Regular Speciality Tea - English breakfast - 1.30, Large Filter coffee - 1.80",5.6,CARD,1143930656466543
10/07/2024 16:25,Leeds,Sharon Little,"Large Iced americano - 2.50, Regular Iced americano - 2.15",4.65,CASH,
10/07/2024 16:27,Leeds,Michael Graf,"Regular Hot Chocolate - 1.40, Regular Filter coffee - 1.50, Regular Chai latte - 2.30, Large Speciality Tea - English breakfast - 1.60",6.8,CASH,
10/07/2024 16:28,Leeds,Robert Mills,Large Speciality Tea - English breakfast - 1.60,1.6,CASH,
10/07/2024 16:30,Leeds,Tracy Saunders,"Large Hot Chocolate - 1.70, Large Speciality Tea - English breakfast - 1.60",3.3,CARD,1991063251475900
10/07/2024 16:32,Leeds,George Stevens,"Regular Speciality Tea - English breakfast - 1.30, Large Hot Chocolate - 1.70, Regular Chai latte - 2.30, Regular Iced americano - 2.15",7.45,CARD,7855247767599292
10/07/2024 16:34,Leeds,Heather Lin,"Large Hot Chocolate - 1.70, Regular Filter coffee - 1.50, Large Iced americano - 2.50, Large Filter coffee - 1.80, Large Chai latte - 2.60, Regular Chai latte - 2.30",12.4,CARD,7320672963592133
10/07/2024 16:35,Leeds,Catalina Davenport,"Regular Hot Chocolate - 1.40, Regular Chai latte - 2.30",3.7,CASH,
10/07/2024 16:37,Leeds,Maria Tannenbaum,"Large Iced americano - 2.50, Large Chai latte - 2.60, Large Hot Chocolate - 1.70, Large Chai latte - 2.60, Large Speciality Tea - English breakfast - 1.60, Large Hot Chocolate - 1.70",12.7,CASH,
10/07/2024 16:39,Leeds,David Mccandless,"Regular Filter coffee - 1.50, Large Hot Chocolate - 1.70",3.2,CARD,1651056892177527
10/07/2024 16:41,Leeds,Rosalind Sidwell,"Large Speciality Tea - English breakfast - 1.60, Regular Chai latte - 2.30, Large Filter coffee - 1.80, Large Iced americano - 2.50",8.2,CASH,
10/07/2024 16:42,Leeds,Marion Obrien,"Regular Iced americano - 2.15, Regular Chai latte - 2.30, Regular Chai latte - 2.30",6.75,CASH,
10/07/2024 16:44,Leeds,Harold Tant,Large Hot Chocolate - 1.70,1.7,CARD,8756429903672607
10/07/2024 16:46,Leeds,Clarence Whitis,"Regular Filter coffee - 1.50, Regular Iced americano - 2.15",3.65,CASH,
10/07/2024 16:48,Leeds,Janet Sebring,"Regular Hot Chocolate - 1.40, Regular Filter coffee - 1.50, Large Chai latte - 2.60",5.5,CARD,1499638795251555
10/07/2024 16:49,Leeds,Jay Foster,"Large Iced americano - 2.50, Regular Speciality Tea - English breakfast - 1.30, Regular Hot Chocolate - 1.40, Large Filter coffee - 1.80",7.0,CASH,
10/07/2024 16:51,Leeds,Michael Lopez,"Regular Chai latte - 2.30, Regular Filter coffee - 1.50, Large Speciality Tea - English breakfast - 1.60",5.4,CASH,
10/07/2024 16:53,Leeds,Alba Brothern,"Large Hot Chocolate - 1.70, Regular Chai latte - 2.30",4.0,CASH,
10/07/2024 16:55,Leeds,Mark Kozak,"Regular Hot Chocolate - 1.40, Regular Filter coffee - 1.50",2.9,CARD,5374910384530959
10/07/2024 16:56,Leeds,Amy Mckean,"Regular Hot Chocolate - 1.40, Regular Chai latte - 2.30, Large Speciality Tea - English breakfast - 1.60, Large Chai latte - 2.60",7.9,CASH,
10/07/2024 16:58,Leeds,David Oldham,Regular Iced americano - 2.15,2.15,CASH,
