10/07/2024 09:00,London Soho,Danika Peterson,"Large Espresso - 1.80, Regular Speciality Tea - Camomile - 1.30, Large Espresso - 1.80",4.9,CARD,7538356959490562
10/07/2024 09:02,London Soho,Jason Arnold,Large Espresso - 1.80,1.8,CARD,6632533928839819
10/07/2024 09:04,London Soho,Anna Prosser,"Large Espresso - 1.80, Large Speciality Tea - Camomile - 1.60",3.4,CARD,2013437000890681
10/07/2024 09:06,London Soho,Michael Miller,"Large Speciality Tea - Camomile - 1.60, Large Espresso - 1.80, Regular Speciality Tea - Camomile - 1.30",4.7,CASH,
10/07/2024 09:08,London Soho,Doretha Bailey,"Large Speciality Tea - Camomile - 1.60, Large Espresso - 1.80, Large Speciality Tea - Camomile - 1.60, Regular Espresso - 1.50",6.5,CARD,6145090647434514
10/07/2024 09:10,London Soho,Alice Erskine,"Regular Speciality Tea - Camomile - 1.30, Regular Espresso - 1.50",2.8,CASH,
10/07/2024 09:12,London Soho,Howard Mayne,Large Espresso - 1.80,1.8,CASH,
10/07/2024 09:14,London Soho,Jose Herrera,Regular Speciality Tea - Camomile - 1.30,1.3,CARD,6570775442597081
10/07/2024 09:16,London Soho,Sharon Teague,"Regular Speciality Tea - Camomile - 1.30, Large Speciality Tea - Camomile - 1.60, Regular Frappes - Coffee - 2.75",5.65,CASH,
10/07/2024 09:18,London Soho,Jordan Broadwater,"Regular Frappes - Coffee - 2.75, Large Speciality Tea - Camomile - 1.60",4.35,CASH,
10/07/2024 09:20,London Soho,Ronald Laney,"Regular Speciality Tea - Camomile - 1.30, Regular Speciality Tea - Camomile - 1.30, Large Speciality Tea - Camomile - 1.60, Large Espresso - 1.80",6.0,CASH,
10/07/2024 09:22,London Soho,Ryan Conner,"Large Speciality Tea - Camomile - 1.60, Large Frappes - Coffee - 3.25, Regular Frappes - Coffee - 2.75",7.6,CARD,3368226824486331
10/07/2024 09:24,London Soho,Peter Ocasio,"Large Espresso - 1.80, Large Frappes - Coffee - 3.25, Regular Frappes - Coffee - 2.75",7.8,CARD,4358350204654736
10/07/2024 09:26,London Soho,Edgar Orabuena,Large Frappes - Coffee - 3.25,3.25,CARD,6818871893506027
10/07/2024 09:28,London Soho,Carroll Tate,Large Espresso - 1.80,1.8,CARD,8757344193134985
10/07/2024 09:30,London Soho,Nathan Brown,"Regular Frappes - Coffee - 2.75, Large Espresso - 1.80",4.55,CASH,
10/07/2024 09:32,London Soho,Marc Fernandez,"Regular Espresso - 1.50, Regular Speciality Tea - Camomile - 1.30, Regular Frappes - Coffee - 2.75, Regular Frappes - Coffee - 2.75",8.3,CASH,
10/07/2024 09:34,London Soho,Gina Carr,"Regular Espresso - 1.50, Regular Espresso - 1.50, Large Espresso - 1.80",4.8,CASH,
10/07/2024 09:36,London Soho,Charlene Arnold,"Large Espresso - 1.80, Large Espresso - 1.80, Regular Frappes - Coffee - 2.75, Large Speciality Tea - Camomile - 1.60, Large Espresso - 1.80, Regular Speciality Tea - Camomile - 1.30",11.05,CARD,6526901228538512
10/07/2024 09:38,London Soho,Michael Hunt,"Large Speciality Tea - Camomile - 1.60, Regular Espresso - 1.50, Large Frappes - Coffee - 3.25",6.35,CASH,
10/07/2024 09:40,London Soho,Amanda Lipsky,"Large Speciality Tea - Camomile - 1.60, Large Speciality Tea - Camomile - 1.60, Large Espresso - 1.80",5.0,CASH,
10/07/2024 09:42,London Soho,Melvin Wise,"Regular Espresso - 1.50, Large Espresso - 1.80, Large Frappes - Coffee - 3.25",6.55,CARD,4648496003134622
10/07/2024 09:44,London Soho,Brenda Mccard,"Regular Espresso - 1.50, Regular Frappes - Coffee - 2.75, Large Espresso - 1.80, Regular Speciality Tea - Camomile - 1.30",7.35,CARD,1544390114081508
10/07/2024 09:46,London Soho,Kenneth Sproul,"Large Frappes - Coffee - 3.25, Regular Espresso - 1.50, Large Frappes - Coffee - 3.25, Large Frappes - Coffee - 3.25, Large Espresso - 1.80",13.05,CARD,6693790589865297
10/07/2024 09:48,London Soho,Rosamond Helbig,"Regular Espresso - 1.50, Large Espresso - 1.80, Regular Speciality Tea - Camomile - 1.30",4.6,CARD,3674378546598187
10/07/2024 09:50,London Soho,Lisa Gorham,"Large Espresso - 1.80, Large Espresso - 1.80",3.6,CARD,8132123818041660
10/07/2024 09:52,London Soho,Brandon Merrell,"Large Frappes - Coffee - 3.25, Large Espresso - 1.80",5.05,CARD,1197278753071439
10/07/2024 09:54,London Soho,Robert Goetz,"Regular Frappes - Coffee - 2.75, Regular Speciality Tea - Camomile - 1.30, Regular Frappes - Coffee - 2.75",6.8,CARD,1771755198520295
10/07/2024 09:56,London Soho,Jon Garcia,"Regular Frappes - Coffee - 2.75, Regular Speciality Tea - Camomile - 1.30, Regular Espresso - 1.50",5.55,CARD,2380798168946744
10/07/2024 09:58,London Soho,Doris Tanner,"Regular Frappes - Coffee - 2.75, Regular Speciality Tea - Camomile - 1.30, Large Speciality Tea - Camomile - 1.60",5.65,CASH,
10/07/2024 10:00,London Soho,Lonnie Burns,"Large Espresso - 1.80, Large Espresso - 1.80",3.6,CASH,
10/07/2024 10:02,London Soho,May Sylvester,"Large Espresso - 1.80, Large Frappes - Coffee - 3.25, Regular Espresso - 1.50",6.55,CARD,9521823915019842
10/07/2024 10:04,London Soho,Sean Oconnor,Large Speciality Tea - Camomile - 1.60,1.6,CARD,1932012546948002
10/07/2024 10:06,London Soho,Judith Stanely,"Large Espresso - 1.80, Large Espresso - 1.80, Regular Speciality Tea - Camomile - 1.30",4.9,CARD,4338396104079114
10/07/2024 10:08,London Soho,Darrell Rogers,"Regular Espresso - 1.50, Regular Speciality Tea - Camomile - 1.30",2.8,CASH,
10/07/2024 10:10,London Soho,Essie Morabito,"Regular Speciality Tea - Camomile - 1.30, Regular Espresso - 1.50, Regular Frappes - Coffee - 2.75, Regular Frappes - Coffee - 2.75",8.3,CARD,4571251369964167
10/07/2024 10:12,London Soho,Lisa Gabriel,Large Espresso - 1.80,1.8,CARD,4673635023016487
10/07/2024 10:14,London Soho,Richard Duncan,"Large Frappes - Coffee - 3.25, Regular Espresso - 1.50, Large Speciality Tea - Camomile - 1.60, Regular Espresso - 1.50, Regular Frappes - Coffee - 2.75, Large Frappes - Coffee - 3.25",13.85,CARD,6229670291790710
10/07/2024 10:17,London Soho,David Ogami,"Regular Speciality Tea - Camomile - 1.30, Large Espresso - 1.80, Large Speciality Tea - Camomile - 1.60, Large Espresso - 1.80",6.5,CARD,1108440553415793
10/07/2024 10:19,London Soho,Karen Cohan,"Large Espresso - 1.80, Regular Frappes - Coffee - 2.75",4.55,CARD,3416975381780224
10/07/2024 10:21,London Soho,George Thompson,"Large Espresso - 1.80, Regular Speciality Tea - Camomile - 1.30",3.1,CASH,
10/07/2024 10:23,London Soho,Joey Cortez,"Large Frappes - Coffee - 3.25, Large Speciality Tea - Camomile - 1.60, Large Speciality Tea - Camomile - 1.60",6.45,CASH,
10/07/2024 10:25,London Soho,David Hoose,"Regular Speciality Tea - Camomile - 1.30, Regular Espresso - 1.50, Large Speciality Tea - Camomile - 1.60, Large Speciality Tea - Camomile - 1.60, Regular Speciality Tea - Camomile - 1.30, Regular Espresso - 1.50",8.8,CARD,3699746437461961
10/07/2024 10:27,London Soho,Ernestina Jordan,"Regular Espresso - 1.50, Large Espresso - 1.80, Regular Frappes - Coffee - 2.75, Regular Frappes - Coffee - 2.75, Regular Speciality Tea - Camomile - 1.30",10.1,CARD,2637124352724387
10/07/2024 10:29,London Soho,Justin Keitel,Large Speciality Tea - Camomile - 1.60,1.6,CARD,3138264438721081
10/07/2024 10:32,London Soho,Theodore Mendez,"Large Espresso - 1.80, Large Frappes - Coffee - 3.25, Regular Espresso - 1.50",6.55,CARD,2567315264413468
10/07/2024 10:34,London Soho,Jarod Bonardi,"Large Espresso - 1.80, Regular Espresso - 1.50",3.3,CARD,3324542344065796
10/07/2024 10:36,London Soho,Alexander Hayes,Large Frappes - Coffee - 3.25,3.25,CASH,
10/07/2024 10:38,London Soho,Johnnie Bartlebaugh,"Regular Espresso - 1.50, Regular Speciality Tea - Camomile - 1.30, Regular Frappes - Coffee - 2.75, Regular Frappes - Coffee - 2.75",8.3,CASH,
10/07/2024 10:40,London Soho,Mike Curd,"Regular Frappes - Coffee - 2.75, Large Speciality Tea - Camomile - 1.60",4.35,CARD,2711192356058863
10/07/2024 10:42,London Soho,Mildred Wells,"Large Frappes - Coffee - 3.25, Regular Espresso - 1.50, Large Speciality Tea - Camomile - 1.60, Regular Frappes - Coffee - 2.75, Large Speciality Tea - Camomile - 1.60, Large Speciality Tea - Camomile - 1.60",12.3,CASH,
10/07/2024 10:44,London Soho,Betty Poulton,"Large Speciality Tea - Camomile - 1.60, Large Espresso - 1.80, Regular Espresso - 1.50, Large Espresso - 1.80, Regular Espresso - 1.50, Regular Espresso - 1.50",9.7,CARD,3788090440410723
10/07/2024 10:46,London Soho,Jo Blake,"Large Espresso - 1.80, Regular Speciality Tea - Camomile - 1.30, Regular Espresso - 1.50",4.6,CASH,
10/07/2024 10:49,London Soho,Ralph Olivares,"Large Speciality Tea - Camomile - 1.60, Regular Espresso - 1.50, Regular Speciality Tea - Camomile - 1.30",4.4,CARD,5486318816605623
10/07/2024 10:51,London Soho,Shannon Leake,"Large Espresso - 1.80, Large Espresso - 1.80",3.6,CARD,1758686182901571
10/07/2024 10:53,London Soho,Jonathan Pettway,"Regular Frappes - Coffee - 2.75, Large Speciality Tea - Camomile - 1.60, Regular Espresso - 1.50",5.85,CASH,
10/07/2024 10:55,London Soho,Joie Big,"Regular Frappes - Coffee - 2.75, Large Frappes - Coffee - 3.25, Regular Frappes - Coffee - 2.75, Regular Frappes - Coffee - 2.75",11.5,CARD,1020848597106803
10/07/2024 10:57,London Soho,Melissa Blanchard,"Regular Speciality Tea - Camomile - 1.30, Regular Espresso - 1.50, Large Speciality Tea - Camomile - 1.60, Regular Speciality Tea - Camomile - 1.30, Large Frappes - Coffee - 3.25",8.95,CARD,5534893759257058
10/07/2024 10:59,London Soho,Peter Carter,"Regular Espresso - 1.50, Large Espresso - 1.80, Regular Frappes - Coffee - 2.75, Large Frappes - Coffee - 3.25, Regular Frappes - Coffee - 2.75",12.05,CARD,5559484887195634
10/07/2024 11:01,London Soho,Katrina Baker,"Regular Speciality Tea - Camomile - 1.30, Large Frappes - Coffee - 3.25, Large Speciality Tea - Camomile - 1.60",6.15,CARD,1603484608114119
10/07/2024 11:13,London Soho,Kim Minihane,"Large Speciality Tea - Camomile - 1.60, Large Speciality Tea - Camomile - 1.60",3.2,CARD,7680198193347369
10/07/2024 11:25,London Soho,George Santiago,"Large Speciality Tea - Camomile - 1.60, Regular Speciality Tea - Camomile - 1.30, Large Espresso - 1.80, Regular Speciality Tea - Camomile - 1.30",6.0,CARD,3627005046160212
10/07/2024 11:37,London Soho,Jeffrey Lucas,"Regular Espresso - 1.50, Large Speciality Tea - Camomile - 1.60",3.1,CARD,1081957758782179
10/07/2024 11:49,London Soho,Frederick Mcnaughton,"Regular Espresso - 1.50, Regular Speciality Tea - Camomile - 1.30",2.8,CARD,4894521192792054
10/07/2024 12:01,London Soho,Christopher Carmody,Large Frappes - Coffee - 3.25,3.25,CASH,
10/07/2024 12:04,London Soho,Dora Whaley,Large Speciality Tea - Camomile - 1.60,1.6,CARD,6082472868943193
10/07/2024 12:06,London Soho,Celia Edwards,"Large Speciality Tea - Camomile - 1.60, Regular Speciality Tea - Camomile - 1.30, Regular Frappes - Coffee - 2.75",5.65,CARD,1208057934995874
10/07/2024 12:08,London Soho,Tiffany Jackson,Regular Speciality Tea - Camomile - 1.30,1.3,CARD,1479434983507892
10/07/2024 12:10,London Soho,Adam Hamilton,"Regular Speciality Tea - Camomile - 1.30, Regular Frappes - Coffee - 2.75, Regular Frappes - Coffee - 2.75",6.8,CASH,
10/07/2024 12:12,London Soho,Glenn Blair,"Regular Speciality Tea - Camomile - 1.30, Regular Speciality Tea - Camomile - 1.30, Large Speciality Tea - Camomile - 1.60",4.2,CARD,8130782327177510
10/07/2024 12:14,London Soho,Barbara Mettler,"Regular Frappes - Coffee - 2.75, Regular Speciality Tea - Camomile - 1.30",4.05,CARD,8677422120040116
10/07/2024 12:16,London Soho,Keith Almy,"Large Speciality Tea - Camomile - 1.60, Large Espresso - 1.80, Large Espresso - 1.80, Large Frappes - Coffee - 3.25, Large Speciality Tea - Camomile - 1.60",10.05,CARD,2641756554422683
10/07/2024 12:18,London Soho,Marilyn Stade,"Regular Speciality Tea - Camomile - 1.30, Regular Speciality Tea - Camomile - 1.30, Regular Espresso - 1.50, Large Speciality Tea - Camomile - 1.60",5.7,CASH,
10/07/2024 12:21,London Soho,Priscilla Jones,"Large Speciality Tea - Camomile - 1.60, Large Espresso - 1.80, Large Espresso - 1.80, Regular Espresso - 1.50",6.7,CARD,5974750716350319
10/07/2024 12:23,London Soho,Kathryn Shutt,"Regular Frappes - Coffee - 2.75, Regular Espresso - 1.50, Large Speciality Tea - Camomile - 1.60",5.85,CARD,1715032857129073
10/07/2024 12:25,London Soho,Brenda White,"Regular Speciality Tea - Camomile - 1.30, Regular Speciality Tea - Camomile - 1.30, Large Espresso - 1.80, Large Speciality Tea - Camomile - 1.60",6.0,CARD,6313355763822740
10/07/2024 12:27,London Soho,George Schnelder,Regular Speciality Tea - Camomile - 1.30,1.3,CARD,4778545342380275
10/07/2024 12:29,London Soho,Eunice Stracke,"Large Speciality Tea - Camomile - 1.60, Large Espresso - 1.80, Regular Speciality Tea - Camomile - 1.30, Regular Speciality Tea - Camomile - 1.30",6.0,CARD,1287343335176332
10/07/2024 12:31,London Soho,Terry Wolff,"Regular Espresso - 1.50, Large Espresso - 1.80",3.3,CARD,3950577884334552
10/07/2024 12:33,London Soho,Diana Saville,Regular Espresso - 1.50,1.5,CASH,
10/07/2024 12:36,London Soho,Lauren Arnold,"Regular Speciality Tea - Camomile - 1.30, Regular Espresso - 1.50, Large Frappes - Coffee - 3.25",6.05,CASH,
10/07/2024 12:38,London Soho,Dianna Parkinson,"Large Speciality Tea - Camomile - 1.60, Large Espresso - 1.80",3.4,CARD,5026174904964538
10/07/2024 12:40,London Soho,Clyde Artiaga,"Regular Frappes - Coffee - 2.75, Large Speciality Tea - Camomile - 1.60",4.35,CASH,
10/07/2024 12:42,London Soho,Theresa Smith,"Regular Frappes - Coffee - 2.75, Large Frappes - Coffee - 3.25, Large Frappes - Coffee - 3.25",9.25,CASH,
10/07/2024 12:44,London Soho,Bess Johnson,Regular Frappes - Coffee - 2.75,2.75,CARD,8602579870991429
10/07/2024 12:46,London Soho,Jan Casler,"Large Espresso - 1.80, Large Frappes - Coffee - 3.25",5.05,CARD,6926878047876092
10/07/2024 12:48,London Soho,Donald Williams,"Regular Frappes - Coffee - 2.75, Regular Frappes - Coffee - 2.75, Regular Speciality Tea - Camomile - 1.30",6.8,CARD,8992900119203504
10/07/2024 12:50,London Soho,Lawrence Koehl,"Large Espresso - 1.80, Large Frappes - Coffee - 3.25, Regular Espresso - 1.50",6.55,CARD,8806708385957121
10/07/2024 12:53,London Soho,Craig Stengle,Large Speciality Tea - Camomile - 1.60,1.6,CASH,
10/07/2024 12:55,London Soho,Richard Kessler,"Large Espresso - 1.80, Large Speciality Tea - Camomile - 1.60",3.4,CARD,6759335187543395
10/07/2024 12:57,London Soho,Barbara Burkins,"Regular Frappes - Coffee - 2.75, Large Espresso - 1.80, Regular Speciality Tea - Camomile - 1.30, Regular Speciality Tea - Camomile - 1.30",7.15,CARD,4999637803146697
10/07/2024 12:59,London Soho,Robin Carter,"Regular Frappes - Coffee - 2.75, Regular Espresso - 1.50, Regular Frappes - Coffee - 2.75, Large Espresso - 1.80",8.8,CASH,
10/07/2024 13:01,London Soho,Tonja Massengale,Regular Frappes - Coffee - 2.75,2.75,CASH,
10/07/2024 13:04,London Soho,Donna Wilkerson,"Regular Espresso - 1.50, Large Frappes - Coffee - 3.25, Large Frappes - Coffee - 3.25, Large Espresso - 1.80",9.8,CARD,8364041429732185
10/07/2024 13:06,London Soho,John Morris,"Regular Frappes - Coffee - 2.75, Regular Espresso - 1.50, Large Frappes - Coffee - 3.25, Large Speciality Tea - Camomile - 1.60, Regular Frappes - Coffee - 2.75",11.85,CARD,8040572165034369
10/07/2024 13:09,London Soho,Steven Farr,"Large Espresso - 1.80, Regular Frappes - Coffee - 2.75, Large Espresso - 1.80, Large Espresso - 1.80",8.15,CARD,7832351434042456
10/07/2024 13:12,London Soho,Trish Lambert,"Large Espresso - 1.80, Large Speciality Tea - Camomile - 1.60, Regular Espresso - 1.50, Large Speciality Tea - Camomile - 1.60",6.5,CASH,
10/07/2024 13:14,London Soho,Elizabeth Hall,"Large Espresso - 1.80, Large Speciality Tea - Camomile - 1.60, Regular Espresso - 1.50, Large Frappes - Coffee - 3.25, Large Frappes - Coffee - 3.25",11.4,CASH,
10/07/2024 13:17,London Soho,Mark Angotti,"Large Frappes - Coffee - 3.25, Regular Espresso - 1.50, Regular Frappes - Coffee - 2.75, Regular Espresso - 1.50, Large Frappes - Coffee - 3.25",12.25,CARD,1331523048615903
10/07/2024 13:19,London Soho,Richard Harrelson,"Large Speciality Tea - Camomile - 1.60, Regular Espresso - 1.50, Large Frappes - Coffee - 3.25, Large Frappes - Coffee - 3.25",9.6,CARD,9290146763676551
10/07/2024 13:22,London Soho,Daryl Mcalister,Regular Speciality Tea - Camomile - 1.30,1.3,CARD,6547519154949990
10/07/2024 13:25,London Soho,Mary Spriggs,"Large Speciality Tea - Camomile - 1.60, Regular Speciality Tea - Camomile - 1.30",2.9,CARD,9231093850086096
10/07/2024 13:27,London Soho,John Burnett,Large Speciality Tea - Camomile - 1.60,1.6,CARD,8715958627943091
10/07/2024 13:30,London Soho,Pedro Mclaughlin,"Regular Frappes - Coffee - 2.75, Regular Frappes - Coffee - 2.75, Regular Speciality Tea - Camomile - 1.30, Large Speciality Tea - Camomile - 1.60, Regular Espresso - 1.50, Regular Espresso - 1.50",11.4,CARD,7461020252397622
10/07/2024 13:32,London Soho,Harold Jenkins,"Large Espresso - 1.80, Regular Frappes - Coffee - 2.75, Regular Speciality Tea - Camomile - 1.30, Large Speciality Tea - Camomile - 1.60",7.45,CASH,
10/07/2024 13:35,London Soho,Pam Hillman,"Regular Espresso - 1.50, Regular Frappes - Coffee - 2.75, Regular Speciality Tea - Camomile - 1.30, Large Frappes - Coffee - 3.25",8.8,CARD,7346644135961355
10/07/2024 13:38,London Soho,Todd Digirolamo,"Regular Espresso - 1.50, Regular Frappes - Coffee - 2.75, Large Speciality Tea - Camomile - 1.60",5.85,CARD,1515928149591140
10/07/2024 13:40,London Soho,Todd Alquisira,"Large Espresso - 1.80, Regular Frappes - Coffee - 2.75, Regular Speciality Tea - Camomile - 1.30, Large Speciality Tea - Camomile - 1.60, Regular Espresso - 1.50",8.95,CARD,6410558334864797
10/07/2024 13:43,London Soho,Rita Pacheco,Large Espresso - 1.80,1.8,CASH,
10/07/2024 13:45,London Soho,Anne Riess,"Large Frappes - Coffee - 3.25, Regular Frappes - Coffee - 2.75, Large Espresso - 1.80, Regular Espresso - 1.50",9.3,CARD,2245124243983176
10/07/2024 13:48,London Soho,Jessie Godine,"Large Espresso - 1.80, Large Speciality Tea - Camomile - 1.60",3.4,CARD,9608652045385651
10/07/2024 13:51,London Soho,Wayne Sanches,Regular Frappes - Coffee - 2.75,2.75,CARD,7804217697574026
10/07/2024 13:53,London Soho,James Allums,"Large Frappes - Coffee - 3.25, Large Frappes - Coffee - 3.25",6.5,CARD,1804586961542135
10/07/2024 13:56,London Soho,Paige Singh,"Large Speciality Tea - Camomile - 1.60, Large Espresso - 1.80, Regular Speciality Tea - Camomile - 1.30",4.7,CARD,4417567244847691
10/07/2024 13:58,London Soho,Theo Thomas,"Regular Espresso - 1.50, Large Frappes - Coffee - 3.25, Large Espresso - 1.80, Regular Speciality Tea - Camomile - 1.30",7.85,CASH,
10/07/2024 14:01,London Soho,Annie Curtiss,Regular Frappes - Coffee - 2.75,2.75,CASH,
10/07/2024 14:02,London Soho,Larry Smith,"Large Speciality Tea - Camomile - 1.60, Regular Speciality Tea - Camomile - 1.30, Regular Speciality Tea - Camomile - 1.30, Regular Speciality Tea - Camomile - 1.30",5.5,CARD,8957390952483214
10/07/2024 14:03,London Soho,Jeremy Garrett,"Large Speciality Tea - Camomile - 1.60, Regular Espresso - 1.50, Large Speciality Tea - Camomile - 1.60, Large Speciality Tea - Camomile - 1.60, Regular Espresso - 1.50, Regular Speciality Tea - Camomile - 1.30",9.1,CARD,2051061457434800
10/07/2024 14:04,London Soho,Melissa Williams,"Regular Espresso - 1.50, Large Espresso - 1.80, Large Espresso - 1.80, Large Speciality Tea - Camomile - 1.60",6.7,CARD,6235697949898056
10/07/2024 14:05,London Soho,Dawn Powell,"Large Espresso - 1.80, Regular Speciality Tea - Camomile - 1.30",3.1,CARD,9395094254069261
10/07/2024 14:05,London Soho,Michele Rivers,"Regular Frappes - Coffee - 2.75, Regular Frappes - Coffee - 2.75",5.5,CARD,8032612401255912
10/07/2024 14:06,London Soho,Albert Lenior,"Large Speciality Tea - Camomile - 1.60, Large Speciality Tea - Camomile - 1.60",3.2,CASH,
10/07/2024 14:07,London Soho,Andrew Whitaker,"Regular Speciality Tea - Camomile - 1.30, Regular Frappes - Coffee - 2.75",4.05,CASH,
10/07/2024 14:08,London Soho,Sondra Flores,"Regular Espresso - 1.50, Large Espresso - 1.80, Regular Espresso - 1.50",4.8,CASH,
10/07/2024 14:09,London Soho,James Rayborn,"Regular Speciality Tea - Camomile - 1.30, Regular Speciality Tea - Camomile - 1.30, Regular Speciality Tea - Camomile - 1.30, Large Frappes - Coffee - 3.25",7.15,CARD,8256167826050493
10/07/2024 14:10,London Soho,Jane Beamon,"Large Frappes - Coffee - 3.25, Regular Frappes - Coffee - 2.75, Large Espresso - 1.80",7.8,CARD,2920660929908313
10/07/2024 14:11,London Soho,Carlos Hobbs,"Large Speciality Tea - Camomile - 1.60, Large Frappes - Coffee - 3.25, Large Frappes - Coffee - 3.25",8.1,CARD,2209936086922130
10/07/2024 14:12,London Soho,Candice Wirkkala,Regular Frappes - Coffee - 2.75,2.75,CARD,3553328444512981
10/07/2024 14:13,London Soho,Adam Varron,"Regular Espresso - 1.50, Regular Speciality Tea - Camomile - 1.30",2.8,CASH,
10/07/2024 14:14,London Soho,Myrtle Shields,Regular Frappes - Coffee - 2.75,2.75,CARD,2558631717003992
10/07/2024 14:15,London Soho,Mary Hanson,"Regular Frappes - Coffee - 2.75, Large Speciality Tea - Camomile - 1.60, Regular Frappes - Coffee - 2.75, Regular Espresso - 1.50",8.6,CASH,
10/07/2024 14:16,London Soho,George Moore,"Regular Speciality Tea - Camomile - 1.30, Regular Espresso - 1.50, Large Frappes - Coffee - 3.25, Large Espresso - 1.80",7.85,CARD,8887733074446478
10/07/2024 14:16,London Soho,William Pinder,Large Espresso - 1.80,1.8,CARD,2332886822157812
10/07/2024 14:17,London Soho,Deborah Warner,"Large Espresso - 1.80, Large Frappes - Coffee - 3.25, Large Espresso - 1.80, Large Speciality Tea - Camomile - 1.60, Regular Speciality Tea - Camomile - 1.30, Large Frappes - Coffee - 3.25",13.0,CASH,
10/07/2024 14:18,London Soho,Andrew Sprague,"Large Frappes - Coffee - 3.25, Regular Espresso - 1.50",4.75,CARD,5357885599803030
10/07/2024 14:19,London Soho,Debra Rosado,"Large Frappes - Coffee - 3.25, Regular Speciality Tea - Camomile - 1.30",4.55,CARD,3177768442766936
10/07/2024 14:20,London Soho,Joyce Day,"Regular Espresso - 1.50, Large Espresso - 1.80, Regular Speciality Tea - Camomile - 1.30, Large Espresso - 1.80, Large Frappes - Coffee - 3.25, Large Frappes - Coffee - 3.25",12.9,CARD,9261934654290294
10/07/2024 14:21,London Soho,Stephanie Courtney,Regular Speciality Tea - Camomile - 1.30,1.3,CARD,2516051111778448
10/07/2024 14:22,London Soho,Elizabeth Schmidt,"Regular Espresso - 1.50, Large Speciality Tea - Camomile - 1.60, Large Frappes - Coffee - 3.25, Regular Speciality Tea - Camomile - 1.30, Regular Espresso - 1.50",9.15,CARD,3156203866669951
10/07/2024 14:23,London Soho,Joanne Leone,"Large Espresso - 1.80, Regular Speciality Tea - Camomile - 1.30, Large Frappes - Coffee - 3.25, Regular Frappes - Coffee - 2.75, Regular Frappes - Coffee - 2.75",11.85,CARD,4195600618422325
10/07/2024 14:24,London Soho,Sean Modlin,"Large Espresso - 1.80, Large Speciality Tea - Camomile - 1.60, Large Speciality Tea - Camomile - 1.60, Large Frappes - Coffee - 3.25, Large Speciality Tea - Camomile - 1.60",9.85,CARD,3144583931360655
10/07/2024 14:25,London Soho,Roy Ames,"Regular Frappes - Coffee - 2.75, Large Espresso - 1.80",4.55,CARD,8304681802676356
10/07/2024 14:26,London Soho,Roland Hernandez,Large Espresso - 1.80,1.8,CARD,5214414583421793
10/07/2024 14:27,London Soho,Lynn Singleton,"Large Espresso - 1.80, Regular Espresso - 1.50",3.3,CASH,
10/07/2024 14:27,London Soho,Karen Blodgett,Large Espresso - 1.80,1.8,CARD,6867770000996597
10/07/2024 14:28,London Soho,Cynthia Gore,Regular Speciality Tea - Camomile - 1.30,1.3,CARD,8396077022469806
10/07/2024 14:29,London Soho,Janet Traficante,"Large Speciality Tea - Camomile - 1.60, Large Speciality Tea - Camomile - 1.60",3.2,CASH,
10/07/2024 14:30,London Soho,Lance Bearden,Large Speciality Tea - Camomile - 1.60,1.6,CASH,
10/07/2024 14:31,London Soho,John Germany,"Large Speciality Tea - Camomile - 1.60, Regular Speciality Tea - Camomile - 1.30, Large Frappes - Coffee - 3.25",6.15,CARD,3108015184623662
10/07/2024 14:32,London Soho,Rhonda Sultan,"Regular Speciality Tea - Camomile - 1.30, Large Espresso - 1.80",3.1,CARD,2508462674003436
10/07/2024 14:33,London Soho,Crystal Godfrey,"Large Frappes - Coffee - 3.25, Large Frappes - Coffee - 3.25, Large Espresso - 1.80, Large Espresso - 1.80",10.1,CARD,4533310001702726
10/07/2024 14:34,London Soho,Christina Herrera,"Regular Frappes - Coffee - 2.75, Large Speciality Tea - Camomile - 1.60, Large Speciality Tea - Camomile - 1.60, Regular Espresso - 1.50, Large Speciality Tea - Camomile - 1.60",9.05,CARD,8383388161102727
10/07/2024 14:35,London Soho,Donald Peoples,Regular Frappes - Coffee - 2.75,2.75,CASH,
10/07/2024 14:36,London Soho,Margarita James,"Regular Speciality Tea - Camomile - 1.30, Large Espresso - 1.80",3.1,CARD,8752248088055193
10/07/2024 14:37,London Soho,Therese Transou,"Large Speciality Tea - Camomile - 1.60, Large Espresso - 1.80",3.4,CARD,5338413842346472
10/07/2024 14:38,London Soho,Joan Balder,"Regular Frappes - Coffee - 2.75, Regular Espresso - 1.50, Large Frappes - Coffee - 3.25, Regular Espresso - 1.50",9.0,CARD,6034517173336204
10/07/2024 14:38,London Soho,Kelsie Brieno,Regular Speciality Tea - Camomile - 1.30,1.3,CARD,2958595276589746
10/07/2024 14:39,London Soho,Stephanie Davidson,"Large Espresso - 1.80, Large Espresso - 1.80",3.6,CARD,2867246677295218
10/07/2024 14:40,London Soho,Joseph Fleming,"Regular Speciality Tea - Camomile - 1.30, Regular Frappes - Coffee - 2.75",4.05,CASH,
10/07/2024 14:41,London Soho,Anne Asuncion,"Regular Espresso - 1.50, Large Speciality Tea - Camomile - 1.60, Regular Espresso - 1.50, Large Frappes - Coffee - 3.25, Large Frappes - Coffee - 3.25, Regular Frappes - Coffee - 2.75",13.85,CASH,
10/07/2024 14:42,London Soho,Joseph Sears,"Regular Espresso - 1.50, Regular Speciality Tea - Camomile - 1.30, Large Frappes - Coffee - 3.25, Large Frappes - Coffee - 3.25",9.3,CARD,7410160156195813
10/07/2024 14:43,London Soho,Ian Eslinger,"Large Speciality Tea - Camomile - 1.60, Large Frappes - Coffee - 3.25, Regular Espresso - 1.50, Large Speciality Tea - Camomile - 1.60",7.95,CASH,
10/07/2024 14:44,London Soho,Ruth Harrell,Regular Speciality Tea - Camomile - 1.30,1.3,CARD,4695091089813963
10/07/2024 14:45,London Soho,Richard Crider,"Regular Speciality Tea - Camomile - 1.30, Large Espresso - 1.80, Regular Speciality Tea - Camomile - 1.30",4.4,CARD,3808458396355297
10/07/2024 14:46,London Soho,Lynette Melgoza,"Large Speciality Tea - Camomile - 1.60, Regular Frappes - Coffee - 2.75, Large Frappes - Coffee - 3.25",7.6,CARD,2986031111785677
10/07/2024 14:47,London Soho,Wendell Evans,"Regular Frappes - Coffee - 2.75, Large Espresso - 1.80, Large Frappes - Coffee - 3.25, Regular Espresso - 1.50, Large Frappes - Coffee - 3.25",12.55,CARD,7259280063627469
10/07/2024 14:48,London Soho,Danna Banks,"Regular Frappes - Coffee - 2.75, Regular Espresso - 1.50, Large Espresso - 1.80",6.05,CARD,1256924083400517
10/07/2024 14:49,London Soho,Aline Sauter,"Regular Speciality Tea - Camomile - 1.30, Large Espresso - 1.80, Regular Speciality Tea - Camomile - 1.30, Large Frappes - Coffee - 3.25, Regular Espresso - 1.50",9.15,CARD,1704714403854322
10/07/2024 14:49,London Soho,Marissa Thomas,"Large Espresso - 1.80, Regular Frappes - Coffee - 2.75",4.55,CARD,8609550562946159
10/07/2024 14:50,London Soho,Gerardo Dunford,Regular Speciality Tea - Camomile - 1.30,1.3,CARD,9929545389795725
10/07/2024 14:51,London Soho,Keith Nealy,"Large Espresso - 1.80, Regular Speciality Tea - Camomile - 1.30",3.1,CARD,2331698015532586
10/07/2024 14:52,London Soho,Michele Neilson,"Large Frappes - Coffee - 3.25, Large Espresso - 1.80, Regular Speciality Tea - Camomile - 1.30, Large Frappes - Coffee - 3.25",9.6,CARD,8672048649083832
10/07/2024 14:53,London Soho,Marjorie Aguirre,Large Frappes - Coffee - 3.25,3.25,CASH,
10/07/2024 14:54,London Soho,Pedro Phillips,"Regular Espresso - 1.50, Large Espresso - 1.80, Regular Frappes - Coffee - 2.75, Regular Espresso - 1.50, Regular Espresso - 1.50",9.05,CARD,9139396957515974
10/07/2024 14:55,London Soho,Erin Dollard,"Regular Speciality Tea - Camomile - 1.30, Regular Speciality Tea - Camomile - 1.30, Large Espresso - 1.80, Large Frappes - Coffee - 3.25",7.65,CARD,6573637421209484
10/07/2024 14:56,London Soho,Ginger Prieto,Regular Frappes - Coffee - 2.75,2.75,CARD,5623321443773983
10/07/2024 14:57,London Soho,Concepcion Lobo,"Regular Speciality Tea - Camomile - 1.30, Large Espresso - 1.80",3.1,CARD,4550242894647928
10/07/2024 14:58,London Soho,Gregory Short,"Large Speciality Tea - Camomile - 1.60, Large Espresso - 1.80, Regular Speciality Tea - Camomile - 1.30, Regular Espresso - 1.50, Regular Speciality Tea - Camomile - 1.30",7.5,CASH,
10/07/2024 14:59,London Soho,Stanley Haley,"Large Speciality Tea - Camomile - 1.60, Regular Espresso - 1.50",3.1,CARD,3509147980077088
10/07/2024 15:00,London Soho,Garry Isaac,"Regular Espresso - 1.50, Regular Speciality Tea - Camomile - 1.30",2.8,CASH,
10/07/2024 15:02,London Soho,Nell Bookman,"Regular Frappes - Coffee - 2.75, Large Frappes - Coffee - 3.25, Large Espresso - 1.80, Regular Speciality Tea - Camomile - 1.30",9.1,CARD,8641287738774335
10/07/2024 15:04,London Soho,Robert Perez,"Large Espresso - 1.80, Regular Espresso - 1.50",3.3,CASH,
10/07/2024 15:06,London Soho,Daniel Olson,"Large Speciality Tea - Camomile - 1.60, Large Speciality Tea - Camomile - 1.60, Large Frappes - Coffee - 3.25, Large Espresso - 1.80",8.25,CASH,
10/07/2024 15:09,London Soho,Luz Chan,"Regular Espresso - 1.50, Regular Speciality Tea - Camomile - 1.30",2.8,CARD,3937227857794971
10/07/2024 15:11,London Soho,Nathan Menard,"Regular Speciality Tea - Camomile - 1.30, Large Espresso - 1.80",3.1,CARD,9131015005931389
10/07/2024 15:13,London Soho,Donald Gray,"Regular Espresso - 1.50, Regular Espresso - 1.50",3.0,CARD,6567722267586547
10/07/2024 15:16,London Soho,Jorge Ribble,"Regular Speciality Tea - Camomile - 1.30, Large Espresso - 1.80",3.1,CARD,3737878832011562
10/07/2024 15:18,London Soho,Joseph Morales,"Large Speciality Tea - Camomile - 1.60, Large Speciality Tea - Camomile - 1.60, Regular Espresso - 1.50",4.7,CASH,
10/07/2024 15:20,London Soho,Shawn Early,"Large Espresso - 1.80, Regular Frappes - Coffee - 2.75, Regular Espresso - 1.50, Large Speciality Tea - Camomile - 1.60",7.65,CARD,5198740179870009
10/07/2024 15:23,London Soho,Joseph Chancey,Regular Speciality Tea - Camomile - 1.30,1.3,CARD,3020694045987113
10/07/2024 15:25,London Soho,Susan Meyer,"Large Speciality Tea - Camomile - 1.60, Large Frappes - Coffee - 3.25",4.85,CARD,8925396181005403
10/07/2024 15:27,London Soho,Andre Miller,"Regular Speciality Tea - Camomile - 1.30, Large Speciality Tea - Camomile - 1.60",2.9,CARD,6148969855357352
10/07/2024 15:29,London Soho,Shira Robertson,"Regular Espresso - 1.50, Large Espresso - 1.80, Large Frappes - Coffee - 3.25, Regular Speciality Tea - Camomile - 1.30",7.85,CASH,
10/07/2024 15:32,London Soho,Ester Mcdaniel,"Regular Espresso - 1.50, Large Speciality Tea - Camomile - 1.60, Large Frappes - Coffee - 3.25",6.35,CARD,3780878678408887
10/07/2024 15:34,London Soho,Karen Hunt,"Large Frappes - Coffee - 3.25, Large Espresso - 1.80, Regular Frappes - Coffee - 2.75",7.8,CARD,6734182695373635
10/07/2024 15:36,London Soho,Alberta Kinsey,"Large Frappes - Coffee - 3.25, Large Speciality Tea - Camomile - 1.60, Regular Speciality Tea - Camomile - 1.30, Large Frappes - Coffee - 3.25, Regular Frappes - Coffee - 2.75, Large Speciality Tea - Camomile - 1.60",13.75,CARD,3755979046172490
10/07/2024 15:39,London Soho,Willa Sorrentino,"Large Espresso - 1.80, Large Speciality Tea - Camomile - 1.60, Large Speciality Tea - Camomile - 1.60",5.0,CARD,8977176028368884
10/07/2024 15:41,London Soho,Justin Dawson,"Large Frappes - Coffee - 3.25, Large Speciality Tea - Camomile - 1.60, Regular Frappes - Coffee - 2.75",7.6,CARD,4508554882963524
10/07/2024 15:43,London Soho,Malisa Banner,"Regular Speciality Tea - Camomile - 1.30, Large Espresso - 1.80, Regular Frappes - Coffee - 2.75, Large Frappes - Coffee - 3.25, Regular Speciality Tea - Camomile - 1.30, Regular Speciality Tea - Camomile - 1.30",11.7,CARD,4496748697926852
10/07/2024 15:46,London Soho,Karen Mininger,"Regular Espresso - 1.50, Large Espresso - 1.80, Regular Speciality Tea - Camomile - 1.30, Regular Espresso - 1.50",6.1,CARD,8216083939797575
10/07/2024 15:48,London Soho,Jessica Fuqua,"Large Speciality Tea - Camomile - 1.60, Large Espresso - 1.80, Regular Speciality Tea - Camomile - 1.30",4.7,CARD,7193664774382432
10/07/2024 15:50,London Soho,Merlyn Guttirez,Regular Frappes - Coffee - 2.75,2.75,CARD,1165337146944342
10/07/2024 15:52,London Soho,Larry Quelette,"Regular Frappes - Coffee - 2.75, Regular Frappes - Coffee - 2.75, Regular Speciality Tea - Camomile - 1.30, Large Speciality Tea - Camomile - 1.60, Large Frappes - Coffee - 3.25",11.65,CARD,1058775904366212
10/07/2024 15:55,London Soho,Cheryl Arias,Large Frappes - Coffee - 3.25,3.25,CASH,
10/07/2024 15:57,London Soho,Ashley Olsen,Large Speciality Tea - Camomile - 1.60,1.6,CARD,9836904107508524
10/07/2024 15:59,London Soho,Gerry Davenport,"Regular Speciality Tea - Camomile - 1.30, Regular Espresso - 1.50",2.8,CARD,5109060272911950
10/07/2024 16:02,London Soho,Robert Williams,"Large Frappes - Coffee - 3.25, Large Speciality Tea - Camomile - 1.60, Regular Espresso - 1.50",6.35,CARD,3072239933632638
10/07/2024 16:04,London Soho,Patti Carbaugh,"Regular Speciality Tea - Camomile - 1.30, Large Frappes - Coffee - 3.25, Regular Speciality Tea - Camomile - 1.30, Regular Frappes - Coffee - 2.75",8.6,CARD,6653259671361648
10/07/2024 16:06,London Soho,Sheldon Manzi,"Regular Espresso - 1.50, Large Espresso - 1.80, Large Espresso - 1.80, Large Frappes - Coffee - 3.25",8.35,CASH,
10/07/2024 16:09,London Soho,Ken Castillo,Large Espresso - 1.80,1.8,CARD,5033399731367409
10/07/2024 16:11,London Soho,Michael Robinson,"Regular Espresso - 1.50, Regular Speciality Tea - Camomile - 1.30, Regular Frappes - Coffee - 2.75, Regular Frappes - Coffee - 2.75, Large Speciality Tea - Camomile - 1.60",9.9,CASH,
10/07/2024 16:13,London Soho,Patricia Koester,Regular Frappes - Coffee - 2.75,2.75,CARD,3836478348357820
10/07/2024 16:15,London Soho,Macy Castellanos,Regular Speciality Tea - Camomile - 1.30,1.3,CASH,
10/07/2024 16:18,London Soho,Margaret Ballard,Large Speciality Tea - Camomile - 1.60,1.6,CARD,2947877211803186
10/07/2024 16:20,London Soho,John Davino,Regular Frappes - Coffee - 2.75,2.75,CARD,9444303499691225
10/07/2024 16:22,London Soho,Luis Rael,"Regular Espresso - 1.50, Regular Frappes - Coffee - 2.75, Large Espresso - 1.80, Large Frappes - Coffee - 3.25, Large Espresso - 1.80",11.1,CARD,7109088879935411
10/07/2024 16:25,London Soho,James Sandiford,"Regular Speciality Tea - Camomile - 1.30, Regular Speciality Tea - Camomile - 1.30, Regular Frappes - Coffee - 2.75",5.35,CASH,
10/07/2024 16:27,London Soho,Robert Lopez,"Regular Espresso - 1.50, Large Speciality Tea - Camomile - 1.60, Regular Speciality Tea - Camomile - 1.30, Large Speciality Tea - Camomile - 1.60",6.0,CARD,4017041888713738
10/07/2024 16:29,London Soho,Joanne Wells,Large Speciality Tea - Camomile - 1.60,1.6,CARD,4976388006734796
10/07/2024 16:32,London Soho,Heather Howard,Large Espresso - 1.80,1.8,CARD,6540806156914596
10/07/2024 16:34,London Soho,Clifford Delancey,Large Speciality Tea - Camomile - 1.60,1.6,CARD,9754217394011150
10/07/2024 16:36,London Soho,Michael Conover,"Regular Frappes - Coffee - 2.75, Regular Espresso - 1.50",4.25,CASH,
10/07/2024 16:38,London Soho,Amalia Mcdonald,Large Espresso - 1.80,1.8,CARD,5799118782462636
10/07/2024 16:41,London Soho,Ben Pittman,Regular Speciality Tea - Camomile - 1.30,1.3,CARD,3031276097929302
10/07/2024 16:43,London Soho,Monica Freyermuth,"Large Espresso - 1.80, Large Speciality Tea - Camomile - 1.60, Regular Espresso - 1.50",4.9,CARD,1293460546112802
10/07/2024 16:45,London Soho,Patricia Taylor,Regular Speciality Tea - Camomile - 1.30,1.3,CARD,9033332770862321
10/07/2024 16:48,London Soho,Bernice Jenkins,"Regular Espresso - 1.50, Regular Espresso - 1.50",3.0,CARD,1871843329065769
10/07/2024 16:50,London Soho,Debra Priddy,"Large Speciality Tea - Camomile - 1.60, Regular Espresso - 1.50",3.1,CARD,7964022496105684
10/07/2024 16:52,London Soho,Pamela Myers,"Regular Espresso - 1.50, Regular Frappes - Coffee - 2.75",4.25,CARD,3054954745587462
10/07/2024 16:55,London Soho,Claire Ahlstrom,Regular Espresso - 1.50,1.5,CASH,
10/07/2024 16:57,London Soho,Jose Nardini,"Large Espresso - 1.80, Large Speciality Tea - Camomile - 1.60, Regular Frappes - Coffee - 2.75, Regular Frappes - Coffee - 2.75, Large Espresso - 1.80",10.7,CARD,4798449498476115
10/07/2024 16:59,London Soho,Andrew Parikh,"Large Speciality Tea - Camomile - 1.60, Regular Speciality Tea - Camomile - 1.30, Regular Speciality Tea - Camomile - 1.30",4.2,CASH,
