10/07/2024 09:00,London Piccadilly,Bernice Head,"Large Speciality Tea - Peppermint - 1.60, Large Flavoured latte - Hazelnut - 2.85, Large Flavoured hot chocolate - Vanilla - 2.90, Regular Flavoured hot chocolate - Vanilla - 2.60, Regular Flavoured iced latte - Vanilla - 2.75",12.7,CARD,5903099733523926
10/07/2024 09:04,London Piccadilly,Mary Rosenthal,Regular Cortado - 2.05,2.05,CARD,3578198298465743
10/07/2024 09:08,London Piccadilly,Thomas Huguley,"Large Smoothies - Carrot Kick - 2.50, Large Iced latte - 2.85, Regular Iced latte - 2.35",7.7,CASH,
10/07/2024 09:12,London Piccadilly,John James,Large Iced latte - 2.85,2.85,CARD,4650212845524332
10/07/2024 09:17,London Piccadilly,Michael Keys,Regular Flavoured latte - Hazelnut - 2.55,2.55,CARD,9687479576609311
10/07/2024 09:21,London Piccadilly,Heather Chester,"Large Flavoured iced latte - Vanilla - 3.25, Regular Flavoured iced latte - Vanilla - 2.75, Large Iced latte - 2.85, Large Speciality Tea - Peppermint - 1.60",10.45,CARD,1610874464617576
10/07/2024 09:25,London Piccadilly,Mary Wong,"Regular Flavoured iced latte - Caramel - 2.75, Regular Flavoured iced latte - Vanilla - 2.75, Large Flavoured latte - Hazelnut - 2.85, Large Smoothies - Carrot Kick - 2.50, Regular Cortado - 2.05",12.9,CASH,
10/07/2024 09:29,London Piccadilly,Elaine Knotts,"Regular Speciality Tea - Peppermint - 1.30, Regular Iced latte - 2.35, Large Flavoured iced latte - Caramel - 3.25, Regular Iced latte - 2.35",9.25,CASH,
10/07/2024 09:34,London Piccadilly,Anna Drown,"Regular Iced latte - 2.35, Large Flavoured hot chocolate - Vanilla - 2.90",5.25,CASH,
10/07/2024 09:38,London Piccadilly,Amanda Porter,Large Flavoured iced latte - Caramel - 3.25,3.25,CARD,4081529361991220
10/07/2024 09:42,London Piccadilly,Michelle Laumbach,"Regular Iced latte - 2.35, Regular Flavoured iced latte - Caramel - 2.75, Large Smoothies - Carrot Kick - 2.50, Large Flavoured latte - Hazelnut - 2.85",10.45,CASH,
10/07/2024 09:47,London Piccadilly,Doris Mcelroy,Large Cortado - 2.35,2.35,CARD,1419364537159383
10/07/2024 09:51,London Piccadilly,Carole Wright,"Large Speciality Tea - Peppermint - 1.60, Large Iced latte - 2.85, Large Flavoured iced latte - Caramel - 3.25",7.7,CARD,4735249381946017
10/07/2024 09:55,London Piccadilly,Elizabeth Harris,"Large Flavoured latte - Hazelnut - 2.85, Regular Flavoured hot chocolate - Vanilla - 2.60",5.45,CASH,
10/07/2024 09:59,London Piccadilly,Henry Anderson,"Large Flavoured iced latte - Caramel - 3.25, Large Flavoured hot chocolate - Vanilla - 2.90",6.15,CARD,3521494995339539
10/07/2024 10:04,London Piccadilly,Judith Axtell,"Large Cortado - 2.35, Regular Flavoured latte - Hazelnut - 2.55",4.9,CARD,2253260242736522
10/07/2024 10:05,London Piccadilly,Seth Cameron,"Large Iced latte - 2.85, Regular Smoothies - Carrot Kick - 2.00",4.85,CARD,4314164152198765
10/07/2024 10:06,London Piccadilly,Paula Jackson,Regular Smoothies - Carrot Kick - 2.00,2.0,CARD,1767162198615393
10/07/2024 10:07,London Piccadilly,Bethany Smittle,"Large Iced latte - 2.85, Large Cortado - 2.35, Large Smoothies - Carrot Kick - 2.50, Large Iced latte - 2.85",10.55,CARD,6127602244813738
10/07/2024 10:08,London Piccadilly,Laurence Guerin,"Large Cortado - 2.35, Regular Iced latte - 2.35, Large Cortado - 2.35, Large Flavoured iced latte - Caramel - 3.25",10.3,CASH,
10/07/2024 10:09,London Piccadilly,Shaun Suggs,"Regular Flavoured iced latte - Caramel - 2.75, Regular Flavoured iced latte - Caramel - 2.75, Large Cortado - 2.35",7.85,CARD,4657667971894808
10/07/2024 10:11,London Piccadilly,Anne Mccarthy,"Large Speciality Tea - Peppermint - 1.60, Large Iced latte - 2.85, Regular Speciality Tea - Peppermint - 1.30",5.75,CARD,6285585739558551
10/07/2024 10:12,London Piccadilly,Connie Robertson,"Regular Flavoured iced latte - Caramel - 2.75, Regular Flavoured latte - Hazelnut - 2.55, Regular Cortado - 2.05",7.35,CARD,7439778316048234
10/07/2024 10:13,London Piccadilly,Henry Tucker,"Large Iced latte - 2.85, Large Flavoured iced latte - Caramel - 3.25, Large Flavoured hot chocolate - Vanilla - 2.90, Regular Flavoured iced latte - Caramel - 2.75, Large Smoothies - Carrot Kick - 2.50",14.25,CASH,
10/07/2024 10:14,London Piccadilly,Sylvia Finley,"Regular Flavoured iced latte - Caramel - 2.75, Large Flavoured iced latte - Vanilla - 3.25, Regular Iced latte - 2.35",8.35,CARD,2228465613933605
10/07/2024 10:15,London Piccadilly,Daniel Schmidt,"Regular Flavoured iced latte - Vanilla - 2.75, Large Smoothies - Carrot Kick - 2.50, Large Iced latte - 2.85, Large Flavoured iced latte - Vanilla - 3.25, Regular Smoothies - Carrot Kick - 2.00",13.35,CASH,
10/07/2024 10:16,London Piccadilly,Ronald Simmons,"Large Iced latte - 2.85, Regular Iced latte - 2.35, Regular Flavoured iced latte - Caramel - 2.75, Large Flavoured latte - Hazelnut - 2.85",10.8,CARD,9891007959875232
10/07/2024 10:17,London Piccadilly,Ann Chan,Large Speciality Tea - Peppermint - 1.60,1.6,CARD,6859970794936513
10/07/2024 10:18,London Piccadilly,Kyong Daniels,"Regular Speciality Tea - Peppermint - 1.30, Large Flavoured iced latte - Caramel - 3.25",4.55,CARD,4301703844789007
10/07/2024 10:20,London Piccadilly,Roger Grabner,Large Cortado - 2.35,2.35,CARD,3690905537245893
10/07/2024 10:21,London Piccadilly,Nellie Gilbert,"Regular Flavoured iced latte - Vanilla - 2.75, Regular Smoothies - Carrot Kick - 2.00, Regular Flavoured iced latte - Caramel - 2.75",7.5,CARD,7699365925543453
10/07/2024 10:22,London Piccadilly,Jena Buck,Large Flavoured latte - Hazelnut - 2.85,2.85,CARD,4625158003805704
10/07/2024 10:23,London Piccadilly,Stephen Myers,"Regular Flavoured hot chocolate - Vanilla - 2.60, Regular Flavoured iced latte - Vanilla - 2.75, Large Flavoured iced latte - Caramel - 3.25",8.6,CARD,9201763793306700
10/07/2024 10:24,London Piccadilly,Bobby Caskey,"Large Flavoured iced latte - Caramel - 3.25, Regular Flavoured iced latte - Caramel - 2.75, Large Flavoured iced latte - Caramel - 3.25",9.25,CARD,4874552393430291
10/07/2024 10:25,London Piccadilly,Armando Tolbert,"Regular Flavoured iced latte - Vanilla - 2.75, Regular Speciality Tea - Peppermint - 1.30, Regular Smoothies - Carrot Kick - 2.00",6.05,CASH,
10/07/2024 10:26,London Piccadilly,Rodney Tomita,"Large Smoothies - Carrot Kick - 2.50, Large Flavoured hot chocolate - Vanilla - 2.90",5.4,CARD,1234072811145577
10/07/2024 10:27,London Piccadilly,Gregory Gonzales,"Large Flavoured iced latte - Caramel - 3.25, Regular Flavoured iced latte - Caramel - 2.75, Regular Flavoured iced latte - Caramel - 2.75",8.75,CARD,3298261590830640
10/07/2024 10:29,London Piccadilly,Minnie Bosak,"Large Iced latte - 2.85, Regular Flavoured iced latte - Vanilla - 2.75, Large Speciality Tea - Peppermint - 1.60",7.2,CARD,2587818425714811
10/07/2024 10:30,London Piccadilly,John Fentress,"Large Flavoured hot chocolate - Vanilla - 2.90, Regular Speciality Tea - Peppermint - 1.30, Large Iced latte - 2.85, Large Iced latte - 2.85, Regular Flavoured iced latte - Vanilla - 2.75",12.65,CARD,9044378751009959
10/07/2024 10:31,London Piccadilly,Mary Davis,"Large Speciality Tea - Peppermint - 1.60, Large Flavoured latte - Hazelnut - 2.85, Large Flavoured iced latte - Caramel - 3.25, Large Flavoured iced latte - Caramel - 3.25, Regular Flavoured iced latte - Caramel - 2.75",13.7,CARD,9733572489923100
10/07/2024 10:32,London Piccadilly,Jill Wilson,"Large Iced latte - 2.85, Large Flavoured iced latte - Vanilla - 3.25",6.1,CARD,8993038415334086
10/07/2024 10:33,London Piccadilly,James White,"Regular Flavoured iced latte - Caramel - 2.75, Large Flavoured latte - Hazelnut - 2.85, Regular Flavoured iced latte - Vanilla - 2.75, Large Flavoured iced latte - Vanilla - 3.25",11.6,CASH,
10/07/2024 10:34,London Piccadilly,Marcel Lynch,"Large Flavoured iced latte - Caramel - 3.25, Regular Cortado - 2.05, Large Iced latte - 2.85",8.15,CARD,7599432624841365
10/07/2024 10:35,London Piccadilly,Kelvin Cortes,Regular Flavoured iced latte - Vanilla - 2.75,2.75,CARD,7949800071166851
10/07/2024 10:37,London Piccadilly,Pauline Dobkowski,"Regular Smoothies - Carrot Kick - 2.00, Regular Flavoured latte - Hazelnut - 2.55, Large Flavoured iced latte - Caramel - 3.25",7.8,CARD,1315681665895214
10/07/2024 10:38,London Piccadilly,Delores Pryor,Large Iced latte - 2.85,2.85,CARD,1724607829916713
10/07/2024 10:39,London Piccadilly,Stephen Cockrell,"Regular Flavoured latte - Hazelnut - 2.55, Regular Iced latte - 2.35, Large Flavoured iced latte - Vanilla - 3.25, Large Flavoured latte - Hazelnut - 2.85",11.0,CARD,3310092122321051
10/07/2024 10:40,London Piccadilly,Dayna Chiquito,Large Cortado - 2.35,2.35,CASH,
10/07/2024 10:41,London Piccadilly,Candice Andersen,"Large Cortado - 2.35, Large Flavoured iced latte - Vanilla - 3.25",5.6,CARD,5621910299757333
10/07/2024 10:42,London Piccadilly,Barbara Williams,"Regular Flavoured latte - Hazelnut - 2.55, Large Flavoured latte - Hazelnut - 2.85, Large Iced latte - 2.85, Large Flavoured iced latte - Caramel - 3.25, Large Speciality Tea - Peppermint - 1.60",13.1,CASH,
10/07/2024 10:43,London Piccadilly,Nicole Morris,"Large Iced latte - 2.85, Regular Speciality Tea - Peppermint - 1.30",4.15,CASH,
10/07/2024 10:44,London Piccadilly,Shelby Carbaugh,"Large Smoothies - Carrot Kick - 2.50, Large Flavoured latte - Hazelnut - 2.85, Regular Flavoured iced latte - Caramel - 2.75, Regular Speciality Tea - Peppermint - 1.30, Regular Flavoured latte - Hazelnut - 2.55, Large Flavoured iced latte - Vanilla - 3.25",15.2,CARD,8988804715710052
10/07/2024 10:46,London Piccadilly,Curtis Yates,"Regular Speciality Tea - Peppermint - 1.30, Large Flavoured latte - Hazelnut - 2.85",4.15,CARD,2695471468209874
10/07/2024 10:47,London Piccadilly,Thomas Gilman,"Large Flavoured hot chocolate - Vanilla - 2.90, Large Flavoured iced latte - Vanilla - 3.25, Large Smoothies - Carrot Kick - 2.50",8.65,CASH,
10/07/2024 10:48,London Piccadilly,Shari Stults,"Regular Flavoured hot chocolate - Vanilla - 2.60, Regular Speciality Tea - Peppermint - 1.30",3.9,CASH,
10/07/2024 10:49,London Piccadilly,Geraldine Millett,"Regular Flavoured iced latte - Vanilla - 2.75, Large Iced latte - 2.85, Regular Speciality Tea - Peppermint - 1.30",6.9,CARD,7592823153629298
10/07/2024 10:50,London Piccadilly,Alejandro Sigala,"Regular Smoothies - Carrot Kick - 2.00, Regular Smoothies - Carrot Kick - 2.00, Regular Smoothies - Carrot Kick - 2.00",6.0,CARD,1324996950010146
10/07/2024 10:51,London Piccadilly,Cheryl Hodge,"Large Flavoured iced latte - Vanilla - 3.25, Regular Cortado - 2.05",5.3,CASH,
10/07/2024 10:52,London Piccadilly,Lisa Tang,Large Flavoured iced latte - Vanilla - 3.25,3.25,CARD,4705310650017011
10/07/2024 10:53,London Piccadilly,Carol Bullock,Large Flavoured iced latte - Caramel - 3.25,3.25,CASH,
10/07/2024 10:55,London Piccadilly,Gladys Cuzco,"Large Smoothies - Carrot Kick - 2.50, Large Flavoured latte - Hazelnut - 2.85, Large Speciality Tea - Peppermint - 1.60",6.95,CASH,
10/07/2024 10:56,London Piccadilly,Kathryn Xiong,"Regular Flavoured latte - Hazelnut - 2.55, Regular Speciality Tea - Peppermint - 1.30, Regular Cortado - 2.05",5.9,CARD,5280633402048179
10/07/2024 10:57,London Piccadilly,Charlene Walton,Regular Flavoured iced latte - Vanilla - 2.75,2.75,CASH,
10/07/2024 10:58,London Piccadilly,Joseph Dupree,"Large Iced latte - 2.85, Regular Flavoured iced latte - Vanilla - 2.75, Large Flavoured iced latte - Vanilla - 3.25, Large Flavoured latte - Hazelnut - 2.85",11.7,CARD,9914958392768890
10/07/2024 10:59,London Piccadilly,Alicia Spradlin,"Large Iced latte - 2.85, Regular Iced latte - 2.35, Regular Cortado - 2.05, Large Iced latte - 2.85",10.1,CARD,3044842236680483
10/07/2024 11:00,London Piccadilly,Gabriel Kaylor,"Regular Flavoured latte - Hazelnut - 2.55, Large Flavoured latte - Hazelnut - 2.85, Regular Flavoured iced latte - Vanilla - 2.75",8.15,CARD,9245265292252435
10/07/2024 11:12,London Piccadilly,Thelma Joyner,"Regular Flavoured iced latte - Vanilla - 2.75, Large Flavoured iced latte - Caramel - 3.25, Large Flavoured iced latte - Vanilla - 3.25",9.25,CARD,6802996645197181
10/07/2024 11:24,London Piccadilly,Richard Tompkins,"Large Speciality Tea - Peppermint - 1.60, Large Speciality Tea - Peppermint - 1.60, Large Iced latte - 2.85, Large Flavoured latte - Hazelnut - 2.85, Regular Speciality Tea - Peppermint - 1.30",10.2,CARD,5213059390061767
10/07/2024 11:36,London Piccadilly,Joan Smith,"Large Flavoured iced latte - Vanilla - 3.25, Large Smoothies - Carrot Kick - 2.50, Regular Iced latte - 2.35, Regular Flavoured iced latte - Caramel - 2.75",10.85,CARD,9052513350830709
10/07/2024 11:48,London Piccadilly,Shelly Eckard,"Regular Smoothies - Carrot Kick - 2.00, Regular Iced latte - 2.35, Large Flavoured iced latte - Caramel - 3.25",7.6,CARD,2731513872446077
10/07/2024 12:00,London Piccadilly,Helen Waldbauer,"Regular Flavoured iced latte - Caramel - 2.75, Large Flavoured iced latte - Caramel - 3.25, Regular Flavoured latte - Hazelnut - 2.55, Regular Smoothies - Carrot Kick - 2.00",10.55,CARD,7350634062824881
10/07/2024 12:07,London Piccadilly,Christine Ybarra,Regular Iced latte - 2.35,2.35,CASH,
10/07/2024 12:14,London Piccadilly,Lisa Pratt,Large Speciality Tea - Peppermint - 1.60,1.6,CARD,3795862329761213
10/07/2024 12:20,London Piccadilly,Nancy Staples,"Regular Flavoured latte - Hazelnut - 2.55, Large Flavoured iced latte - Vanilla - 3.25, Large Flavoured iced latte - Caramel - 3.25, Regular Cortado - 2.05, Large Flavoured iced latte - Caramel - 3.25",14.35,CARD,9010650572580041
10/07/2024 12:27,London Piccadilly,Victoria Bowman,Regular Smoothies - Carrot Kick - 2.00,2.0,CARD,8735830445992814
10/07/2024 12:34,London Piccadilly,Elsie Styles,"Large Smoothies - Carrot Kick - 2.50, Regular Iced latte - 2.35, Regular Speciality Tea - Peppermint - 1.30, Large Flavoured iced latte - Caramel - 3.25",9.4,CARD,8483792899425614
10/07/2024 12:40,London Piccadilly,Rhonda Francis,"Regular Flavoured latte - Hazelnut - 2.55, Large Flavoured latte - Hazelnut - 2.85, Regular Flavoured iced latte - Caramel - 2.75, Regular Smoothies - Carrot Kick - 2.00",10.15,CARD,5519481112340681
10/07/2024 12:47,London Piccadilly,Karla Stachura,"Large Flavoured latte - Hazelnut - 2.85, Regular Flavoured hot chocolate - Vanilla - 2.60",5.45,CARD,9902563415090427
10/07/2024 12:54,London Piccadilly,Robert Williams,"Large Flavoured iced latte - Caramel - 3.25, Large Flavoured latte - Hazelnut - 2.85, Large Flavoured latte - Hazelnut - 2.85",8.95,CARD,1525154058312805
10/07/2024 13:00,London Piccadilly,David Robbins,Regular Smoothies - Carrot Kick - 2.00,2.0,CARD,2425213430508280
10/07/2024 13:03,London Piccadilly,Leroy Stumpff,"Regular Smoothies - Carrot Kick - 2.00, Regular Flavoured iced latte - Vanilla - 2.75, Regular Cortado - 2.05",6.8,CARD,7227876311997543
10/07/2024 13:06,London Piccadilly,Karen Hebert,"Large Speciality Tea - Peppermint - 1.60, Large Iced latte - 2.85, Regular Flavoured iced latte - Caramel - 2.75, Regular Iced latte - 2.35, Large Flavoured iced latte - Vanilla - 3.25",12.8,CASH,
10/07/2024 13:08,London Piccadilly,Frank Smith,Regular Smoothies - Carrot Kick - 2.00,2.0,CASH,
10/07/2024 13:11,London Piccadilly,Samuel Mcgee,"Large Smoothies - Carrot Kick - 2.50, Regular Smoothies - Carrot Kick - 2.00, Large Flavoured hot chocolate - Vanilla - 2.90, Large Cortado - 2.35",9.75,CASH,
10/07/2024 13:14,London Piccadilly,Carmella Peavler,"Regular Cortado - 2.05, Large Flavoured iced latte - Vanilla - 3.25, Large Flavoured latte - Hazelnut - 2.85, Regular Flavoured hot chocolate - Vanilla - 2.60, Regular Flavoured hot chocolate - Vanilla - 2.60",13.35,CARD,9075479779114128
10/07/2024 13:17,London Piccadilly,Thelma Martin,"Large Flavoured iced latte - Caramel - 3.25, Regular Flavoured latte - Hazelnut - 2.55, Regular Smoothies - Carrot Kick - 2.00, Large Flavoured iced latte - Caramel - 3.25",11.05,CARD,6393488631468131
10/07/2024 13:19,London Piccadilly,Kathryne Caraballo,"Large Flavoured iced latte - Caramel - 3.25, Large Smoothies - Carrot Kick - 2.50, Large Smoothies - Carrot Kick - 2.50, Regular Flavoured hot chocolate - Vanilla - 2.60, Large Flavoured latte - Hazelnut - 2.85",13.7,CASH,
10/07/2024 13:22,London Piccadilly,Donald Thomas,"Large Iced latte - 2.85, Regular Iced latte - 2.35, Large Iced latte - 2.85, Regular Flavoured iced latte - Caramel - 2.75, Large Iced latte - 2.85",13.65,CARD,6604649732939894
10/07/2024 13:25,London Piccadilly,Douglas Gilbertson,"Regular Flavoured iced latte - Caramel - 2.75, Large Flavoured hot chocolate - Vanilla - 2.90, Large Flavoured iced latte - Vanilla - 3.25, Regular Cortado - 2.05",10.95,CARD,1765079496237340
10/07/2024 13:27,London Piccadilly,Patrick Ramos,Large Flavoured iced latte - Vanilla - 3.25,3.25,CARD,3081030604034140
10/07/2024 13:30,London Piccadilly,James Diaz,Large Flavoured iced latte - Caramel - 3.25,3.25,CARD,8426038332168034
10/07/2024 13:33,London Piccadilly,Lisa Booker,Regular Smoothies - Carrot Kick - 2.00,2.0,CASH,
10/07/2024 13:36,London Piccadilly,Chris Clayton,"Large Flavoured latte - Hazelnut - 2.85, Large Cortado - 2.35, Regular Smoothies - Carrot Kick - 2.00",7.2,CARD,3232951872043621
10/07/2024 13:38,London Piccadilly,Alex Nenno,"Regular Flavoured hot chocolate - Vanilla - 2.60, Regular Speciality Tea - Peppermint - 1.30",3.9,CARD,2336187764233756
10/07/2024 13:41,London Piccadilly,Amelia Copeland,"Regular Flavoured iced latte - Vanilla - 2.75, Large Flavoured latte - Hazelnut - 2.85",5.6,CASH,
10/07/2024 13:44,London Piccadilly,Thea Vance,"Large Flavoured hot chocolate - Vanilla - 2.90, Regular Flavoured iced latte - Vanilla - 2.75, Large Iced latte - 2.85, Large Speciality Tea - Peppermint - 1.60",10.1,CARD,6519362559281243
10/07/2024 13:46,London Piccadilly,Leonard Carter,Regular Flavoured iced latte - Vanilla - 2.75,2.75,CARD,1675424826653595
10/07/2024 13:49,London Piccadilly,Edith Patterson,"Regular Iced latte - 2.35, Regular Flavoured iced latte - Caramel - 2.75",5.1,CARD,7631120104996133
10/07/2024 13:52,London Piccadilly,Joseph Beck,"Large Flavoured iced latte - Caramel - 3.25, Large Flavoured iced latte - Caramel - 3.25",6.5,CARD,4009115717826121
10/07/2024 13:55,London Piccadilly,Joseph Brady,"Regular Flavoured hot chocolate - Vanilla - 2.60, Large Iced latte - 2.85, Regular Cortado - 2.05, Large Iced latte - 2.85",10.35,CARD,9908203989873276
10/07/2024 13:57,London Piccadilly,Cecil Cianciolo,"Large Flavoured latte - Hazelnut - 2.85, Regular Flavoured latte - Hazelnut - 2.55, Regular Flavoured latte - Hazelnut - 2.55",7.95,CASH,
10/07/2024 14:00,London Piccadilly,Peter Roy,"Regular Flavoured iced latte - Caramel - 2.75, Large Flavoured iced latte - Vanilla - 3.25, Large Flavoured iced latte - Vanilla - 3.25, Regular Iced latte - 2.35, Large Flavoured iced latte - Caramel - 3.25",14.85,CASH,
10/07/2024 14:02,London Piccadilly,Mary Reed,Regular Iced latte - 2.35,2.35,CARD,8348946886035824
10/07/2024 14:03,London Piccadilly,Charles Freeman,"Large Flavoured iced latte - Caramel - 3.25, Large Speciality Tea - Peppermint - 1.60, Large Speciality Tea - Peppermint - 1.60, Regular Cortado - 2.05",8.5,CARD,6129204142977838
10/07/2024 14:05,London Piccadilly,Otis Gregory,Regular Cortado - 2.05,2.05,CARD,1732758866724141
10/07/2024 14:06,London Piccadilly,Carl Molloy,Regular Flavoured hot chocolate - Vanilla - 2.60,2.6,CARD,7649153728558304
10/07/2024 14:08,London Piccadilly,Richard Island,"Large Flavoured latte - Hazelnut - 2.85, Regular Iced latte - 2.35, Regular Cortado - 2.05, Large Flavoured iced latte - Caramel - 3.25",10.5,CARD,1901870657804226
10/07/2024 14:10,London Piccadilly,Ryan Long,"Regular Flavoured iced latte - Vanilla - 2.75, Regular Smoothies - Carrot Kick - 2.00",4.75,CASH,
10/07/2024 14:11,London Piccadilly,John Knowles,Large Speciality Tea - Peppermint - 1.60,1.6,CASH,
10/07/2024 14:13,London Piccadilly,Marie Carlson,"Large Flavoured hot chocolate - Vanilla - 2.90, Regular Flavoured latte - Hazelnut - 2.55, Regular Smoothies - Carrot Kick - 2.00, Regular Speciality Tea - Peppermint - 1.30, Regular Flavoured iced latte - Vanilla - 2.75",11.5,CASH,
10/07/2024 14:15,London Piccadilly,Michelle Karp,Regular Iced latte - 2.35,2.35,CARD,6492049012803409
10/07/2024 14:16,London Piccadilly,Michael Brown,"Large Flavoured hot chocolate - Vanilla - 2.90, Large Flavoured iced latte - Caramel - 3.25",6.15,CARD,6909267151253109
10/07/2024 14:18,London Piccadilly,Douglas Herring,Large Flavoured iced latte - Vanilla - 3.25,3.25,CASH,
10/07/2024 14:19,London Piccadilly,Holly Dworkin,"Large Smoothies - Carrot Kick - 2.50, Regular Flavoured iced latte - Caramel - 2.75",5.25,CARD,2045014327138981
10/07/2024 14:21,London Piccadilly,Sheldon Eng,Regular Smoothies - Carrot Kick - 2.00,2.0,CASH,
10/07/2024 14:23,London Piccadilly,Tina Walker,"Regular Flavoured iced latte - Caramel - 2.75, Large Flavoured latte - Hazelnut - 2.85, Large Flavoured latte - Hazelnut - 2.85",8.45,CASH,
10/07/2024 14:24,London Piccadilly,Anthony Reed,"Large Speciality Tea - Peppermint - 1.60, Large Speciality Tea - Peppermint - 1.60, Large Flavoured hot chocolate - Vanilla - 2.90",6.1,CARD,1396707715905535
10/07/2024 14:26,London Piccadilly,Mary Bell,"Regular Flavoured iced latte - Vanilla - 2.75, Regular Flavoured iced latte - Vanilla - 2.75, Regular Iced latte - 2.35, Regular Flavoured iced latte - Vanilla - 2.75",10.6,CASH,
10/07/2024 14:27,London Piccadilly,Martha Irish,"Large Iced latte - 2.85, Regular Flavoured iced latte - Vanilla - 2.75, Regular Cortado - 2.05, Regular Speciality Tea - Peppermint - 1.30",8.95,CARD,2302125651962076
10/07/2024 14:29,London Piccadilly,Fred Frey,"Large Flavoured iced latte - Caramel - 3.25, Regular Flavoured iced latte - Caramel - 2.75",6.0,CARD,3310804441164332
10/07/2024 14:31,London Piccadilly,Nicholas Stahr,Large Flavoured latte - Hazelnut - 2.85,2.85,CASH,
10/07/2024 14:32,London Piccadilly,Wanda Haza,"Regular Smoothies - Carrot Kick - 2.00, Regular Flavoured hot chocolate - Vanilla - 2.60",4.6,CASH,
10/07/2024 14:34,London Piccadilly,Rita Clark,"Large Speciality Tea - Peppermint - 1.60, Regular Speciality Tea - Peppermint - 1.30",2.9,CARD,6249414281866614
10/07/2024 14:36,London Piccadilly,Joseph Alex,Regular Iced latte - 2.35,2.35,CASH,
10/07/2024 14:37,London Piccadilly,Michael Hauff,"Regular Smoothies - Carrot Kick - 2.00, Large Cortado - 2.35, Large Flavoured iced latte - Caramel - 3.25",7.6,CARD,3953136853640178
10/07/2024 14:39,London Piccadilly,Brandon Law,"Regular Iced latte - 2.35, Regular Flavoured latte - Hazelnut - 2.55, Regular Flavoured hot chocolate - Vanilla - 2.60, Large Flavoured hot chocolate - Vanilla - 2.90, Regular Speciality Tea - Peppermint - 1.30",11.7,CARD,8718966178209359
10/07/2024 14:40,London Piccadilly,Karen Golden,"Large Flavoured iced latte - Vanilla - 3.25, Large Cortado - 2.35, Regular Flavoured latte - Hazelnut - 2.55, Regular Flavoured iced latte - Vanilla - 2.75, Regular Flavoured iced latte - Vanilla - 2.75",13.65,CARD,1654485455182281
10/07/2024 14:42,London Piccadilly,Alton Mercier,"Large Flavoured latte - Hazelnut - 2.85, Regular Speciality Tea - Peppermint - 1.30, Regular Cortado - 2.05, Large Cortado - 2.35, Large Flavoured iced latte - Vanilla - 3.25",11.8,CARD,5246176938798877
10/07/2024 14:44,London Piccadilly,Jamie Castille,"Regular Iced latte - 2.35, Regular Smoothies - Carrot Kick - 2.00, Regular Flavoured iced latte - Caramel - 2.75",7.1,CARD,1035500346620178
10/07/2024 14:45,London Piccadilly,Joyce Petit,"Regular Flavoured iced latte - Vanilla - 2.75, Large Cortado - 2.35, Large Speciality Tea - Peppermint - 1.60",6.7,CASH,
10/07/2024 14:47,London Piccadilly,Dorothy Williams,"Large Flavoured iced latte - Caramel - 3.25, Regular Smoothies - Carrot Kick - 2.00",5.25,CARD,9368123293943696
10/07/2024 14:48,London Piccadilly,Tamara Fuller,"Large Smoothies - Carrot Kick - 2.50, Regular Flavoured latte - Hazelnut - 2.55",5.05,CARD,5959234268516066
10/07/2024 14:50,London Piccadilly,Richard Hoag,Regular Iced latte - 2.35,2.35,CARD,3846683259104847
10/07/2024 14:52,London Piccadilly,Dorothy Deaton,"Large Flavoured iced latte - Vanilla - 3.25, Regular Cortado - 2.05, Large Speciality Tea - Peppermint - 1.60",6.9,CASH,
10/07/2024 14:53,London Piccadilly,Pedro Bryant,"Large Smoothies - Carrot Kick - 2.50, Regular Speciality Tea - Peppermint - 1.30, Regular Flavoured iced latte - Vanilla - 2.75",6.55,CASH,
10/07/2024 14:55,London Piccadilly,Mary Johnson,"Regular Flavoured iced latte - Caramel - 2.75, Large Smoothies - Carrot Kick - 2.50",5.25,CARD,2121461585926912
10/07/2024 14:57,London Piccadilly,Carmen Perron,"Regular Flavoured iced latte - Caramel - 2.75, Large Flavoured latte - Hazelnut - 2.85, Regular Flavoured iced latte - Vanilla - 2.75",8.35,CASH,
10/07/2024 14:58,London Piccadilly,Roberta Caldwell,"Large Speciality Tea - Peppermint - 1.60, Large Flavoured latte - Hazelnut - 2.85, Regular Flavoured hot chocolate - Vanilla - 2.60, Regular Speciality Tea - Peppermint - 1.30, Regular Flavoured iced latte - Vanilla - 2.75",11.1,CARD,2445169853598404
10/07/2024 15:00,London Piccadilly,Eric Chute,"Regular Flavoured latte - Hazelnut - 2.55, Regular Flavoured hot chocolate - Vanilla - 2.60, Large Speciality Tea - Peppermint - 1.60, Large Flavoured latte - Hazelnut - 2.85, Regular Iced latte - 2.35, Regular Cortado - 2.05",14.0,CARD,8093730561987729
10/07/2024 15:03,London Piccadilly,Rebecca Pelfrey,"Regular Cortado - 2.05, Regular Cortado - 2.05, Regular Smoothies - Carrot Kick - 2.00, Regular Flavoured iced latte - Vanilla - 2.75",8.85,CARD,2173796243375311
10/07/2024 15:07,London Piccadilly,Roger Thompson,Large Iced latte - 2.85,2.85,CARD,2835673763525251
10/07/2024 15:10,London Piccadilly,George Ozley,"Regular Flavoured iced latte - Caramel - 2.75, Regular Flavoured hot chocolate - Vanilla - 2.60",5.35,CASH,
10/07/2024 15:14,London Piccadilly,Carol Sneed,"Regular Flavoured latte - Hazelnut - 2.55, Regular Flavoured latte - Hazelnut - 2.55, Regular Flavoured latte - Hazelnut - 2.55, Regular Cortado - 2.05, Regular Iced latte - 2.35",12.05,CASH,
10/07/2024 15:17,London Piccadilly,Britt Rossi,"Large Speciality Tea - Peppermint - 1.60, Large Iced latte - 2.85, Regular Flavoured iced latte - Caramel - 2.75, Large Speciality Tea - Peppermint - 1.60",8.8,CARD,9412372470534118
10/07/2024 15:21,London Piccadilly,Ruth Baldwin,Regular Iced latte - 2.35,2.35,CASH,
10/07/2024 15:24,London Piccadilly,Donna Numbers,"Large Iced latte - 2.85, Large Iced latte - 2.85, Large Iced latte - 2.85",8.55,CARD,6748178245179020
10/07/2024 15:28,London Piccadilly,Paulette Burdette,Regular Cortado - 2.05,2.05,CARD,3842041946468611
10/07/2024 15:31,London Piccadilly,Ashley Nieto,"Large Speciality Tea - Peppermint - 1.60, Regular Flavoured iced latte - Vanilla - 2.75",4.35,CARD,4734137484244384
10/07/2024 15:35,London Piccadilly,Ray White,"Regular Speciality Tea - Peppermint - 1.30, Large Iced latte - 2.85, Regular Flavoured iced latte - Vanilla - 2.75, Regular Flavoured iced latte - Caramel - 2.75, Regular Flavoured latte - Hazelnut - 2.55, Regular Flavoured iced latte - Caramel - 2.75",14.95,CARD,7632480609578855
10/07/2024 15:38,London Piccadilly,Joseph Cothran,"Large Iced latte - 2.85, Large Cortado - 2.35, Regular Flavoured latte - Hazelnut - 2.55, Regular Smoothies - Carrot Kick - 2.00, Large Flavoured hot chocolate - Vanilla - 2.90",12.65,CARD,2544405798831723
10/07/2024 15:42,London Piccadilly,Odis Banks,"Regular Flavoured hot chocolate - Vanilla - 2.60, Regular Speciality Tea - Peppermint - 1.30",3.9,CARD,6451853694173437
10/07/2024 15:46,London Piccadilly,Debra Gray,"Regular Speciality Tea - Peppermint - 1.30, Large Flavoured iced latte - Vanilla - 3.25, Large Flavoured iced latte - Vanilla - 3.25, Large Speciality Tea - Peppermint - 1.60, Regular Iced latte - 2.35, Large Cortado - 2.35",14.1,CASH,
10/07/2024 15:49,London Piccadilly,Christina Herman,"Regular Flavoured iced latte - Vanilla - 2.75, Large Speciality Tea - Peppermint - 1.60, Regular Iced latte - 2.35",6.7,CARD,7771910033094108
10/07/2024 15:53,London Piccadilly,Nick Schober,Large Smoothies - Carrot Kick - 2.50,2.5,CASH,
10/07/2024 15:56,London Piccadilly,Wesley Hunt,"Large Flavoured iced latte - Caramel - 3.25, Regular Flavoured latte - Hazelnut - 2.55, Large Cortado - 2.35",8.15,CARD,5693511025348382
10/07/2024 16:00,London Piccadilly,Alfred Gunn,"Regular Flavoured hot chocolate - Vanilla - 2.60, Large Flavoured iced latte - Vanilla - 3.25, Regular Smoothies - Carrot Kick - 2.00, Regular Iced latte - 2.35",10.2,CARD,2172495271026713
10/07/2024 16:02,London Piccadilly,Nora Villasenor,Regular Flavoured latte - Hazelnut - 2.55,2.55,CASH,
10/07/2024 16:04,London Piccadilly,Patricia Parker,Large Flavoured iced latte - Caramel - 3.25,3.25,CASH,
10/07/2024 16:06,London Piccadilly,Michael Debroux,Large Smoothies - Carrot Kick - 2.50,2.5,CARD,5841314621864428
10/07/2024 16:08,London Piccadilly,Patrick Mcclusky,"Large Flavoured iced latte - Vanilla - 3.25, Regular Flavoured latte - Hazelnut - 2.55, Regular Flavoured hot chocolate - Vanilla - 2.60",8.4,CARD,1167913362337089
10/07/2024 16:10,London Piccadilly,Hattie Johnson,"Large Cortado - 2.35, Regular Flavoured hot chocolate - Vanilla - 2.60, Regular Flavoured hot chocolate - Vanilla - 2.60, Regular Flavoured iced latte - Caramel - 2.75, Large Flavoured latte - Hazelnut - 2.85",13.15,CARD,7809825841615774
10/07/2024 16:12,London Piccadilly,Linda Moore,"Regular Iced latte - 2.35, Large Flavoured iced latte - Vanilla - 3.25, Large Flavoured iced latte - Vanilla - 3.25, Regular Flavoured iced latte - Caramel - 2.75",11.6,CARD,4228483505685937
10/07/2024 16:14,London Piccadilly,Eleanor Carlock,"Large Flavoured iced latte - Vanilla - 3.25, Large Iced latte - 2.85, Regular Flavoured hot chocolate - Vanilla - 2.60, Large Flavoured hot chocolate - Vanilla - 2.90",11.6,CASH,
10/07/2024 16:16,London Piccadilly,Douglas Edwards,"Large Iced latte - 2.85, Regular Flavoured iced latte - Caramel - 2.75, Large Iced latte - 2.85",8.45,CARD,1563690771570299
10/07/2024 16:18,London Piccadilly,Maryann Edwards,Regular Flavoured iced latte - Caramel - 2.75,2.75,CARD,1353003468963013
10/07/2024 16:20,London Piccadilly,Ralph Armstrong,"Regular Flavoured iced latte - Vanilla - 2.75, Regular Speciality Tea - Peppermint - 1.30",4.05,CASH,
10/07/2024 16:22,London Piccadilly,Lorraine Crawford,Regular Flavoured hot chocolate - Vanilla - 2.60,2.6,CARD,4627265926624607
10/07/2024 16:24,London Piccadilly,Boyd Roberts,"Regular Flavoured latte - Hazelnut - 2.55, Regular Flavoured iced latte - Vanilla - 2.75",5.3,CARD,9874266715306873
10/07/2024 16:26,London Piccadilly,Timothy Decambra,"Large Flavoured latte - Hazelnut - 2.85, Large Iced latte - 2.85, Regular Flavoured latte - Hazelnut - 2.55, Large Flavoured iced latte - Vanilla - 3.25, Regular Flavoured iced latte - Vanilla - 2.75",14.25,CARD,3855816538163020
10/07/2024 16:28,London Piccadilly,Thomas Laclair,"Regular Flavoured iced latte - Caramel - 2.75, Large Iced latte - 2.85, Large Flavoured iced latte - Caramel - 3.25, Regular Iced latte - 2.35",11.2,CARD,8362267704434392
10/07/2024 16:30,London Piccadilly,William Franklin,"Regular Flavoured hot chocolate - Vanilla - 2.60, Large Iced latte - 2.85, Large Flavoured iced latte - Vanilla - 3.25",8.7,CASH,
10/07/2024 16:32,London Piccadilly,Mary Byrd,"Large Flavoured latte - Hazelnut - 2.85, Regular Flavoured hot chocolate - Vanilla - 2.60, Large Flavoured iced latte - Vanilla - 3.25, Large Flavoured latte - Hazelnut - 2.85",11.55,CARD,9345387001574082
10/07/2024 16:34,London Piccadilly,Irene Alexis,"Regular Flavoured iced latte - Caramel - 2.75, Regular Smoothies - Carrot Kick - 2.00, Large Speciality Tea - Peppermint - 1.60",6.35,CARD,8516874819245469
10/07/2024 16:36,London Piccadilly,Shelley Kuter,"Large Iced latte - 2.85, Regular Iced latte - 2.35, Regular Flavoured iced latte - Vanilla - 2.75, Regular Speciality Tea - Peppermint - 1.30",9.25,CARD,3444598914467728
10/07/2024 16:38,London Piccadilly,Susan Henderson,"Large Flavoured latte - Hazelnut - 2.85, Large Cortado - 2.35, Regular Flavoured iced latte - Vanilla - 2.75, Large Cortado - 2.35",10.3,CARD,3443349570574875
10/07/2024 16:40,London Piccadilly,Johnnie Black,"Regular Iced latte - 2.35, Large Flavoured latte - Hazelnut - 2.85, Large Smoothies - Carrot Kick - 2.50",7.7,CARD,3032324592773077
10/07/2024 16:42,London Piccadilly,Robert Warnstaff,Large Flavoured iced latte - Vanilla - 3.25,3.25,CARD,9156349401102478
10/07/2024 16:44,London Piccadilly,Sharon Metzler,"Large Iced latte - 2.85, Large Cortado - 2.35, Large Flavoured hot chocolate - Vanilla - 2.90, Regular Iced latte - 2.35, Large Flavoured iced latte - Vanilla - 3.25",13.7,CARD,5727490403825099
10/07/2024 16:46,London Piccadilly,Kathleen Mcmillan,"Large Iced latte - 2.85, Regular Smoothies - Carrot Kick - 2.00, Regular Flavoured latte - Hazelnut - 2.55, Regular Flavoured hot chocolate - Vanilla - 2.60, Large Cortado - 2.35, Regular Iced latte - 2.35",14.7,CARD,5337685926216197
10/07/2024 16:48,London Piccadilly,Richard Moro,Large Smoothies - Carrot Kick - 2.50,2.5,CARD,1330857097989199
10/07/2024 16:50,London Piccadilly,William Milot,"Large Smoothies - Carrot Kick - 2.50, Regular Flavoured latte - Hazelnut - 2.55, Regular Smoothies - Carrot Kick - 2.00",7.05,CARD,9716324246845286
10/07/2024 16:52,London Piccadilly,Christopher Jones,"Regular Flavoured iced latte - Caramel - 2.75, Regular Flavoured iced latte - Caramel - 2.75",5.5,CARD,1861087224736483
10/07/2024 16:54,London Piccadilly,Vivian Hansen,"Large Flavoured hot chocolate - Vanilla - 2.90, Large Flavoured hot chocolate - Vanilla - 2.90, Regular Flavoured iced latte - Vanilla - 2.75",8.55,CARD,5995562103258360
10/07/2024 16:56,London Piccadilly,Ruth Doyle,Regular Smoothies - Carrot Kick - 2.00,2.0,CARD,9277225831044200
10/07/2024 16:58,London Piccadilly,Bernice Sosa,"Large Flavoured iced latte - Caramel - 3.25, Large Smoothies - Carrot Kick - 2.50, Large Iced latte - 2.85, Regular Flavoured iced latte - Vanilla - 2.75, Large Flavoured hot chocolate - Vanilla - 2.90, Regular Flavoured iced latte - Caramel - 2.75",17.0,CARD,8047075331860857
