10/07/2024 09:00,Uppingham,Robert Straight,"Large Speciality Tea - Green - 1.60, Regular Flavoured latte - Hazelnut - 2.55",4.15,CASH,
10/07/2024 09:01,Uppingham,Molly Harris,"Regular Hot chocolate - 2.20, Large Flavoured latte - Caramel - 2.85, Regular Smoothies - Berry Beautiful - 2.00, Large Cortado - 2.35, Regular Red Label tea - 1.20, Large Speciality Tea - Peppermint - 1.60",12.2,CASH,
10/07/2024 09:02,Uppingham,Leland Sweney,Regular Cortado - 2.05,2.05,CASH,
10/07/2024 09:03,Uppingham,Ellen Matthews,Large Hot chocolate - 2.90,2.9,CARD,9606161014275910
10/07/2024 09:04,Uppingham,Lois Mayfield,"Large Speciality Tea - Peppermint - 1.60, Regular Red Label tea - 1.20, Regular Speciality Tea - Green - 1.30",4.1,CASH,
10/07/2024 09:05,Uppingham,Vivian Barrera,Regular Mocha - 2.30,2.3,CARD,4947752112029976
10/07/2024 09:06,Uppingham,Amy Sanchez,Large Flavoured latte - Hazelnut - 2.85,2.85,CARD,3787577914249268
10/07/2024 09:07,Uppingham,Rhonda Karsten,"Large Flavoured latte - Caramel - 2.85, Regular Flavoured hot chocolate - Vanilla - 2.60",5.45,CARD,2219026175052638
10/07/2024 09:08,Uppingham,Pamela Monahan,Large Flavoured latte - Caramel - 2.85,2.85,CARD,9483810136128299
10/07/2024 09:09,Uppingham,Irma Murphy,"Large Mocha - 2.70, Regular Smoothies - Berry Beautiful - 2.00",4.7,CASH,
10/07/2024 09:10,Uppingham,Sheree Brookhart,"Large Hot chocolate - 2.90, Regular Smoothies - Berry Beautiful - 2.00, Regular Smoothies - Berry Beautiful - 2.00",6.9,CARD,9524972014251151
10/07/2024 09:11,Uppingham,Philip Holt,"Regular Flavoured hot chocolate - Vanilla - 2.60, Regular Speciality Tea - Green - 1.30, Regular Cortado - 2.05",5.95,CASH,
10/07/2024 09:12,Uppingham,Andrew Behnke,"Regular Flavoured hot chocolate - Vanilla - 2.60, Regular Speciality Tea - Peppermint - 1.30",3.9,CARD,5228203281320638
10/07/2024 09:13,Uppingham,Scott Boyer,"Regular Cortado - 2.05, Regular Flavoured latte - Hazelnut - 2.55",4.6,CARD,6119282857676501
10/07/2024 09:14,Uppingham,Mark Dansby,"Regular Mocha - 2.30, Large Speciality Tea - Peppermint - 1.60, Large Flavoured hot chocolate - Vanilla - 2.90, Regular Smoothies - Berry Beautiful - 2.00",8.8,CARD,2342089700823763
10/07/2024 09:15,Uppingham,Marie Worsham,Large Hot chocolate - 2.90,2.9,CARD,4747888862601812
10/07/2024 09:16,Uppingham,Sharon Ator,"Regular Speciality Tea - Green - 1.30, Large Flavoured latte - Hazelnut - 2.85, Large Mocha - 2.70, Large Red Label tea - 1.80, Regular Cortado - 2.05, Regular Flavoured hot chocolate - Vanilla - 2.60",13.3,CARD,5293475032882054
10/07/2024 09:17,Uppingham,Stanley Snyder,"Large Flavoured latte - Hazelnut - 2.85, Regular Flavoured latte - Hazelnut - 2.55, Regular Speciality Tea - Peppermint - 1.30",6.7,CARD,2512759611997370
10/07/2024 09:18,Uppingham,Melvin Miller,"Regular Flavoured latte - Caramel - 2.55, Large Flavoured hot chocolate - Vanilla - 2.90, Large Speciality Tea - Green - 1.60, Large Flavoured latte - Hazelnut - 2.85, Large Red Label tea - 1.80",11.7,CARD,5834089273610322
10/07/2024 09:19,Uppingham,Thomas Bauer,"Large Mocha - 2.70, Large Flavoured hot chocolate - Vanilla - 2.90",5.6,CASH,
10/07/2024 09:20,Uppingham,Kendrick Nelson,"Regular Speciality Tea - Peppermint - 1.30, Regular Smoothies - Berry Beautiful - 2.00",3.3,CARD,6638801270191082
10/07/2024 09:21,Uppingham,Kathryn Nuttall,"Regular Red Label tea - 1.20, Regular Red Label tea - 1.20, Large Flavoured latte - Hazelnut - 2.85",5.25,CARD,7721470393392529
10/07/2024 09:22,Uppingham,Elnora Fulton,"Regular Flavoured latte - Hazelnut - 2.55, Regular Flavoured latte - Hazelnut - 2.55, Regular Flavoured hot chocolate - Vanilla - 2.60, Large Cortado - 2.35, Large Flavoured latte - Hazelnut - 2.85",12.9,CASH,
10/07/2024 09:23,Uppingham,Andrea Lebron,"Large Hot chocolate - 2.90, Regular Speciality Tea - Peppermint - 1.30, Regular Smoothies - Berry Beautiful - 2.00, Large Speciality Tea - Peppermint - 1.60",7.8,CARD,4875424984933294
10/07/2024 09:24,Uppingham,Betty Stinson,"Regular Flavoured hot chocolate - Vanilla - 2.60, Regular Speciality Tea - Green - 1.30, Regular Speciality Tea - Green - 1.30, Regular Red Label tea - 1.20, Regular Red Label tea - 1.20",7.6,CARD,3273427042386412
10/07/2024 09:25,Uppingham,Jessica Anderson,"Large Flavoured latte - Caramel - 2.85, Large Mocha - 2.70, Regular Mocha - 2.30",7.85,CARD,3351032327085299
10/07/2024 09:26,Uppingham,Richard Rynearson,Large Flavoured latte - Caramel - 2.85,2.85,CARD,5453397026540019
10/07/2024 09:27,Uppingham,Numbers Rios,Regular Cortado - 2.05,2.05,CARD,9017959345544789
10/07/2024 09:28,Uppingham,Mary Young,Large Flavoured latte - Caramel - 2.85,2.85,CARD,2367105286870579
10/07/2024 09:29,Uppingham,Robert Mangano,"Large Mocha - 2.70, Large Cortado - 2.35",5.05,CARD,9449547153292486
10/07/2024 09:30,Uppingham,Ashley Willard,"Large Cortado - 2.35, Large Red Label tea - 1.80, Regular Cortado - 2.05, Large Smoothies - Berry Beautiful - 2.50, Large Hot chocolate - 2.90",11.6,CARD,4315973184824933
10/07/2024 09:31,Uppingham,Eva Spencer,"Large Flavoured latte - Caramel - 2.85, Regular Hot chocolate - 2.20",5.05,CARD,5980211925354008
10/07/2024 09:32,Uppingham,Stanley Simmons,"Large Mocha - 2.70, Regular Smoothies - Berry Beautiful - 2.00, Regular Flavoured hot chocolate - Vanilla - 2.60, Regular Flavoured latte - Caramel - 2.55",9.85,CARD,3356110236148909
10/07/2024 09:33,Uppingham,Kerry Dvorak,"Large Speciality Tea - Green - 1.60, Regular Hot chocolate - 2.20, Large Flavoured latte - Caramel - 2.85, Large Cortado - 2.35, Large Cortado - 2.35",11.35,CASH,
10/07/2024 09:34,Uppingham,Nicole Maher,"Large Speciality Tea - Green - 1.60, Large Flavoured latte - Hazelnut - 2.85, Regular Hot chocolate - 2.20",6.65,CASH,
10/07/2024 09:35,Uppingham,Willie Russell,"Regular Smoothies - Berry Beautiful - 2.00, Regular Smoothies - Berry Beautiful - 2.00, Regular Flavoured hot chocolate - Vanilla - 2.60",6.6,CARD,2117880992247647
10/07/2024 09:36,Uppingham,Kevin Uran,Regular Red Label tea - 1.20,1.2,CASH,
10/07/2024 09:37,Uppingham,Martha Morgan,Large Flavoured latte - Caramel - 2.85,2.85,CASH,
10/07/2024 09:38,Uppingham,Sanora Winter,"Regular Flavoured latte - Caramel - 2.55, Large Smoothies - Berry Beautiful - 2.50, Regular Flavoured latte - Caramel - 2.55",7.6,CARD,8921923295689051
10/07/2024 09:39,Uppingham,Clay Goodwin,"Large Flavoured latte - Hazelnut - 2.85, Large Hot chocolate - 2.90, Regular Flavoured hot chocolate - Vanilla - 2.60, Large Mocha - 2.70, Regular Speciality Tea - Green - 1.30",12.35,CARD,9127870157461015
10/07/2024 09:40,Uppingham,Dusty Vines,"Large Flavoured latte - Hazelnut - 2.85, Large Flavoured latte - Hazelnut - 2.85, Large Mocha - 2.70",8.4,CARD,8495450316177359
10/07/2024 09:41,Uppingham,Paula Banks,Regular Flavoured latte - Hazelnut - 2.55,2.55,CARD,8820539031660698
10/07/2024 09:42,Uppingham,Frank Stewart,"Large Speciality Tea - Peppermint - 1.60, Large Flavoured latte - Caramel - 2.85",4.45,CASH,
10/07/2024 09:43,Uppingham,Angelo Dickinson,"Regular Red Label tea - 1.20, Large Flavoured latte - Hazelnut - 2.85, Regular Smoothies - Berry Beautiful - 2.00, Large Smoothies - Berry Beautiful - 2.50",8.55,CASH,
10/07/2024 09:44,Uppingham,Garrett Aaron,"Regular Red Label tea - 1.20, Large Speciality Tea - Peppermint - 1.60, Large Red Label tea - 1.80, Regular Flavoured hot chocolate - Vanilla - 2.60, Regular Red Label tea - 1.20",8.4,CASH,
10/07/2024 09:45,Uppingham,Raymon Hanson,"Large Hot chocolate - 2.90, Large Hot chocolate - 2.90, Regular Mocha - 2.30, Large Smoothies - Berry Beautiful - 2.50",10.6,CARD,2667499445072494
10/07/2024 09:46,Uppingham,Donald Hogue,"Large Speciality Tea - Green - 1.60, Large Smoothies - Berry Beautiful - 2.50, Regular Flavoured latte - Hazelnut - 2.55",6.65,CASH,
10/07/2024 09:47,Uppingham,Audrey Cephas,"Regular Red Label tea - 1.20, Large Speciality Tea - Green - 1.60",2.8,CARD,3196223248190052
10/07/2024 09:48,Uppingham,Thomas Bennett,"Large Red Label tea - 1.80, Large Mocha - 2.70, Large Flavoured latte - Caramel - 2.85, Regular Speciality Tea - Green - 1.30",8.65,CARD,3217122145158660
10/07/2024 09:49,Uppingham,Hazel Vandyke,"Large Mocha - 2.70, Regular Hot chocolate - 2.20, Regular Flavoured latte - Caramel - 2.55",7.45,CARD,1838086253946465
10/07/2024 09:50,Uppingham,Walter Britt,"Regular Mocha - 2.30, Regular Speciality Tea - Green - 1.30, Large Cortado - 2.35, Large Red Label tea - 1.80, Large Speciality Tea - Peppermint - 1.60, Large Flavoured hot chocolate - Vanilla - 2.90",12.25,CASH,
10/07/2024 09:51,Uppingham,James Truong,"Large Red Label tea - 1.80, Regular Speciality Tea - Green - 1.30, Large Mocha - 2.70, Large Speciality Tea - Green - 1.60, Regular Flavoured latte - Caramel - 2.55, Large Flavoured latte - Hazelnut - 2.85",12.8,CARD,3834153741469361
10/07/2024 09:52,Uppingham,Betty Elizondo,"Regular Flavoured latte - Hazelnut - 2.55, Regular Flavoured latte - Caramel - 2.55",5.1,CARD,1780981579737657
10/07/2024 09:53,Uppingham,Louis Wendelin,"Large Cortado - 2.35, Large Speciality Tea - Green - 1.60, Regular Cortado - 2.05",6.0,CARD,1690297875388116
10/07/2024 09:54,Uppingham,Michael Jones,"Large Hot chocolate - 2.90, Regular Flavoured latte - Hazelnut - 2.55, Regular Speciality Tea - Green - 1.30, Regular Speciality Tea - Green - 1.30, Regular Cortado - 2.05",10.1,CARD,4820208399539840
10/07/2024 09:55,Uppingham,Deborah Deshaw,"Regular Flavoured latte - Hazelnut - 2.55, Regular Flavoured latte - Hazelnut - 2.55",5.1,CARD,5688700727348099
10/07/2024 09:56,Uppingham,Jessica Williams,Regular Flavoured latte - Hazelnut - 2.55,2.55,CARD,3829859493576373
10/07/2024 09:57,Uppingham,Robert William,Regular Red Label tea - 1.20,1.2,CASH,
10/07/2024 09:58,Uppingham,Sonia Hernandez,Regular Speciality Tea - Peppermint - 1.30,1.3,CASH,
10/07/2024 09:59,Uppingham,Scott Sumler,"Regular Smoothies - Berry Beautiful - 2.00, Regular Hot chocolate - 2.20",4.2,CARD,7809578758662770
10/07/2024 10:01,Uppingham,David Edwards,"Large Cortado - 2.35, Regular Flavoured latte - Hazelnut - 2.55, Regular Smoothies - Berry Beautiful - 2.00, Large Flavoured latte - Caramel - 2.85",9.75,CARD,3112911913137465
10/07/2024 10:02,Uppingham,Victor Miranda,Large Cortado - 2.35,2.35,CARD,4808606341430879
10/07/2024 10:03,Uppingham,Terry Bowers,"Large Mocha - 2.70, Regular Flavoured latte - Caramel - 2.55, Regular Mocha - 2.30, Regular Hot chocolate - 2.20",9.75,CASH,
10/07/2024 10:04,Uppingham,Ryan Faustini,"Regular Hot chocolate - 2.20, Large Smoothies - Berry Beautiful - 2.50",4.7,CASH,
10/07/2024 10:06,Uppingham,Dorothy Hill,Regular Mocha - 2.30,2.3,CARD,7676550182349737
10/07/2024 10:07,Uppingham,Cynthia Hewitt,"Large Flavoured hot chocolate - Vanilla - 2.90, Large Flavoured latte - Caramel - 2.85, Regular Red Label tea - 1.20, Large Speciality Tea - Green - 1.60",8.55,CARD,6248205680388646
10/07/2024 10:08,Uppingham,Wendy Cole,"Large Speciality Tea - Green - 1.60, Large Red Label tea - 1.80, Large Red Label tea - 1.80, Large Flavoured latte - Caramel - 2.85, Regular Flavoured hot chocolate - Vanilla - 2.60",10.65,CARD,1145193985793672
10/07/2024 10:09,Uppingham,Elizabeth Moneyhun,"Regular Hot chocolate - 2.20, Large Flavoured latte - Caramel - 2.85, Large Cortado - 2.35",7.4,CARD,4284329633903083
10/07/2024 10:11,Uppingham,Reyna Pane,"Regular Hot chocolate - 2.20, Large Flavoured latte - Hazelnut - 2.85, Regular Flavoured latte - Caramel - 2.55",7.6,CARD,4655372647701778
10/07/2024 10:12,Uppingham,Joy Barta,"Large Smoothies - Berry Beautiful - 2.50, Large Speciality Tea - Green - 1.60, Regular Hot chocolate - 2.20",6.3,CASH,
10/07/2024 10:13,Uppingham,Pearl Patton,Large Cortado - 2.35,2.35,CARD,9870343041997444
10/07/2024 10:14,Uppingham,Cecil Gould,"Regular Smoothies - Berry Beautiful - 2.00, Regular Smoothies - Berry Beautiful - 2.00",4.0,CARD,8366635543341103
10/07/2024 10:16,Uppingham,Ronald Maslow,Regular Cortado - 2.05,2.05,CARD,2326841998412861
10/07/2024 10:17,Uppingham,Isabell Marshall,Regular Smoothies - Berry Beautiful - 2.00,2.0,CARD,4227433281081230
10/07/2024 10:18,Uppingham,Pamela Humphries,"Regular Cortado - 2.05, Large Flavoured latte - Caramel - 2.85, Large Speciality Tea - Green - 1.60, Regular Flavoured latte - Caramel - 2.55",9.05,CARD,9585753419601832
10/07/2024 10:19,Uppingham,Mark Tait,"Regular Flavoured latte - Caramel - 2.55, Regular Speciality Tea - Green - 1.30",3.85,CARD,4210638664225793
10/07/2024 10:21,Uppingham,Jane Hughes,Regular Cortado - 2.05,2.05,CASH,
10/07/2024 10:22,Uppingham,Deborah Smith,Regular Speciality Tea - Peppermint - 1.30,1.3,CARD,1589457188695334
10/07/2024 10:23,Uppingham,Norma Randazzo,"Large Speciality Tea - Green - 1.60, Regular Cortado - 2.05, Large Flavoured latte - Hazelnut - 2.85, Large Hot chocolate - 2.90, Regular Speciality Tea - Green - 1.30, Regular Mocha - 2.30",13.0,CARD,5039606815411445
10/07/2024 10:24,Uppingham,Jerry Berry,Large Smoothies - Berry Beautiful - 2.50,2.5,CARD,8831862306917711
10/07/2024 10:26,Uppingham,Rudy Oneal,"Regular Flavoured hot chocolate - Vanilla - 2.60, Large Red Label tea - 1.80",4.4,CARD,2821370321153053
10/07/2024 10:27,Uppingham,Flora Wright,"Large Cortado - 2.35, Regular Speciality Tea - Peppermint - 1.30",3.65,CARD,7769413999698028
10/07/2024 10:28,Uppingham,Waneta Londo,"Large Flavoured hot chocolate - Vanilla - 2.90, Large Speciality Tea - Green - 1.60, Large Flavoured latte - Hazelnut - 2.85",7.35,CASH,
10/07/2024 10:29,Uppingham,Herbert Littlejohn,"Regular Red Label tea - 1.20, Large Cortado - 2.35, Regular Red Label tea - 1.20, Large Flavoured hot chocolate - Vanilla - 2.90",7.65,CASH,
10/07/2024 10:31,Uppingham,Iva Byrd,"Regular Flavoured latte - Hazelnut - 2.55, Regular Speciality Tea - Green - 1.30, Regular Red Label tea - 1.20, Regular Hot chocolate - 2.20",7.25,CARD,4448990619948905
10/07/2024 10:32,Uppingham,Adam Jeremiah,Regular Red Label tea - 1.20,1.2,CARD,7760098919705399
10/07/2024 10:33,Uppingham,Matthew Agnes,Regular Flavoured hot chocolate - Vanilla - 2.60,2.6,CARD,1271008571893108
10/07/2024 10:34,Uppingham,Ericka Schilling,"Large Cortado - 2.35, Regular Cortado - 2.05",4.4,CARD,2086724906237056
10/07/2024 10:36,Uppingham,John Ballard,"Large Mocha - 2.70, Large Speciality Tea - Peppermint - 1.60, Regular Speciality Tea - Peppermint - 1.30, Regular Speciality Tea - Green - 1.30",6.9,CARD,6203074680903915
10/07/2024 10:37,Uppingham,Steve Bartlett,"Large Cortado - 2.35, Regular Speciality Tea - Peppermint - 1.30, Regular Flavoured hot chocolate - Vanilla - 2.60, Regular Cortado - 2.05",8.3,CASH,
10/07/2024 10:38,Uppingham,Dorthy Navarro,"Regular Cortado - 2.05, Large Mocha - 2.70",4.75,CARD,8681594541711610
10/07/2024 10:39,Uppingham,Christopher Hennessey,"Regular Cortado - 2.05, Regular Speciality Tea - Green - 1.30, Large Cortado - 2.35",5.7,CARD,7162440491322163
10/07/2024 10:41,Uppingham,Kenneth Vencill,Large Speciality Tea - Peppermint - 1.60,1.6,CARD,3000471831742731
10/07/2024 10:42,Uppingham,John Dudgeon,"Regular Red Label tea - 1.20, Regular Mocha - 2.30, Regular Hot chocolate - 2.20, Regular Speciality Tea - Green - 1.30",7.0,CARD,3743784730197764
10/07/2024 10:43,Uppingham,Heather Martinez,Large Flavoured hot chocolate - Vanilla - 2.90,2.9,CARD,4592079781045624
10/07/2024 10:44,Uppingham,John Vickers,"Large Hot chocolate - 2.90, Large Mocha - 2.70, Regular Hot chocolate - 2.20, Regular Cortado - 2.05",9.85,CARD,8689340319939662
10/07/2024 10:46,Uppingham,Frances Cotto,"Large Speciality Tea - Green - 1.60, Large Mocha - 2.70, Large Flavoured latte - Caramel - 2.85",7.15,CARD,3202202524080140
10/07/2024 10:47,Uppingham,Douglas Heath,"Regular Speciality Tea - Peppermint - 1.30, Regular Flavoured latte - Hazelnut - 2.55, Large Smoothies - Berry Beautiful - 2.50",6.35,CASH,
10/07/2024 10:48,Uppingham,Luis Sevilla,"Large Cortado - 2.35, Large Hot chocolate - 2.90, Large Mocha - 2.70, Regular Flavoured hot chocolate - Vanilla - 2.60",10.55,CASH,
10/07/2024 10:49,Uppingham,Kathleen Steinberger,"Large Cortado - 2.35, Regular Flavoured latte - Caramel - 2.55, Regular Hot chocolate - 2.20, Large Red Label tea - 1.80",8.9,CARD,7699368982301453
10/07/2024 10:51,Uppingham,Kizzy Miller,Regular Smoothies - Berry Beautiful - 2.00,2.0,CARD,9708288508710647
10/07/2024 10:52,Uppingham,Dana Hammer,"Regular Flavoured latte - Caramel - 2.55, Large Speciality Tea - Peppermint - 1.60",4.15,CASH,
10/07/2024 10:53,Uppingham,Diane Mailloux,"Large Mocha - 2.70, Regular Red Label tea - 1.20, Large Flavoured latte - Caramel - 2.85",6.75,CARD,9727489194778451
10/07/2024 10:54,Uppingham,Laura Gonzalez,"Large Flavoured hot chocolate - Vanilla - 2.90, Regular Flavoured hot chocolate - Vanilla - 2.60, Large Mocha - 2.70, Regular Speciality Tea - Peppermint - 1.30",9.5,CARD,5825370849688820
10/07/2024 10:56,Uppingham,Thomas Williams,Regular Red Label tea - 1.20,1.2,CARD,4730422605087204
10/07/2024 10:57,Uppingham,Mary Sine,"Regular Mocha - 2.30, Regular Flavoured latte - Caramel - 2.55",4.85,CARD,7289211001711808
10/07/2024 10:58,Uppingham,Carol Bernardo,"Regular Mocha - 2.30, Large Smoothies - Berry Beautiful - 2.50, Regular Mocha - 2.30, Regular Flavoured latte - Caramel - 2.55",9.65,CARD,8912674943159700
10/07/2024 10:59,Uppingham,Ernest Daniels,"Regular Hot chocolate - 2.20, Regular Hot chocolate - 2.20, Large Red Label tea - 1.80",6.2,CARD,9287685407272385
10/07/2024 11:01,Uppingham,Clark Zumbrunnen,"Regular Smoothies - Berry Beautiful - 2.00, Large Flavoured hot chocolate - Vanilla - 2.90, Regular Speciality Tea - Peppermint - 1.30",6.2,CARD,5054601361744012
10/07/2024 11:03,Uppingham,Gaston Williams,"Large Hot chocolate - 2.90, Regular Hot chocolate - 2.20",5.1,CARD,1911680745926018
10/07/2024 11:05,Uppingham,Margarita Marin,Regular Smoothies - Berry Beautiful - 2.00,2.0,CARD,2065419678713589
10/07/2024 11:07,Uppingham,Diana Ainsworth,Regular Flavoured hot chocolate - Vanilla - 2.60,2.6,CARD,5083963941633209
10/07/2024 11:09,Uppingham,Joey Garfield,"Regular Flavoured latte - Hazelnut - 2.55, Large Cortado - 2.35",4.9,CASH,
10/07/2024 11:11,Uppingham,Ann Riggs,"Regular Cortado - 2.05, Large Speciality Tea - Green - 1.60, Large Flavoured latte - Caramel - 2.85, Large Flavoured latte - Hazelnut - 2.85",9.35,CASH,
10/07/2024 11:13,Uppingham,Marguerite Certain,"Large Red Label tea - 1.80, Regular Flavoured latte - Hazelnut - 2.55, Large Smoothies - Berry Beautiful - 2.50, Regular Flavoured hot chocolate - Vanilla - 2.60, Regular Flavoured latte - Caramel - 2.55",12.0,CASH,
10/07/2024 11:15,Uppingham,Sandra Brown,"Large Speciality Tea - Peppermint - 1.60, Regular Cortado - 2.05, Regular Hot chocolate - 2.20",5.85,CARD,2573584880370989
10/07/2024 11:17,Uppingham,David Blenden,Regular Speciality Tea - Peppermint - 1.30,1.3,CARD,4969873822409621
10/07/2024 11:19,Uppingham,Henry Delbridge,"Large Speciality Tea - Green - 1.60, Large Flavoured latte - Caramel - 2.85, Regular Hot chocolate - 2.20",6.65,CARD,9059157414536813
10/07/2024 11:21,Uppingham,Tina Hier,Regular Red Label tea - 1.20,1.2,CARD,6977334250745226
10/07/2024 11:23,Uppingham,John Bradley,"Large Speciality Tea - Green - 1.60, Regular Hot chocolate - 2.20, Large Smoothies - Berry Beautiful - 2.50, Regular Smoothies - Berry Beautiful - 2.00, Large Smoothies - Berry Beautiful - 2.50, Large Speciality Tea - Green - 1.60",12.4,CARD,5315865767160361
10/07/2024 11:25,Uppingham,Catherine Wickham,"Regular Speciality Tea - Green - 1.30, Regular Flavoured latte - Caramel - 2.55",3.85,CARD,6455589039845333
10/07/2024 11:27,Uppingham,Michael Yonkoske,"Large Flavoured latte - Caramel - 2.85, Regular Smoothies - Berry Beautiful - 2.00, Large Flavoured latte - Hazelnut - 2.85, Large Mocha - 2.70",10.4,CASH,
10/07/2024 11:29,Uppingham,Kristel Teel,"Large Speciality Tea - Green - 1.60, Regular Speciality Tea - Green - 1.30, Large Smoothies - Berry Beautiful - 2.50, Regular Mocha - 2.30",7.7,CARD,8847897998527751
10/07/2024 11:31,Uppingham,Michael Flanagan,"Regular Flavoured latte - Hazelnut - 2.55, Regular Smoothies - Berry Beautiful - 2.00, Regular Speciality Tea - Peppermint - 1.30",5.85,CARD,2970547014796443
10/07/2024 11:33,Uppingham,Lila Gibson,Large Speciality Tea - Green - 1.60,1.6,CARD,8823147503319133
10/07/2024 11:35,Uppingham,Judy Mcmullan,"Regular Red Label tea - 1.20, Regular Speciality Tea - Green - 1.30",2.5,CARD,6377396100289440
10/07/2024 11:37,Uppingham,Gregory Mathews,"Regular Hot chocolate - 2.20, Regular Flavoured latte - Hazelnut - 2.55",4.75,CARD,7790411088221874
10/07/2024 11:39,Uppingham,Keith Ortega,"Large Cortado - 2.35, Large Smoothies - Berry Beautiful - 2.50, Large Flavoured latte - Hazelnut - 2.85, Regular Flavoured latte - Caramel - 2.55, Regular Cortado - 2.05",12.3,CARD,7734172887038899
10/07/2024 11:41,Uppingham,Eddie Gulotta,"Large Speciality Tea - Green - 1.60, Large Red Label tea - 1.80, Regular Mocha - 2.30, Regular Mocha - 2.30, Large Speciality Tea - Green - 1.60",9.6,CARD,8164645938481828
10/07/2024 11:43,Uppingham,Cheryl Gordon,"Large Speciality Tea - Green - 1.60, Regular Speciality Tea - Green - 1.30",2.9,CARD,4260391315076407
10/07/2024 11:45,Uppingham,Eunice Perry,"Regular Hot chocolate - 2.20, Large Flavoured latte - Hazelnut - 2.85",5.05,CASH,
10/07/2024 11:47,Uppingham,Steve Seumanu,Large Flavoured latte - Hazelnut - 2.85,2.85,CARD,4213986719628548
10/07/2024 11:49,Uppingham,Brian Kelly,"Large Cortado - 2.35, Large Red Label tea - 1.80",4.15,CARD,8748587020317141
10/07/2024 11:51,Uppingham,Luis Rodgers,"Large Red Label tea - 1.80, Regular Flavoured latte - Hazelnut - 2.55",4.35,CARD,3504761340275503
10/07/2024 11:53,Uppingham,Darlene Green,"Large Flavoured hot chocolate - Vanilla - 2.90, Large Flavoured latte - Caramel - 2.85, Large Cortado - 2.35, Large Flavoured hot chocolate - Vanilla - 2.90, Large Cortado - 2.35, Regular Mocha - 2.30",15.65,CARD,2767439911336058
10/07/2024 11:55,Uppingham,Nathaniel Graham,"Large Speciality Tea - Peppermint - 1.60, Regular Flavoured latte - Hazelnut - 2.55",4.15,CARD,7934197220542610
10/07/2024 11:57,Uppingham,Donna Chapman,"Large Flavoured latte - Caramel - 2.85, Regular Flavoured latte - Caramel - 2.55",5.4,CARD,2377836086127862
10/07/2024 11:59,Uppingham,Carol Seifert,Regular Flavoured latte - Caramel - 2.55,2.55,CARD,3775376345670760
10/07/2024 12:01,Uppingham,Sharon Dettloff,"Regular Flavoured hot chocolate - Vanilla - 2.60, Regular Red Label tea - 1.20",3.8,CARD,5419349018771865
10/07/2024 12:04,Uppingham,Darlene Johnson,"Regular Flavoured latte - Hazelnut - 2.55, Regular Mocha - 2.30, Regular Speciality Tea - Green - 1.30, Regular Mocha - 2.30",8.45,CARD,6011809862707943
10/07/2024 12:07,Uppingham,Mark Hollin,Large Mocha - 2.70,2.7,CARD,4903135729875164
10/07/2024 12:10,Uppingham,Ralph Jay,"Regular Hot chocolate - 2.20, Large Cortado - 2.35, Large Smoothies - Berry Beautiful - 2.50",7.05,CARD,4169500953491531
10/07/2024 12:13,Uppingham,Mary Smith,Large Flavoured hot chocolate - Vanilla - 2.90,2.9,CARD,4664160185178148
10/07/2024 12:16,Uppingham,Lincoln Richards,"Regular Flavoured latte - Hazelnut - 2.55, Large Flavoured latte - Caramel - 2.85, Regular Flavoured latte - Hazelnut - 2.55, Large Cortado - 2.35",10.3,CASH,
10/07/2024 12:19,Uppingham,Rhonda Seth,"Regular Smoothies - Berry Beautiful - 2.00, Large Red Label tea - 1.80, Large Cortado - 2.35, Large Flavoured latte - Caramel - 2.85, Regular Cortado - 2.05",11.05,CASH,
10/07/2024 12:23,Uppingham,Luke Hirsch,"Large Cortado - 2.35, Regular Flavoured latte - Hazelnut - 2.55, Regular Flavoured latte - Hazelnut - 2.55, Regular Flavoured latte - Caramel - 2.55, Large Red Label tea - 1.80",11.8,CARD,5950806263005110
10/07/2024 12:26,Uppingham,Johnny Smith,Regular Speciality Tea - Peppermint - 1.30,1.3,CARD,1456462662134427
10/07/2024 12:29,Uppingham,Tammy Logue,Large Speciality Tea - Peppermint - 1.60,1.6,CARD,1468347511003118
10/07/2024 12:32,Uppingham,Michael Rabago,Large Mocha - 2.70,2.7,CARD,5718606628705066
10/07/2024 12:35,Uppingham,Mary Cohen,"Regular Mocha - 2.30, Large Red Label tea - 1.80, Large Speciality Tea - Peppermint - 1.60, Large Mocha - 2.70, Large Flavoured latte - Caramel - 2.85",11.25,CARD,2203053728479138
10/07/2024 12:38,Uppingham,Helen Ayers,"Regular Flavoured latte - Hazelnut - 2.55, Large Mocha - 2.70, Large Cortado - 2.35, Regular Speciality Tea - Green - 1.30, Large Hot chocolate - 2.90",11.8,CARD,8389017090620723
10/07/2024 12:41,Uppingham,Jo Gustafson,"Regular Cortado - 2.05, Regular Speciality Tea - Peppermint - 1.30, Large Flavoured hot chocolate - Vanilla - 2.90, Large Speciality Tea - Peppermint - 1.60",7.85,CASH,
10/07/2024 12:45,Uppingham,Eddie Paskett,"Regular Speciality Tea - Peppermint - 1.30, Regular Cortado - 2.05",3.35,CARD,4598399016292482
10/07/2024 12:48,Uppingham,Liz Badami,Large Cortado - 2.35,2.35,CARD,9375176962070206
10/07/2024 12:51,Uppingham,Thomas Mcmurray,Regular Cortado - 2.05,2.05,CASH,
10/07/2024 12:54,Uppingham,Martha Doss,Large Mocha - 2.70,2.7,CARD,8362320387102570
10/07/2024 12:57,Uppingham,Michael Granados,"Regular Flavoured hot chocolate - Vanilla - 2.60, Large Speciality Tea - Peppermint - 1.60, Large Speciality Tea - Peppermint - 1.60, Large Cortado - 2.35, Regular Flavoured latte - Caramel - 2.55",10.7,CARD,2247035777101044
10/07/2024 13:00,Uppingham,Elaine Bass,"Regular Mocha - 2.30, Regular Red Label tea - 1.20, Regular Speciality Tea - Green - 1.30",4.8,CASH,
10/07/2024 13:02,Uppingham,Simon Ditzel,"Large Cortado - 2.35, Regular Flavoured latte - Caramel - 2.55, Large Hot chocolate - 2.90",7.8,CARD,5550560304596076
10/07/2024 13:04,Uppingham,Ronnie Kochheiser,Large Red Label tea - 1.80,1.8,CARD,2202551289150938
10/07/2024 13:06,Uppingham,Virginia Willis,"Large Hot chocolate - 2.90, Regular Flavoured latte - Hazelnut - 2.55, Regular Flavoured hot chocolate - Vanilla - 2.60",8.05,CASH,
10/07/2024 13:08,Uppingham,Philip Herlocker,"Large Flavoured latte - Hazelnut - 2.85, Large Red Label tea - 1.80",4.65,CARD,3386228321854070
10/07/2024 13:10,Uppingham,Benjamin Ghaemmaghami,"Large Speciality Tea - Green - 1.60, Regular Cortado - 2.05, Regular Flavoured latte - Hazelnut - 2.55",6.2,CARD,2286217294234438
10/07/2024 13:12,Uppingham,Maria Ho,"Large Smoothies - Berry Beautiful - 2.50, Regular Flavoured hot chocolate - Vanilla - 2.60, Large Red Label tea - 1.80",6.9,CASH,
10/07/2024 13:13,Uppingham,Terry Mauldin,"Regular Flavoured latte - Caramel - 2.55, Regular Red Label tea - 1.20, Regular Smoothies - Berry Beautiful - 2.00, Large Flavoured latte - Hazelnut - 2.85",8.6,CARD,9985700684691254
10/07/2024 13:15,Uppingham,James Hughes,"Large Speciality Tea - Peppermint - 1.60, Large Flavoured latte - Hazelnut - 2.85, Regular Mocha - 2.30, Regular Mocha - 2.30, Large Speciality Tea - Green - 1.60",10.65,CARD,4789443521654392
10/07/2024 13:17,Uppingham,Woodrow White,"Large Cortado - 2.35, Regular Hot chocolate - 2.20, Large Flavoured latte - Caramel - 2.85",7.4,CARD,7175242111916945
10/07/2024 13:19,Uppingham,Jodi Correia,"Large Red Label tea - 1.80, Large Speciality Tea - Peppermint - 1.60",3.4,CARD,9378371887235092
10/07/2024 13:21,Uppingham,Marjorie Caron,Regular Flavoured hot chocolate - Vanilla - 2.60,2.6,CARD,5019419396985493
10/07/2024 13:23,Uppingham,Tara Wise,"Regular Flavoured latte - Hazelnut - 2.55, Regular Hot chocolate - 2.20",4.75,CARD,2843063367288026
10/07/2024 13:25,Uppingham,Dwayne Anderson,"Large Smoothies - Berry Beautiful - 2.50, Large Mocha - 2.70",5.2,CASH,
10/07/2024 13:26,Uppingham,Edgar Jacobsen,Regular Speciality Tea - Green - 1.30,1.3,CARD,7978801156691028
10/07/2024 13:28,Uppingham,Jo White,Large Hot chocolate - 2.90,2.9,CASH,
10/07/2024 13:30,Uppingham,Marion Barrows,"Large Cortado - 2.35, Regular Speciality Tea - Peppermint - 1.30, Regular Mocha - 2.30, Regular Mocha - 2.30",8.25,CARD,7901670617363690
10/07/2024 13:32,Uppingham,Charles Parman,"Regular Red Label tea - 1.20, Regular Flavoured hot chocolate - Vanilla - 2.60, Regular Mocha - 2.30",6.1,CARD,4287003430063368
10/07/2024 13:34,Uppingham,Wilma Kolle,"Large Flavoured latte - Hazelnut - 2.85, Large Speciality Tea - Peppermint - 1.60, Large Speciality Tea - Green - 1.60, Large Cortado - 2.35, Regular Flavoured latte - Caramel - 2.55, Regular Smoothies - Berry Beautiful - 2.00",12.95,CARD,5214235653951099
10/07/2024 13:36,Uppingham,Patricia Allen,Large Red Label tea - 1.80,1.8,CARD,6278008106907131
10/07/2024 13:38,Uppingham,Christina Vides,"Large Speciality Tea - Peppermint - 1.60, Large Mocha - 2.70, Regular Red Label tea - 1.20",5.5,CARD,5601657788858603
10/07/2024 13:40,Uppingham,Floyd Howard,"Large Red Label tea - 1.80, Large Flavoured latte - Hazelnut - 2.85, Large Smoothies - Berry Beautiful - 2.50, Regular Flavoured hot chocolate - Vanilla - 2.60",9.75,CARD,7838495733007234
10/07/2024 13:41,Uppingham,Dennis Latham,Large Cortado - 2.35,2.35,CARD,4435744616373346
10/07/2024 13:43,Uppingham,Kirk Partida,"Large Speciality Tea - Peppermint - 1.60, Large Flavoured hot chocolate - Vanilla - 2.90",4.5,CARD,1889357173486550
10/07/2024 13:45,Uppingham,Samantha Martirano,"Large Red Label tea - 1.80, Large Red Label tea - 1.80",3.6,CARD,1885999953234737
10/07/2024 13:47,Uppingham,Taylor Piper,"Regular Red Label tea - 1.20, Large Flavoured hot chocolate - Vanilla - 2.90",4.1,CARD,6981349930531847
10/07/2024 13:49,Uppingham,Patrick Stapleton,Large Speciality Tea - Peppermint - 1.60,1.6,CARD,2562582352872084
10/07/2024 13:51,Uppingham,Robert Roys,"Large Cortado - 2.35, Large Cortado - 2.35",4.7,CARD,8594581319777638
10/07/2024 13:53,Uppingham,Camille Francis,"Large Flavoured latte - Caramel - 2.85, Regular Speciality Tea - Green - 1.30, Large Cortado - 2.35, Large Red Label tea - 1.80",8.3,CARD,6260196236286484
10/07/2024 13:54,Uppingham,Erica Dollar,"Regular Hot chocolate - 2.20, Large Flavoured latte - Hazelnut - 2.85, Large Mocha - 2.70",7.75,CASH,
10/07/2024 13:56,Uppingham,Virginia Ales,Regular Smoothies - Berry Beautiful - 2.00,2.0,CARD,2212137460490498
10/07/2024 13:58,Uppingham,Nicholas Lussier,"Regular Flavoured hot chocolate - Vanilla - 2.60, Regular Flavoured latte - Caramel - 2.55, Large Cortado - 2.35, Regular Speciality Tea - Peppermint - 1.30",8.8,CARD,7744865978448425
10/07/2024 14:00,Uppingham,Keith Ornelas,"Regular Hot chocolate - 2.20, Regular Flavoured latte - Caramel - 2.55, Regular Flavoured latte - Caramel - 2.55",7.3,CARD,9282304731835600
10/07/2024 14:03,Uppingham,Cynthia Dimaggio,Regular Smoothies - Berry Beautiful - 2.00,2.0,CASH,
10/07/2024 14:07,Uppingham,Kathlene Stewart,"Regular Red Label tea - 1.20, Regular Flavoured latte - Hazelnut - 2.55, Large Red Label tea - 1.80, Large Speciality Tea - Green - 1.60",7.15,CARD,5397822261516765
10/07/2024 14:10,Uppingham,Eric Hoggard,Regular Flavoured latte - Caramel - 2.55,2.55,CARD,9372016335132886
10/07/2024 14:13,Uppingham,Dorothy Meeks,"Large Speciality Tea - Green - 1.60, Large Hot chocolate - 2.90",4.5,CASH,
10/07/2024 14:17,Uppingham,Donna Reynolds,"Regular Flavoured hot chocolate - Vanilla - 2.60, Regular Flavoured latte - Caramel - 2.55",5.15,CASH,
10/07/2024 14:20,Uppingham,Molly Debois,"Large Cortado - 2.35, Regular Mocha - 2.30, Regular Cortado - 2.05, Regular Speciality Tea - Green - 1.30",8.0,CARD,5385898235833648
10/07/2024 14:23,Uppingham,Shirley Miller,"Large Mocha - 2.70, Large Hot chocolate - 2.90, Regular Cortado - 2.05",7.65,CASH,
10/07/2024 14:27,Uppingham,Marco Bonato,Large Mocha - 2.70,2.7,CARD,4096875796448873
10/07/2024 14:30,Uppingham,Sylvia Rudolph,"Large Flavoured latte - Hazelnut - 2.85, Large Cortado - 2.35, Regular Cortado - 2.05",7.25,CASH,
10/07/2024 14:33,Uppingham,Kevin Tarter,"Regular Speciality Tea - Green - 1.30, Regular Red Label tea - 1.20, Large Cortado - 2.35",4.85,CARD,8244876090452728
10/07/2024 14:37,Uppingham,Mollie Mack,"Large Red Label tea - 1.80, Large Flavoured latte - Hazelnut - 2.85, Large Mocha - 2.70, Regular Red Label tea - 1.20, Large Hot chocolate - 2.90",11.45,CARD,6101601220840162
10/07/2024 14:40,Uppingham,Ruben Hart,Large Red Label tea - 1.80,1.8,CARD,3716345309907577
10/07/2024 14:43,Uppingham,Samuel Low,Regular Mocha - 2.30,2.3,CARD,2636955109697589
10/07/2024 14:47,Uppingham,Jason Moates,"Regular Flavoured latte - Hazelnut - 2.55, Regular Hot chocolate - 2.20, Regular Mocha - 2.30",7.05,CARD,4771996163890525
10/07/2024 14:50,Uppingham,David Thuss,"Regular Flavoured latte - Caramel - 2.55, Regular Smoothies - Berry Beautiful - 2.00, Large Smoothies - Berry Beautiful - 2.50, Large Red Label tea - 1.80, Large Smoothies - Berry Beautiful - 2.50, Regular Mocha - 2.30",13.65,CARD,9478023035471338
10/07/2024 14:53,Uppingham,Elmer Barnes,"Large Speciality Tea - Peppermint - 1.60, Regular Flavoured latte - Hazelnut - 2.55",4.15,CARD,6782277177772850
10/07/2024 14:57,Uppingham,Rodney Roark,"Regular Flavoured hot chocolate - Vanilla - 2.60, Large Flavoured hot chocolate - Vanilla - 2.90, Large Cortado - 2.35, Regular Hot chocolate - 2.20",10.05,CASH,
10/07/2024 15:00,Uppingham,Barbara Solis,Regular Red Label tea - 1.20,1.2,CARD,6155205708932312
10/07/2024 15:03,Uppingham,Natalia Rembert,"Large Speciality Tea - Peppermint - 1.60, Large Flavoured latte - Hazelnut - 2.85, Large Flavoured latte - Hazelnut - 2.85, Large Flavoured hot chocolate - Vanilla - 2.90",10.2,CARD,6567880583876422
10/07/2024 15:07,Uppingham,Kimberli Duncan,"Regular Speciality Tea - Green - 1.30, Large Flavoured hot chocolate - Vanilla - 2.90, Large Red Label tea - 1.80, Regular Hot chocolate - 2.20, Regular Hot chocolate - 2.20",10.4,CARD,8861464358764225
10/07/2024 15:10,Uppingham,Lula Beard,"Regular Flavoured latte - Caramel - 2.55, Regular Flavoured latte - Hazelnut - 2.55, Regular Speciality Tea - Green - 1.30",6.4,CASH,
10/07/2024 15:13,Uppingham,Adolph Abbott,"Large Flavoured latte - Caramel - 2.85, Regular Smoothies - Berry Beautiful - 2.00, Large Flavoured latte - Caramel - 2.85, Large Mocha - 2.70",10.4,CARD,2884786273963825
10/07/2024 15:17,Uppingham,Alice Long,"Large Cortado - 2.35, Large Cortado - 2.35, Regular Flavoured latte - Hazelnut - 2.55",7.25,CASH,
10/07/2024 15:20,Uppingham,James Mcduffie,"Regular Hot chocolate - 2.20, Regular Flavoured latte - Caramel - 2.55",4.75,CASH,
10/07/2024 15:23,Uppingham,Judith Crowell,"Large Flavoured latte - Caramel - 2.85, Regular Cortado - 2.05, Large Hot chocolate - 2.90",7.8,CASH,
10/07/2024 15:27,Uppingham,Thomas Espericueta,Large Speciality Tea - Peppermint - 1.60,1.6,CARD,5771258030460262
10/07/2024 15:30,Uppingham,Barbara Lentz,"Regular Speciality Tea - Peppermint - 1.30, Regular Mocha - 2.30, Regular Cortado - 2.05, Large Speciality Tea - Peppermint - 1.60",7.25,CASH,
10/07/2024 15:33,Uppingham,Giovanna Rowe,"Large Smoothies - Berry Beautiful - 2.50, Regular Red Label tea - 1.20, Large Flavoured latte - Caramel - 2.85, Regular Speciality Tea - Peppermint - 1.30",7.85,CARD,8337231799915371
10/07/2024 15:37,Uppingham,Annie Doyle,"Large Hot chocolate - 2.90, Large Red Label tea - 1.80, Regular Mocha - 2.30, Regular Smoothies - Berry Beautiful - 2.00, Large Speciality Tea - Peppermint - 1.60, Large Red Label tea - 1.80",12.4,CARD,3055760426627508
10/07/2024 15:40,Uppingham,Harold Mccray,"Large Speciality Tea - Peppermint - 1.60, Regular Smoothies - Berry Beautiful - 2.00",3.6,CARD,2792113034686606
10/07/2024 15:43,Uppingham,Philip Belliveau,Regular Hot chocolate - 2.20,2.2,CARD,1340589627068743
10/07/2024 15:47,Uppingham,Vonnie Young,"Regular Red Label tea - 1.20, Large Speciality Tea - Peppermint - 1.60, Regular Flavoured latte - Caramel - 2.55, Large Flavoured latte - Hazelnut - 2.85, Large Flavoured hot chocolate - Vanilla - 2.90",11.1,CARD,2136218090789028
10/07/2024 15:50,Uppingham,Vivian Collins,Large Mocha - 2.70,2.7,CASH,
10/07/2024 15:53,Uppingham,Martha Roberts,"Regular Red Label tea - 1.20, Large Hot chocolate - 2.90, Regular Flavoured latte - Hazelnut - 2.55",6.65,CARD,5692239515885598
10/07/2024 15:57,Uppingham,Della Butler,"Regular Flavoured latte - Hazelnut - 2.55, Regular Red Label tea - 1.20, Regular Red Label tea - 1.20",4.95,CASH,
10/07/2024 16:00,Uppingham,Winnie Brown,Regular Flavoured latte - Hazelnut - 2.55,2.55,CARD,7052705348454838
10/07/2024 16:02,Uppingham,Cindy Sykes,"Regular Flavoured latte - Hazelnut - 2.55, Regular Flavoured latte - Caramel - 2.55, Large Smoothies - Berry Beautiful - 2.50, Regular Flavoured latte - Hazelnut - 2.55, Large Mocha - 2.70",12.85,CASH,
10/07/2024 16:04,Uppingham,Barbara King,"Regular Smoothies - Berry Beautiful - 2.00, Large Mocha - 2.70, Large Speciality Tea - Green - 1.60, Large Red Label tea - 1.80",8.1,CARD,8841919494560612
10/07/2024 16:05,Uppingham,Bernadette Peoples,"Regular Mocha - 2.30, Large Cortado - 2.35, Large Hot chocolate - 2.90",7.55,CASH,
10/07/2024 16:07,Uppingham,Robert Kennedy,"Regular Flavoured hot chocolate - Vanilla - 2.60, Large Flavoured hot chocolate - Vanilla - 2.90, Large Smoothies - Berry Beautiful - 2.50, Large Speciality Tea - Green - 1.60, Large Speciality Tea - Green - 1.60",11.2,CARD,8175886652925600
10/07/2024 16:09,Uppingham,Frank Engleberg,"Regular Red Label tea - 1.20, Large Hot chocolate - 2.90",4.1,CARD,4510707792453403
10/07/2024 16:11,Uppingham,Billy Jacobs,Regular Flavoured latte - Hazelnut - 2.55,2.55,CARD,4842414733048647
10/07/2024 16:12,Uppingham,Peggy Anderson,"Regular Flavoured hot chocolate - Vanilla - 2.60, Regular Smoothies - Berry Beautiful - 2.00, Large Hot chocolate - 2.90, Large Flavoured latte - Caramel - 2.85, Large Mocha - 2.70",13.05,CARD,5039154972106789
10/07/2024 16:14,Uppingham,Mary Medina,"Large Flavoured latte - Hazelnut - 2.85, Large Flavoured latte - Hazelnut - 2.85, Large Speciality Tea - Peppermint - 1.60",7.3,CARD,7700594849340868
10/07/2024 16:16,Uppingham,Teresa Johnson,Large Speciality Tea - Peppermint - 1.60,1.6,CARD,2814718091279505
10/07/2024 16:18,Uppingham,Hope Stringham,"Regular Mocha - 2.30, Large Flavoured latte - Caramel - 2.85",5.15,CARD,7398244932348098
10/07/2024 16:19,Uppingham,Hattie Hagstrom,"Regular Cortado - 2.05, Large Flavoured hot chocolate - Vanilla - 2.90, Regular Flavoured hot chocolate - Vanilla - 2.60",7.55,CARD,7745670942733087
10/07/2024 16:21,Uppingham,Gary Vandeusen,Regular Hot chocolate - 2.20,2.2,CARD,2968097893859907
10/07/2024 16:23,Uppingham,Donnie Roesler,"Large Speciality Tea - Peppermint - 1.60, Regular Red Label tea - 1.20",2.8,CASH,
10/07/2024 16:25,Uppingham,Maria Simpson,"Large Flavoured hot chocolate - Vanilla - 2.90, Regular Mocha - 2.30, Large Flavoured latte - Hazelnut - 2.85, Regular Flavoured latte - Caramel - 2.55, Large Speciality Tea - Green - 1.60, Large Flavoured latte - Hazelnut - 2.85",15.05,CARD,5325799818562919
10/07/2024 16:26,Uppingham,Paul Ripp,"Large Cortado - 2.35, Large Cortado - 2.35, Large Flavoured hot chocolate - Vanilla - 2.90",7.6,CARD,8364159612419156
10/07/2024 16:28,Uppingham,Joseph Ikehara,"Regular Flavoured latte - Caramel - 2.55, Regular Hot chocolate - 2.20",4.75,CASH,
10/07/2024 16:30,Uppingham,Mary Welch,"Large Hot chocolate - 2.90, Regular Speciality Tea - Green - 1.30",4.2,CARD,1161908810343366
10/07/2024 16:32,Uppingham,Jose Gallagher,"Regular Speciality Tea - Peppermint - 1.30, Large Flavoured latte - Caramel - 2.85",4.15,CASH,
10/07/2024 16:33,Uppingham,John Richards,"Regular Flavoured latte - Caramel - 2.55, Large Speciality Tea - Green - 1.60, Large Mocha - 2.70, Large Flavoured latte - Caramel - 2.85, Regular Red Label tea - 1.20",10.9,CARD,8835349023635826
10/07/2024 16:35,Uppingham,Tom Maggard,"Large Red Label tea - 1.80, Regular Speciality Tea - Green - 1.30, Large Red Label tea - 1.80, Regular Flavoured hot chocolate - Vanilla - 2.60, Large Flavoured latte - Hazelnut - 2.85, Large Flavoured latte - Caramel - 2.85",13.2,CASH,
10/07/2024 16:37,Uppingham,Henry Way,"Large Smoothies - Berry Beautiful - 2.50, Large Speciality Tea - Peppermint - 1.60",4.1,CARD,5410362294758902
10/07/2024 16:39,Uppingham,Whitney Riley,"Regular Speciality Tea - Peppermint - 1.30, Large Speciality Tea - Green - 1.60, Regular Hot chocolate - 2.20, Large Speciality Tea - Peppermint - 1.60, Large Flavoured latte - Hazelnut - 2.85",9.55,CARD,6068416044375143
10/07/2024 16:40,Uppingham,Kenneth Burke,"Large Cortado - 2.35, Regular Speciality Tea - Peppermint - 1.30",3.65,CARD,7183240239491905
10/07/2024 16:42,Uppingham,Roberta Cohen,"Large Flavoured hot chocolate - Vanilla - 2.90, Regular Smoothies - Berry Beautiful - 2.00, Large Flavoured hot chocolate - Vanilla - 2.90",7.8,CARD,2235535186944974
10/07/2024 16:44,Uppingham,Donna Andrade,Regular Cortado - 2.05,2.05,CARD,3555564961445239
10/07/2024 16:46,Uppingham,Emma Sprague,"Large Flavoured latte - Hazelnut - 2.85, Regular Flavoured hot chocolate - Vanilla - 2.60",5.45,CARD,7590784866262480
10/07/2024 16:47,Uppingham,Earnest Ribeiro,Regular Hot chocolate - 2.20,2.2,CASH,
10/07/2024 16:49,Uppingham,Lon Thomas,"Large Flavoured latte - Hazelnut - 2.85, Large Speciality Tea - Green - 1.60",4.45,CARD,4931083034071492
10/07/2024 16:51,Uppingham,Amanda Parker,"Large Red Label tea - 1.80, Large Mocha - 2.70, Large Mocha - 2.70, Large Speciality Tea - Green - 1.60, Large Cortado - 2.35, Regular Flavoured hot chocolate - Vanilla - 2.60",13.75,CASH,
10/07/2024 16:53,Uppingham,Steven Diamond,"Large Mocha - 2.70, Large Red Label tea - 1.80",4.5,CARD,4115415001356457
10/07/2024 16:55,Uppingham,Javier Dalton,"Large Smoothies - Berry Beautiful - 2.50, Regular Speciality Tea - Green - 1.30, Regular Red Label tea - 1.20",5.0,CARD,1022465705899255
10/07/2024 16:56,Uppingham,Dottie Stevenson,"Regular Red Label tea - 1.20, Large Flavoured latte - Hazelnut - 2.85, Large Flavoured latte - Caramel - 2.85, Regular Smoothies - Berry Beautiful - 2.00, Large Hot chocolate - 2.90, Large Flavoured hot chocolate - Vanilla - 2.90",14.7,CARD,7070551914577863
10/07/2024 16:58,Uppingham,Kenneth Bodine,"Large Flavoured latte - Hazelnut - 2.85, Large Mocha - 2.70, Large Flavoured latte - Caramel - 2.85, Large Red Label tea - 1.80",10.2,CARD,5364295507443073
