09/07/2024 09:00,Birmingham,Emilee Daniels,Large Cortado - 2.35,2.35,CASH,
09/07/2024 09:03,Birmingham,Terri Rymer,"Regular Cortado - 2.05, Regular Chai latte - 2.30, Regular Flavoured hot chocolate - Caramel - 2.60, Large Chai latte - 2.60",9.55,CASH,
09/07/2024 09:06,Birmingham,Lyman Pacheco,Large Speciality Tea - English breakfast - 1.60,1.6,CASH,
09/07/2024 09:09,Birmingham,Mildred Gunstream,"Regular Cortado - 2.05, Regular Chai latte - 2.30, Regular Speciality Tea - English breakfast - 1.30, Large Speciality Tea - Camomile - 1.60",7.25,CARD,7638084896449227
09/07/2024 09:12,Birmingham,Jeffrey Green,Large Red Label tea - 1.80,1.8,CASH,
09/07/2024 09:15,Birmingham,Christopher Smith,"Large Red Label tea - 1.80, Large Red Label tea - 1.80, Large Flavoured hot chocolate - Caramel - 2.90",6.5,CARD,5745522263510004
09/07/2024 09:18,Birmingham,Jeana Eden,"Large Cortado - 2.35, Regular Speciality Tea - English breakfast - 1.30, Large Speciality Tea - Camomile - 1.60, Large Chai latte - 2.60",7.85,CARD,7929551338713372
09/07/2024 09:22,Birmingham,Earl Johnson,"Regular Red Label tea - 1.20, Regular Chai latte - 2.30",3.5,CARD,6232354452068134
09/07/2024 09:25,Birmingham,Jared Berry,"Regular Speciality Tea - English breakfast - 1.30, Regular Speciality Tea - Camomile - 1.30",2.6,CARD,4617946292788121
09/07/2024 09:28,Birmingham,Catalina Agee,Regular Chai latte - 2.30,2.3,CARD,1304233117862725
09/07/2024 09:31,Birmingham,Alicia Matias,"Regular Speciality Tea - English breakfast - 1.30, Large Chai latte - 2.60, Regular Speciality Tea - Camomile - 1.30",5.2,CARD,1320528491429822
09/07/2024 09:34,Birmingham,Tommy Peterson,"Regular Cortado - 2.05, Large Chai latte - 2.60",4.65,CASH,
09/07/2024 09:37,Birmingham,Melissa Phillips,Regular Speciality Tea - Camomile - 1.30,1.3,CASH,
09/07/2024 09:40,Birmingham,Kayla Reiss,Regular Flavoured hot chocolate - Caramel - 2.60,2.6,CASH,
09/07/2024 09:44,Birmingham,Willie Naylor,"Regular Speciality Tea - Camomile - 1.30, Regular Speciality Tea - Camomile - 1.30, Large Speciality Tea - English breakfast - 1.60",4.2,CASH,
09/07/2024 09:47,Birmingham,Gladys Culver,Large Flavoured hot chocolate - Caramel - 2.90,2.9,CARD,8259293414366047
09/07/2024 09:50,Birmingham,Joe Wingard,"Regular Flavoured hot chocolate - Caramel - 2.60, Regular Chai latte - 2.30, Large Speciality Tea - Camomile - 1.60, Large Speciality Tea - English breakfast - 1.60, Large Speciality Tea - English breakfast - 1.60",9.7,CARD,1144256719857219
09/07/2024 09:53,Birmingham,Chad Mcbee,Large Speciality Tea - English breakfast - 1.60,1.6,CASH,
09/07/2024 09:56,Birmingham,Jessie Koester,Large Flavoured hot chocolate - Caramel - 2.90,2.9,CARD,4536492997155331
09/07/2024 09:59,Birmingham,Abby Denson,"Regular Red Label tea - 1.20, Regular Speciality Tea - Camomile - 1.30",2.5,CARD,5186376112716336
09/07/2024 10:03,Birmingham,Robert Taylor,"Regular Speciality Tea - English breakfast - 1.30, Regular Cortado - 2.05",3.35,CARD,3230780461160101
09/07/2024 10:04,Birmingham,Nancy Baughman,Regular Speciality Tea - Camomile - 1.30,1.3,CARD,9881927748559651
09/07/2024 10:06,Birmingham,Jennifer Sookram,"Large Chai latte - 2.60, Regular Speciality Tea - Camomile - 1.30, Regular Chai latte - 2.30, Regular Chai latte - 2.30",8.5,CASH,
09/07/2024 10:07,Birmingham,John Acklin,"Regular Flavoured hot chocolate - Caramel - 2.60, Regular Flavoured hot chocolate - Caramel - 2.60, Large Chai latte - 2.60, Large Flavoured hot chocolate - Caramel - 2.90",10.7,CASH,
09/07/2024 10:09,Birmingham,Hilda Stotler,"Regular Cortado - 2.05, Large Flavoured hot chocolate - Caramel - 2.90, Regular Speciality Tea - Camomile - 1.30",6.25,CASH,
09/07/2024 10:10,Birmingham,Nancy Powell,Regular Chai latte - 2.30,2.3,CARD,3086127187966098
09/07/2024 10:12,Birmingham,Tricia Clemons,"Large Red Label tea - 1.80, Regular Speciality Tea - English breakfast - 1.30, Large Red Label tea - 1.80",4.9,CARD,3370573313114770
09/07/2024 10:13,Birmingham,Donald Brislin,"Regular Cortado - 2.05, Large Speciality Tea - English breakfast - 1.60",3.65,CARD,6664296031178137
09/07/2024 10:15,Birmingham,Lucy Chambers,Large Speciality Tea - Camomile - 1.60,1.6,CASH,
09/07/2024 10:16,Birmingham,Anita Hoffman,"Large Red Label tea - 1.80, Regular Cortado - 2.05",3.85,CARD,3702475372680591
09/07/2024 10:18,Birmingham,Jimmy Denson,"Large Cortado - 2.35, Large Cortado - 2.35, Regular Chai latte - 2.30",7.0,CASH,
09/07/2024 10:19,Birmingham,William Yohn,"Large Cortado - 2.35, Regular Red Label tea - 1.20, Large Flavoured hot chocolate - Caramel - 2.90, Large Red Label tea - 1.80",8.25,CARD,8663382281907175
09/07/2024 10:21,Birmingham,Mark Smith,"Regular Chai latte - 2.30, Regular Flavoured hot chocolate - Caramel - 2.60",4.9,CARD,3553525762373257
09/07/2024 10:22,Birmingham,Kristin Lanham,"Regular Speciality Tea - English breakfast - 1.30, Large Speciality Tea - Camomile - 1.60",2.9,CARD,6966308895458943
09/07/2024 10:24,Birmingham,Frank Brown,"Regular Flavoured hot chocolate - Caramel - 2.60, Large Speciality Tea - Camomile - 1.60, Regular Cortado - 2.05, Regular Cortado - 2.05, Regular Cortado - 2.05",10.35,CARD,4003450080700855
09/07/2024 10:26,Birmingham,Patsy Chaisson,"Regular Chai latte - 2.30, Regular Cortado - 2.05, Regular Speciality Tea - Camomile - 1.30, Regular Chai latte - 2.30, Regular Speciality Tea - Camomile - 1.30, Regular Speciality Tea - Camomile - 1.30",10.55,CARD,9876863293675725
09/07/2024 10:27,Birmingham,Ruben Kalman,"Regular Chai latte - 2.30, Regular Chai latte - 2.30, Regular Cortado - 2.05, Large Chai latte - 2.60, Large Speciality Tea - English breakfast - 1.60",10.85,CARD,3688250768672324
09/07/2024 10:29,Birmingham,Beverly Rayos,"Large Chai latte - 2.60, Large Speciality Tea - Camomile - 1.60, Regular Speciality Tea - Camomile - 1.30",5.5,CASH,
09/07/2024 10:30,Birmingham,Rose Goins,"Regular Cortado - 2.05, Large Chai latte - 2.60, Large Speciality Tea - Camomile - 1.60, Regular Speciality Tea - English breakfast - 1.30, Large Speciality Tea - Camomile - 1.60",9.15,CARD,6995711658819358
09/07/2024 10:32,Birmingham,Marshall Cook,"Large Speciality Tea - Camomile - 1.60, Large Speciality Tea - Camomile - 1.60, Regular Speciality Tea - English breakfast - 1.30, Regular Speciality Tea - English breakfast - 1.30, Large Red Label tea - 1.80",7.6,CARD,7701059865444888
09/07/2024 10:33,Birmingham,Marcia Johnson,"Regular Speciality Tea - English breakfast - 1.30, Large Flavoured hot chocolate - Caramel - 2.90, Large Speciality Tea - English breakfast - 1.60, Large Red Label tea - 1.80, Regular Cortado - 2.05",9.65,CARD,8568628577660680
09/07/2024 10:35,Birmingham,Christopher Paider,Large Flavoured hot chocolate - Caramel - 2.90,2.9,CASH,
09/07/2024 10:36,Birmingham,Janet Ford,"Large Speciality Tea - Camomile - 1.60, Large Flavoured hot chocolate - Caramel - 2.90, Regular Cortado - 2.05, Regular Red Label tea - 1.20",7.75,CASH,
09/07/2024 10:38,Birmingham,Alan Heroman,"Large Speciality Tea - English breakfast - 1.60, Large Speciality Tea - Camomile - 1.60",3.2,CASH,
09/07/2024 10:39,Birmingham,Sallie Brittain,Regular Speciality Tea - English breakfast - 1.30,1.3,CARD,3227728221946027
09/07/2024 10:41,Birmingham,Jeana Parker,"Regular Cortado - 2.05, Large Speciality Tea - Camomile - 1.60",3.65,CASH,
09/07/2024 10:42,Birmingham,Mary Crouse,"Regular Red Label tea - 1.20, Large Chai latte - 2.60, Regular Speciality Tea - Camomile - 1.30, Regular Speciality Tea - Camomile - 1.30",6.4,CARD,5567761680335575
09/07/2024 10:44,Birmingham,Peter Thomas,"Regular Speciality Tea - Camomile - 1.30, Large Cortado - 2.35",3.65,CARD,7026835519441489
09/07/2024 10:45,Birmingham,Melissa Fernandez,"Regular Chai latte - 2.30, Large Flavoured hot chocolate - Caramel - 2.90, Large Red Label tea - 1.80",7.0,CARD,7359046056424194
09/07/2024 10:47,Birmingham,Jewell Shade,Large Flavoured hot chocolate - Caramel - 2.90,2.9,CARD,2784124303830114
09/07/2024 10:49,Birmingham,Laura Palmer,"Regular Cortado - 2.05, Large Cortado - 2.35, Regular Flavoured hot chocolate - Caramel - 2.60, Regular Speciality Tea - Camomile - 1.30",8.3,CASH,
09/07/2024 10:50,Birmingham,Adele Hicks,"Large Flavoured hot chocolate - Caramel - 2.90, Large Cortado - 2.35, Regular Speciality Tea - Camomile - 1.30",6.55,CARD,2884691199662614
09/07/2024 10:52,Birmingham,Charles Murph,Regular Chai latte - 2.30,2.3,CASH,
09/07/2024 10:53,Birmingham,Lawrence Serrano,"Regular Chai latte - 2.30, Large Cortado - 2.35, Large Cortado - 2.35, Regular Speciality Tea - English breakfast - 1.30",8.3,CARD,7023025655086595
09/07/2024 10:55,Birmingham,Thomas Lizarraga,"Regular Speciality Tea - Camomile - 1.30, Regular Chai latte - 2.30, Large Cortado - 2.35, Large Flavoured hot chocolate - Caramel - 2.90",8.85,CASH,
09/07/2024 10:56,Birmingham,Jerry Daly,"Regular Red Label tea - 1.20, Large Red Label tea - 1.80",3.0,CARD,3808454531507199
09/07/2024 10:58,Birmingham,Pamela Marr,"Large Speciality Tea - Camomile - 1.60, Large Cortado - 2.35, Regular Flavoured hot chocolate - Caramel - 2.60, Large Speciality Tea - Camomile - 1.60, Large Red Label tea - 1.80",9.95,CARD,9280436494087461
09/07/2024 10:59,Birmingham,David Ledesma,"Regular Chai latte - 2.30, Regular Flavoured hot chocolate - Caramel - 2.60",4.9,CASH,
09/07/2024 11:01,Birmingham,Carolyn Parras,"Regular Speciality Tea - Camomile - 1.30, Large Speciality Tea - English breakfast - 1.60",2.9,CARD,2664143269574021
09/07/2024 11:16,Birmingham,Mary Wallace,Regular Flavoured hot chocolate - Caramel - 2.60,2.6,CASH,
09/07/2024 11:31,Birmingham,Isabel Pickard,Regular Red Label tea - 1.20,1.2,CARD,9207048440577085
09/07/2024 11:46,Birmingham,Earl Porter,"Regular Chai latte - 2.30, Large Flavoured hot chocolate - Caramel - 2.90, Regular Chai latte - 2.30",7.5,CARD,1782929053347756
09/07/2024 12:01,Birmingham,Paula Reyes,"Large Chai latte - 2.60, Regular Cortado - 2.05, Large Speciality Tea - Camomile - 1.60, Regular Chai latte - 2.30, Large Chai latte - 2.60",11.15,CARD,5616035508359973
09/07/2024 12:04,Birmingham,Daniel Gardner,Regular Chai latte - 2.30,2.3,CASH,
09/07/2024 12:06,Birmingham,Janet Lauseng,"Large Flavoured hot chocolate - Caramel - 2.90, Large Cortado - 2.35",5.25,CASH,
09/07/2024 12:09,Birmingham,Shirley Zepeda,"Regular Speciality Tea - English breakfast - 1.30, Large Cortado - 2.35",3.65,CARD,7566728383058586
09/07/2024 12:12,Birmingham,Terry Montgomery,"Regular Flavoured hot chocolate - Caramel - 2.60, Large Speciality Tea - Camomile - 1.60, Regular Flavoured hot chocolate - Caramel - 2.60, Regular Flavoured hot chocolate - Caramel - 2.60, Regular Chai latte - 2.30",11.7,CARD,9062028974439623
09/07/2024 12:15,Birmingham,Gwendolyn Shoop,"Large Flavoured hot chocolate - Caramel - 2.90, Regular Flavoured hot chocolate - Caramel - 2.60, Large Chai latte - 2.60",8.1,CASH,
09/07/2024 12:18,Birmingham,Mary Burke,"Regular Chai latte - 2.30, Large Speciality Tea - Camomile - 1.60, Regular Chai latte - 2.30",6.2,CARD,4569832478333099
09/07/2024 12:21,Birmingham,Justin Farabaugh,"Regular Speciality Tea - English breakfast - 1.30, Large Chai latte - 2.60",3.9,CARD,1655488163256635
09/07/2024 12:24,Birmingham,Jessica Vang,Large Red Label tea - 1.80,1.8,CARD,2049041619694010
09/07/2024 12:26,Birmingham,Randy Owens,"Large Cortado - 2.35, Regular Speciality Tea - English breakfast - 1.30, Large Speciality Tea - Camomile - 1.60",5.25,CARD,4028795941922809
09/07/2024 12:29,Birmingham,Austin Yoder,"Large Speciality Tea - English breakfast - 1.60, Regular Speciality Tea - English breakfast - 1.30, Large Chai latte - 2.60, Regular Cortado - 2.05, Regular Speciality Tea - English breakfast - 1.30",8.85,CARD,8759198158275949
09/07/2024 12:32,Birmingham,Susan Lee,Regular Cortado - 2.05,2.05,CARD,7943690608971192
09/07/2024 12:35,Birmingham,George Welch,Regular Flavoured hot chocolate - Caramel - 2.60,2.6,CARD,8388682795203200
09/07/2024 12:38,Birmingham,Rose Merlino,Regular Speciality Tea - English breakfast - 1.30,1.3,CARD,2200359186908326
09/07/2024 12:41,Birmingham,Shiela Richardson,Regular Speciality Tea - Camomile - 1.30,1.3,CARD,5686293270465942
09/07/2024 12:44,Birmingham,James Peters,"Large Cortado - 2.35, Large Cortado - 2.35, Large Flavoured hot chocolate - Caramel - 2.90, Large Red Label tea - 1.80",9.4,CARD,6124013035195292
09/07/2024 12:46,Birmingham,Jose Straub,"Large Red Label tea - 1.80, Large Flavoured hot chocolate - Caramel - 2.90, Regular Chai latte - 2.30, Regular Red Label tea - 1.20, Large Speciality Tea - English breakfast - 1.60, Large Red Label tea - 1.80",11.6,CASH,
09/07/2024 12:49,Birmingham,Jason Desjardins,"Regular Flavoured hot chocolate - Caramel - 2.60, Regular Flavoured hot chocolate - Caramel - 2.60, Large Speciality Tea - Camomile - 1.60, Regular Speciality Tea - English breakfast - 1.30, Large Flavoured hot chocolate - Caramel - 2.90, Regular Cortado - 2.05",13.05,CARD,9308839799231744
09/07/2024 12:52,Birmingham,Miles Delarosa,"Large Speciality Tea - Camomile - 1.60, Regular Speciality Tea - Camomile - 1.30",2.9,CARD,5582408024583544
09/07/2024 12:55,Birmingham,Rose Downs,Large Speciality Tea - English breakfast - 1.60,1.6,CASH,
09/07/2024 12:58,Birmingham,Mary Ogg,Large Speciality Tea - Camomile - 1.60,1.6,CASH,
09/07/2024 13:01,Birmingham,Ira Ledbetter,"Large Cortado - 2.35, Regular Speciality Tea - Camomile - 1.30",3.65,CASH,
09/07/2024 13:02,Birmingham,Erin Herriott,"Large Flavoured hot chocolate - Caramel - 2.90, Large Flavoured hot chocolate - Caramel - 2.90",5.8,CARD,3894196637232842
09/07/2024 13:03,Birmingham,Manuel Hankins,Regular Red Label tea - 1.20,1.2,CARD,1496690842019066
09/07/2024 13:04,Birmingham,Lois Wilson,"Regular Cortado - 2.05, Large Red Label tea - 1.80, Regular Speciality Tea - English breakfast - 1.30",5.15,CARD,3097246398944555
09/07/2024 13:05,Birmingham,Carol Fonte,"Regular Red Label tea - 1.20, Large Cortado - 2.35",3.55,CARD,1677929039559150
09/07/2024 13:06,Birmingham,Marilyn Hausmann,"Regular Chai latte - 2.30, Regular Chai latte - 2.30",4.6,CASH,
09/07/2024 13:07,Birmingham,John Eggert,Regular Flavoured hot chocolate - Caramel - 2.60,2.6,CASH,
09/07/2024 13:08,Birmingham,Luis Gray,Regular Chai latte - 2.30,2.3,CARD,3466902997674346
09/07/2024 13:09,Birmingham,Duane Sharrow,"Regular Chai latte - 2.30, Large Speciality Tea - Camomile - 1.60, Large Chai latte - 2.60, Large Cortado - 2.35, Large Speciality Tea - English breakfast - 1.60",10.45,CARD,1394726765670304
09/07/2024 13:11,Birmingham,Joan Crisler,Regular Chai latte - 2.30,2.3,CASH,
09/07/2024 13:12,Birmingham,Amanda Conley,"Large Speciality Tea - English breakfast - 1.60, Regular Cortado - 2.05, Regular Cortado - 2.05",5.7,CARD,4793584674989901
09/07/2024 13:13,Birmingham,Keith Duty,"Regular Speciality Tea - English breakfast - 1.30, Regular Chai latte - 2.30",3.6,CARD,2217283550364332
09/07/2024 13:14,Birmingham,Joyce Harris,"Regular Cortado - 2.05, Regular Flavoured hot chocolate - Caramel - 2.60, Regular Flavoured hot chocolate - Caramel - 2.60",7.25,CASH,
09/07/2024 13:15,Birmingham,Billie Cobb,"Large Red Label tea - 1.80, Regular Red Label tea - 1.20, Regular Flavoured hot chocolate - Caramel - 2.60, Large Speciality Tea - English breakfast - 1.60, Regular Chai latte - 2.30, Large Cortado - 2.35",11.85,CARD,7315826331849533
09/07/2024 13:16,Birmingham,Jacob Hartman,"Large Red Label tea - 1.80, Large Speciality Tea - English breakfast - 1.60, Large Flavoured hot chocolate - Caramel - 2.90, Regular Speciality Tea - English breakfast - 1.30, Regular Speciality Tea - English breakfast - 1.30",8.9,CARD,3412925953791546
09/07/2024 13:17,Birmingham,Robert Armbruster,"Regular Chai latte - 2.30, Regular Speciality Tea - Camomile - 1.30, Large Cortado - 2.35, Regular Speciality Tea - English breakfast - 1.30, Regular Speciality Tea - Camomile - 1.30",8.55,CARD,8142623106372919
09/07/2024 13:18,Birmingham,Dustin Zazula,"Regular Chai latte - 2.30, Regular Cortado - 2.05, Regular Speciality Tea - Camomile - 1.30, Large Cortado - 2.35, Large Cortado - 2.35, Large Speciality Tea - Camomile - 1.60",11.95,CARD,7960487646956311
09/07/2024 13:19,Birmingham,Bruce Bialczyk,"Large Speciality Tea - English breakfast - 1.60, Regular Speciality Tea - English breakfast - 1.30",2.9,CARD,9179824796250972
09/07/2024 13:20,Birmingham,Aaron Dick,"Large Speciality Tea - English breakfast - 1.60, Regular Red Label tea - 1.20",2.8,CARD,3062739782844593
09/07/2024 13:22,Birmingham,Lori Salinas,Large Red Label tea - 1.80,1.8,CASH,
09/07/2024 13:23,Birmingham,Wanda West,"Regular Cortado - 2.05, Large Cortado - 2.35, Large Cortado - 2.35",6.75,CARD,1934160128119955
09/07/2024 13:24,Birmingham,Jeffrey Wikoff,"Large Speciality Tea - Camomile - 1.60, Large Cortado - 2.35, Large Flavoured hot chocolate - Caramel - 2.90, Large Chai latte - 2.60, Large Cortado - 2.35, Large Chai latte - 2.60",14.4,CARD,4804579294644537
09/07/2024 13:25,Birmingham,Jillian Mcdermott,"Regular Red Label tea - 1.20, Regular Flavoured hot chocolate - Caramel - 2.60, Regular Cortado - 2.05",5.85,CARD,5618961169209665
09/07/2024 13:26,Birmingham,Kathleen Pettey,Large Chai latte - 2.60,2.6,CASH,
09/07/2024 13:27,Birmingham,Beth Ruggles,"Large Speciality Tea - English breakfast - 1.60, Large Speciality Tea - Camomile - 1.60",3.2,CASH,
09/07/2024 13:28,Birmingham,Alexandra Every,"Large Speciality Tea - Camomile - 1.60, Regular Chai latte - 2.30",3.9,CARD,4532291305896423
09/07/2024 13:29,Birmingham,Michelle Vath,"Regular Chai latte - 2.30, Large Speciality Tea - Camomile - 1.60, Large Red Label tea - 1.80",5.7,CASH,
09/07/2024 13:30,Birmingham,Julian Lipscomb,"Large Speciality Tea - Camomile - 1.60, Regular Red Label tea - 1.20, Large Flavoured hot chocolate - Caramel - 2.90, Large Red Label tea - 1.80, Large Cortado - 2.35",9.85,CARD,9654655570073759
09/07/2024 13:31,Birmingham,Jessica Smith,"Regular Speciality Tea - English breakfast - 1.30, Large Flavoured hot chocolate - Caramel - 2.90, Regular Flavoured hot chocolate - Caramel - 2.60, Regular Flavoured hot chocolate - Caramel - 2.60",9.4,CARD,5262186790885554
09/07/2024 13:33,Birmingham,Linda Crase,"Regular Flavoured hot chocolate - Caramel - 2.60, Large Speciality Tea - English breakfast - 1.60, Large Cortado - 2.35",6.55,CARD,8493956809401838
09/07/2024 13:34,Birmingham,Robert Haris,"Large Flavoured hot chocolate - Caramel - 2.90, Regular Cortado - 2.05",4.95,CASH,
09/07/2024 13:35,Birmingham,Eric Sikorski,"Regular Red Label tea - 1.20, Regular Speciality Tea - English breakfast - 1.30",2.5,CASH,
09/07/2024 13:36,Birmingham,Tomas Mccullar,"Regular Red Label tea - 1.20, Regular Flavoured hot chocolate - Caramel - 2.60, Regular Speciality Tea - Camomile - 1.30, Regular Speciality Tea - English breakfast - 1.30",6.4,CASH,
09/07/2024 13:37,Birmingham,Michelle Lewis,"Regular Chai latte - 2.30, Large Flavoured hot chocolate - Caramel - 2.90, Regular Chai latte - 2.30, Regular Speciality Tea - English breakfast - 1.30, Regular Chai latte - 2.30",11.1,CARD,2944823088015615
09/07/2024 13:38,Birmingham,Carol Hanks,"Large Cortado - 2.35, Regular Speciality Tea - English breakfast - 1.30, Regular Chai latte - 2.30, Large Speciality Tea - English breakfast - 1.60",7.55,CARD,1993226332695316
09/07/2024 13:39,Birmingham,Alicia Smith,"Large Chai latte - 2.60, Regular Speciality Tea - Camomile - 1.30, Regular Chai latte - 2.30, Regular Red Label tea - 1.20",7.4,CARD,2421493799833444
09/07/2024 13:40,Birmingham,William Simpson,"Regular Cortado - 2.05, Regular Flavoured hot chocolate - Caramel - 2.60",4.65,CARD,2896067081148796
09/07/2024 13:41,Birmingham,Chelsea Jiles,"Regular Speciality Tea - Camomile - 1.30, Regular Speciality Tea - Camomile - 1.30, Regular Red Label tea - 1.20, Regular Chai latte - 2.30",6.1,CASH,
09/07/2024 13:42,Birmingham,Christopher Culberson,"Large Speciality Tea - English breakfast - 1.60, Large Cortado - 2.35",3.95,CARD,2036544343753552
09/07/2024 13:44,Birmingham,Joshua Upton,"Large Speciality Tea - Camomile - 1.60, Large Speciality Tea - English breakfast - 1.60, Regular Red Label tea - 1.20, Regular Flavoured hot chocolate - Caramel - 2.60, Regular Red Label tea - 1.20, Regular Cortado - 2.05",10.25,CARD,8245626277186542
09/07/2024 13:45,Birmingham,Karl Stewart,"Large Speciality Tea - Camomile - 1.60, Large Chai latte - 2.60, Regular Cortado - 2.05, Large Cortado - 2.35, Large Speciality Tea - Camomile - 1.60",10.2,CASH,
09/07/2024 13:46,Birmingham,Mary Norquist,"Regular Speciality Tea - Camomile - 1.30, Regular Chai latte - 2.30, Regular Speciality Tea - English breakfast - 1.30, Regular Speciality Tea - Camomile - 1.30",6.2,CARD,8739999348530593
09/07/2024 13:47,Birmingham,Barbara Garcia,"Large Cortado - 2.35, Regular Cortado - 2.05, Large Speciality Tea - English breakfast - 1.60, Regular Speciality Tea - English breakfast - 1.30",7.3,CARD,3551879567839123
09/07/2024 13:48,Birmingham,Tameka Roehl,"Regular Chai latte - 2.30, Regular Chai latte - 2.30, Regular Speciality Tea - Camomile - 1.30",5.9,CASH,
09/07/2024 13:49,Birmingham,Sandra Domino,"Regular Speciality Tea - Camomile - 1.30, Large Chai latte - 2.60",3.9,CARD,9834447285051319
09/07/2024 13:50,Birmingham,Paul Duke,"Large Cortado - 2.35, Regular Cortado - 2.05",4.4,CARD,2861022759116271
09/07/2024 13:51,Birmingham,Ronald Goldberger,Regular Flavoured hot chocolate - Caramel - 2.60,2.6,CARD,9690639022139384
09/07/2024 13:52,Birmingham,Lori Weaver,"Regular Speciality Tea - Camomile - 1.30, Regular Red Label tea - 1.20, Regular Speciality Tea - English breakfast - 1.30, Large Cortado - 2.35",6.15,CASH,
09/07/2024 13:53,Birmingham,Peter Villareal,"Regular Speciality Tea - English breakfast - 1.30, Regular Speciality Tea - Camomile - 1.30, Regular Cortado - 2.05, Regular Chai latte - 2.30",6.95,CASH,
09/07/2024 13:55,Birmingham,Marla Schreyer,"Large Chai latte - 2.60, Large Speciality Tea - Camomile - 1.60, Regular Speciality Tea - English breakfast - 1.30, Regular Speciality Tea - English breakfast - 1.30",6.8,CASH,
09/07/2024 13:56,Birmingham,Richard Richardson,Large Chai latte - 2.60,2.6,CARD,3181209901748643
09/07/2024 13:57,Birmingham,Amelia Kelly,"Large Red Label tea - 1.80, Large Cortado - 2.35, Large Chai latte - 2.60, Large Speciality Tea - Camomile - 1.60",8.35,CARD,2333955578682256
09/07/2024 13:58,Birmingham,Harry Matava,"Large Speciality Tea - Camomile - 1.60, Regular Cortado - 2.05, Regular Speciality Tea - Camomile - 1.30, Regular Flavoured hot chocolate - Caramel - 2.60",7.55,CARD,2922312448834262
09/07/2024 13:59,Birmingham,Lonnie Melendez,"Large Speciality Tea - English breakfast - 1.60, Regular Speciality Tea - English breakfast - 1.30, Large Speciality Tea - English breakfast - 1.60, Regular Speciality Tea - English breakfast - 1.30",5.8,CASH,
09/07/2024 14:00,Birmingham,Bill Shuler,"Regular Cortado - 2.05, Regular Flavoured hot chocolate - Caramel - 2.60, Large Speciality Tea - Camomile - 1.60, Large Red Label tea - 1.80",8.05,CASH,
09/07/2024 14:01,Birmingham,Marjorie Walter,"Regular Speciality Tea - English breakfast - 1.30, Regular Speciality Tea - English breakfast - 1.30, Large Chai latte - 2.60, Regular Speciality Tea - Camomile - 1.30",6.5,CASH,
09/07/2024 14:02,Birmingham,Brian Whitley,Large Speciality Tea - Camomile - 1.60,1.6,CARD,4640446419511987
09/07/2024 14:03,Birmingham,Sue Starks,"Regular Speciality Tea - Camomile - 1.30, Large Red Label tea - 1.80",3.1,CARD,6135573865441657
09/07/2024 14:05,Birmingham,Dwayne Best,"Regular Cortado - 2.05, Regular Speciality Tea - Camomile - 1.30, Large Flavoured hot chocolate - Caramel - 2.90, Regular Speciality Tea - Camomile - 1.30",7.55,CASH,
09/07/2024 14:06,Birmingham,Doreatha Funderburk,"Large Speciality Tea - Camomile - 1.60, Regular Flavoured hot chocolate - Caramel - 2.60, Large Flavoured hot chocolate - Caramel - 2.90, Large Speciality Tea - English breakfast - 1.60",8.7,CARD,5275894041527290
09/07/2024 14:07,Birmingham,David Atkinson,"Regular Cortado - 2.05, Large Speciality Tea - English breakfast - 1.60, Regular Speciality Tea - Camomile - 1.30",4.95,CARD,9490596894003924
09/07/2024 14:08,Birmingham,Carrie Beaulieu,"Large Red Label tea - 1.80, Regular Speciality Tea - English breakfast - 1.30, Regular Speciality Tea - English breakfast - 1.30, Regular Flavoured hot chocolate - Caramel - 2.60, Large Cortado - 2.35",9.35,CARD,3899503864909454
09/07/2024 14:09,Birmingham,Robert Edwards,"Large Speciality Tea - English breakfast - 1.60, Large Speciality Tea - English breakfast - 1.60, Regular Speciality Tea - English breakfast - 1.30, Large Red Label tea - 1.80, Large Cortado - 2.35",8.65,CASH,
09/07/2024 14:10,Birmingham,Christopher Loftin,"Regular Speciality Tea - Camomile - 1.30, Large Cortado - 2.35, Large Chai latte - 2.60, Regular Red Label tea - 1.20",7.45,CARD,1515034048309054
09/07/2024 14:12,Birmingham,Erin Williams,Large Flavoured hot chocolate - Caramel - 2.90,2.9,CARD,8172007585745509
09/07/2024 14:13,Birmingham,Bonnie Ramlall,"Regular Speciality Tea - Camomile - 1.30, Large Flavoured hot chocolate - Caramel - 2.90, Regular Speciality Tea - English breakfast - 1.30, Large Flavoured hot chocolate - Caramel - 2.90",8.4,CARD,5170997364937787
09/07/2024 14:14,Birmingham,Sharon Alonzo,"Regular Flavoured hot chocolate - Caramel - 2.60, Large Flavoured hot chocolate - Caramel - 2.90, Large Cortado - 2.35, Large Cortado - 2.35, Large Chai latte - 2.60",12.8,CASH,
09/07/2024 14:15,Birmingham,Tony Terry,Regular Speciality Tea - English breakfast - 1.30,1.3,CARD,8518187013309251
09/07/2024 14:16,Birmingham,Catherine Bell,"Large Speciality Tea - English breakfast - 1.60, Regular Cortado - 2.05, Regular Cortado - 2.05, Regular Red Label tea - 1.20",6.9,CARD,4934640709413373
09/07/2024 14:17,Birmingham,Benjamin Rison,Regular Red Label tea - 1.20,1.2,CARD,5210667776033113
09/07/2024 14:18,Birmingham,Jamie Brinton,"Large Cortado - 2.35, Regular Speciality Tea - Camomile - 1.30, Regular Red Label tea - 1.20, Large Speciality Tea - English breakfast - 1.60, Large Speciality Tea - English breakfast - 1.60, Large Speciality Tea - English breakfast - 1.60",9.65,CASH,
09/07/2024 14:20,Birmingham,Wm Fagundes,"Regular Chai latte - 2.30, Large Chai latte - 2.60",4.9,CARD,5352061205864994
09/07/2024 14:21,Birmingham,Robert Glover,"Regular Speciality Tea - Camomile - 1.30, Regular Speciality Tea - English breakfast - 1.30, Regular Red Label tea - 1.20, Large Speciality Tea - English breakfast - 1.60",5.4,CASH,
09/07/2024 14:22,Birmingham,Linda Podolsky,"Large Speciality Tea - English breakfast - 1.60, Regular Speciality Tea - Camomile - 1.30",2.9,CARD,1167511550182069
09/07/2024 14:23,Birmingham,David Seaman,"Regular Speciality Tea - English breakfast - 1.30, Large Speciality Tea - English breakfast - 1.60, Large Chai latte - 2.60",5.5,CARD,9891039020716809
09/07/2024 14:24,Birmingham,Monica Merlo,"Regular Chai latte - 2.30, Regular Speciality Tea - English breakfast - 1.30, Regular Flavoured hot chocolate - Caramel - 2.60, Large Red Label tea - 1.80, Regular Red Label tea - 1.20",9.2,CARD,8262835197529574
09/07/2024 14:25,Birmingham,Ronald Miller,"Large Chai latte - 2.60, Large Speciality Tea - English breakfast - 1.60, Large Speciality Tea - Camomile - 1.60, Regular Speciality Tea - Camomile - 1.30, Large Cortado - 2.35",9.45,CARD,5559203271460177
09/07/2024 14:26,Birmingham,Viola Stephens,"Large Speciality Tea - Camomile - 1.60, Large Chai latte - 2.60",4.2,CARD,5374739806183664
09/07/2024 14:28,Birmingham,Melvin Miller,"Large Cortado - 2.35, Regular Speciality Tea - English breakfast - 1.30",3.65,CARD,7132060220387109
09/07/2024 14:29,Birmingham,Peter Chastain,Regular Speciality Tea - Camomile - 1.30,1.3,CARD,7810365232593624
09/07/2024 14:30,Birmingham,Mary Reynolds,"Regular Speciality Tea - Camomile - 1.30, Regular Cortado - 2.05, Regular Cortado - 2.05, Large Cortado - 2.35",7.75,CARD,1695568292937415
09/07/2024 14:31,Birmingham,Anna Carter,Large Flavoured hot chocolate - Caramel - 2.90,2.9,CARD,7504294894665783
09/07/2024 14:32,Birmingham,Jesse Salas,"Large Red Label tea - 1.80, Large Flavoured hot chocolate - Caramel - 2.90",4.7,CARD,6155722591398702
09/07/2024 14:33,Birmingham,Francine Mordino,"Large Cortado - 2.35, Large Red Label tea - 1.80",4.15,CARD,9087234735470116
09/07/2024 14:35,Birmingham,Bobby Bush,"Large Chai latte - 2.60, Large Speciality Tea - Camomile - 1.60, Large Cortado - 2.35, Regular Cortado - 2.05, Large Cortado - 2.35, Large Speciality Tea - Camomile - 1.60",12.55,CASH,
09/07/2024 14:36,Birmingham,Lacey Arnold,Large Speciality Tea - Camomile - 1.60,1.6,CASH,
09/07/2024 14:37,Birmingham,Mary Orr,"Large Flavoured hot chocolate - Caramel - 2.90, Large Cortado - 2.35",5.25,CARD,9665809501468642
09/07/2024 14:38,Birmingham,Hilda Ogrady,"Large Speciality Tea - English breakfast - 1.60, Large Flavoured hot chocolate - Caramel - 2.90",4.5,CARD,6243109021614617
09/07/2024 14:39,Birmingham,Mary Horton,"Regular Flavoured hot chocolate - Caramel - 2.60, Regular Speciality Tea - Camomile - 1.30",3.9,CARD,2351603157575155
09/07/2024 14:40,Birmingham,Ralph Rodriguez,"Regular Speciality Tea - English breakfast - 1.30, Large Red Label tea - 1.80, Large Cortado - 2.35, Large Cortado - 2.35",7.8,CASH,
09/07/2024 14:41,Birmingham,James Mendez,"Regular Chai latte - 2.30, Regular Cortado - 2.05, Large Speciality Tea - English breakfast - 1.60, Large Cortado - 2.35",8.3,CASH,
09/07/2024 14:43,Birmingham,James Treaster,"Large Speciality Tea - English breakfast - 1.60, Large Chai latte - 2.60, Large Speciality Tea - Camomile - 1.60, Large Red Label tea - 1.80",7.6,CASH,
09/07/2024 14:44,Birmingham,Brian Biasi,"Regular Chai latte - 2.30, Regular Flavoured hot chocolate - Caramel - 2.60, Regular Speciality Tea - English breakfast - 1.30",6.2,CASH,
09/07/2024 14:45,Birmingham,Andrew Rodriguez,"Regular Flavoured hot chocolate - Caramel - 2.60, Regular Flavoured hot chocolate - Caramel - 2.60",5.2,CARD,5298604260483452
09/07/2024 14:46,Birmingham,Tina Porter,"Regular Chai latte - 2.30, Regular Speciality Tea - English breakfast - 1.30",3.6,CARD,6955566298030506
09/07/2024 14:47,Birmingham,Thomas Schaefer,"Regular Cortado - 2.05, Large Speciality Tea - Camomile - 1.60, Regular Flavoured hot chocolate - Caramel - 2.60",6.25,CARD,5858187769424147
09/07/2024 14:48,Birmingham,Thomas Krishun,"Large Speciality Tea - English breakfast - 1.60, Large Red Label tea - 1.80, Large Flavoured hot chocolate - Caramel - 2.90",6.3,CARD,9753346766144192
09/07/2024 14:49,Birmingham,Ethel Brunner,Regular Speciality Tea - Camomile - 1.30,1.3,CARD,6805152505069908
09/07/2024 14:51,Birmingham,Raymond Elder,Regular Chai latte - 2.30,2.3,CARD,7865493367560206
09/07/2024 14:52,Birmingham,Miriam Ver,Large Speciality Tea - English breakfast - 1.60,1.6,CASH,
09/07/2024 14:53,Birmingham,Edwin Snow,"Regular Speciality Tea - Camomile - 1.30, Large Speciality Tea - English breakfast - 1.60, Large Red Label tea - 1.80",4.7,CARD,9464253529032416
09/07/2024 14:54,Birmingham,Masako Soroka,"Regular Chai latte - 2.30, Regular Flavoured hot chocolate - Caramel - 2.60",4.9,CASH,
09/07/2024 14:55,Birmingham,Robyn Davis,Regular Flavoured hot chocolate - Caramel - 2.60,2.6,CASH,
09/07/2024 14:56,Birmingham,Nellie Rodriguez,"Regular Flavoured hot chocolate - Caramel - 2.60, Large Speciality Tea - English breakfast - 1.60",4.2,CASH,
09/07/2024 14:58,Birmingham,Amado Fisher,"Large Speciality Tea - English breakfast - 1.60, Regular Red Label tea - 1.20",2.8,CASH,
09/07/2024 14:59,Birmingham,Bradley Pares,"Large Cortado - 2.35, Large Speciality Tea - Camomile - 1.60",3.95,CARD,3640746736589639
09/07/2024 15:00,Birmingham,Helen Snow,"Regular Speciality Tea - Camomile - 1.30, Large Speciality Tea - English breakfast - 1.60, Regular Red Label tea - 1.20",4.1,CARD,5587333911152554
09/07/2024 15:01,Birmingham,David Ayotte,"Regular Cortado - 2.05, Large Chai latte - 2.60, Large Flavoured hot chocolate - Caramel - 2.90, Regular Chai latte - 2.30",9.85,CARD,2479000039246194
09/07/2024 15:02,Birmingham,Joan Glaude,"Large Flavoured hot chocolate - Caramel - 2.90, Large Speciality Tea - English breakfast - 1.60, Regular Speciality Tea - Camomile - 1.30, Regular Chai latte - 2.30, Regular Flavoured hot chocolate - Caramel - 2.60, Regular Speciality Tea - English breakfast - 1.30",12.0,CASH,
09/07/2024 15:04,Birmingham,Gilbert Finch,"Large Speciality Tea - Camomile - 1.60, Regular Chai latte - 2.30, Large Red Label tea - 1.80",5.7,CARD,8945196458955429
09/07/2024 15:05,Birmingham,Angela Moore,"Large Chai latte - 2.60, Regular Red Label tea - 1.20, Large Flavoured hot chocolate - Caramel - 2.90",6.7,CASH,
09/07/2024 15:06,Birmingham,Antonia Starrett,"Large Flavoured hot chocolate - Caramel - 2.90, Large Chai latte - 2.60",5.5,CARD,1926218765018814
09/07/2024 15:07,Birmingham,Deborah Garcia,"Large Chai latte - 2.60, Large Cortado - 2.35",4.95,CASH,
09/07/2024 15:09,Birmingham,Jack Peters,Large Cortado - 2.35,2.35,CARD,9131392792298744
09/07/2024 15:10,Birmingham,Ruth Brooks,"Regular Cortado - 2.05, Regular Red Label tea - 1.20, Large Speciality Tea - Camomile - 1.60, Large Cortado - 2.35",7.2,CASH,
09/07/2024 15:11,Birmingham,Dean King,"Regular Cortado - 2.05, Regular Chai latte - 2.30, Large Speciality Tea - Camomile - 1.60, Large Cortado - 2.35",8.3,CARD,8373907156397687
09/07/2024 15:12,Birmingham,Pinkie Elkins,Large Cortado - 2.35,2.35,CARD,4306587410938814
09/07/2024 15:14,Birmingham,Melissa Greer,"Large Speciality Tea - English breakfast - 1.60, Large Cortado - 2.35",3.95,CARD,3909377482370503
09/07/2024 15:15,Birmingham,Karen Dowe,"Large Speciality Tea - Camomile - 1.60, Large Chai latte - 2.60, Large Cortado - 2.35, Large Red Label tea - 1.80, Large Flavoured hot chocolate - Caramel - 2.90",11.25,CASH,
09/07/2024 15:16,Birmingham,Juan Cole,"Regular Flavoured hot chocolate - Caramel - 2.60, Regular Speciality Tea - English breakfast - 1.30, Regular Speciality Tea - English breakfast - 1.30, Regular Cortado - 2.05, Large Cortado - 2.35",9.6,CARD,6673566025129034
09/07/2024 15:18,Birmingham,Jeffery Martinez,Large Flavoured hot chocolate - Caramel - 2.90,2.9,CASH,
09/07/2024 15:19,Birmingham,John Hummel,"Regular Cortado - 2.05, Regular Flavoured hot chocolate - Caramel - 2.60, Large Speciality Tea - English breakfast - 1.60, Large Flavoured hot chocolate - Caramel - 2.90, Large Speciality Tea - English breakfast - 1.60",10.75,CARD,3596168325707974
09/07/2024 15:20,Birmingham,Ora Bucio,Large Chai latte - 2.60,2.6,CASH,
09/07/2024 15:21,Birmingham,Leslie Collier,Regular Flavoured hot chocolate - Caramel - 2.60,2.6,CARD,8874812544543329
09/07/2024 15:23,Birmingham,Randy Woodward,"Large Speciality Tea - Camomile - 1.60, Large Speciality Tea - English breakfast - 1.60, Regular Chai latte - 2.30, Regular Speciality Tea - English breakfast - 1.30, Regular Speciality Tea - English breakfast - 1.30, Large Red Label tea - 1.80",9.9,CASH,
09/07/2024 15:24,Birmingham,Kyle Lapoint,Large Chai latte - 2.60,2.6,CARD,5931464210183066
09/07/2024 15:25,Birmingham,Marsha Silva,Large Speciality Tea - English breakfast - 1.60,1.6,CARD,8240420977134579
09/07/2024 15:26,Birmingham,Margaret Steckler,"Large Cortado - 2.35, Regular Speciality Tea - English breakfast - 1.30",3.65,CARD,4781053073422440
09/07/2024 15:28,Birmingham,Frank Cherenfant,"Large Speciality Tea - Camomile - 1.60, Regular Speciality Tea - English breakfast - 1.30, Large Red Label tea - 1.80, Large Flavoured hot chocolate - Caramel - 2.90, Regular Cortado - 2.05, Regular Speciality Tea - Camomile - 1.30",10.95,CASH,
09/07/2024 15:29,Birmingham,Stephen Neal,Regular Speciality Tea - English breakfast - 1.30,1.3,CARD,1948610684999640
09/07/2024 15:30,Birmingham,Opal Smith,"Regular Speciality Tea - Camomile - 1.30, Large Speciality Tea - English breakfast - 1.60, Large Chai latte - 2.60, Large Chai latte - 2.60, Regular Speciality Tea - English breakfast - 1.30",9.4,CARD,6971745136586129
09/07/2024 15:31,Birmingham,Ona Holland,"Large Flavoured hot chocolate - Caramel - 2.90, Large Flavoured hot chocolate - Caramel - 2.90, Large Speciality Tea - English breakfast - 1.60",7.4,CARD,9227645991515190
09/07/2024 15:33,Birmingham,Edward Cleveland,"Regular Flavoured hot chocolate - Caramel - 2.60, Regular Speciality Tea - Camomile - 1.30, Regular Red Label tea - 1.20",5.1,CARD,1409105499632285
09/07/2024 15:34,Birmingham,Bernadette Cespedes,"Large Speciality Tea - Camomile - 1.60, Regular Chai latte - 2.30, Regular Speciality Tea - Camomile - 1.30",5.2,CARD,4774840081497774
09/07/2024 15:35,Birmingham,Peggy Zacarias,"Large Flavoured hot chocolate - Caramel - 2.90, Regular Flavoured hot chocolate - Caramel - 2.60, Large Speciality Tea - English breakfast - 1.60",7.1,CARD,9116735909718186
09/07/2024 15:37,Birmingham,Janice Lewis,"Large Flavoured hot chocolate - Caramel - 2.90, Regular Speciality Tea - Camomile - 1.30",4.2,CARD,9974673647429696
09/07/2024 15:38,Birmingham,Terry Newton,"Regular Speciality Tea - Camomile - 1.30, Regular Red Label tea - 1.20, Large Flavoured hot chocolate - Caramel - 2.90, Regular Speciality Tea - Camomile - 1.30, Large Flavoured hot chocolate - Caramel - 2.90, Regular Speciality Tea - Camomile - 1.30",10.9,CARD,7278411884646398
09/07/2024 15:39,Birmingham,Sharon Hatter,"Large Speciality Tea - Camomile - 1.60, Large Chai latte - 2.60, Large Flavoured hot chocolate - Caramel - 2.90, Large Flavoured hot chocolate - Caramel - 2.90, Regular Chai latte - 2.30, Regular Speciality Tea - English breakfast - 1.30",13.6,CASH,
09/07/2024 15:40,Birmingham,Wanda Brooks,"Large Speciality Tea - Camomile - 1.60, Large Red Label tea - 1.80, Large Speciality Tea - Camomile - 1.60",5.0,CASH,
09/07/2024 15:42,Birmingham,Barry Dailey,Regular Flavoured hot chocolate - Caramel - 2.60,2.6,CASH,
09/07/2024 15:43,Birmingham,Bobby Green,"Regular Cortado - 2.05, Large Speciality Tea - English breakfast - 1.60, Regular Speciality Tea - Camomile - 1.30, Regular Cortado - 2.05",7.0,CARD,9108184076534070
09/07/2024 15:44,Birmingham,Kathleen Yoo,"Regular Chai latte - 2.30, Large Speciality Tea - Camomile - 1.60, Regular Speciality Tea - English breakfast - 1.30",5.2,CARD,2675512286959566
09/07/2024 15:45,Birmingham,Kim Irvine,"Large Red Label tea - 1.80, Regular Speciality Tea - Camomile - 1.30, Regular Red Label tea - 1.20",4.3,CARD,6935603380105741
09/07/2024 15:47,Birmingham,Monique Ward,"Large Chai latte - 2.60, Regular Chai latte - 2.30, Large Speciality Tea - English breakfast - 1.60",6.5,CASH,
09/07/2024 15:48,Birmingham,Alice Kinghorn,"Large Speciality Tea - English breakfast - 1.60, Large Flavoured hot chocolate - Caramel - 2.90, Regular Speciality Tea - English breakfast - 1.30, Regular Red Label tea - 1.20, Regular Speciality Tea - English breakfast - 1.30",8.3,CASH,
09/07/2024 15:49,Birmingham,Roland Papa,"Large Red Label tea - 1.80, Regular Chai latte - 2.30, Large Chai latte - 2.60",6.7,CARD,3594639289453692
09/07/2024 15:50,Birmingham,William Tenney,"Large Speciality Tea - English breakfast - 1.60, Regular Chai latte - 2.30, Large Speciality Tea - Camomile - 1.60",5.5,CARD,6555034825765494
09/07/2024 15:52,Birmingham,Daren Mifflin,Regular Speciality Tea - Camomile - 1.30,1.3,CARD,9112932370749479
09/07/2024 15:53,Birmingham,Helen Flansburg,"Regular Cortado - 2.05, Large Chai latte - 2.60, Regular Cortado - 2.05, Regular Speciality Tea - Camomile - 1.30, Large Speciality Tea - Camomile - 1.60",9.6,CARD,1564211147040843
09/07/2024 15:54,Birmingham,Jamie Cruz,"Large Cortado - 2.35, Regular Cortado - 2.05, Regular Flavoured hot chocolate - Caramel - 2.60, Regular Cortado - 2.05, Large Speciality Tea - English breakfast - 1.60",10.65,CARD,4006234423870419
09/07/2024 15:56,Birmingham,Jessica Ferrara,"Regular Chai latte - 2.30, Large Flavoured hot chocolate - Caramel - 2.90, Large Chai latte - 2.60, Regular Red Label tea - 1.20, Large Chai latte - 2.60, Regular Red Label tea - 1.20",12.8,CARD,5010018566948795
09/07/2024 15:57,Birmingham,Fred Montgomery,Large Speciality Tea - English breakfast - 1.60,1.6,CARD,2978913332047673
09/07/2024 15:58,Birmingham,Gloria Plienis,"Regular Speciality Tea - English breakfast - 1.30, Regular Chai latte - 2.30, Large Flavoured hot chocolate - Caramel - 2.90, Regular Chai latte - 2.30",8.8,CARD,2518638491791275
09/07/2024 15:59,Birmingham,Judith Houston,Regular Flavoured hot chocolate - Caramel - 2.60,2.6,CARD,4544159309047090
09/07/2024 16:01,Birmingham,Barton Kher,"Large Speciality Tea - English breakfast - 1.60, Large Speciality Tea - Camomile - 1.60",3.2,CARD,4256494018667349
09/07/2024 16:04,Birmingham,Donald Hiser,"Regular Speciality Tea - English breakfast - 1.30, Regular Flavoured hot chocolate - Caramel - 2.60",3.9,CARD,2105852598380600
09/07/2024 16:08,Birmingham,Ronald Hallett,"Regular Chai latte - 2.30, Large Speciality Tea - English breakfast - 1.60, Regular Cortado - 2.05, Large Flavoured hot chocolate - Caramel - 2.90, Regular Chai latte - 2.30",11.15,CARD,1879519896388741
09/07/2024 16:11,Birmingham,Kathryn Forgey,"Regular Red Label tea - 1.20, Large Cortado - 2.35, Regular Speciality Tea - English breakfast - 1.30, Large Chai latte - 2.60",7.45,CARD,6056394978650954
09/07/2024 16:15,Birmingham,Jose Sterling,Regular Speciality Tea - Camomile - 1.30,1.3,CARD,7334437572118886
09/07/2024 16:18,Birmingham,Dave Garrison,"Regular Chai latte - 2.30, Large Speciality Tea - Camomile - 1.60",3.9,CARD,9655653665316580
09/07/2024 16:22,Birmingham,Blanche Martin,"Large Flavoured hot chocolate - Caramel - 2.90, Large Red Label tea - 1.80",4.7,CARD,8211927236467457
09/07/2024 16:25,Birmingham,Richard Morrison,Regular Cortado - 2.05,2.05,CARD,8608948089466394
09/07/2024 16:29,Birmingham,Yuk Nettles,"Regular Speciality Tea - English breakfast - 1.30, Large Cortado - 2.35, Regular Speciality Tea - English breakfast - 1.30",4.95,CARD,2644928895570579
09/07/2024 16:32,Birmingham,Roy Gannon,Large Red Label tea - 1.80,1.8,CASH,
09/07/2024 16:36,Birmingham,Cedric Glosson,"Regular Flavoured hot chocolate - Caramel - 2.60, Large Speciality Tea - English breakfast - 1.60, Regular Cortado - 2.05, Large Speciality Tea - Camomile - 1.60, Regular Cortado - 2.05",9.9,CASH,
09/07/2024 16:39,Birmingham,Louis Johnson,"Regular Cortado - 2.05, Regular Red Label tea - 1.20",3.25,CASH,
09/07/2024 16:43,Birmingham,Sandra Lopez,"Large Flavoured hot chocolate - Caramel - 2.90, Large Red Label tea - 1.80, Regular Speciality Tea - English breakfast - 1.30, Large Chai latte - 2.60",8.6,CARD,8519084563460151
09/07/2024 16:46,Birmingham,Sherry Flinders,"Regular Speciality Tea - Camomile - 1.30, Regular Cortado - 2.05",3.35,CARD,6569145878065284
09/07/2024 16:50,Birmingham,Pedro Godwin,Regular Speciality Tea - English breakfast - 1.30,1.3,CARD,6824018882047450
09/07/2024 16:53,Birmingham,Andre Valdez,"Large Cortado - 2.35, Large Chai latte - 2.60, Large Chai latte - 2.60, Large Cortado - 2.35",9.9,CARD,9579804763218457
09/07/2024 16:57,Birmingham,Matthew Clemons,"Regular Speciality Tea - Camomile - 1.30, Regular Cortado - 2.05, Large Speciality Tea - Camomile - 1.60, Regular Cortado - 2.05",7.0,CARD,9726646276502980
