09/07/2024 09:00,Leeds,John Morales,Large Filter coffee - 1.80,1.8,CASH,
09/07/2024 09:01,Leeds,Ralph Franz,"Regular Filter coffee - 1.50, Regular Filter coffee - 1.50, Regular Iced americano - 2.15, Large Iced americano - 2.50, Large Speciality Tea - English breakfast - 1.60",9.25,CASH,
09/07/2024 09:03,Leeds,Penny Morrison,"Regular Chai latte - 2.30, Regular Filter coffee - 1.50, Large Chai latte - 2.60, Regular Chai latte - 2.30, Regular Filter coffee - 1.50",10.2,CARD,4837173654890341
09/07/2024 09:04,Leeds,William Moczygemba,"Regular Hot Chocolate - 1.40, Regular Filter coffee - 1.50",2.9,CARD,9672303646279659
09/07/2024 09:06,Leeds,Marilyn Wyatt,"Regular Filter coffee - 1.50, Large Filter coffee - 1.80, Regular Filter coffee - 1.50",4.8,CARD,7472440422390754
09/07/2024 09:08,Leeds,Ronald Spitzer,Large Speciality Tea - English breakfast - 1.60,1.6,CARD,6270913405339432
09/07/2024 09:09,Leeds,Justine Williams,"Regular Filter coffee - 1.50, Regular Filter coffee - 1.50, Regular Speciality Tea - English breakfast - 1.30",4.3,CARD,8721618743195002
09/07/2024 09:11,Leeds,Sonya Zapata,Regular Speciality Tea - English breakfast - 1.30,1.3,CARD,6933655116225752
09/07/2024 09:12,Leeds,Andrew Vance,"Large Iced americano - 2.50, Large Speciality Tea - English breakfast - 1.60",4.1,CARD,1389050536325412
09/07/2024 09:14,Leeds,Lillie Brunner,"Regular Filter coffee - 1.50, Large Filter coffee - 1.80, Large Hot Chocolate - 1.70, Large Chai latte - 2.60, Regular Hot Chocolate - 1.40, Large Speciality Tea - English breakfast - 1.60",10.6,CARD,6959293333020778
09/07/2024 09:16,Leeds,Richard Warner,"Large Speciality Tea - English breakfast - 1.60, Regular Speciality Tea - English breakfast - 1.30, Large Iced americano - 2.50",5.4,CARD,4387050688211587
09/07/2024 09:17,Leeds,Harold Mathis,Regular Hot Chocolate - 1.40,1.4,CARD,6589506224203899
09/07/2024 09:19,Leeds,William Myers,Large Iced americano - 2.50,2.5,CARD,5054459174357705
09/07/2024 09:21,Leeds,Elaine Khim,"Large Chai latte - 2.60, Large Filter coffee - 1.80, Regular Iced americano - 2.15",6.55,CARD,9991372079467263
09/07/2024 09:22,Leeds,Jeanne Vega,"Large Iced americano - 2.50, Large Filter coffee - 1.80, Regular Filter coffee - 1.50, Large Chai latte - 2.60, Large Chai latte - 2.60",11.0,CARD,6962975027101047
09/07/2024 09:24,Leeds,Edward Jone,"Large Iced americano - 2.50, Large Chai latte - 2.60, Regular Speciality Tea - English breakfast - 1.30",6.4,CARD,9408548889916040
09/07/2024 09:25,Leeds,Lauren Brown,"Large Filter coffee - 1.80, Large Hot Chocolate - 1.70, Large Iced americano - 2.50, Large Iced americano - 2.50",8.5,CARD,3537537597840670
09/07/2024 09:27,Leeds,Charlie Mitchell,"Regular Filter coffee - 1.50, Regular Chai latte - 2.30",3.8,CASH,
09/07/2024 09:29,Leeds,Al King,Regular Hot Chocolate - 1.40,1.4,CASH,
09/07/2024 09:30,Leeds,Thomas Heckman,"Regular Chai latte - 2.30, Large Iced americano - 2.50, Large Chai latte - 2.60",7.4,CARD,8668877233443510
09/07/2024 09:32,Leeds,Betty Donalson,Regular Filter coffee - 1.50,1.5,CARD,9123345632927577
09/07/2024 09:33,Leeds,Marcel Jones,Large Hot Chocolate - 1.70,1.7,CASH,
09/07/2024 09:35,Leeds,Ebony Bell,"Regular Filter coffee - 1.50, Large Chai latte - 2.60, Large Chai latte - 2.60, Large Iced americano - 2.50, Large Speciality Tea - English breakfast - 1.60",10.8,CASH,
09/07/2024 09:37,Leeds,Mary Muray,"Large Iced americano - 2.50, Regular Hot Chocolate - 1.40, Large Speciality Tea - English breakfast - 1.60, Large Speciality Tea - English breakfast - 1.60, Regular Filter coffee - 1.50",8.6,CARD,7571422455702123
09/07/2024 09:38,Leeds,William Everson,Regular Chai latte - 2.30,2.3,CASH,
09/07/2024 09:40,Leeds,James Marquess,"Large Hot Chocolate - 1.70, Regular Speciality Tea - English breakfast - 1.30, Regular Speciality Tea - English breakfast - 1.30, Large Speciality Tea - English breakfast - 1.60",5.9,CASH,
09/07/2024 09:42,Leeds,Ron Fuller,"Regular Filter coffee - 1.50, Large Hot Chocolate - 1.70, Regular Filter coffee - 1.50, Large Chai latte - 2.60, Large Filter coffee - 1.80",9.1,CASH,
09/07/2024 09:43,Leeds,Jose Hisey,Large Filter coffee - 1.80,1.8,CASH,
09/07/2024 09:45,Leeds,Jerome Dilworth,Regular Iced americano - 2.15,2.15,CARD,9786001353582816
09/07/2024 09:46,Leeds,Karen Harris,Large Hot Chocolate - 1.70,1.7,CARD,4734076197875475
09/07/2024 09:48,Leeds,Madonna King,"Large Iced americano - 2.50, Large Filter coffee - 1.80, Large Chai latte - 2.60",6.9,CARD,2320077985576549
09/07/2024 09:50,Leeds,Willie Mcmullen,"Regular Chai latte - 2.30, Regular Speciality Tea - English breakfast - 1.30, Regular Hot Chocolate - 1.40, Large Hot Chocolate - 1.70",6.7,CARD,3747249648778489
09/07/2024 09:51,Leeds,Ginger Yung,"Large Iced americano - 2.50, Regular Hot Chocolate - 1.40, Regular Iced americano - 2.15, Regular Chai latte - 2.30, Regular Filter coffee - 1.50",9.85,CARD,2896260883574058
09/07/2024 09:53,Leeds,Jason Ward,"Regular Iced americano - 2.15, Large Speciality Tea - English breakfast - 1.60, Large Speciality Tea - English breakfast - 1.60, Regular Speciality Tea - English breakfast - 1.30",6.65,CARD,3581140083364771
09/07/2024 09:54,Leeds,Maria Carr,Large Iced americano - 2.50,2.5,CARD,6228253044986245
09/07/2024 09:56,Leeds,Raquel Fazzone,Large Filter coffee - 1.80,1.8,CASH,
09/07/2024 09:58,Leeds,David Arrington,"Large Filter coffee - 1.80, Regular Filter coffee - 1.50",3.3,CARD,6360062245630607
09/07/2024 09:59,Leeds,Kevin Loth,Regular Iced americano - 2.15,2.15,CARD,6742753471849099
09/07/2024 10:01,Leeds,Bertha Chase,Regular Filter coffee - 1.50,1.5,CARD,8401299811020100
09/07/2024 10:02,Leeds,Keith Dixon,"Regular Iced americano - 2.15, Regular Filter coffee - 1.50",3.65,CARD,5629233535318839
09/07/2024 10:03,Leeds,Michael Thomas,"Large Filter coffee - 1.80, Large Speciality Tea - English breakfast - 1.60, Regular Speciality Tea - English breakfast - 1.30, Regular Hot Chocolate - 1.40",6.1,CASH,
09/07/2024 10:04,Leeds,Brian Reader,"Large Hot Chocolate - 1.70, Large Filter coffee - 1.80, Regular Iced americano - 2.15, Regular Iced americano - 2.15",7.8,CARD,3040403723858224
09/07/2024 10:05,Leeds,Krystle Waters,"Large Speciality Tea - English breakfast - 1.60, Large Filter coffee - 1.80",3.4,CARD,5512849613160642
09/07/2024 10:06,Leeds,Latoya Lambert,"Large Speciality Tea - English breakfast - 1.60, Large Chai latte - 2.60, Regular Speciality Tea - English breakfast - 1.30",5.5,CARD,8708686399131084
09/07/2024 10:07,Leeds,James Young,Regular Filter coffee - 1.50,1.5,CARD,8168085432486501
09/07/2024 10:08,Leeds,Warren Cole,"Regular Filter coffee - 1.50, Regular Chai latte - 2.30, Large Chai latte - 2.60, Regular Hot Chocolate - 1.40",7.8,CARD,7041389454017940
09/07/2024 10:09,Leeds,Carrie Myles,"Large Speciality Tea - English breakfast - 1.60, Regular Iced americano - 2.15",3.75,CARD,7062581071676936
09/07/2024 10:11,Leeds,Ronald Bush,Large Hot Chocolate - 1.70,1.7,CASH,
09/07/2024 10:12,Leeds,Donna Mcfarland,"Regular Filter coffee - 1.50, Regular Speciality Tea - English breakfast - 1.30",2.8,CASH,
09/07/2024 10:13,Leeds,Joseph Vaught,"Regular Iced americano - 2.15, Large Iced americano - 2.50",4.65,CARD,1647036735363253
09/07/2024 10:14,Leeds,Kimberley Wilkins,"Large Chai latte - 2.60, Regular Chai latte - 2.30, Large Iced americano - 2.50, Large Iced americano - 2.50, Regular Speciality Tea - English breakfast - 1.30",11.2,CARD,8174566462634117
09/07/2024 10:15,Leeds,Tera Slate,"Large Speciality Tea - English breakfast - 1.60, Large Filter coffee - 1.80, Large Hot Chocolate - 1.70, Large Speciality Tea - English breakfast - 1.60, Large Iced americano - 2.50",9.2,CARD,1961617674036680
09/07/2024 10:16,Leeds,Shavonne Mcginn,Regular Hot Chocolate - 1.40,1.4,CARD,3439651533289132
09/07/2024 10:17,Leeds,Gregory Barr,"Regular Chai latte - 2.30, Regular Filter coffee - 1.50, Large Iced americano - 2.50, Regular Hot Chocolate - 1.40",7.7,CARD,2518418383607456
09/07/2024 10:18,Leeds,Leona Hall,Large Iced americano - 2.50,2.5,CARD,5499115269917372
09/07/2024 10:19,Leeds,Stephen Gregory,"Regular Chai latte - 2.30, Large Hot Chocolate - 1.70",4.0,CARD,5681296166334684
09/07/2024 10:20,Leeds,Douglas Smith,"Regular Hot Chocolate - 1.40, Regular Speciality Tea - English breakfast - 1.30",2.7,CARD,8920780810971915
09/07/2024 10:21,Leeds,Angie Simmonds,Large Iced americano - 2.50,2.5,CARD,6264534350729245
09/07/2024 10:22,Leeds,Kristina Menz,"Regular Hot Chocolate - 1.40, Regular Chai latte - 2.30, Large Filter coffee - 1.80",5.5,CARD,7904434462305094
09/07/2024 10:23,Leeds,Marc Alto,Large Filter coffee - 1.80,1.8,CARD,5848623792050752
09/07/2024 10:24,Leeds,Ray King,Regular Filter coffee - 1.50,1.5,CARD,6738230986150007
09/07/2024 10:25,Leeds,Wesley Spivey,"Large Chai latte - 2.60, Large Filter coffee - 1.80, Regular Filter coffee - 1.50",5.9,CARD,4763631546106327
09/07/2024 10:27,Leeds,Joseph Fecteau,"Large Chai latte - 2.60, Regular Filter coffee - 1.50",4.1,CASH,
09/07/2024 10:28,Leeds,Pamela Boyd,"Large Hot Chocolate - 1.70, Regular Speciality Tea - English breakfast - 1.30",3.0,CASH,
09/07/2024 10:29,Leeds,Ruby Robertson,"Regular Speciality Tea - English breakfast - 1.30, Regular Speciality Tea - English breakfast - 1.30, Regular Chai latte - 2.30, Large Speciality Tea - English breakfast - 1.60",6.5,CARD,5743122657973638
09/07/2024 10:30,Leeds,Caroline Zahri,"Large Speciality Tea - English breakfast - 1.60, Regular Iced americano - 2.15, Regular Filter coffee - 1.50, Regular Speciality Tea - English breakfast - 1.30",6.55,CARD,1661091434368647
09/07/2024 10:31,Leeds,Ross Head,"Large Hot Chocolate - 1.70, Large Chai latte - 2.60, Regular Chai latte - 2.30, Large Filter coffee - 1.80, Large Hot Chocolate - 1.70, Large Chai latte - 2.60",12.7,CARD,6981985718609597
09/07/2024 10:32,Leeds,Dana Frank,Large Filter coffee - 1.80,1.8,CARD,7667485618013402
09/07/2024 10:33,Leeds,Marcia Easley,Regular Iced americano - 2.15,2.15,CASH,
09/07/2024 10:34,Leeds,Timothy Anderson,"Large Hot Chocolate - 1.70, Large Iced americano - 2.50, Regular Filter coffee - 1.50, Large Iced americano - 2.50",8.2,CARD,2013772548709173
09/07/2024 10:35,Leeds,Bernie Childress,"Large Chai latte - 2.60, Large Chai latte - 2.60, Large Filter coffee - 1.80, Large Chai latte - 2.60, Large Hot Chocolate - 1.70",11.3,CASH,
09/07/2024 10:36,Leeds,Travis Little,"Large Hot Chocolate - 1.70, Regular Filter coffee - 1.50",3.2,CARD,6430686118553963
09/07/2024 10:37,Leeds,Frank Green,Regular Filter coffee - 1.50,1.5,CARD,8198218519728183
09/07/2024 10:38,Leeds,Lenora Sowards,"Regular Filter coffee - 1.50, Large Iced americano - 2.50, Large Iced americano - 2.50, Large Hot Chocolate - 1.70",8.2,CASH,
09/07/2024 10:39,Leeds,Vicky Davidson,Regular Speciality Tea - English breakfast - 1.30,1.3,CASH,
09/07/2024 10:40,Leeds,Richard Imhoff,"Large Hot Chocolate - 1.70, Large Filter coffee - 1.80, Regular Filter coffee - 1.50",5.0,CARD,5574504762141924
09/07/2024 10:41,Leeds,Misti Carter,"Large Hot Chocolate - 1.70, Large Hot Chocolate - 1.70, Large Hot Chocolate - 1.70",5.1,CASH,
09/07/2024 10:43,Leeds,Jeannie Contreras,"Regular Chai latte - 2.30, Large Chai latte - 2.60, Regular Hot Chocolate - 1.40, Large Speciality Tea - English breakfast - 1.60",7.9,CARD,1372444183887669
09/07/2024 10:44,Leeds,Anthony Garraway,"Large Chai latte - 2.60, Large Filter coffee - 1.80, Regular Chai latte - 2.30",6.7,CARD,7766617125231971
09/07/2024 10:45,Leeds,Linda Morales,Regular Hot Chocolate - 1.40,1.4,CARD,4920717163251536
09/07/2024 10:46,Leeds,Wayne Lei,"Regular Iced americano - 2.15, Large Chai latte - 2.60, Large Speciality Tea - English breakfast - 1.60, Regular Filter coffee - 1.50",7.85,CARD,4596710797490869
09/07/2024 10:47,Leeds,Lauren Jones,"Regular Speciality Tea - English breakfast - 1.30, Large Filter coffee - 1.80, Large Speciality Tea - English breakfast - 1.60, Large Speciality Tea - English breakfast - 1.60",6.3,CARD,6704238430624242
09/07/2024 10:48,Leeds,Artie Brazell,"Regular Chai latte - 2.30, Regular Hot Chocolate - 1.40, Large Iced americano - 2.50, Regular Filter coffee - 1.50",7.7,CARD,1622603000059059
09/07/2024 10:49,Leeds,Tara Estrada,"Large Filter coffee - 1.80, Large Filter coffee - 1.80, Regular Hot Chocolate - 1.40, Large Speciality Tea - English breakfast - 1.60",6.6,CASH,
09/07/2024 10:50,Leeds,Paul Carboneau,"Large Filter coffee - 1.80, Large Speciality Tea - English breakfast - 1.60, Regular Speciality Tea - English breakfast - 1.30, Large Iced americano - 2.50",7.2,CARD,5048493597058272
09/07/2024 10:51,Leeds,Kelvin Roman,"Regular Iced americano - 2.15, Large Filter coffee - 1.80, Regular Filter coffee - 1.50, Regular Speciality Tea - English breakfast - 1.30",6.75,CASH,
09/07/2024 10:52,Leeds,Virginia Ceravolo,"Regular Speciality Tea - English breakfast - 1.30, Regular Filter coffee - 1.50",2.8,CASH,
09/07/2024 10:53,Leeds,Raymond Mitchell,Large Speciality Tea - English breakfast - 1.60,1.6,CARD,7503127037336813
09/07/2024 10:54,Leeds,Evelyn Angell,"Large Hot Chocolate - 1.70, Large Filter coffee - 1.80",3.5,CASH,
09/07/2024 10:55,Leeds,Mindy Caldwell,"Regular Filter coffee - 1.50, Regular Hot Chocolate - 1.40, Regular Hot Chocolate - 1.40",4.3,CASH,
09/07/2024 10:56,Leeds,Roy Cohen,"Large Iced americano - 2.50, Large Hot Chocolate - 1.70, Regular Speciality Tea - English breakfast - 1.30, Large Filter coffee - 1.80",7.3,CASH,
09/07/2024 10:57,Leeds,Manuel Greenhalgh,"Large Chai latte - 2.60, Large Chai latte - 2.60",5.2,CARD,7865740735246053
09/07/2024 10:59,Leeds,Rosemary Cotton,"Large Speciality Tea - English breakfast - 1.60, Regular Filter coffee - 1.50",3.1,CARD,4228067151946638
09/07/2024 11:00,Leeds,Thomas Mattox,"Regular Speciality Tea - English breakfast - 1.30, Large Iced americano - 2.50, Large Filter coffee - 1.80",5.6,CARD,3624041930839471
09/07/2024 11:04,Leeds,Mark Johnson,Large Speciality Tea - English breakfast - 1.60,1.6,CARD,1766600439880516
09/07/2024 11:08,Leeds,Lester Mclain,Large Chai latte - 2.60,2.6,CASH,
09/07/2024 11:12,Leeds,Joseph Mathews,"Large Hot Chocolate - 1.70, Regular Iced americano - 2.15, Regular Filter coffee - 1.50",5.35,CARD,7572671211415386
09/07/2024 11:16,Leeds,Shelly Chantler,Regular Filter coffee - 1.50,1.5,CASH,
09/07/2024 11:20,Leeds,Joan Allen,"Regular Filter coffee - 1.50, Regular Speciality Tea - English breakfast - 1.30",2.8,CARD,3660894171742120
09/07/2024 11:24,Leeds,Howard Libengood,Regular Chai latte - 2.30,2.3,CARD,5134138680372452
09/07/2024 11:28,Leeds,Danielle Jones,"Regular Chai latte - 2.30, Regular Hot Chocolate - 1.40, Regular Chai latte - 2.30",6.0,CARD,3173690775361063
09/07/2024 11:32,Leeds,Roy Robinson,Regular Hot Chocolate - 1.40,1.4,CARD,8057196002736926
09/07/2024 11:36,Leeds,Patrica Courtney,"Large Hot Chocolate - 1.70, Regular Chai latte - 2.30, Regular Speciality Tea - English breakfast - 1.30",5.3,CARD,6865807710659484
09/07/2024 11:40,Leeds,Glenn Prater,"Regular Hot Chocolate - 1.40, Regular Speciality Tea - English breakfast - 1.30, Regular Chai latte - 2.30, Regular Filter coffee - 1.50, Regular Hot Chocolate - 1.40, Large Iced americano - 2.50",10.4,CASH,
09/07/2024 11:44,Leeds,Edna Francese,"Regular Filter coffee - 1.50, Large Speciality Tea - English breakfast - 1.60",3.1,CARD,7044778165180712
09/07/2024 11:48,Leeds,Leonard Davis,Large Speciality Tea - English breakfast - 1.60,1.6,CARD,7153997795382576
09/07/2024 11:52,Leeds,Marco Thomas,"Large Filter coffee - 1.80, Regular Filter coffee - 1.50, Large Filter coffee - 1.80",5.1,CARD,2477900580189583
09/07/2024 11:56,Leeds,James Silvio,"Regular Speciality Tea - English breakfast - 1.30, Large Chai latte - 2.60",3.9,CARD,7570951044371192
09/07/2024 12:00,Leeds,Myrtle Ashton,"Large Filter coffee - 1.80, Large Filter coffee - 1.80",3.6,CARD,8119671234955018
09/07/2024 12:01,Leeds,Nancy Adkins,Large Hot Chocolate - 1.70,1.7,CARD,2950829055367577
09/07/2024 12:03,Leeds,William Howard,"Regular Iced americano - 2.15, Regular Filter coffee - 1.50, Large Chai latte - 2.60, Regular Hot Chocolate - 1.40, Large Hot Chocolate - 1.70, Regular Iced americano - 2.15",11.5,CARD,4378819651718320
09/07/2024 12:05,Leeds,Angelica Brown,"Large Iced americano - 2.50, Regular Chai latte - 2.30, Large Chai latte - 2.60, Large Chai latte - 2.60, Regular Chai latte - 2.30",12.3,CARD,2761252580060967
09/07/2024 12:06,Leeds,Karen Fulk,"Large Speciality Tea - English breakfast - 1.60, Regular Hot Chocolate - 1.40, Regular Chai latte - 2.30",5.3,CARD,2717620600308768
09/07/2024 12:08,Leeds,Douglas Blubaugh,Large Speciality Tea - English breakfast - 1.60,1.6,CARD,5048942094033222
09/07/2024 12:10,Leeds,Michael Bailey,Large Chai latte - 2.60,2.6,CARD,6128786687235263
09/07/2024 12:11,Leeds,Michael Jackson,"Large Hot Chocolate - 1.70, Regular Filter coffee - 1.50, Large Iced americano - 2.50, Large Filter coffee - 1.80",7.5,CASH,
09/07/2024 12:13,Leeds,Marjorie Harrison,"Regular Iced americano - 2.15, Large Chai latte - 2.60, Regular Iced americano - 2.15, Regular Chai latte - 2.30, Regular Speciality Tea - English breakfast - 1.30",10.5,CARD,8061020646211426
09/07/2024 12:15,Leeds,Terry Noble,"Large Filter coffee - 1.80, Regular Filter coffee - 1.50, Regular Speciality Tea - English breakfast - 1.30",4.6,CARD,1814595763813709
09/07/2024 12:16,Leeds,Ophelia Coble,Regular Filter coffee - 1.50,1.5,CARD,8744402775790490
09/07/2024 12:18,Leeds,James Brown,"Large Hot Chocolate - 1.70, Large Iced americano - 2.50, Regular Iced americano - 2.15",6.35,CARD,8917078379629870
09/07/2024 12:20,Leeds,Cheryl Mills,"Large Filter coffee - 1.80, Regular Iced americano - 2.15, Regular Chai latte - 2.30",6.25,CARD,2869157463322449
09/07/2024 12:21,Leeds,Rosie Buckner,Large Filter coffee - 1.80,1.8,CASH,
09/07/2024 12:23,Leeds,Rodney Lee,Large Filter coffee - 1.80,1.8,CARD,6603321839840408
09/07/2024 12:25,Leeds,Mary Tooley,Regular Speciality Tea - English breakfast - 1.30,1.3,CARD,9951333709673841
09/07/2024 12:26,Leeds,Joseph Marroguin,"Regular Filter coffee - 1.50, Large Chai latte - 2.60, Large Chai latte - 2.60",6.7,CARD,8556900304786585
09/07/2024 12:28,Leeds,Ericka Bernard,"Large Speciality Tea - English breakfast - 1.60, Regular Iced americano - 2.15, Large Filter coffee - 1.80",5.55,CARD,8284262792427973
09/07/2024 12:30,Leeds,Dennis Stokes,"Large Filter coffee - 1.80, Regular Hot Chocolate - 1.40, Large Filter coffee - 1.80, Large Iced americano - 2.50, Large Speciality Tea - English breakfast - 1.60",9.1,CARD,3999550030422446
09/07/2024 12:31,Leeds,Leslie Scherer,Regular Filter coffee - 1.50,1.5,CASH,
09/07/2024 12:33,Leeds,Jeffery Ely,"Large Hot Chocolate - 1.70, Large Filter coffee - 1.80, Regular Chai latte - 2.30, Regular Iced americano - 2.15",7.95,CASH,
09/07/2024 12:35,Leeds,Patrick Roberts,"Regular Chai latte - 2.30, Large Hot Chocolate - 1.70, Regular Chai latte - 2.30, Large Speciality Tea - English breakfast - 1.60",7.9,CARD,6530351991367933
09/07/2024 12:36,Leeds,Helen Taylor,"Large Iced americano - 2.50, Large Filter coffee - 1.80, Large Hot Chocolate - 1.70",6.0,CARD,1419979889065701
09/07/2024 12:38,Leeds,Timothy Miller,"Large Filter coffee - 1.80, Regular Chai latte - 2.30, Large Filter coffee - 1.80",5.9,CARD,2008627780708260
09/07/2024 12:40,Leeds,Violet Mckee,Regular Filter coffee - 1.50,1.5,CASH,
09/07/2024 12:41,Leeds,David Horne,Large Hot Chocolate - 1.70,1.7,CARD,9508084929780487
09/07/2024 12:43,Leeds,Deborah Morris,"Large Filter coffee - 1.80, Large Filter coffee - 1.80, Large Speciality Tea - English breakfast - 1.60, Regular Speciality Tea - English breakfast - 1.30, Large Chai latte - 2.60",9.1,CARD,6694771740946021
09/07/2024 12:45,Leeds,Steven Stockdale,Regular Speciality Tea - English breakfast - 1.30,1.3,CARD,9763721024444909
09/07/2024 12:46,Leeds,Maria Fields,"Large Chai latte - 2.60, Large Chai latte - 2.60, Large Filter coffee - 1.80, Regular Chai latte - 2.30",9.3,CARD,9249675718932411
09/07/2024 12:48,Leeds,Eloisa Henson,Large Iced americano - 2.50,2.5,CARD,5545717821797293
09/07/2024 12:50,Leeds,Emily Davis,"Regular Chai latte - 2.30, Large Hot Chocolate - 1.70, Regular Speciality Tea - English breakfast - 1.30, Regular Iced americano - 2.15, Regular Iced americano - 2.15, Large Iced americano - 2.50",12.1,CASH,
09/07/2024 12:51,Leeds,Cole Baza,"Large Chai latte - 2.60, Large Filter coffee - 1.80, Regular Iced americano - 2.15, Large Filter coffee - 1.80",8.35,CARD,6207080364793630
09/07/2024 12:53,Leeds,Joe Roberts,Large Iced americano - 2.50,2.5,CARD,1598856061690810
09/07/2024 12:55,Leeds,Susan Ross,"Large Chai latte - 2.60, Regular Iced americano - 2.15, Regular Iced americano - 2.15",6.9,CARD,6976872639861416
09/07/2024 12:56,Leeds,Katrina Fay,"Regular Chai latte - 2.30, Regular Hot Chocolate - 1.40, Regular Filter coffee - 1.50, Large Iced americano - 2.50, Regular Chai latte - 2.30, Regular Filter coffee - 1.50",11.5,CASH,
09/07/2024 12:58,Leeds,David Rogers,"Regular Iced americano - 2.15, Regular Hot Chocolate - 1.40",3.55,CARD,1480668712088750
09/07/2024 13:00,Leeds,Ashley Messner,"Large Filter coffee - 1.80, Regular Iced americano - 2.15",3.95,CASH,
09/07/2024 13:00,Leeds,Katrina Spelman,"Regular Chai latte - 2.30, Regular Iced americano - 2.15, Large Iced americano - 2.50, Large Hot Chocolate - 1.70, Large Chai latte - 2.60, Large Speciality Tea - English breakfast - 1.60",12.85,CARD,8110833578534408
09/07/2024 13:01,Leeds,Richard White,"Large Speciality Tea - English breakfast - 1.60, Regular Chai latte - 2.30, Regular Filter coffee - 1.50, Regular Speciality Tea - English breakfast - 1.30",6.7,CASH,
09/07/2024 13:02,Leeds,Roy Tynes,"Large Filter coffee - 1.80, Large Filter coffee - 1.80, Regular Filter coffee - 1.50, Regular Filter coffee - 1.50",6.6,CARD,6582806689266688
09/07/2024 13:03,Leeds,Donald Breedlove,"Large Hot Chocolate - 1.70, Large Chai latte - 2.60, Regular Speciality Tea - English breakfast - 1.30, Large Speciality Tea - English breakfast - 1.60, Regular Chai latte - 2.30, Regular Chai latte - 2.30",11.8,CARD,2123615566361520
09/07/2024 13:04,Leeds,Melvin Darden,"Regular Chai latte - 2.30, Regular Speciality Tea - English breakfast - 1.30, Regular Speciality Tea - English breakfast - 1.30, Large Filter coffee - 1.80",6.7,CASH,
09/07/2024 13:05,Leeds,Elizabeth Toddy,"Regular Speciality Tea - English breakfast - 1.30, Large Filter coffee - 1.80, Regular Filter coffee - 1.50",4.6,CARD,3656205980375768
09/07/2024 13:05,Leeds,Katherine Delao,"Regular Iced americano - 2.15, Regular Iced americano - 2.15, Regular Filter coffee - 1.50",5.8,CARD,5655655287258995
09/07/2024 13:06,Leeds,James Wayne,"Regular Chai latte - 2.30, Large Chai latte - 2.60, Large Filter coffee - 1.80, Regular Filter coffee - 1.50",8.2,CARD,4028275292631086
09/07/2024 13:07,Leeds,Thomas Smith,Large Iced americano - 2.50,2.5,CARD,3371450836371061
09/07/2024 13:08,Leeds,Numbers Curnow,"Large Chai latte - 2.60, Large Speciality Tea - English breakfast - 1.60",4.2,CARD,8067320187826773
09/07/2024 13:09,Leeds,Irene Kurtz,"Large Iced americano - 2.50, Regular Speciality Tea - English breakfast - 1.30",3.8,CARD,9889703854703528
09/07/2024 13:10,Leeds,Patricia Stewart,"Regular Hot Chocolate - 1.40, Regular Speciality Tea - English breakfast - 1.30, Regular Hot Chocolate - 1.40",4.1,CARD,4933489364052923
09/07/2024 13:10,Leeds,Judith Kinard,Large Chai latte - 2.60,2.6,CARD,2306517266659505
09/07/2024 13:11,Leeds,Mary Bozek,"Large Chai latte - 2.60, Regular Hot Chocolate - 1.40, Large Speciality Tea - English breakfast - 1.60, Large Hot Chocolate - 1.70, Regular Iced americano - 2.15",9.45,CARD,5457083649029541
09/07/2024 13:12,Leeds,Grace Lomasney,"Large Chai latte - 2.60, Regular Filter coffee - 1.50",4.1,CASH,
09/07/2024 13:13,Leeds,Gloria Miracle,Large Chai latte - 2.60,2.6,CARD,2521127327857712
09/07/2024 13:14,Leeds,Dalton Gale,"Regular Chai latte - 2.30, Regular Chai latte - 2.30, Regular Chai latte - 2.30, Regular Filter coffee - 1.50",8.4,CASH,
09/07/2024 13:15,Leeds,Gertrude Mccormick,"Large Hot Chocolate - 1.70, Regular Filter coffee - 1.50, Large Chai latte - 2.60, Regular Iced americano - 2.15",7.95,CARD,3643530736608995
09/07/2024 13:15,Leeds,Delores Scherman,Regular Filter coffee - 1.50,1.5,CASH,
09/07/2024 13:16,Leeds,Angela Hayes,"Large Filter coffee - 1.80, Regular Filter coffee - 1.50, Regular Chai latte - 2.30, Regular Filter coffee - 1.50",7.1,CARD,1358659977332857
09/07/2024 13:17,Leeds,Geraldine Ameduri,"Large Speciality Tea - English breakfast - 1.60, Regular Filter coffee - 1.50, Regular Chai latte - 2.30, Regular Filter coffee - 1.50",6.9,CARD,9651651508305317
09/07/2024 13:18,Leeds,Maria Franz,"Large Filter coffee - 1.80, Regular Speciality Tea - English breakfast - 1.30",3.1,CARD,3056020643022681
09/07/2024 13:19,Leeds,James Dunn,"Large Speciality Tea - English breakfast - 1.60, Large Iced americano - 2.50",4.1,CARD,9768504610744445
09/07/2024 13:20,Leeds,Monica Collins,Regular Filter coffee - 1.50,1.5,CARD,2507700321537580
09/07/2024 13:20,Leeds,Shirley Beach,"Regular Chai latte - 2.30, Regular Filter coffee - 1.50, Large Iced americano - 2.50, Regular Filter coffee - 1.50, Regular Filter coffee - 1.50",9.3,CARD,3425516969478278
09/07/2024 13:21,Leeds,Lois Jarecki,"Large Hot Chocolate - 1.70, Regular Chai latte - 2.30",4.0,CARD,4564251160129548
09/07/2024 13:22,Leeds,Brad Moose,"Regular Iced americano - 2.15, Regular Chai latte - 2.30, Regular Chai latte - 2.30",6.75,CARD,5622563381701119
09/07/2024 13:23,Leeds,Christopher Emerson,"Large Hot Chocolate - 1.70, Large Chai latte - 2.60, Regular Filter coffee - 1.50",5.8,CARD,7689989104451964
09/07/2024 13:24,Leeds,Faye Dargie,"Large Filter coffee - 1.80, Regular Hot Chocolate - 1.40, Large Iced americano - 2.50",5.7,CARD,4480927783963691
09/07/2024 13:25,Leeds,Michael Dodd,"Regular Chai latte - 2.30, Large Speciality Tea - English breakfast - 1.60, Regular Iced americano - 2.15, Large Filter coffee - 1.80, Large Chai latte - 2.60, Large Iced americano - 2.50",12.95,CASH,
09/07/2024 13:25,Leeds,Gregory Franklin,"Regular Speciality Tea - English breakfast - 1.30, Large Speciality Tea - English breakfast - 1.60, Regular Hot Chocolate - 1.40, Large Iced americano - 2.50, Regular Filter coffee - 1.50",8.3,CASH,
09/07/2024 13:26,Leeds,Amanda Stafford,"Large Iced americano - 2.50, Large Hot Chocolate - 1.70, Large Chai latte - 2.60, Large Chai latte - 2.60, Large Speciality Tea - English breakfast - 1.60",11.0,CARD,5744800451098065
09/07/2024 13:27,Leeds,Steven Carey,"Regular Filter coffee - 1.50, Regular Chai latte - 2.30, Large Speciality Tea - English breakfast - 1.60, Large Filter coffee - 1.80, Large Iced americano - 2.50",9.7,CARD,7234346890879794
09/07/2024 13:28,Leeds,Debra Spatz,"Large Iced americano - 2.50, Regular Speciality Tea - English breakfast - 1.30, Regular Filter coffee - 1.50",5.3,CASH,
09/07/2024 13:29,Leeds,Francisco Darden,Large Iced americano - 2.50,2.5,CARD,9991239935650436
09/07/2024 13:30,Leeds,Alice Calvert,"Large Filter coffee - 1.80, Regular Chai latte - 2.30, Large Filter coffee - 1.80",5.9,CARD,2516006585317896
09/07/2024 13:30,Leeds,Shannon Poe,"Large Speciality Tea - English breakfast - 1.60, Regular Filter coffee - 1.50, Large Iced americano - 2.50",5.6,CASH,
09/07/2024 13:31,Leeds,Chelsey Lewis,"Regular Chai latte - 2.30, Large Filter coffee - 1.80",4.1,CARD,8508863095652879
09/07/2024 13:32,Leeds,Kevin Hanisch,"Large Chai latte - 2.60, Regular Speciality Tea - English breakfast - 1.30, Large Chai latte - 2.60",6.5,CASH,
09/07/2024 13:33,Leeds,Chandra Philbrook,Large Speciality Tea - English breakfast - 1.60,1.6,CARD,6397931645699614
09/07/2024 13:34,Leeds,Gilbert Johnson,"Regular Speciality Tea - English breakfast - 1.30, Regular Speciality Tea - English breakfast - 1.30, Regular Speciality Tea - English breakfast - 1.30, Regular Chai latte - 2.30",6.2,CASH,
09/07/2024 13:35,Leeds,Marie Deguire,"Regular Chai latte - 2.30, Regular Chai latte - 2.30",4.6,CARD,5257126755174687
09/07/2024 13:35,Leeds,Martin Boggan,"Large Speciality Tea - English breakfast - 1.60, Large Filter coffee - 1.80",3.4,CARD,5909703871901604
09/07/2024 13:36,Leeds,Martin Bloom,Large Iced americano - 2.50,2.5,CARD,2724763220040459
09/07/2024 13:37,Leeds,Martha Benjamin,"Regular Filter coffee - 1.50, Regular Filter coffee - 1.50, Large Chai latte - 2.60",5.6,CARD,3675689594769235
09/07/2024 13:38,Leeds,Mack Morrison,"Large Filter coffee - 1.80, Large Filter coffee - 1.80",3.6,CARD,2574341904684541
09/07/2024 13:39,Leeds,John Anderson,Regular Hot Chocolate - 1.40,1.4,CARD,9987612684431304
09/07/2024 13:40,Leeds,Helen Gilbert,"Large Iced americano - 2.50, Regular Chai latte - 2.30, Large Hot Chocolate - 1.70, Large Speciality Tea - English breakfast - 1.60, Regular Iced americano - 2.15",10.25,CARD,5442085972781167
09/07/2024 13:40,Leeds,Todd Bracey,Regular Hot Chocolate - 1.40,1.4,CARD,7876324882637813
09/07/2024 13:41,Leeds,Melody Day,"Large Chai latte - 2.60, Large Hot Chocolate - 1.70, Regular Filter coffee - 1.50, Regular Speciality Tea - English breakfast - 1.30, Regular Iced americano - 2.15",9.25,CARD,8955438340277302
09/07/2024 13:42,Leeds,John Lee,"Large Chai latte - 2.60, Regular Hot Chocolate - 1.40, Large Chai latte - 2.60, Large Speciality Tea - English breakfast - 1.60",8.2,CARD,6142937563519696
09/07/2024 13:43,Leeds,Karen Ruiz,"Large Chai latte - 2.60, Regular Iced americano - 2.15, Regular Iced americano - 2.15",6.9,CARD,1086879943848580
09/07/2024 13:44,Leeds,Dennis Healy,"Large Hot Chocolate - 1.70, Large Chai latte - 2.60, Regular Filter coffee - 1.50, Regular Chai latte - 2.30",8.1,CASH,
09/07/2024 13:45,Leeds,Erin Williams,"Large Iced americano - 2.50, Regular Speciality Tea - English breakfast - 1.30",3.8,CASH,
09/07/2024 13:45,Leeds,Kathryn Brayton,Large Hot Chocolate - 1.70,1.7,CARD,3471735829398879
09/07/2024 13:46,Leeds,Juan Bradley,Regular Speciality Tea - English breakfast - 1.30,1.3,CARD,6137681174641405
09/07/2024 13:47,Leeds,Mandi Graham,Large Filter coffee - 1.80,1.8,CARD,9469540100906220
09/07/2024 13:48,Leeds,Keith Risley,Regular Speciality Tea - English breakfast - 1.30,1.3,CASH,
09/07/2024 13:49,Leeds,Bruce Powers,Large Iced americano - 2.50,2.5,CARD,7684052976288212
09/07/2024 13:50,Leeds,Rachel Mcmullen,Regular Hot Chocolate - 1.40,1.4,CARD,5166926448598609
09/07/2024 13:50,Leeds,Brian Flowers,Large Iced americano - 2.50,2.5,CASH,
09/07/2024 13:51,Leeds,Jonathan Cummins,"Large Filter coffee - 1.80, Large Filter coffee - 1.80, Regular Iced americano - 2.15",5.75,CARD,4965462411568014
09/07/2024 13:52,Leeds,Lionel Phillips,"Large Chai latte - 2.60, Regular Filter coffee - 1.50",4.1,CARD,8820195996029039
09/07/2024 13:53,Leeds,Denise Freeman,"Large Chai latte - 2.60, Regular Iced americano - 2.15, Large Speciality Tea - English breakfast - 1.60",6.35,CARD,5928083176365034
09/07/2024 13:54,Leeds,Mark Nicholson,"Large Filter coffee - 1.80, Regular Chai latte - 2.30, Large Filter coffee - 1.80",5.9,CARD,5209199671631854
09/07/2024 13:55,Leeds,Laurence Reynolds,Large Iced americano - 2.50,2.5,CARD,5077482680672917
09/07/2024 13:55,Leeds,Sharron Gottschalk,"Large Speciality Tea - English breakfast - 1.60, Regular Iced americano - 2.15",3.75,CARD,5472711780624485
09/07/2024 13:56,Leeds,Deborah Nichols,"Large Hot Chocolate - 1.70, Regular Hot Chocolate - 1.40, Regular Filter coffee - 1.50",4.6,CARD,2702294700814175
09/07/2024 13:57,Leeds,Justin Riddle,"Regular Iced americano - 2.15, Large Hot Chocolate - 1.70",3.85,CASH,
09/07/2024 13:58,Leeds,Katie Taylor,"Large Speciality Tea - English breakfast - 1.60, Large Filter coffee - 1.80, Large Filter coffee - 1.80",5.2,CARD,1563544505930836
09/07/2024 13:59,Leeds,Alexis Brown,"Regular Chai latte - 2.30, Regular Filter coffee - 1.50",3.8,CASH,
09/07/2024 14:00,Leeds,Brian Bradley,Large Chai latte - 2.60,2.6,CARD,9994905207095647
09/07/2024 14:01,Leeds,Eric Glaze,"Large Filter coffee - 1.80, Regular Filter coffee - 1.50, Regular Iced americano - 2.15",5.45,CASH,
09/07/2024 14:02,Leeds,Dorothy Knutson,"Regular Iced americano - 2.15, Regular Chai latte - 2.30",4.45,CARD,9777087263231913
09/07/2024 14:02,Leeds,Cyril Mendenhall,Regular Hot Chocolate - 1.40,1.4,CARD,9751182281511550
09/07/2024 14:03,Leeds,Larry Dale,"Large Hot Chocolate - 1.70, Large Chai latte - 2.60, Large Iced americano - 2.50, Regular Chai latte - 2.30, Regular Speciality Tea - English breakfast - 1.30, Large Filter coffee - 1.80",12.2,CARD,9437719389718318
09/07/2024 14:04,Leeds,John Miller,"Large Filter coffee - 1.80, Regular Chai latte - 2.30",4.1,CARD,4279074696957285
09/07/2024 14:05,Leeds,Robert Monson,Large Filter coffee - 1.80,1.8,CARD,4994893001276472
09/07/2024 14:06,Leeds,Kenneth Arterberry,Regular Speciality Tea - English breakfast - 1.30,1.3,CARD,2879132250684008
09/07/2024 14:07,Leeds,Edward Callaway,"Large Speciality Tea - English breakfast - 1.60, Large Hot Chocolate - 1.70",3.3,CARD,8539145239246189
09/07/2024 14:08,Leeds,Marcus Holmes,Regular Chai latte - 2.30,2.3,CARD,4127044260587505
09/07/2024 14:09,Leeds,Cindy Thrasher,"Large Filter coffee - 1.80, Large Iced americano - 2.50, Regular Speciality Tea - English breakfast - 1.30, Regular Speciality Tea - English breakfast - 1.30, Large Speciality Tea - English breakfast - 1.60",8.5,CARD,7046729065760590
09/07/2024 14:10,Leeds,Margaretta Rodriguez,"Large Iced americano - 2.50, Regular Speciality Tea - English breakfast - 1.30",3.8,CARD,8794192819670667
09/07/2024 14:11,Leeds,Martha Sullivan,"Regular Speciality Tea - English breakfast - 1.30, Regular Iced americano - 2.15",3.45,CARD,5895407153318308
09/07/2024 14:12,Leeds,James Hemphill,"Large Chai latte - 2.60, Regular Iced americano - 2.15, Regular Filter coffee - 1.50, Regular Iced americano - 2.15, Large Speciality Tea - English breakfast - 1.60",10.0,CARD,9439930407957898
09/07/2024 14:13,Leeds,Veronica Childs,Large Hot Chocolate - 1.70,1.7,CARD,5683298771949278
09/07/2024 14:14,Leeds,Kristen Goldberg,"Regular Chai latte - 2.30, Large Speciality Tea - English breakfast - 1.60, Large Chai latte - 2.60, Large Filter coffee - 1.80",8.3,CASH,
09/07/2024 14:15,Leeds,David Garrett,"Large Chai latte - 2.60, Regular Chai latte - 2.30, Regular Speciality Tea - English breakfast - 1.30, Large Filter coffee - 1.80",8.0,CARD,3205646701152719
09/07/2024 14:16,Leeds,Valentine Mulchrone,"Large Chai latte - 2.60, Regular Hot Chocolate - 1.40",4.0,CARD,2209848590980972
09/07/2024 14:17,Leeds,Charlene Rubin,"Large Chai latte - 2.60, Regular Speciality Tea - English breakfast - 1.30",3.9,CASH,
09/07/2024 14:18,Leeds,Nancy Cook,"Large Chai latte - 2.60, Regular Hot Chocolate - 1.40, Regular Chai latte - 2.30, Large Filter coffee - 1.80, Large Speciality Tea - English breakfast - 1.60, Large Iced americano - 2.50",12.2,CARD,5106875287046303
09/07/2024 14:19,Leeds,Joshua Yann,Large Chai latte - 2.60,2.6,CARD,9807288327740846
09/07/2024 14:20,Leeds,Karl Rynearson,"Regular Chai latte - 2.30, Large Filter coffee - 1.80, Regular Filter coffee - 1.50",5.6,CARD,3327862373427253
09/07/2024 14:21,Leeds,William Clark,"Large Chai latte - 2.60, Regular Chai latte - 2.30, Regular Chai latte - 2.30, Large Iced americano - 2.50",9.7,CARD,6150088330152842
09/07/2024 14:21,Leeds,Ervin Johnson,"Regular Filter coffee - 1.50, Large Chai latte - 2.60, Regular Speciality Tea - English breakfast - 1.30, Large Filter coffee - 1.80",7.2,CARD,3129775960870909
09/07/2024 14:22,Leeds,Jorge Kittleson,"Regular Filter coffee - 1.50, Regular Hot Chocolate - 1.40, Regular Chai latte - 2.30",5.2,CASH,
09/07/2024 14:23,Leeds,Bob Thompson,"Regular Filter coffee - 1.50, Regular Hot Chocolate - 1.40, Regular Hot Chocolate - 1.40",4.3,CARD,1787514455678960
09/07/2024 14:24,Leeds,Bernard White,"Regular Chai latte - 2.30, Regular Chai latte - 2.30, Large Filter coffee - 1.80, Large Hot Chocolate - 1.70, Regular Hot Chocolate - 1.40",9.5,CASH,
09/07/2024 14:25,Leeds,Victor Brown,"Regular Chai latte - 2.30, Large Filter coffee - 1.80, Large Speciality Tea - English breakfast - 1.60, Large Chai latte - 2.60",8.3,CARD,7350871017020876
09/07/2024 14:26,Leeds,Tammy Leese,"Regular Chai latte - 2.30, Large Speciality Tea - English breakfast - 1.60",3.9,CASH,
09/07/2024 14:27,Leeds,Emily Jones,Regular Chai latte - 2.30,2.3,CARD,1300578206764360
09/07/2024 14:28,Leeds,Karen Neveu,"Regular Filter coffee - 1.50, Large Iced americano - 2.50",4.0,CARD,8051463598565013
09/07/2024 14:29,Leeds,Brittany Fishback,"Regular Hot Chocolate - 1.40, Large Filter coffee - 1.80, Large Speciality Tea - English breakfast - 1.60",4.8,CARD,3249313595567243
09/07/2024 14:30,Leeds,Mary Tippetts,Large Hot Chocolate - 1.70,1.7,CARD,2046720687311277
09/07/2024 14:31,Leeds,Sterling Warner,"Regular Speciality Tea - English breakfast - 1.30, Regular Filter coffee - 1.50, Large Filter coffee - 1.80, Large Chai latte - 2.60",7.2,CARD,4239080780673949
09/07/2024 14:32,Leeds,Don Cooper,"Regular Chai latte - 2.30, Large Filter coffee - 1.80, Large Filter coffee - 1.80, Regular Filter coffee - 1.50",7.4,CASH,
09/07/2024 14:33,Leeds,Linda Weisgarber,"Large Filter coffee - 1.80, Regular Hot Chocolate - 1.40, Large Chai latte - 2.60, Regular Hot Chocolate - 1.40, Regular Filter coffee - 1.50, Regular Chai latte - 2.30",11.0,CARD,3745491831420802
09/07/2024 14:34,Leeds,Stephen Timmons,"Large Speciality Tea - English breakfast - 1.60, Regular Chai latte - 2.30, Regular Speciality Tea - English breakfast - 1.30, Large Filter coffee - 1.80, Large Iced americano - 2.50",9.5,CARD,2192087041369326
09/07/2024 14:35,Leeds,Marjorie Smith,"Regular Hot Chocolate - 1.40, Large Filter coffee - 1.80",3.2,CASH,
09/07/2024 14:36,Leeds,Marie Spencer,Regular Filter coffee - 1.50,1.5,CARD,2483989529369995
09/07/2024 14:37,Leeds,Michael Graham,"Large Speciality Tea - English breakfast - 1.60, Large Filter coffee - 1.80",3.4,CARD,8348259797304353
09/07/2024 14:38,Leeds,Larry Barbee,Regular Speciality Tea - English breakfast - 1.30,1.3,CARD,2513382046473879
09/07/2024 14:39,Leeds,Charles Walker,"Large Speciality Tea - English breakfast - 1.60, Regular Iced americano - 2.15",3.75,CARD,3153825188247055
09/07/2024 14:40,Leeds,Tiffany Cooley,"Large Iced americano - 2.50, Regular Speciality Tea - English breakfast - 1.30, Regular Speciality Tea - English breakfast - 1.30",5.1,CASH,
09/07/2024 14:40,Leeds,Evelyn Roeger,Regular Chai latte - 2.30,2.3,CARD,9538882320447305
09/07/2024 14:41,Leeds,Harry Jones,"Regular Speciality Tea - English breakfast - 1.30, Large Chai latte - 2.60",3.9,CASH,
09/07/2024 14:42,Leeds,Jasmine Cruz,"Large Iced americano - 2.50, Regular Hot Chocolate - 1.40, Large Speciality Tea - English breakfast - 1.60, Regular Chai latte - 2.30",7.8,CASH,
09/07/2024 14:43,Leeds,William Kranz,"Regular Filter coffee - 1.50, Large Iced americano - 2.50, Regular Speciality Tea - English breakfast - 1.30, Large Hot Chocolate - 1.70, Large Iced americano - 2.50",9.5,CARD,2014877608087468
09/07/2024 14:44,Leeds,Pedro Anderson,Regular Chai latte - 2.30,2.3,CARD,8011914922005848
09/07/2024 14:45,Leeds,William Gibson,"Large Iced americano - 2.50, Large Speciality Tea - English breakfast - 1.60, Large Filter coffee - 1.80",5.9,CARD,8445571282926233
09/07/2024 14:46,Leeds,Helen Dowell,"Large Chai latte - 2.60, Regular Chai latte - 2.30, Large Speciality Tea - English breakfast - 1.60, Large Hot Chocolate - 1.70",8.2,CARD,8745240913179823
09/07/2024 14:47,Leeds,Barbara Hollingsworth,"Regular Iced americano - 2.15, Large Speciality Tea - English breakfast - 1.60, Regular Filter coffee - 1.50",5.25,CASH,
09/07/2024 14:48,Leeds,Gabriela Montalvan,Large Speciality Tea - English breakfast - 1.60,1.6,CASH,
09/07/2024 14:49,Leeds,Lauren Villarreal,Regular Speciality Tea - English breakfast - 1.30,1.3,CASH,
09/07/2024 14:50,Leeds,Fern Uhlig,"Large Speciality Tea - English breakfast - 1.60, Large Chai latte - 2.60",4.2,CARD,4747237887919582
09/07/2024 14:51,Leeds,Keith Hammond,"Regular Filter coffee - 1.50, Large Filter coffee - 1.80",3.3,CARD,1716377360468276
09/07/2024 14:52,Leeds,Dennis Barshaw,"Large Filter coffee - 1.80, Regular Filter coffee - 1.50, Regular Iced americano - 2.15",5.45,CASH,
09/07/2024 14:53,Leeds,John Bilsborough,"Regular Filter coffee - 1.50, Large Iced americano - 2.50, Regular Chai latte - 2.30",6.3,CARD,7654985443399703
09/07/2024 14:54,Leeds,Arlene Whitten,"Regular Speciality Tea - English breakfast - 1.30, Regular Iced americano - 2.15, Regular Hot Chocolate - 1.40, Regular Hot Chocolate - 1.40, Large Filter coffee - 1.80",8.05,CASH,
09/07/2024 14:55,Leeds,Cindy Mckinney,Regular Iced americano - 2.15,2.15,CASH,
09/07/2024 14:56,Leeds,Ralph Rittenhouse,Regular Hot Chocolate - 1.40,1.4,CASH,
09/07/2024 14:57,Leeds,Dorothy Wagner,"Large Chai latte - 2.60, Regular Iced americano - 2.15, Regular Iced americano - 2.15",6.9,CARD,2343651884960331
09/07/2024 14:58,Leeds,Autumn Moore,"Regular Hot Chocolate - 1.40, Regular Filter coffee - 1.50",2.9,CASH,
09/07/2024 14:59,Leeds,Kathleen Holt,"Large Speciality Tea - English breakfast - 1.60, Large Chai latte - 2.60, Large Iced americano - 2.50",6.7,CARD,8246262249748727
09/07/2024 14:59,Leeds,David Mclellan,"Large Speciality Tea - English breakfast - 1.60, Large Speciality Tea - English breakfast - 1.60, Regular Hot Chocolate - 1.40, Large Iced americano - 2.50",7.1,CARD,5690314727639545
09/07/2024 15:00,Leeds,Elizabeth Reed,"Large Chai latte - 2.60, Large Filter coffee - 1.80",4.4,CARD,1290336516056295
09/07/2024 15:01,Leeds,Rochelle Madison,"Regular Iced americano - 2.15, Regular Chai latte - 2.30, Regular Filter coffee - 1.50",5.95,CASH,
09/07/2024 15:02,Leeds,Charles Miller,"Regular Speciality Tea - English breakfast - 1.30, Regular Chai latte - 2.30, Regular Speciality Tea - English breakfast - 1.30",4.9,CASH,
09/07/2024 15:03,Leeds,Roderick Miles,"Regular Chai latte - 2.30, Regular Chai latte - 2.30",4.6,CARD,4924658754595217
09/07/2024 15:04,Leeds,Wilma Ensley,Regular Hot Chocolate - 1.40,1.4,CARD,4338791535365264
09/07/2024 15:05,Leeds,Matthew Lane,"Large Filter coffee - 1.80, Large Filter coffee - 1.80, Regular Iced americano - 2.15, Large Speciality Tea - English breakfast - 1.60",7.35,CASH,
09/07/2024 15:06,Leeds,Geraldine Krebbs,"Large Iced americano - 2.50, Regular Speciality Tea - English breakfast - 1.30",3.8,CARD,5664527981927539
09/07/2024 15:07,Leeds,Vernon Rice,"Large Hot Chocolate - 1.70, Large Chai latte - 2.60",4.3,CASH,
09/07/2024 15:07,Leeds,Angela Kilgallon,Regular Chai latte - 2.30,2.3,CARD,2304033781899714
09/07/2024 15:08,Leeds,Maggie Stuart,"Large Chai latte - 2.60, Large Filter coffee - 1.80",4.4,CARD,8936950259107956
09/07/2024 15:09,Leeds,Larry Cifuentes,Large Iced americano - 2.50,2.5,CARD,2603871615938135
09/07/2024 15:10,Leeds,Pat Shelquist,"Regular Chai latte - 2.30, Large Filter coffee - 1.80",4.1,CARD,9540098553658503
09/07/2024 15:11,Leeds,Lisa Luna,"Regular Chai latte - 2.30, Regular Filter coffee - 1.50",3.8,CARD,3278730885147093
09/07/2024 15:12,Leeds,Roland Veer,"Regular Speciality Tea - English breakfast - 1.30, Regular Iced americano - 2.15, Large Iced americano - 2.50, Regular Speciality Tea - English breakfast - 1.30, Regular Iced americano - 2.15, Large Hot Chocolate - 1.70",11.1,CASH,
09/07/2024 15:13,Leeds,Leroy Choy,"Regular Chai latte - 2.30, Large Filter coffee - 1.80",4.1,CARD,7223129989173958
09/07/2024 15:14,Leeds,Kerry Dickson,Regular Filter coffee - 1.50,1.5,CASH,
09/07/2024 15:14,Leeds,Francisco Conroy,Regular Chai latte - 2.30,2.3,CASH,
09/07/2024 15:15,Leeds,Juan Yarberry,"Regular Chai latte - 2.30, Large Chai latte - 2.60, Regular Hot Chocolate - 1.40, Regular Speciality Tea - English breakfast - 1.30, Regular Hot Chocolate - 1.40",9.0,CARD,7533577915685337
09/07/2024 15:16,Leeds,Clinton Nehring,"Large Filter coffee - 1.80, Regular Iced americano - 2.15, Large Iced americano - 2.50, Regular Hot Chocolate - 1.40, Regular Filter coffee - 1.50",9.35,CARD,1215666889461189
09/07/2024 15:17,Leeds,Cary Groff,Large Filter coffee - 1.80,1.8,CASH,
09/07/2024 15:18,Leeds,Harvey Bowey,"Large Filter coffee - 1.80, Large Filter coffee - 1.80, Regular Hot Chocolate - 1.40",5.0,CARD,1720566986058189
09/07/2024 15:19,Leeds,Robert Cunningham,"Large Filter coffee - 1.80, Regular Speciality Tea - English breakfast - 1.30, Large Chai latte - 2.60, Large Hot Chocolate - 1.70, Large Speciality Tea - English breakfast - 1.60",9.0,CARD,2947840900399146
09/07/2024 15:20,Leeds,Eddie Jones,"Large Iced americano - 2.50, Large Hot Chocolate - 1.70, Large Iced americano - 2.50, Regular Chai latte - 2.30",9.0,CASH,
09/07/2024 15:21,Leeds,William Field,"Large Filter coffee - 1.80, Large Filter coffee - 1.80",3.6,CARD,5389619704146393
09/07/2024 15:21,Leeds,Maryann Gill,Regular Chai latte - 2.30,2.3,CASH,
09/07/2024 15:22,Leeds,Pamela Ling,"Regular Filter coffee - 1.50, Large Chai latte - 2.60, Regular Speciality Tea - English breakfast - 1.30, Large Chai latte - 2.60",8.0,CASH,
09/07/2024 15:23,Leeds,Inez Clinton,Regular Hot Chocolate - 1.40,1.4,CARD,3541570430462286
09/07/2024 15:24,Leeds,Robert Transou,"Regular Iced americano - 2.15, Regular Chai latte - 2.30, Regular Iced americano - 2.15, Large Speciality Tea - English breakfast - 1.60",8.2,CARD,8117238874185075
09/07/2024 15:25,Leeds,Marissa Walker,"Regular Hot Chocolate - 1.40, Large Speciality Tea - English breakfast - 1.60, Large Speciality Tea - English breakfast - 1.60, Regular Hot Chocolate - 1.40",6.0,CASH,
09/07/2024 15:26,Leeds,Eleanor Anaya,Large Hot Chocolate - 1.70,1.7,CARD,8791769139056645
09/07/2024 15:27,Leeds,Randy Marple,"Large Iced americano - 2.50, Regular Filter coffee - 1.50, Large Chai latte - 2.60, Large Iced americano - 2.50, Large Chai latte - 2.60",11.7,CARD,9157765259945035
09/07/2024 15:28,Leeds,Kay Hamilton,"Regular Filter coffee - 1.50, Regular Chai latte - 2.30, Regular Filter coffee - 1.50, Large Filter coffee - 1.80",7.1,CASH,
09/07/2024 15:28,Leeds,Ashley Christensen,"Regular Iced americano - 2.15, Regular Filter coffee - 1.50, Large Filter coffee - 1.80, Large Chai latte - 2.60, Regular Chai latte - 2.30, Large Speciality Tea - English breakfast - 1.60",11.95,CASH,
09/07/2024 15:29,Leeds,Donald Haynes,"Large Chai latte - 2.60, Large Filter coffee - 1.80",4.4,CARD,1586203325231247
09/07/2024 15:30,Leeds,Jessica Perez,"Regular Speciality Tea - English breakfast - 1.30, Large Chai latte - 2.60, Regular Filter coffee - 1.50, Large Hot Chocolate - 1.70",7.1,CARD,6396117976416415
09/07/2024 15:31,Leeds,Matthew Dighton,"Regular Hot Chocolate - 1.40, Large Iced americano - 2.50",3.9,CARD,4126776704712658
09/07/2024 15:32,Leeds,James Carpenter,"Regular Chai latte - 2.30, Large Chai latte - 2.60, Regular Chai latte - 2.30",7.2,CARD,5935614605372011
09/07/2024 15:33,Leeds,Anthony Fernandes,"Large Iced americano - 2.50, Regular Iced americano - 2.15, Large Speciality Tea - English breakfast - 1.60, Large Filter coffee - 1.80",8.05,CASH,
09/07/2024 15:34,Leeds,Paul Guevarra,"Regular Speciality Tea - English breakfast - 1.30, Regular Filter coffee - 1.50, Large Speciality Tea - English breakfast - 1.60, Large Chai latte - 2.60, Regular Chai latte - 2.30, Large Iced americano - 2.50",11.8,CARD,6055317706716183
09/07/2024 15:35,Leeds,Jessie Lowe,"Large Filter coffee - 1.80, Large Iced americano - 2.50, Regular Filter coffee - 1.50, Large Hot Chocolate - 1.70",7.5,CARD,4390327949489717
09/07/2024 15:35,Leeds,Tricia Tate,Regular Iced americano - 2.15,2.15,CARD,2004024591732379
09/07/2024 15:36,Leeds,Edward Cochran,"Regular Chai latte - 2.30, Large Filter coffee - 1.80",4.1,CARD,8754101661290888
09/07/2024 15:37,Leeds,Diana Loe,"Large Speciality Tea - English breakfast - 1.60, Regular Chai latte - 2.30, Regular Hot Chocolate - 1.40, Regular Iced americano - 2.15, Regular Filter coffee - 1.50",8.95,CASH,
09/07/2024 15:38,Leeds,Brenda Taylor,"Large Chai latte - 2.60, Large Iced americano - 2.50, Large Speciality Tea - English breakfast - 1.60, Large Chai latte - 2.60",9.3,CASH,
09/07/2024 15:39,Leeds,Clifford Mccleskey,"Large Hot Chocolate - 1.70, Regular Chai latte - 2.30",4.0,CARD,8729862875866319
09/07/2024 15:40,Leeds,Maurice Sheekey,"Large Filter coffee - 1.80, Regular Hot Chocolate - 1.40, Regular Filter coffee - 1.50, Large Chai latte - 2.60",7.3,CARD,4838696264729116
09/07/2024 15:41,Leeds,Beverly Park,"Regular Chai latte - 2.30, Regular Chai latte - 2.30, Regular Chai latte - 2.30, Regular Hot Chocolate - 1.40, Large Iced americano - 2.50",10.8,CARD,3951097340170808
09/07/2024 15:42,Leeds,Kyle Braun,Large Iced americano - 2.50,2.5,CARD,2902375597074446
09/07/2024 15:43,Leeds,Belinda Briscoe,"Large Filter coffee - 1.80, Regular Iced americano - 2.15, Regular Hot Chocolate - 1.40, Regular Iced americano - 2.15",7.5,CARD,7220981558924449
09/07/2024 15:43,Leeds,Anthony Guthrie,Large Iced americano - 2.50,2.5,CASH,
09/07/2024 15:44,Leeds,Sherri Trimble,"Large Iced americano - 2.50, Regular Speciality Tea - English breakfast - 1.30, Regular Filter coffee - 1.50",5.3,CARD,3501667069626793
09/07/2024 15:45,Leeds,Mark Timme,"Large Chai latte - 2.60, Large Filter coffee - 1.80",4.4,CASH,
09/07/2024 15:46,Leeds,Cynthia Northcutt,Regular Speciality Tea - English breakfast - 1.30,1.3,CARD,2366132814234768
09/07/2024 15:47,Leeds,Maureen Berry,"Regular Hot Chocolate - 1.40, Large Hot Chocolate - 1.70",3.1,CARD,9357043872081223
09/07/2024 15:48,Leeds,Preston Kindt,Large Hot Chocolate - 1.70,1.7,CARD,7744672965228661
09/07/2024 15:49,Leeds,David Jenkins,Regular Speciality Tea - English breakfast - 1.30,1.3,CASH,
09/07/2024 15:50,Leeds,Luis Egersdorf,"Regular Chai latte - 2.30, Regular Filter coffee - 1.50, Large Filter coffee - 1.80, Regular Filter coffee - 1.50, Regular Iced americano - 2.15",9.25,CARD,8137791960293572
09/07/2024 15:50,Leeds,Jose Garrison,"Regular Iced americano - 2.15, Regular Filter coffee - 1.50",3.65,CASH,
09/07/2024 15:51,Leeds,Mary Chelton,"Regular Filter coffee - 1.50, Large Filter coffee - 1.80",3.3,CARD,7505588844426361
09/07/2024 15:52,Leeds,Anthony Futrell,Large Iced americano - 2.50,2.5,CARD,5191270488852053
09/07/2024 15:53,Leeds,Kristie Harris,Regular Filter coffee - 1.50,1.5,CASH,
09/07/2024 15:54,Leeds,Scott Dale,Large Chai latte - 2.60,2.6,CARD,7207705731943064
09/07/2024 15:55,Leeds,Norman Marrin,"Regular Hot Chocolate - 1.40, Large Hot Chocolate - 1.70, Large Iced americano - 2.50",5.6,CARD,9296970932000647
09/07/2024 15:56,Leeds,Dena Cartwright,Large Hot Chocolate - 1.70,1.7,CARD,6309115362663904
09/07/2024 15:57,Leeds,Eugene Folden,Regular Chai latte - 2.30,2.3,CASH,
09/07/2024 15:57,Leeds,Erika Jenkins,Regular Chai latte - 2.30,2.3,CASH,
09/07/2024 15:58,Leeds,Gary Cambre,"Large Chai latte - 2.60, Large Speciality Tea - English breakfast - 1.60",4.2,CARD,6603047052842150
09/07/2024 15:59,Leeds,David Taylor,Regular Speciality Tea - English breakfast - 1.30,1.3,CARD,9123983746194946
09/07/2024 16:00,Leeds,Bennett Staton,"Regular Speciality Tea - English breakfast - 1.30, Large Hot Chocolate - 1.70",3.0,CASH,
09/07/2024 16:02,Leeds,Ryan Varnell,"Large Filter coffee - 1.80, Regular Chai latte - 2.30, Regular Hot Chocolate - 1.40, Large Filter coffee - 1.80",7.3,CASH,
09/07/2024 16:04,Leeds,William Graham,"Large Chai latte - 2.60, Large Speciality Tea - English breakfast - 1.60, Regular Filter coffee - 1.50, Regular Filter coffee - 1.50",7.2,CARD,1040773785657661
09/07/2024 16:05,Leeds,Nicole Curtiss,"Large Hot Chocolate - 1.70, Regular Filter coffee - 1.50, Large Hot Chocolate - 1.70, Regular Chai latte - 2.30",7.2,CARD,6873246146642106
09/07/2024 16:07,Leeds,Carla Small,Large Filter coffee - 1.80,1.8,CASH,
09/07/2024 16:09,Leeds,Josue Peterson,"Regular Hot Chocolate - 1.40, Regular Filter coffee - 1.50",2.9,CARD,7958512641284047
09/07/2024 16:11,Leeds,Jean Vanzee,"Regular Speciality Tea - English breakfast - 1.30, Regular Hot Chocolate - 1.40, Large Iced americano - 2.50, Regular Iced americano - 2.15",7.35,CASH,
09/07/2024 16:12,Leeds,Louis Zeller,"Large Iced americano - 2.50, Large Iced americano - 2.50",5.0,CARD,6904907400797812
09/07/2024 16:14,Leeds,Jean Yedinak,"Regular Chai latte - 2.30, Regular Speciality Tea - English breakfast - 1.30, Large Filter coffee - 1.80",5.4,CARD,2051329706260828
09/07/2024 16:16,Leeds,Marie Gonzales,"Large Filter coffee - 1.80, Large Filter coffee - 1.80, Large Chai latte - 2.60",6.2,CARD,4533541132473503
09/07/2024 16:18,Leeds,Guy Hendrix,"Regular Chai latte - 2.30, Regular Speciality Tea - English breakfast - 1.30, Large Speciality Tea - English breakfast - 1.60",5.2,CARD,4310369613946968
09/07/2024 16:19,Leeds,Deborah Shields,"Large Hot Chocolate - 1.70, Regular Filter coffee - 1.50, Large Iced americano - 2.50, Large Speciality Tea - English breakfast - 1.60, Large Chai latte - 2.60",9.9,CASH,
09/07/2024 16:21,Leeds,Nicholas Curley,Regular Chai latte - 2.30,2.3,CASH,
09/07/2024 16:23,Leeds,Dolores Weeks,"Regular Speciality Tea - English breakfast - 1.30, Regular Filter coffee - 1.50, Regular Hot Chocolate - 1.40",4.2,CARD,5013410344484969
09/07/2024 16:25,Leeds,Pauline Franklin,"Large Iced americano - 2.50, Regular Speciality Tea - English breakfast - 1.30",3.8,CARD,1305298616635223
09/07/2024 16:26,Leeds,Willie Espinoza,"Large Filter coffee - 1.80, Regular Speciality Tea - English breakfast - 1.30, Regular Hot Chocolate - 1.40",4.5,CARD,3859959069762104
09/07/2024 16:28,Leeds,Victoria Trudeau,"Large Iced americano - 2.50, Large Chai latte - 2.60",5.1,CARD,4145484401180653
09/07/2024 16:30,Leeds,William Shepard,"Regular Filter coffee - 1.50, Large Chai latte - 2.60, Regular Filter coffee - 1.50, Regular Iced americano - 2.15, Regular Chai latte - 2.30",10.05,CASH,
09/07/2024 16:32,Leeds,Charles Difilippo,Regular Iced americano - 2.15,2.15,CARD,8630783936155287
09/07/2024 16:33,Leeds,Clara Hughes,"Regular Chai latte - 2.30, Large Hot Chocolate - 1.70, Regular Iced americano - 2.15, Large Iced americano - 2.50",8.65,CARD,5234038925500736
09/07/2024 16:35,Leeds,Dorene Bates,"Large Filter coffee - 1.80, Regular Speciality Tea - English breakfast - 1.30, Large Filter coffee - 1.80, Large Filter coffee - 1.80, Large Filter coffee - 1.80, Regular Iced americano - 2.15",10.65,CARD,6625190534488336
09/07/2024 16:37,Leeds,Lupe Noriega,"Regular Chai latte - 2.30, Large Iced americano - 2.50, Regular Hot Chocolate - 1.40, Regular Filter coffee - 1.50",7.7,CARD,4067286377963535
09/07/2024 16:39,Leeds,Martin Flora,"Large Iced americano - 2.50, Large Filter coffee - 1.80",4.3,CARD,5268354414570281
09/07/2024 16:40,Leeds,Karen Kemp,"Large Speciality Tea - English breakfast - 1.60, Large Chai latte - 2.60",4.2,CARD,9278313616158667
09/07/2024 16:42,Leeds,Reginald Desantis,"Regular Filter coffee - 1.50, Regular Hot Chocolate - 1.40",2.9,CARD,5251970860913869
09/07/2024 16:44,Leeds,Yvonne Lewis,"Large Chai latte - 2.60, Large Filter coffee - 1.80, Large Speciality Tea - English breakfast - 1.60, Regular Iced americano - 2.15, Regular Hot Chocolate - 1.40, Large Filter coffee - 1.80",11.35,CARD,8088651107183772
09/07/2024 16:46,Leeds,Jason Jeffries,"Regular Iced americano - 2.15, Large Filter coffee - 1.80, Regular Chai latte - 2.30",6.25,CARD,2957092030778940
09/07/2024 16:48,Leeds,Candace Harrington,"Large Chai latte - 2.60, Regular Filter coffee - 1.50, Regular Hot Chocolate - 1.40",5.5,CASH,
09/07/2024 16:49,Leeds,Toni Francis,"Large Filter coffee - 1.80, Large Speciality Tea - English breakfast - 1.60",3.4,CARD,9458524743431912
09/07/2024 16:51,Leeds,Linda Canfield,"Large Filter coffee - 1.80, Regular Iced americano - 2.15, Regular Chai latte - 2.30, Large Chai latte - 2.60",8.85,CARD,7047837633729431
09/07/2024 16:53,Leeds,Barry Mcdill,Large Speciality Tea - English breakfast - 1.60,1.6,CASH,
09/07/2024 16:55,Leeds,Joseph Commodore,"Large Speciality Tea - English breakfast - 1.60, Large Filter coffee - 1.80",3.4,CASH,
09/07/2024 16:56,Leeds,Thomas Stgeorge,"Regular Speciality Tea - English breakfast - 1.30, Regular Hot Chocolate - 1.40, Regular Chai latte - 2.30, Large Hot Chocolate - 1.70, Large Iced americano - 2.50",9.2,CASH,
09/07/2024 16:58,Leeds,Paul Arbuckle,"Regular Iced americano - 2.15, Large Filter coffee - 1.80, Regular Filter coffee - 1.50, Regular Speciality Tea - English breakfast - 1.30, Regular Filter coffee - 1.50, Regular Iced americano - 2.15",10.4,CARD,3924683086769822
