09/07/2024 09:00,London Piccadilly,Ruth Brandon,"Regular Speciality Tea - Peppermint - 1.30, Regular Flavoured iced latte - Vanilla - 2.75, Large Flavoured iced latte - Caramel - 3.25, Large Speciality Tea - Peppermint - 1.60",8.9,CARD,4024099125774379
09/07/2024 09:04,London Piccadilly,Amanda Gale,Regular Cortado - 2.05,2.05,CARD,5362216158465338
09/07/2024 09:08,London Piccadilly,Doris Shepard,Regular Flavoured iced latte - Vanilla - 2.75,2.75,CARD,9100812664830110
09/07/2024 09:12,London Piccadilly,James Oneal,"Large Cortado - 2.35, Regular Speciality Tea - Peppermint - 1.30",3.65,CARD,2418719142911685
09/07/2024 09:17,London Piccadilly,Emma Squier,"Regular Flavoured latte - Hazelnut - 2.55, Regular Iced latte - 2.35, Large Flavoured iced latte - Vanilla - 3.25, Regular Iced latte - 2.35",10.5,CASH,
09/07/2024 09:21,London Piccadilly,Todd Selva,"Large Flavoured iced latte - Caramel - 3.25, Regular Iced latte - 2.35, Regular Iced latte - 2.35",7.95,CARD,5117545310557401
09/07/2024 09:25,London Piccadilly,Timothy Willett,"Large Flavoured hot chocolate - Vanilla - 2.90, Large Flavoured iced latte - Vanilla - 3.25, Regular Flavoured iced latte - Caramel - 2.75",8.9,CASH,
09/07/2024 09:29,London Piccadilly,Amy Sullivan,Regular Iced latte - 2.35,2.35,CARD,1505575187819288
09/07/2024 09:34,London Piccadilly,William Krahn,"Large Flavoured latte - Hazelnut - 2.85, Regular Speciality Tea - Peppermint - 1.30, Regular Flavoured iced latte - Vanilla - 2.75",6.9,CARD,7702585089901687
09/07/2024 09:38,London Piccadilly,Dorothy Robinson,"Regular Smoothies - Carrot Kick - 2.00, Regular Speciality Tea - Peppermint - 1.30, Large Cortado - 2.35, Regular Cortado - 2.05, Large Smoothies - Carrot Kick - 2.50",10.2,CARD,6142296927232513
09/07/2024 09:42,London Piccadilly,Kenneth Swann,"Regular Speciality Tea - Peppermint - 1.30, Regular Flavoured iced latte - Vanilla - 2.75",4.05,CARD,1776008837655316
09/07/2024 09:47,London Piccadilly,Joseph Jiminez,Large Iced latte - 2.85,2.85,CASH,
09/07/2024 09:51,London Piccadilly,Jeanette Finch,"Regular Flavoured latte - Hazelnut - 2.55, Large Speciality Tea - Peppermint - 1.60",4.15,CASH,
09/07/2024 09:55,London Piccadilly,John Dale,"Regular Smoothies - Carrot Kick - 2.00, Large Flavoured hot chocolate - Vanilla - 2.90, Large Iced latte - 2.85, Large Flavoured hot chocolate - Vanilla - 2.90, Regular Flavoured latte - Hazelnut - 2.55, Large Speciality Tea - Peppermint - 1.60",14.8,CARD,9968871637620842
09/07/2024 09:59,London Piccadilly,Kimberly Hand,Regular Cortado - 2.05,2.05,CARD,6861679911105133
09/07/2024 10:04,London Piccadilly,Mila Moses,"Large Flavoured hot chocolate - Vanilla - 2.90, Regular Flavoured latte - Hazelnut - 2.55, Large Smoothies - Carrot Kick - 2.50, Regular Iced latte - 2.35",10.3,CARD,7475362719733886
09/07/2024 10:05,London Piccadilly,Carrie Alcorn,Large Smoothies - Carrot Kick - 2.50,2.5,CARD,2022885687961535
09/07/2024 10:06,London Piccadilly,Donna Zona,Large Flavoured iced latte - Vanilla - 3.25,3.25,CARD,7153255271704477
09/07/2024 10:07,London Piccadilly,John Delossantos,Regular Speciality Tea - Peppermint - 1.30,1.3,CARD,1082538148771594
09/07/2024 10:08,London Piccadilly,Rocio Fralin,"Large Flavoured latte - Hazelnut - 2.85, Regular Flavoured iced latte - Caramel - 2.75, Large Flavoured latte - Hazelnut - 2.85, Large Flavoured latte - Hazelnut - 2.85",11.3,CARD,9123667048124558
09/07/2024 10:09,London Piccadilly,Kari Muffley,"Large Speciality Tea - Peppermint - 1.60, Large Flavoured latte - Hazelnut - 2.85, Regular Flavoured latte - Hazelnut - 2.55, Regular Flavoured latte - Hazelnut - 2.55",9.55,CASH,
09/07/2024 10:11,London Piccadilly,Jonathan Vu,"Regular Flavoured latte - Hazelnut - 2.55, Regular Flavoured hot chocolate - Vanilla - 2.60",5.15,CASH,
09/07/2024 10:12,London Piccadilly,Ann Altmann,Large Flavoured latte - Hazelnut - 2.85,2.85,CARD,1216666549680116
09/07/2024 10:13,London Piccadilly,Mae Thiel,"Regular Speciality Tea - Peppermint - 1.30, Large Flavoured iced latte - Caramel - 3.25, Large Flavoured latte - Hazelnut - 2.85",7.4,CASH,
09/07/2024 10:14,London Piccadilly,William Kohnz,"Large Smoothies - Carrot Kick - 2.50, Regular Flavoured iced latte - Caramel - 2.75, Large Flavoured iced latte - Vanilla - 3.25, Regular Iced latte - 2.35, Regular Speciality Tea - Peppermint - 1.30",12.15,CARD,4433415121872758
09/07/2024 10:15,London Piccadilly,Johnathan Cucco,"Large Flavoured hot chocolate - Vanilla - 2.90, Regular Flavoured latte - Hazelnut - 2.55, Regular Iced latte - 2.35, Regular Cortado - 2.05, Regular Flavoured hot chocolate - Vanilla - 2.60, Regular Smoothies - Carrot Kick - 2.00",14.45,CARD,5290031276839171
09/07/2024 10:16,London Piccadilly,Matthew Messenger,"Regular Flavoured latte - Hazelnut - 2.55, Large Speciality Tea - Peppermint - 1.60",4.15,CARD,8650766319831828
09/07/2024 10:17,London Piccadilly,Alice Fairchild,"Large Flavoured hot chocolate - Vanilla - 2.90, Regular Flavoured iced latte - Caramel - 2.75",5.65,CARD,3977363191451907
09/07/2024 10:18,London Piccadilly,Walter Austin,Regular Cortado - 2.05,2.05,CARD,6791787230265733
09/07/2024 10:20,London Piccadilly,Daphne Mcewen,Large Flavoured iced latte - Vanilla - 3.25,3.25,CARD,8241913813297198
09/07/2024 10:21,London Piccadilly,Donna Salazar,"Large Iced latte - 2.85, Large Flavoured latte - Hazelnut - 2.85, Large Flavoured hot chocolate - Vanilla - 2.90",8.6,CARD,5860242865940248
09/07/2024 10:22,London Piccadilly,Ronald Mays,Regular Flavoured latte - Hazelnut - 2.55,2.55,CASH,
09/07/2024 10:23,London Piccadilly,Preston Mason,"Large Cortado - 2.35, Regular Flavoured iced latte - Vanilla - 2.75",5.1,CASH,
09/07/2024 10:24,London Piccadilly,Victoria Adams,"Regular Flavoured latte - Hazelnut - 2.55, Large Smoothies - Carrot Kick - 2.50",5.05,CARD,2663258790553353
09/07/2024 10:25,London Piccadilly,Zina Krumins,"Regular Flavoured iced latte - Caramel - 2.75, Regular Cortado - 2.05",4.8,CARD,5197041928050856
09/07/2024 10:26,London Piccadilly,Peter Burres,Large Smoothies - Carrot Kick - 2.50,2.5,CASH,
09/07/2024 10:27,London Piccadilly,John Panella,"Regular Speciality Tea - Peppermint - 1.30, Large Flavoured iced latte - Vanilla - 3.25, Large Flavoured iced latte - Caramel - 3.25, Large Flavoured latte - Hazelnut - 2.85",10.65,CASH,
09/07/2024 10:29,London Piccadilly,Kerry Coleson,"Large Iced latte - 2.85, Large Smoothies - Carrot Kick - 2.50, Large Smoothies - Carrot Kick - 2.50, Large Iced latte - 2.85",10.7,CARD,6792379275351824
09/07/2024 10:30,London Piccadilly,Lorraine Yoder,"Large Iced latte - 2.85, Regular Flavoured hot chocolate - Vanilla - 2.60, Regular Cortado - 2.05, Large Smoothies - Carrot Kick - 2.50, Large Cortado - 2.35",12.35,CARD,5638710790455247
09/07/2024 10:31,London Piccadilly,Angela Cruz,"Large Flavoured latte - Hazelnut - 2.85, Regular Smoothies - Carrot Kick - 2.00, Regular Cortado - 2.05",6.9,CARD,7795368089405768
09/07/2024 10:32,London Piccadilly,James Burse,"Large Flavoured iced latte - Caramel - 3.25, Large Iced latte - 2.85, Regular Flavoured latte - Hazelnut - 2.55",8.65,CARD,8685343898492310
09/07/2024 10:33,London Piccadilly,Amanda Matteo,"Regular Cortado - 2.05, Large Flavoured latte - Hazelnut - 2.85, Regular Cortado - 2.05",6.95,CASH,
09/07/2024 10:34,London Piccadilly,Benjamin Parris,"Large Cortado - 2.35, Large Iced latte - 2.85, Large Iced latte - 2.85, Large Speciality Tea - Peppermint - 1.60, Large Cortado - 2.35",12.0,CARD,4687689915968476
09/07/2024 10:35,London Piccadilly,Laura Knaub,"Large Flavoured latte - Hazelnut - 2.85, Large Smoothies - Carrot Kick - 2.50, Large Smoothies - Carrot Kick - 2.50",7.85,CARD,9746147949030101
09/07/2024 10:37,London Piccadilly,Donna Irwin,"Regular Smoothies - Carrot Kick - 2.00, Large Flavoured latte - Hazelnut - 2.85",4.85,CARD,9231130825848176
09/07/2024 10:38,London Piccadilly,Michael Currie,"Regular Flavoured latte - Hazelnut - 2.55, Large Flavoured iced latte - Caramel - 3.25",5.8,CASH,
09/07/2024 10:39,London Piccadilly,Randall Howell,"Large Speciality Tea - Peppermint - 1.60, Regular Speciality Tea - Peppermint - 1.30, Large Smoothies - Carrot Kick - 2.50",5.4,CASH,
09/07/2024 10:40,London Piccadilly,Elizabeth Dean,"Regular Iced latte - 2.35, Regular Flavoured iced latte - Caramel - 2.75, Regular Flavoured hot chocolate - Vanilla - 2.60, Regular Flavoured iced latte - Vanilla - 2.75",10.45,CARD,4650315759357723
09/07/2024 10:41,London Piccadilly,Rosalie Pommer,"Large Flavoured iced latte - Vanilla - 3.25, Large Flavoured hot chocolate - Vanilla - 2.90",6.15,CARD,6591046167968377
09/07/2024 10:42,London Piccadilly,Charles Posner,"Large Smoothies - Carrot Kick - 2.50, Regular Flavoured iced latte - Caramel - 2.75, Large Flavoured iced latte - Vanilla - 3.25",8.5,CARD,5786826951714788
09/07/2024 10:43,London Piccadilly,Joseph Prospero,"Regular Speciality Tea - Peppermint - 1.30, Large Flavoured iced latte - Caramel - 3.25",4.55,CARD,1699292588274284
09/07/2024 10:44,London Piccadilly,Amy Newman,Large Speciality Tea - Peppermint - 1.60,1.6,CASH,
09/07/2024 10:46,London Piccadilly,Rose Miles,Large Smoothies - Carrot Kick - 2.50,2.5,CASH,
09/07/2024 10:47,London Piccadilly,Rose Storey,Large Flavoured hot chocolate - Vanilla - 2.90,2.9,CARD,2690573777889343
09/07/2024 10:48,London Piccadilly,Nicole Knowles,"Large Flavoured iced latte - Vanilla - 3.25, Regular Flavoured iced latte - Caramel - 2.75",6.0,CARD,3931304881010617
09/07/2024 10:49,London Piccadilly,Teresa Rodriguez,"Regular Speciality Tea - Peppermint - 1.30, Large Flavoured latte - Hazelnut - 2.85, Large Flavoured iced latte - Vanilla - 3.25",7.4,CARD,4961205012669717
09/07/2024 10:50,London Piccadilly,Dennis Carle,Regular Iced latte - 2.35,2.35,CARD,1452282397457741
09/07/2024 10:51,London Piccadilly,Philip Erdman,Large Flavoured iced latte - Vanilla - 3.25,3.25,CARD,3335692558681560
09/07/2024 10:52,London Piccadilly,Rich Dalton,Regular Flavoured iced latte - Caramel - 2.75,2.75,CARD,3622613964875483
09/07/2024 10:53,London Piccadilly,Nina Eason,"Regular Flavoured iced latte - Caramel - 2.75, Large Flavoured iced latte - Vanilla - 3.25, Regular Flavoured iced latte - Vanilla - 2.75, Large Flavoured iced latte - Vanilla - 3.25",12.0,CARD,1286701825172380
09/07/2024 10:55,London Piccadilly,Mari Hedges,Regular Flavoured latte - Hazelnut - 2.55,2.55,CARD,1516334078330858
09/07/2024 10:56,London Piccadilly,Amber Goldberg,"Regular Speciality Tea - Peppermint - 1.30, Large Flavoured latte - Hazelnut - 2.85",4.15,CASH,
09/07/2024 10:57,London Piccadilly,Anna Lopez,Large Flavoured latte - Hazelnut - 2.85,2.85,CASH,
09/07/2024 10:58,London Piccadilly,Heather Catanzarite,"Regular Speciality Tea - Peppermint - 1.30, Regular Flavoured iced latte - Caramel - 2.75, Regular Flavoured iced latte - Caramel - 2.75, Regular Flavoured iced latte - Vanilla - 2.75",9.55,CASH,
09/07/2024 10:59,London Piccadilly,Marvin Wright,"Large Cortado - 2.35, Regular Smoothies - Carrot Kick - 2.00",4.35,CARD,3644673328922949
09/07/2024 11:00,London Piccadilly,Christopher Lucas,"Large Flavoured latte - Hazelnut - 2.85, Regular Flavoured iced latte - Vanilla - 2.75, Large Iced latte - 2.85, Large Speciality Tea - Peppermint - 1.60",10.05,CARD,9773479330207262
09/07/2024 11:12,London Piccadilly,Terry Mccrary,"Large Flavoured iced latte - Vanilla - 3.25, Regular Flavoured latte - Hazelnut - 2.55, Large Speciality Tea - Peppermint - 1.60",7.4,CARD,8576854518125790
09/07/2024 11:24,London Piccadilly,Daniel Jones,Regular Iced latte - 2.35,2.35,CASH,
09/07/2024 11:36,London Piccadilly,Arthur Leuthauser,"Regular Flavoured iced latte - Vanilla - 2.75, Regular Flavoured iced latte - Caramel - 2.75",5.5,CASH,
09/07/2024 11:48,London Piccadilly,Jayme Sweeney,"Large Flavoured latte - Hazelnut - 2.85, Regular Flavoured iced latte - Vanilla - 2.75",5.6,CARD,7116487563102142
09/07/2024 12:00,London Piccadilly,Keith Means,Regular Smoothies - Carrot Kick - 2.00,2.0,CARD,5095018894245808
09/07/2024 12:07,London Piccadilly,Nancy Moore,"Large Smoothies - Carrot Kick - 2.50, Regular Smoothies - Carrot Kick - 2.00, Large Flavoured iced latte - Vanilla - 3.25",7.75,CARD,1511049643278599
09/07/2024 12:14,London Piccadilly,Jonathan Haydock,"Regular Iced latte - 2.35, Regular Flavoured iced latte - Caramel - 2.75",5.1,CASH,
09/07/2024 12:20,London Piccadilly,Scott Hannigan,"Large Flavoured iced latte - Vanilla - 3.25, Large Flavoured iced latte - Caramel - 3.25, Large Flavoured iced latte - Vanilla - 3.25",9.75,CARD,8550972954067158
09/07/2024 12:27,London Piccadilly,Wilbur Cole,"Regular Flavoured hot chocolate - Vanilla - 2.60, Large Cortado - 2.35",4.95,CARD,2744428393193186
09/07/2024 12:34,London Piccadilly,Robert Belair,"Regular Flavoured iced latte - Vanilla - 2.75, Regular Cortado - 2.05",4.8,CASH,
09/07/2024 12:40,London Piccadilly,Isabel Yates,Regular Speciality Tea - Peppermint - 1.30,1.3,CASH,
09/07/2024 12:47,London Piccadilly,Frances Hurrell,"Large Flavoured latte - Hazelnut - 2.85, Regular Iced latte - 2.35, Regular Cortado - 2.05, Large Speciality Tea - Peppermint - 1.60",8.85,CARD,9876693488732230
09/07/2024 12:54,London Piccadilly,Thomas Montgomery,"Regular Speciality Tea - Peppermint - 1.30, Regular Flavoured latte - Hazelnut - 2.55, Regular Smoothies - Carrot Kick - 2.00",5.85,CARD,4398483090132123
09/07/2024 13:00,London Piccadilly,Christie Anderson,"Large Speciality Tea - Peppermint - 1.60, Large Iced latte - 2.85, Regular Smoothies - Carrot Kick - 2.00, Large Flavoured iced latte - Vanilla - 3.25",9.7,CASH,
09/07/2024 13:03,London Piccadilly,Levi Pack,"Regular Flavoured iced latte - Caramel - 2.75, Large Smoothies - Carrot Kick - 2.50, Large Iced latte - 2.85, Regular Flavoured iced latte - Caramel - 2.75, Large Smoothies - Carrot Kick - 2.50",13.35,CARD,7007083364701167
09/07/2024 13:06,London Piccadilly,Ann Ragland,"Regular Flavoured hot chocolate - Vanilla - 2.60, Regular Flavoured iced latte - Caramel - 2.75, Large Speciality Tea - Peppermint - 1.60, Regular Iced latte - 2.35",9.3,CARD,6486784219075623
09/07/2024 13:08,London Piccadilly,David Monsen,"Regular Flavoured hot chocolate - Vanilla - 2.60, Large Cortado - 2.35, Regular Flavoured latte - Hazelnut - 2.55",7.5,CASH,
09/07/2024 13:11,London Piccadilly,Daniel Pendergrass,"Large Flavoured iced latte - Vanilla - 3.25, Large Flavoured iced latte - Vanilla - 3.25, Regular Flavoured latte - Hazelnut - 2.55, Large Cortado - 2.35, Large Flavoured latte - Hazelnut - 2.85",14.25,CASH,
09/07/2024 13:14,London Piccadilly,Byron Macina,"Regular Flavoured iced latte - Caramel - 2.75, Large Flavoured iced latte - Vanilla - 3.25",6.0,CARD,9906061489952816
09/07/2024 13:16,London Piccadilly,Johnny Floyd,"Large Smoothies - Carrot Kick - 2.50, Large Cortado - 2.35, Regular Cortado - 2.05",6.9,CARD,1353307161801079
09/07/2024 13:19,London Piccadilly,Patricia Arrington,Large Flavoured latte - Hazelnut - 2.85,2.85,CARD,5463620480999858
09/07/2024 13:22,London Piccadilly,Mary Schreimann,"Regular Smoothies - Carrot Kick - 2.00, Large Flavoured iced latte - Caramel - 3.25, Regular Iced latte - 2.35, Regular Flavoured iced latte - Vanilla - 2.75, Large Speciality Tea - Peppermint - 1.60, Large Flavoured iced latte - Caramel - 3.25",15.2,CARD,2552915389610805
09/07/2024 13:25,London Piccadilly,Brian Vansickle,"Large Smoothies - Carrot Kick - 2.50, Large Iced latte - 2.85, Large Speciality Tea - Peppermint - 1.60",6.95,CARD,7822960325596646
09/07/2024 13:27,London Piccadilly,Eugene Mouton,"Large Flavoured latte - Hazelnut - 2.85, Regular Flavoured hot chocolate - Vanilla - 2.60, Regular Flavoured iced latte - Caramel - 2.75",8.2,CARD,1591013881219069
09/07/2024 13:30,London Piccadilly,Ofelia Bradley,"Regular Flavoured hot chocolate - Vanilla - 2.60, Large Flavoured hot chocolate - Vanilla - 2.90",5.5,CARD,2517829325296706
09/07/2024 13:33,London Piccadilly,Jack Belisle,"Large Flavoured iced latte - Caramel - 3.25, Regular Speciality Tea - Peppermint - 1.30, Large Iced latte - 2.85",7.4,CARD,1933439592171884
09/07/2024 13:36,London Piccadilly,Gloria Pinson,Large Flavoured iced latte - Caramel - 3.25,3.25,CARD,9289560953260068
09/07/2024 13:38,London Piccadilly,Valencia Albrecht,"Regular Flavoured iced latte - Vanilla - 2.75, Large Flavoured iced latte - Caramel - 3.25, Large Flavoured latte - Hazelnut - 2.85",8.85,CASH,
09/07/2024 13:41,London Piccadilly,William Maxwell,Regular Flavoured iced latte - Caramel - 2.75,2.75,CARD,9937455161324372
09/07/2024 13:44,London Piccadilly,Bonnie Scholz,"Regular Smoothies - Carrot Kick - 2.00, Regular Iced latte - 2.35, Regular Flavoured latte - Hazelnut - 2.55",6.9,CASH,
09/07/2024 13:46,London Piccadilly,Mable Callen,Regular Flavoured hot chocolate - Vanilla - 2.60,2.6,CASH,
09/07/2024 13:49,London Piccadilly,Tamala Morales,Regular Flavoured iced latte - Caramel - 2.75,2.75,CASH,
09/07/2024 13:52,London Piccadilly,Alice Conforti,"Regular Iced latte - 2.35, Large Smoothies - Carrot Kick - 2.50, Large Flavoured hot chocolate - Vanilla - 2.90",7.75,CASH,
09/07/2024 13:55,London Piccadilly,Jonathan Hargis,"Large Flavoured hot chocolate - Vanilla - 2.90, Regular Flavoured hot chocolate - Vanilla - 2.60, Large Flavoured latte - Hazelnut - 2.85",8.35,CARD,9937345830599273
09/07/2024 13:57,London Piccadilly,Kimberly Hurt,"Regular Flavoured iced latte - Caramel - 2.75, Regular Flavoured iced latte - Caramel - 2.75, Regular Flavoured latte - Hazelnut - 2.55",8.05,CARD,8395727804167505
09/07/2024 14:00,London Piccadilly,Emma Maille,Large Flavoured iced latte - Caramel - 3.25,3.25,CASH,
09/07/2024 14:02,London Piccadilly,Steven Burchess,"Regular Flavoured hot chocolate - Vanilla - 2.60, Large Iced latte - 2.85, Large Flavoured hot chocolate - Vanilla - 2.90",8.35,CARD,3684209116552538
09/07/2024 14:03,London Piccadilly,Mildred Anderson,"Large Flavoured latte - Hazelnut - 2.85, Large Flavoured iced latte - Caramel - 3.25, Large Iced latte - 2.85, Regular Speciality Tea - Peppermint - 1.30",10.25,CARD,1099801545599404
09/07/2024 14:05,London Piccadilly,Giovanna Alexander,"Large Flavoured iced latte - Vanilla - 3.25, Regular Smoothies - Carrot Kick - 2.00",5.25,CARD,4406563947317279
09/07/2024 14:06,London Piccadilly,Debra West,"Regular Flavoured latte - Hazelnut - 2.55, Large Speciality Tea - Peppermint - 1.60, Large Iced latte - 2.85",7.0,CARD,9083756759245894
09/07/2024 14:08,London Piccadilly,Eric Starrick,Large Flavoured iced latte - Caramel - 3.25,3.25,CARD,9860672813519080
09/07/2024 14:10,London Piccadilly,Susan Lanier,"Large Flavoured iced latte - Caramel - 3.25, Regular Flavoured iced latte - Caramel - 2.75",6.0,CARD,7474534571054182
09/07/2024 14:11,London Piccadilly,Lois Woolem,"Large Flavoured iced latte - Caramel - 3.25, Regular Iced latte - 2.35, Large Flavoured latte - Hazelnut - 2.85",8.45,CARD,3235560607936751
09/07/2024 14:13,London Piccadilly,James Shadle,"Large Iced latte - 2.85, Regular Speciality Tea - Peppermint - 1.30, Large Speciality Tea - Peppermint - 1.60, Regular Speciality Tea - Peppermint - 1.30, Large Cortado - 2.35",9.4,CARD,3348802407052212
09/07/2024 14:15,London Piccadilly,Lynn Wexler,"Large Flavoured hot chocolate - Vanilla - 2.90, Regular Flavoured iced latte - Vanilla - 2.75, Regular Iced latte - 2.35",8.0,CASH,
09/07/2024 14:16,London Piccadilly,Murray Nowak,"Regular Speciality Tea - Peppermint - 1.30, Regular Speciality Tea - Peppermint - 1.30, Large Iced latte - 2.85, Large Flavoured iced latte - Caramel - 3.25",8.7,CARD,5688278729450662
09/07/2024 14:18,London Piccadilly,Marvin Masters,"Regular Flavoured iced latte - Caramel - 2.75, Regular Flavoured iced latte - Vanilla - 2.75",5.5,CARD,9056364891955467
09/07/2024 14:19,London Piccadilly,Ross Harris,"Large Flavoured iced latte - Vanilla - 3.25, Large Cortado - 2.35, Regular Flavoured iced latte - Vanilla - 2.75",8.35,CASH,
09/07/2024 14:21,London Piccadilly,Victor Curtis,"Regular Flavoured latte - Hazelnut - 2.55, Large Flavoured iced latte - Caramel - 3.25",5.8,CARD,7057211305223656
09/07/2024 14:23,London Piccadilly,Kevin Smith,"Regular Flavoured iced latte - Caramel - 2.75, Large Flavoured latte - Hazelnut - 2.85, Regular Flavoured latte - Hazelnut - 2.55",8.15,CARD,3114576858950976
09/07/2024 14:24,London Piccadilly,Gregory Mcmillian,"Large Cortado - 2.35, Regular Flavoured latte - Hazelnut - 2.55, Large Flavoured latte - Hazelnut - 2.85",7.75,CASH,
09/07/2024 14:26,London Piccadilly,Edwin Halter,"Large Flavoured latte - Hazelnut - 2.85, Large Flavoured iced latte - Caramel - 3.25, Regular Speciality Tea - Peppermint - 1.30, Large Flavoured hot chocolate - Vanilla - 2.90",10.3,CARD,2018900951619575
09/07/2024 14:27,London Piccadilly,Jacqueline Jimenez,Large Flavoured iced latte - Caramel - 3.25,3.25,CARD,4081918686410892
09/07/2024 14:29,London Piccadilly,Margaret Burr,Regular Flavoured iced latte - Vanilla - 2.75,2.75,CASH,
09/07/2024 14:31,London Piccadilly,Frank Choi,"Large Cortado - 2.35, Large Flavoured iced latte - Caramel - 3.25",5.6,CARD,9976215980282200
09/07/2024 14:32,London Piccadilly,Richard Ricketts,"Regular Flavoured hot chocolate - Vanilla - 2.60, Large Flavoured iced latte - Vanilla - 3.25, Regular Flavoured hot chocolate - Vanilla - 2.60",8.45,CARD,4673347634370248
09/07/2024 14:34,London Piccadilly,Charles Smith,"Large Iced latte - 2.85, Regular Iced latte - 2.35, Large Smoothies - Carrot Kick - 2.50, Large Flavoured latte - Hazelnut - 2.85, Large Smoothies - Carrot Kick - 2.50, Large Smoothies - Carrot Kick - 2.50",15.55,CARD,5726946895431389
09/07/2024 14:36,London Piccadilly,Peter Ardis,"Large Flavoured iced latte - Caramel - 3.25, Large Flavoured hot chocolate - Vanilla - 2.90, Regular Flavoured iced latte - Caramel - 2.75, Large Flavoured iced latte - Vanilla - 3.25, Large Smoothies - Carrot Kick - 2.50, Regular Flavoured latte - Hazelnut - 2.55",17.2,CARD,8825072099612679
09/07/2024 14:37,London Piccadilly,Catherine White,"Large Flavoured iced latte - Caramel - 3.25, Large Iced latte - 2.85, Regular Speciality Tea - Peppermint - 1.30",7.4,CARD,6564782754220780
09/07/2024 14:39,London Piccadilly,Crystal Sharples,"Large Flavoured latte - Hazelnut - 2.85, Regular Flavoured iced latte - Caramel - 2.75",5.6,CARD,2445939313205156
09/07/2024 14:40,London Piccadilly,Jess Jenkins,Large Cortado - 2.35,2.35,CASH,
09/07/2024 14:42,London Piccadilly,Todd Milone,"Large Flavoured iced latte - Vanilla - 3.25, Large Smoothies - Carrot Kick - 2.50",5.75,CASH,
09/07/2024 14:44,London Piccadilly,Sammy Tabin,Regular Flavoured hot chocolate - Vanilla - 2.60,2.6,CARD,1321183440012803
09/07/2024 14:45,London Piccadilly,Les Jackson,"Regular Flavoured latte - Hazelnut - 2.55, Regular Flavoured iced latte - Vanilla - 2.75, Large Flavoured iced latte - Vanilla - 3.25, Large Flavoured iced latte - Caramel - 3.25, Regular Flavoured iced latte - Caramel - 2.75, Large Cortado - 2.35",16.9,CARD,4150162335150570
09/07/2024 14:47,London Piccadilly,Gail Benton,Large Flavoured latte - Hazelnut - 2.85,2.85,CARD,1948621886114076
09/07/2024 14:48,London Piccadilly,Elton Moneyhun,"Regular Flavoured iced latte - Vanilla - 2.75, Regular Flavoured iced latte - Vanilla - 2.75",5.5,CARD,7310347829575372
09/07/2024 14:50,London Piccadilly,Eliza Slaughenhoupt,"Large Smoothies - Carrot Kick - 2.50, Regular Speciality Tea - Peppermint - 1.30, Regular Smoothies - Carrot Kick - 2.00, Regular Speciality Tea - Peppermint - 1.30, Regular Flavoured iced latte - Vanilla - 2.75",9.85,CARD,6313259057850534
09/07/2024 14:52,London Piccadilly,Michael Costa,"Large Speciality Tea - Peppermint - 1.60, Large Flavoured latte - Hazelnut - 2.85, Large Flavoured hot chocolate - Vanilla - 2.90, Large Flavoured hot chocolate - Vanilla - 2.90, Large Flavoured latte - Hazelnut - 2.85",13.1,CARD,8574717766091839
09/07/2024 14:53,London Piccadilly,Brad Pena,"Large Cortado - 2.35, Regular Flavoured iced latte - Vanilla - 2.75",5.1,CARD,6940115281582824
09/07/2024 14:55,London Piccadilly,Justina Bradley,"Regular Flavoured iced latte - Vanilla - 2.75, Large Speciality Tea - Peppermint - 1.60, Large Flavoured hot chocolate - Vanilla - 2.90, Regular Cortado - 2.05, Regular Flavoured iced latte - Vanilla - 2.75",12.05,CASH,
09/07/2024 14:57,London Piccadilly,Joel Phu,Regular Flavoured iced latte - Vanilla - 2.75,2.75,CARD,7505984480025437
09/07/2024 14:58,London Piccadilly,Cathy Carter,Large Cortado - 2.35,2.35,CASH,
09/07/2024 15:00,London Piccadilly,Matthew Barron,"Large Flavoured iced latte - Caramel - 3.25, Large Flavoured hot chocolate - Vanilla - 2.90",6.15,CASH,
09/07/2024 15:03,London Piccadilly,Susan Christy,"Regular Iced latte - 2.35, Regular Flavoured iced latte - Caramel - 2.75, Large Flavoured iced latte - Vanilla - 3.25",8.35,CARD,2445268559821342
09/07/2024 15:07,London Piccadilly,Arlene Treat,"Regular Flavoured latte - Hazelnut - 2.55, Regular Speciality Tea - Peppermint - 1.30, Large Iced latte - 2.85, Regular Flavoured hot chocolate - Vanilla - 2.60",9.3,CASH,
09/07/2024 15:10,London Piccadilly,William Norcross,"Regular Cortado - 2.05, Regular Iced latte - 2.35",4.4,CARD,1198533237651351
09/07/2024 15:14,London Piccadilly,Teresita Wright,"Large Flavoured iced latte - Caramel - 3.25, Large Flavoured iced latte - Vanilla - 3.25",6.5,CARD,2701125606997113
09/07/2024 15:17,London Piccadilly,Christina Willmore,"Large Flavoured iced latte - Vanilla - 3.25, Regular Cortado - 2.05, Regular Flavoured iced latte - Caramel - 2.75, Large Flavoured latte - Hazelnut - 2.85",10.9,CARD,9387056149562227
09/07/2024 15:21,London Piccadilly,Kathy Luera,"Regular Speciality Tea - Peppermint - 1.30, Regular Smoothies - Carrot Kick - 2.00, Large Flavoured iced latte - Caramel - 3.25",6.55,CARD,8098459211699957
09/07/2024 15:24,London Piccadilly,Kevin Williams,"Large Flavoured latte - Hazelnut - 2.85, Regular Iced latte - 2.35",5.2,CARD,5123738143515725
09/07/2024 15:28,London Piccadilly,Mark Hair,Regular Iced latte - 2.35,2.35,CARD,9375263139528312
09/07/2024 15:31,London Piccadilly,Clinton Bolton,Regular Flavoured latte - Hazelnut - 2.55,2.55,CASH,
09/07/2024 15:35,London Piccadilly,Laura Vinson,"Regular Flavoured iced latte - Caramel - 2.75, Regular Flavoured iced latte - Caramel - 2.75, Regular Smoothies - Carrot Kick - 2.00",7.5,CARD,6066804779754069
09/07/2024 15:38,London Piccadilly,David Bischoff,Large Speciality Tea - Peppermint - 1.60,1.6,CASH,
09/07/2024 15:42,London Piccadilly,Lois Babino,"Regular Flavoured hot chocolate - Vanilla - 2.60, Large Smoothies - Carrot Kick - 2.50",5.1,CARD,8639474882329926
09/07/2024 15:45,London Piccadilly,Kimberlee Buchanan,"Regular Speciality Tea - Peppermint - 1.30, Large Flavoured latte - Hazelnut - 2.85",4.15,CASH,
09/07/2024 15:49,London Piccadilly,Fermin Young,Regular Flavoured latte - Hazelnut - 2.55,2.55,CARD,6315572536629151
09/07/2024 15:53,London Piccadilly,Madaline Clark,"Regular Flavoured iced latte - Vanilla - 2.75, Regular Flavoured iced latte - Caramel - 2.75, Regular Speciality Tea - Peppermint - 1.30",6.8,CARD,1102743025400308
09/07/2024 15:56,London Piccadilly,Darrell Buchanan,"Regular Iced latte - 2.35, Regular Cortado - 2.05, Regular Flavoured iced latte - Vanilla - 2.75",7.15,CASH,
09/07/2024 16:00,London Piccadilly,Tina Crossley,"Regular Iced latte - 2.35, Large Iced latte - 2.85, Regular Speciality Tea - Peppermint - 1.30",6.5,CARD,3884488757385731
09/07/2024 16:02,London Piccadilly,Edward Cassell,"Regular Flavoured iced latte - Caramel - 2.75, Regular Flavoured iced latte - Caramel - 2.75",5.5,CARD,2770306530555935
09/07/2024 16:04,London Piccadilly,James Beebe,Regular Smoothies - Carrot Kick - 2.00,2.0,CARD,8243520441892118
09/07/2024 16:06,London Piccadilly,Kay Brown,Regular Iced latte - 2.35,2.35,CARD,1559140556400341
09/07/2024 16:08,London Piccadilly,Jerry Tam,"Regular Flavoured hot chocolate - Vanilla - 2.60, Regular Iced latte - 2.35, Regular Smoothies - Carrot Kick - 2.00, Regular Flavoured hot chocolate - Vanilla - 2.60",9.55,CARD,1744156961739641
09/07/2024 16:10,London Piccadilly,Harvey Griffin,"Regular Flavoured iced latte - Vanilla - 2.75, Regular Flavoured iced latte - Caramel - 2.75, Large Flavoured hot chocolate - Vanilla - 2.90",8.4,CARD,4911964837734418
09/07/2024 16:12,London Piccadilly,Esmeralda Carter,"Regular Speciality Tea - Peppermint - 1.30, Regular Flavoured iced latte - Caramel - 2.75",4.05,CARD,6896522359306929
09/07/2024 16:14,London Piccadilly,William Scott,"Large Flavoured hot chocolate - Vanilla - 2.90, Regular Smoothies - Carrot Kick - 2.00, Regular Iced latte - 2.35, Large Cortado - 2.35, Regular Flavoured iced latte - Caramel - 2.75",12.35,CASH,
09/07/2024 16:16,London Piccadilly,Stephanie Cronin,"Large Flavoured latte - Hazelnut - 2.85, Regular Iced latte - 2.35, Regular Cortado - 2.05",7.25,CASH,
09/07/2024 16:18,London Piccadilly,David Eubank,"Large Smoothies - Carrot Kick - 2.50, Large Flavoured latte - Hazelnut - 2.85",5.35,CARD,6177895280510326
09/07/2024 16:20,London Piccadilly,Monique Brand,Regular Flavoured iced latte - Caramel - 2.75,2.75,CARD,8547562226908522
09/07/2024 16:22,London Piccadilly,Elizabeth Peppers,"Large Smoothies - Carrot Kick - 2.50, Regular Cortado - 2.05, Regular Iced latte - 2.35",6.9,CARD,1328022805972990
09/07/2024 16:24,London Piccadilly,Jared Lynn,"Large Flavoured iced latte - Vanilla - 3.25, Regular Flavoured iced latte - Caramel - 2.75, Large Flavoured iced latte - Vanilla - 3.25, Large Flavoured hot chocolate - Vanilla - 2.90, Regular Flavoured iced latte - Vanilla - 2.75",14.9,CARD,7444413297051900
09/07/2024 16:26,London Piccadilly,Emelda Lewis,Large Smoothies - Carrot Kick - 2.50,2.5,CARD,9407984549579016
09/07/2024 16:28,London Piccadilly,Mike Hancock,"Regular Cortado - 2.05, Large Iced latte - 2.85",4.9,CARD,8410565744050915
09/07/2024 16:30,London Piccadilly,Alisha Weiner,"Large Flavoured iced latte - Vanilla - 3.25, Large Flavoured hot chocolate - Vanilla - 2.90, Large Speciality Tea - Peppermint - 1.60, Large Iced latte - 2.85",10.6,CARD,1082534733371053
09/07/2024 16:32,London Piccadilly,Curtis Vasquez,"Regular Speciality Tea - Peppermint - 1.30, Regular Flavoured iced latte - Caramel - 2.75",4.05,CASH,
09/07/2024 16:34,London Piccadilly,Agnes Cherry,"Large Flavoured iced latte - Caramel - 3.25, Large Smoothies - Carrot Kick - 2.50",5.75,CARD,9520345937712608
09/07/2024 16:36,London Piccadilly,Willie Santee,"Regular Flavoured iced latte - Vanilla - 2.75, Large Flavoured iced latte - Caramel - 3.25, Large Smoothies - Carrot Kick - 2.50",8.5,CARD,6014263499494899
09/07/2024 16:38,London Piccadilly,Susanne Delacruz,"Large Smoothies - Carrot Kick - 2.50, Regular Iced latte - 2.35",4.85,CARD,2391404677696768
09/07/2024 16:40,London Piccadilly,Gerald Spencer,"Large Speciality Tea - Peppermint - 1.60, Large Flavoured latte - Hazelnut - 2.85, Regular Flavoured hot chocolate - Vanilla - 2.60, Large Smoothies - Carrot Kick - 2.50",9.55,CARD,5649375629720969
09/07/2024 16:42,London Piccadilly,Fred Guimond,"Large Flavoured iced latte - Caramel - 3.25, Regular Flavoured hot chocolate - Vanilla - 2.60",5.85,CARD,7634243862169010
09/07/2024 16:44,London Piccadilly,Vincent Bowers,"Regular Flavoured iced latte - Caramel - 2.75, Regular Flavoured latte - Hazelnut - 2.55",5.3,CARD,6534230620876993
09/07/2024 16:46,London Piccadilly,Jade Fortune,"Regular Iced latte - 2.35, Regular Speciality Tea - Peppermint - 1.30, Large Flavoured iced latte - Caramel - 3.25, Regular Iced latte - 2.35, Large Cortado - 2.35",11.6,CARD,4704222878202839
09/07/2024 16:48,London Piccadilly,Becky Paules,"Large Speciality Tea - Peppermint - 1.60, Large Flavoured latte - Hazelnut - 2.85",4.45,CARD,5602504175743328
09/07/2024 16:50,London Piccadilly,Cynthia Weatherford,Large Flavoured iced latte - Vanilla - 3.25,3.25,CARD,4068494409429880
09/07/2024 16:52,London Piccadilly,Ronald Stephens,"Regular Speciality Tea - Peppermint - 1.30, Large Flavoured hot chocolate - Vanilla - 2.90",4.2,CASH,
09/07/2024 16:54,London Piccadilly,Kira Lambert,Large Iced latte - 2.85,2.85,CARD,2324057453400580
09/07/2024 16:56,London Piccadilly,Peter Torgersen,"Regular Iced latte - 2.35, Regular Flavoured iced latte - Caramel - 2.75",5.1,CARD,4368597007163272
09/07/2024 16:58,London Piccadilly,Eva Glasscock,Regular Flavoured iced latte - Caramel - 2.75,2.75,CARD,8307055880390658
