09/07/2024 08:00,London Brixton,Jessica Almaguer,Large Smoothies - Carrot Kick - 2.50,2.5,CARD,2367010259525248
09/07/2024 08:00,London Brixton,Cleveland Domke,"Regular Cappuccino - 2.15, Large Hot chocolate - 2.90, Regular Smoothies - Glowing Greens - 2.00",7.05,CARD,5678245297566574
09/07/2024 08:01,London Brixton,Kristina Girard,Large Hot chocolate - 2.90,2.9,CARD,2316415731089418
09/07/2024 08:02,London Brixton,Michele Maddox,"Regular Hot chocolate - 2.20, Large Hot chocolate - 2.90, Large Speciality Tea - Earl Grey - 1.60, Regular Iced americano - 2.15, Large Speciality Tea - Earl Grey - 1.60",10.45,CASH,
09/07/2024 08:03,London Brixton,Timothy Tashman,"Regular Speciality Tea - Earl Grey - 1.30, Regular Smoothies - Glowing Greens - 2.00, Regular Smoothies - Carrot Kick - 2.00, Regular Espresso - 1.50, Regular Cappuccino - 2.15",8.95,CARD,3549128332971900
09/07/2024 08:04,London Brixton,Melvin Rodrigez,"Large Iced americano - 2.50, Large Hot chocolate - 2.90, Regular Frappes - Strawberries & Cream - 2.75",8.15,CARD,9962609185472306
09/07/2024 08:05,London Brixton,Duane Bryant,"Large Smoothies - Carrot Kick - 2.50, Large Espresso - 1.80",4.3,CARD,8166791044569436
09/07/2024 08:06,London Brixton,Cynthia Franch,Regular Speciality Tea - Earl Grey - 1.30,1.3,CARD,6017257927501371
09/07/2024 08:07,London Brixton,Brittaney Stringer,"Regular Cappuccino - 2.15, Regular Hot chocolate - 2.20",4.35,CARD,1032440636268295
09/07/2024 08:08,London Brixton,Keila Perna,"Large Cappuccino - 2.45, Large Smoothies - Carrot Kick - 2.50",4.95,CARD,1826533779721802
09/07/2024 08:09,London Brixton,James Maldonado,"Large Espresso - 1.80, Regular Smoothies - Glowing Greens - 2.00, Regular Hot chocolate - 2.20",6.0,CARD,8504399908977289
09/07/2024 08:10,London Brixton,Kevin Langham,"Regular Smoothies - Carrot Kick - 2.00, Large Cappuccino - 2.45, Large Frappes - Strawberries & Cream - 3.25, Large Espresso - 1.80",9.5,CARD,1682853558004882
09/07/2024 08:11,London Brixton,Melissa Jessica,"Regular Speciality Tea - Earl Grey - 1.30, Large Smoothies - Glowing Greens - 2.50, Large Frappes - Strawberries & Cream - 3.25",7.05,CARD,1512407509014778
09/07/2024 08:12,London Brixton,Jeffrey Cox,"Large Hot chocolate - 2.90, Large Smoothies - Glowing Greens - 2.50",5.4,CARD,2429911558333277
09/07/2024 08:13,London Brixton,Catherine Corbin,Large Smoothies - Glowing Greens - 2.50,2.5,CARD,4075713853466521
09/07/2024 08:14,London Brixton,Kenneth Hall,"Large Iced americano - 2.50, Large Frappes - Strawberries & Cream - 3.25, Regular Cappuccino - 2.15",7.9,CARD,4260423432688628
09/07/2024 08:15,London Brixton,William Ahmadi,"Regular Iced americano - 2.15, Large Speciality Tea - Earl Grey - 1.60, Regular Espresso - 1.50, Large Smoothies - Carrot Kick - 2.50",7.75,CARD,3260169895078292
09/07/2024 08:16,London Brixton,Elmer Delsignore,"Large Hot chocolate - 2.90, Large Speciality Tea - Earl Grey - 1.60, Large Hot chocolate - 2.90",7.4,CARD,2834373705751821
09/07/2024 08:17,London Brixton,Ashley Simons,"Regular Cappuccino - 2.15, Regular Smoothies - Carrot Kick - 2.00",4.15,CARD,6946554990495893
09/07/2024 08:18,London Brixton,Margaret Mcgovern,Regular Hot chocolate - 2.20,2.2,CARD,2799277915481222
09/07/2024 08:19,London Brixton,Bertha Erskine,"Regular Hot chocolate - 2.20, Large Smoothies - Carrot Kick - 2.50",4.7,CARD,7186827659476900
09/07/2024 08:20,London Brixton,Billy Ragasa,Large Smoothies - Carrot Kick - 2.50,2.5,CASH,
09/07/2024 08:21,London Brixton,James Hebert,"Regular Frappes - Strawberries & Cream - 2.75, Large Smoothies - Glowing Greens - 2.50, Regular Iced americano - 2.15, Regular Smoothies - Glowing Greens - 2.00, Large Frappes - Strawberries & Cream - 3.25, Regular Smoothies - Glowing Greens - 2.00",14.65,CARD,8373467158704294
09/07/2024 08:22,London Brixton,Kenneth Lapointe,Regular Iced americano - 2.15,2.15,CASH,
09/07/2024 08:23,London Brixton,Carolyn Ward,"Large Cappuccino - 2.45, Large Iced americano - 2.50",4.95,CARD,7348200029140706
09/07/2024 08:24,London Brixton,David Short,"Large Smoothies - Carrot Kick - 2.50, Regular Iced americano - 2.15, Regular Speciality Tea - Earl Grey - 1.30, Regular Smoothies - Carrot Kick - 2.00, Regular Hot chocolate - 2.20, Regular Smoothies - Carrot Kick - 2.00",12.15,CARD,3941903682658785
09/07/2024 08:25,London Brixton,Roger Rambo,Regular Smoothies - Glowing Greens - 2.00,2.0,CARD,2692705347328878
09/07/2024 08:26,London Brixton,Jason Hull,"Regular Speciality Tea - Earl Grey - 1.30, Large Hot chocolate - 2.90, Regular Hot chocolate - 2.20, Regular Frappes - Strawberries & Cream - 2.75",9.15,CASH,
09/07/2024 08:27,London Brixton,Tyler Workman,"Large Speciality Tea - Earl Grey - 1.60, Regular Speciality Tea - Earl Grey - 1.30, Regular Frappes - Strawberries & Cream - 2.75, Regular Espresso - 1.50",7.15,CARD,3058591787037672
09/07/2024 08:28,London Brixton,Janet Luke,"Regular Hot chocolate - 2.20, Regular Espresso - 1.50, Large Iced americano - 2.50",6.2,CASH,
09/07/2024 08:29,London Brixton,Norman Moss,"Regular Speciality Tea - Earl Grey - 1.30, Large Speciality Tea - Earl Grey - 1.60",2.9,CARD,8925218837777771
09/07/2024 08:30,London Brixton,Lisa Ambres,Regular Cappuccino - 2.15,2.15,CARD,4366434937436571
09/07/2024 08:31,London Brixton,Gabriel Dossey,"Regular Speciality Tea - Earl Grey - 1.30, Large Smoothies - Carrot Kick - 2.50, Large Hot chocolate - 2.90",6.7,CARD,8718666881688114
09/07/2024 08:32,London Brixton,Willie Andersen,"Large Espresso - 1.80, Regular Smoothies - Glowing Greens - 2.00, Large Hot chocolate - 2.90, Large Speciality Tea - Earl Grey - 1.60, Regular Smoothies - Carrot Kick - 2.00",10.3,CARD,2377633369140975
09/07/2024 08:33,London Brixton,Nicole Berntson,"Regular Frappes - Strawberries & Cream - 2.75, Large Frappes - Strawberries & Cream - 3.25, Regular Frappes - Strawberries & Cream - 2.75, Large Hot chocolate - 2.90, Large Smoothies - Carrot Kick - 2.50, Regular Cappuccino - 2.15",16.3,CASH,
09/07/2024 08:34,London Brixton,Michael Dean,"Regular Smoothies - Glowing Greens - 2.00, Large Smoothies - Glowing Greens - 2.50",4.5,CARD,8562177191973668
09/07/2024 08:35,London Brixton,John Prat,"Regular Cappuccino - 2.15, Regular Frappes - Strawberries & Cream - 2.75",4.9,CASH,
09/07/2024 08:36,London Brixton,Anthony Phillips,"Large Cappuccino - 2.45, Regular Speciality Tea - Earl Grey - 1.30",3.75,CARD,3046287795235386
09/07/2024 08:37,London Brixton,Mark Gerveler,"Large Cappuccino - 2.45, Large Smoothies - Glowing Greens - 2.50",4.95,CARD,8902217153231260
09/07/2024 08:38,London Brixton,Ella Getz,Regular Frappes - Strawberries & Cream - 2.75,2.75,CASH,
09/07/2024 08:39,London Brixton,Franklin Dobson,"Regular Frappes - Strawberries & Cream - 2.75, Regular Smoothies - Carrot Kick - 2.00",4.75,CASH,
09/07/2024 08:40,London Brixton,Terry Scott,"Regular Smoothies - Carrot Kick - 2.00, Regular Speciality Tea - Earl Grey - 1.30, Regular Iced americano - 2.15",5.45,CARD,7714111316215678
09/07/2024 08:41,London Brixton,Bobby Williams,Large Hot chocolate - 2.90,2.9,CARD,2951108622748823
09/07/2024 08:42,London Brixton,Bonnie Burrell,Regular Iced americano - 2.15,2.15,CASH,
09/07/2024 08:43,London Brixton,Dann Spradley,"Regular Cappuccino - 2.15, Large Hot chocolate - 2.90, Regular Frappes - Strawberries & Cream - 2.75, Regular Hot chocolate - 2.20",10.0,CARD,3932185166602653
09/07/2024 08:44,London Brixton,Frances Mueller,"Regular Espresso - 1.50, Regular Smoothies - Carrot Kick - 2.00, Large Iced americano - 2.50, Regular Hot chocolate - 2.20",8.2,CASH,
09/07/2024 08:45,London Brixton,Jaime Robinson,"Large Espresso - 1.80, Large Speciality Tea - Earl Grey - 1.60, Large Hot chocolate - 2.90, Large Iced americano - 2.50, Large Iced americano - 2.50, Large Cappuccino - 2.45",13.75,CARD,8577871021217428
09/07/2024 08:46,London Brixton,Thomas Rodriguez,"Large Hot chocolate - 2.90, Regular Espresso - 1.50",4.4,CASH,
09/07/2024 08:47,London Brixton,Raymond Leigh,"Regular Speciality Tea - Earl Grey - 1.30, Regular Hot chocolate - 2.20, Large Speciality Tea - Earl Grey - 1.60, Regular Iced americano - 2.15",7.25,CASH,
09/07/2024 08:48,London Brixton,Charles Edwards,Large Speciality Tea - Earl Grey - 1.60,1.6,CASH,
09/07/2024 08:49,London Brixton,Danielle Kuster,"Large Smoothies - Carrot Kick - 2.50, Large Cappuccino - 2.45",4.95,CARD,1514789604160308
09/07/2024 08:50,London Brixton,Sylvia Macmillan,"Large Iced americano - 2.50, Regular Frappes - Strawberries & Cream - 2.75, Large Iced americano - 2.50",7.75,CARD,3813231717689664
09/07/2024 08:51,London Brixton,Leslie Congdon,"Large Iced americano - 2.50, Large Hot chocolate - 2.90",5.4,CARD,8589421011799720
09/07/2024 08:52,London Brixton,Alexandra Redding,Regular Speciality Tea - Earl Grey - 1.30,1.3,CASH,
09/07/2024 08:53,London Brixton,Beulah Hines,"Regular Frappes - Strawberries & Cream - 2.75, Regular Speciality Tea - Earl Grey - 1.30",4.05,CARD,9419207557711068
09/07/2024 08:54,London Brixton,Cleo Lombardi,"Large Espresso - 1.80, Regular Smoothies - Glowing Greens - 2.00, Large Espresso - 1.80, Regular Smoothies - Glowing Greens - 2.00, Large Iced americano - 2.50",10.1,CARD,2155956263180746
09/07/2024 08:55,London Brixton,Rita Page,"Large Smoothies - Carrot Kick - 2.50, Large Iced americano - 2.50, Large Speciality Tea - Earl Grey - 1.60, Regular Espresso - 1.50",8.1,CARD,7068683880673582
09/07/2024 08:56,London Brixton,Nidia Preston,"Large Cappuccino - 2.45, Large Speciality Tea - Earl Grey - 1.60, Large Smoothies - Carrot Kick - 2.50, Large Smoothies - Carrot Kick - 2.50",9.05,CARD,1292112667729288
09/07/2024 08:57,London Brixton,Harold Scott,"Regular Speciality Tea - Earl Grey - 1.30, Regular Iced americano - 2.15, Regular Speciality Tea - Earl Grey - 1.30, Regular Espresso - 1.50, Regular Espresso - 1.50, Regular Speciality Tea - Earl Grey - 1.30",9.05,CARD,1834698052167443
09/07/2024 08:58,London Brixton,Carlos Bellocchio,"Regular Speciality Tea - Earl Grey - 1.30, Regular Espresso - 1.50, Regular Smoothies - Carrot Kick - 2.00",4.8,CARD,7039441809358562
09/07/2024 08:59,London Brixton,Tim Patel,"Large Speciality Tea - Earl Grey - 1.60, Large Speciality Tea - Earl Grey - 1.60",3.2,CASH,
09/07/2024 08:59,London Brixton,Karen Barr,"Large Espresso - 1.80, Large Hot chocolate - 2.90, Large Cappuccino - 2.45, Large Smoothies - Carrot Kick - 2.50",9.65,CARD,3777338298857734
09/07/2024 09:00,London Brixton,Hannah Wong,"Large Smoothies - Glowing Greens - 2.50, Large Hot chocolate - 2.90",5.4,CARD,4822185724429240
09/07/2024 09:02,London Brixton,Chandra Cox,"Large Iced americano - 2.50, Large Speciality Tea - Earl Grey - 1.60, Regular Cappuccino - 2.15",6.25,CARD,1673406540133944
09/07/2024 09:03,London Brixton,Gene Nimmo,"Regular Frappes - Strawberries & Cream - 2.75, Large Cappuccino - 2.45, Regular Speciality Tea - Earl Grey - 1.30, Large Cappuccino - 2.45, Large Espresso - 1.80",10.75,CARD,9691868238463702
09/07/2024 09:04,London Brixton,Christian Bolden,"Large Hot chocolate - 2.90, Regular Iced americano - 2.15, Large Hot chocolate - 2.90, Regular Smoothies - Glowing Greens - 2.00, Large Smoothies - Glowing Greens - 2.50",12.45,CARD,1020488181134052
09/07/2024 09:05,London Brixton,Samuel Manzo,Large Iced americano - 2.50,2.5,CARD,8990798636021293
09/07/2024 09:06,London Brixton,Jenny Ashley,Regular Espresso - 1.50,1.5,CARD,4642172996251094
09/07/2024 09:07,London Brixton,Charles Collins,Large Smoothies - Glowing Greens - 2.50,2.5,CARD,1514565974408624
09/07/2024 09:09,London Brixton,Francis Watson,Large Espresso - 1.80,1.8,CARD,7566360909472468
09/07/2024 09:10,London Brixton,Laci Whitten,Large Iced americano - 2.50,2.5,CARD,2839176883232494
09/07/2024 09:11,London Brixton,Christi Day,"Large Smoothies - Carrot Kick - 2.50, Regular Cappuccino - 2.15, Regular Smoothies - Glowing Greens - 2.00, Large Iced americano - 2.50, Large Iced americano - 2.50",11.65,CASH,
09/07/2024 09:12,London Brixton,Joseph Craddock,"Regular Espresso - 1.50, Large Iced americano - 2.50, Large Smoothies - Glowing Greens - 2.50, Regular Frappes - Strawberries & Cream - 2.75, Regular Smoothies - Glowing Greens - 2.00",11.25,CASH,
09/07/2024 09:13,London Brixton,Roger Gonzalez,"Large Speciality Tea - Earl Grey - 1.60, Regular Cappuccino - 2.15",3.75,CARD,8958046784559806
09/07/2024 09:14,London Brixton,Esther Witherspoon,"Regular Espresso - 1.50, Large Speciality Tea - Earl Grey - 1.60, Regular Espresso - 1.50, Regular Smoothies - Glowing Greens - 2.00, Regular Iced americano - 2.15",8.75,CARD,3834712722126244
09/07/2024 09:16,London Brixton,Robert Shilkuski,"Large Speciality Tea - Earl Grey - 1.60, Large Speciality Tea - Earl Grey - 1.60, Large Speciality Tea - Earl Grey - 1.60, Regular Speciality Tea - Earl Grey - 1.30",6.1,CARD,4450367041037907
09/07/2024 09:17,London Brixton,Elizabeth Swayne,"Regular Smoothies - Carrot Kick - 2.00, Large Espresso - 1.80, Large Frappes - Strawberries & Cream - 3.25",7.05,CARD,2154602366486489
09/07/2024 09:18,London Brixton,Marcus Thurston,"Large Iced americano - 2.50, Regular Smoothies - Glowing Greens - 2.00, Large Speciality Tea - Earl Grey - 1.60",6.1,CARD,7515752287414284
09/07/2024 09:19,London Brixton,Tammy Remington,"Large Cappuccino - 2.45, Regular Smoothies - Glowing Greens - 2.00, Regular Cappuccino - 2.15",6.6,CARD,7188524588178072
09/07/2024 09:20,London Brixton,Arthur Rosenblum,"Regular Smoothies - Glowing Greens - 2.00, Regular Espresso - 1.50, Regular Cappuccino - 2.15",5.65,CASH,
09/07/2024 09:21,London Brixton,Barbara Haith,Large Iced americano - 2.50,2.5,CASH,
09/07/2024 09:23,London Brixton,Gary Maciasz,"Regular Cappuccino - 2.15, Regular Cappuccino - 2.15, Large Espresso - 1.80",6.1,CARD,4894675506009678
09/07/2024 09:24,London Brixton,Mandi Montano,"Regular Iced americano - 2.15, Regular Speciality Tea - Earl Grey - 1.30, Regular Smoothies - Glowing Greens - 2.00, Regular Cappuccino - 2.15",7.6,CASH,
09/07/2024 09:25,London Brixton,Vern Parado,"Large Speciality Tea - Earl Grey - 1.60, Regular Smoothies - Glowing Greens - 2.00, Large Iced americano - 2.50",6.1,CARD,4829952679119174
09/07/2024 09:26,London Brixton,Jeffrey Blue,"Large Speciality Tea - Earl Grey - 1.60, Regular Speciality Tea - Earl Grey - 1.30",2.9,CASH,
09/07/2024 09:27,London Brixton,Jacqueline Edwards,"Regular Hot chocolate - 2.20, Large Speciality Tea - Earl Grey - 1.60",3.8,CASH,
09/07/2024 09:28,London Brixton,Yulanda James,"Regular Speciality Tea - Earl Grey - 1.30, Regular Cappuccino - 2.15, Regular Cappuccino - 2.15",5.6,CARD,8463920969636656
09/07/2024 09:30,London Brixton,Alice King,"Large Iced americano - 2.50, Regular Speciality Tea - Earl Grey - 1.30",3.8,CARD,5039254782922433
09/07/2024 09:31,London Brixton,Frank Jean,Large Speciality Tea - Earl Grey - 1.60,1.6,CARD,6892333126841576
09/07/2024 09:32,London Brixton,Ann Smith,Regular Hot chocolate - 2.20,2.2,CARD,8936689097112919
09/07/2024 09:33,London Brixton,Timothy Ditman,"Large Speciality Tea - Earl Grey - 1.60, Regular Frappes - Strawberries & Cream - 2.75, Regular Smoothies - Carrot Kick - 2.00, Large Hot chocolate - 2.90, Large Espresso - 1.80",11.05,CARD,9703931788379644
09/07/2024 09:34,London Brixton,William Middleton,"Large Smoothies - Carrot Kick - 2.50, Large Espresso - 1.80",4.3,CARD,2546674912045213
09/07/2024 09:35,London Brixton,Walter Culver,"Regular Smoothies - Carrot Kick - 2.00, Regular Iced americano - 2.15",4.15,CASH,
09/07/2024 09:37,London Brixton,Laverne Matthews,"Regular Iced americano - 2.15, Regular Espresso - 1.50",3.65,CARD,3197114052256723
09/07/2024 09:38,London Brixton,Benjamin Wms,"Regular Iced americano - 2.15, Regular Smoothies - Carrot Kick - 2.00",4.15,CARD,6098416060024389
09/07/2024 09:39,London Brixton,John Smith,"Large Smoothies - Glowing Greens - 2.50, Large Speciality Tea - Earl Grey - 1.60, Regular Hot chocolate - 2.20",6.3,CASH,
09/07/2024 09:40,London Brixton,Olivia Gill,Regular Iced americano - 2.15,2.15,CASH,
09/07/2024 09:41,London Brixton,Christopher Pearse,"Regular Hot chocolate - 2.20, Regular Cappuccino - 2.15",4.35,CARD,8351564638308301
09/07/2024 09:42,London Brixton,John Bail,"Large Speciality Tea - Earl Grey - 1.60, Large Smoothies - Carrot Kick - 2.50, Regular Hot chocolate - 2.20",6.3,CARD,1195252012720717
09/07/2024 09:44,London Brixton,Robert Palmore,Regular Cappuccino - 2.15,2.15,CARD,2326969071976835
09/07/2024 09:45,London Brixton,Jacqueline Marra,Large Frappes - Strawberries & Cream - 3.25,3.25,CARD,9367437437857498
09/07/2024 09:46,London Brixton,Easter Sharum,"Large Smoothies - Glowing Greens - 2.50, Large Smoothies - Glowing Greens - 2.50, Regular Speciality Tea - Earl Grey - 1.30, Large Frappes - Strawberries & Cream - 3.25",9.55,CASH,
09/07/2024 09:47,London Brixton,Barbara Kattner,"Large Smoothies - Carrot Kick - 2.50, Regular Espresso - 1.50, Large Smoothies - Glowing Greens - 2.50, Large Smoothies - Glowing Greens - 2.50, Regular Hot chocolate - 2.20",11.2,CARD,2775817155312700
09/07/2024 09:48,London Brixton,Patricia Cunningham,"Regular Hot chocolate - 2.20, Large Cappuccino - 2.45, Large Frappes - Strawberries & Cream - 3.25",7.9,CASH,
09/07/2024 09:49,London Brixton,Julie Barber,"Large Iced americano - 2.50, Large Hot chocolate - 2.90, Large Iced americano - 2.50, Large Frappes - Strawberries & Cream - 3.25, Regular Cappuccino - 2.15, Regular Hot chocolate - 2.20",15.5,CASH,
09/07/2024 09:51,London Brixton,Laurie Ardizzone,Regular Speciality Tea - Earl Grey - 1.30,1.3,CASH,
09/07/2024 09:52,London Brixton,Mia Knox,"Regular Smoothies - Carrot Kick - 2.00, Regular Smoothies - Carrot Kick - 2.00, Regular Speciality Tea - Earl Grey - 1.30",5.3,CARD,4498259445047882
09/07/2024 09:53,London Brixton,Clinton Kinnaman,Large Cappuccino - 2.45,2.45,CARD,2155968672409153
09/07/2024 09:54,London Brixton,Haywood Murray,"Regular Smoothies - Glowing Greens - 2.00, Large Cappuccino - 2.45",4.45,CARD,6617851936536244
09/07/2024 09:55,London Brixton,Kenneth Bauer,Regular Espresso - 1.50,1.5,CARD,6578330181147875
09/07/2024 09:56,London Brixton,Robert Ybarra,"Regular Frappes - Strawberries & Cream - 2.75, Large Frappes - Strawberries & Cream - 3.25, Regular Hot chocolate - 2.20",8.2,CARD,2636598595040563
09/07/2024 09:58,London Brixton,Eugene Stinson,"Regular Frappes - Strawberries & Cream - 2.75, Large Cappuccino - 2.45, Large Hot chocolate - 2.90",8.1,CARD,8154085540862238
09/07/2024 09:59,London Brixton,Lawrence Edwards,"Large Frappes - Strawberries & Cream - 3.25, Large Speciality Tea - Earl Grey - 1.60",4.85,CASH,
09/07/2024 10:00,London Brixton,James Coon,Regular Iced americano - 2.15,2.15,CARD,9703460676758826
09/07/2024 10:01,London Brixton,Beatrice Adams,"Regular Cappuccino - 2.15, Regular Frappes - Strawberries & Cream - 2.75",4.9,CASH,
09/07/2024 10:02,London Brixton,Margaret Bailey,"Regular Hot chocolate - 2.20, Large Frappes - Strawberries & Cream - 3.25, Large Hot chocolate - 2.90",8.35,CARD,9581613831085368
09/07/2024 10:03,London Brixton,Jennifer Culp,"Large Smoothies - Glowing Greens - 2.50, Large Hot chocolate - 2.90, Large Smoothies - Carrot Kick - 2.50",7.9,CARD,6920762519580596
09/07/2024 10:05,London Brixton,James Stearns,"Large Iced americano - 2.50, Regular Smoothies - Carrot Kick - 2.00",4.5,CARD,6999358685730008
09/07/2024 10:06,London Brixton,Adelaida Brown,"Regular Hot chocolate - 2.20, Large Smoothies - Glowing Greens - 2.50, Large Cappuccino - 2.45, Large Smoothies - Carrot Kick - 2.50, Large Iced americano - 2.50",12.15,CARD,8651637093311604
09/07/2024 10:07,London Brixton,Richard Bruton,"Regular Smoothies - Carrot Kick - 2.00, Large Cappuccino - 2.45, Regular Espresso - 1.50",5.95,CARD,4667236571081733
09/07/2024 10:08,London Brixton,Kimberly Nicley,"Large Iced americano - 2.50, Large Hot chocolate - 2.90, Regular Smoothies - Carrot Kick - 2.00, Regular Cappuccino - 2.15, Regular Smoothies - Glowing Greens - 2.00",11.55,CARD,8859230265294294
09/07/2024 10:09,London Brixton,Carolyn Bass,Large Smoothies - Glowing Greens - 2.50,2.5,CARD,1610110165095857
09/07/2024 10:10,London Brixton,Robert Oneal,"Large Espresso - 1.80, Regular Frappes - Strawberries & Cream - 2.75",4.55,CARD,6203418259019108
09/07/2024 10:12,London Brixton,Jada Newborn,"Large Cappuccino - 2.45, Regular Espresso - 1.50, Regular Speciality Tea - Earl Grey - 1.30",5.25,CARD,7793999304189999
09/07/2024 10:13,London Brixton,William Labbe,"Regular Iced americano - 2.15, Regular Iced americano - 2.15",4.3,CASH,
09/07/2024 10:14,London Brixton,Michael Loy,"Regular Iced americano - 2.15, Large Smoothies - Glowing Greens - 2.50, Large Hot chocolate - 2.90",7.55,CARD,3409072512629818
09/07/2024 10:15,London Brixton,Nathan Thomas,"Regular Iced americano - 2.15, Regular Speciality Tea - Earl Grey - 1.30, Large Smoothies - Glowing Greens - 2.50, Regular Frappes - Strawberries & Cream - 2.75, Regular Iced americano - 2.15",10.85,CARD,1095039510081284
09/07/2024 10:16,London Brixton,Minerva Packard,"Large Smoothies - Glowing Greens - 2.50, Regular Smoothies - Carrot Kick - 2.00",4.5,CARD,4601516472489058
09/07/2024 10:17,London Brixton,Kelly Alberson,"Large Iced americano - 2.50, Regular Espresso - 1.50",4.0,CASH,
09/07/2024 10:19,London Brixton,Anthony Murphy,"Regular Cappuccino - 2.15, Regular Hot chocolate - 2.20, Large Hot chocolate - 2.90, Regular Cappuccino - 2.15, Regular Frappes - Strawberries & Cream - 2.75",12.15,CARD,3916498982960771
09/07/2024 10:20,London Brixton,Dorothy Chidester,"Large Espresso - 1.80, Large Iced americano - 2.50, Regular Smoothies - Carrot Kick - 2.00",6.3,CARD,8049114261530470
09/07/2024 10:21,London Brixton,Thomas Gildersleeve,"Regular Iced americano - 2.15, Large Frappes - Strawberries & Cream - 3.25, Regular Iced americano - 2.15, Large Cappuccino - 2.45",10.0,CASH,
09/07/2024 10:22,London Brixton,Sandra Greenlee,"Regular Smoothies - Carrot Kick - 2.00, Large Iced americano - 2.50, Regular Smoothies - Carrot Kick - 2.00, Regular Speciality Tea - Earl Grey - 1.30, Large Smoothies - Carrot Kick - 2.50, Regular Smoothies - Glowing Greens - 2.00",12.3,CARD,1637152010984490
09/07/2024 10:23,London Brixton,Richard Diebold,"Regular Smoothies - Carrot Kick - 2.00, Large Frappes - Strawberries & Cream - 3.25, Regular Speciality Tea - Earl Grey - 1.30",6.55,CASH,
09/07/2024 10:24,London Brixton,John Williams,"Regular Smoothies - Carrot Kick - 2.00, Large Speciality Tea - Earl Grey - 1.60, Regular Smoothies - Glowing Greens - 2.00, Regular Cappuccino - 2.15, Regular Frappes - Strawberries & Cream - 2.75",10.5,CASH,
09/07/2024 10:26,London Brixton,Kenneth Kramer,Large Iced americano - 2.50,2.5,CASH,
09/07/2024 10:27,London Brixton,Shirley Taylor,"Regular Cappuccino - 2.15, Regular Iced americano - 2.15, Regular Hot chocolate - 2.20, Regular Speciality Tea - Earl Grey - 1.30",7.8,CARD,6338776662313696
09/07/2024 10:28,London Brixton,James Maisonave,"Regular Frappes - Strawberries & Cream - 2.75, Regular Speciality Tea - Earl Grey - 1.30",4.05,CARD,9375103067297168
09/07/2024 10:29,London Brixton,Amanda Villarreal,"Regular Speciality Tea - Earl Grey - 1.30, Regular Iced americano - 2.15",3.45,CARD,1766236135049640
09/07/2024 10:30,London Brixton,Joseph Lewis,Regular Smoothies - Glowing Greens - 2.00,2.0,CARD,3794728919013248
09/07/2024 10:31,London Brixton,Diana Mcdonald,Regular Cappuccino - 2.15,2.15,CASH,
09/07/2024 10:33,London Brixton,Erica Pogue,"Large Smoothies - Carrot Kick - 2.50, Large Smoothies - Carrot Kick - 2.50, Regular Espresso - 1.50",6.5,CASH,
09/07/2024 10:34,London Brixton,Elizabeth Boger,Large Smoothies - Carrot Kick - 2.50,2.5,CASH,
09/07/2024 10:35,London Brixton,Caleb Fitzgerald,"Large Espresso - 1.80, Large Smoothies - Carrot Kick - 2.50, Large Iced americano - 2.50, Large Cappuccino - 2.45",9.25,CASH,
09/07/2024 10:36,London Brixton,Anne Chapman,"Regular Cappuccino - 2.15, Large Cappuccino - 2.45",4.6,CARD,5612376366522247
09/07/2024 10:37,London Brixton,Albert Miller,Large Cappuccino - 2.45,2.45,CARD,9945367390534983
09/07/2024 10:38,London Brixton,Billie Moultrie,Large Cappuccino - 2.45,2.45,CARD,7893641746552631
09/07/2024 10:40,London Brixton,Diane Medina,Large Smoothies - Carrot Kick - 2.50,2.5,CASH,
09/07/2024 10:41,London Brixton,Dennis Davis,"Large Speciality Tea - Earl Grey - 1.60, Regular Iced americano - 2.15",3.75,CARD,1409219055295113
09/07/2024 10:42,London Brixton,Liza Mills,Large Speciality Tea - Earl Grey - 1.60,1.6,CARD,8264652428333897
09/07/2024 10:43,London Brixton,Maria Higginbotham,Regular Frappes - Strawberries & Cream - 2.75,2.75,CARD,1612585371600278
09/07/2024 10:44,London Brixton,Elizabeth Kulcona,Large Smoothies - Carrot Kick - 2.50,2.5,CARD,8784597971573252
09/07/2024 10:45,London Brixton,Tameka Oglesby,"Regular Smoothies - Glowing Greens - 2.00, Regular Espresso - 1.50",3.5,CARD,9795705638415768
09/07/2024 10:47,London Brixton,Douglas Delaney,Regular Smoothies - Glowing Greens - 2.00,2.0,CARD,8179094095882627
09/07/2024 10:48,London Brixton,Jennifer Fong,"Large Cappuccino - 2.45, Large Iced americano - 2.50, Regular Iced americano - 2.15",7.1,CARD,6097494861898510
09/07/2024 10:49,London Brixton,Deborah Cambria,"Regular Iced americano - 2.15, Regular Hot chocolate - 2.20",4.35,CARD,8693160751854939
09/07/2024 10:50,London Brixton,Rhonda Rojas,"Large Hot chocolate - 2.90, Regular Speciality Tea - Earl Grey - 1.30, Regular Smoothies - Carrot Kick - 2.00",6.2,CARD,8798403131222018
09/07/2024 10:51,London Brixton,Benjamin Cole,"Large Iced americano - 2.50, Regular Hot chocolate - 2.20",4.7,CARD,9574175179519134
09/07/2024 10:52,London Brixton,Jack Brown,"Large Smoothies - Glowing Greens - 2.50, Regular Frappes - Strawberries & Cream - 2.75",5.25,CARD,7656681422532221
09/07/2024 10:54,London Brixton,Rodney Smalls,"Large Smoothies - Glowing Greens - 2.50, Regular Iced americano - 2.15, Regular Iced americano - 2.15, Regular Cappuccino - 2.15, Large Speciality Tea - Earl Grey - 1.60, Large Espresso - 1.80",12.35,CARD,6199963569671799
09/07/2024 10:55,London Brixton,Donald Harrod,"Large Espresso - 1.80, Regular Iced americano - 2.15",3.95,CASH,
09/07/2024 10:56,London Brixton,Charles Tignor,"Regular Iced americano - 2.15, Large Smoothies - Carrot Kick - 2.50, Regular Cappuccino - 2.15",6.8,CARD,7154760993743335
09/07/2024 10:57,London Brixton,David Anthony,"Regular Frappes - Strawberries & Cream - 2.75, Regular Frappes - Strawberries & Cream - 2.75, Large Smoothies - Glowing Greens - 2.50",8.0,CASH,
09/07/2024 10:58,London Brixton,Susan Davis,"Large Espresso - 1.80, Large Speciality Tea - Earl Grey - 1.60, Large Espresso - 1.80",5.2,CARD,7994842386627528
09/07/2024 10:59,London Brixton,Jason Arteaga,"Regular Cappuccino - 2.15, Large Iced americano - 2.50",4.65,CARD,2824516380296421
09/07/2024 11:01,London Brixton,Travis Martin,"Regular Speciality Tea - Earl Grey - 1.30, Regular Frappes - Strawberries & Cream - 2.75",4.05,CARD,3844786288288340
09/07/2024 11:03,London Brixton,Junko Cole,Large Smoothies - Glowing Greens - 2.50,2.5,CARD,6690253829999830
09/07/2024 11:04,London Brixton,Maria Gallemore,"Regular Hot chocolate - 2.20, Large Speciality Tea - Earl Grey - 1.60, Regular Cappuccino - 2.15",5.95,CARD,5852370023559499
09/07/2024 11:06,London Brixton,Kim Opatz,"Regular Espresso - 1.50, Large Smoothies - Glowing Greens - 2.50",4.0,CARD,4784863029382989
09/07/2024 11:08,London Brixton,Michael Boyd,"Regular Smoothies - Glowing Greens - 2.00, Regular Cappuccino - 2.15",4.15,CARD,1414258129181990
09/07/2024 11:10,London Brixton,Cynthia Reddicks,"Large Espresso - 1.80, Regular Smoothies - Carrot Kick - 2.00, Large Hot chocolate - 2.90, Large Speciality Tea - Earl Grey - 1.60, Regular Iced americano - 2.15",10.45,CARD,3767638252767525
09/07/2024 11:12,London Brixton,Robert Brown,Large Speciality Tea - Earl Grey - 1.60,1.6,CARD,9737048758684046
09/07/2024 11:14,London Brixton,James Thompson,Regular Iced americano - 2.15,2.15,CARD,6484486513657670
09/07/2024 11:16,London Brixton,Wendy Bounds,"Regular Smoothies - Glowing Greens - 2.00, Regular Hot chocolate - 2.20, Large Cappuccino - 2.45",6.65,CASH,
09/07/2024 11:17,London Brixton,Clair Garcia,"Large Smoothies - Glowing Greens - 2.50, Regular Iced americano - 2.15",4.65,CARD,2829677089194790
09/07/2024 11:19,London Brixton,Rosemary Hites,"Regular Cappuccino - 2.15, Regular Speciality Tea - Earl Grey - 1.30, Large Frappes - Strawberries & Cream - 3.25, Regular Smoothies - Glowing Greens - 2.00",8.7,CASH,
09/07/2024 11:21,London Brixton,Rosemary Miller,Large Iced americano - 2.50,2.5,CARD,7754269722175706
09/07/2024 11:23,London Brixton,James Johnson,"Large Frappes - Strawberries & Cream - 3.25, Regular Smoothies - Carrot Kick - 2.00, Regular Iced americano - 2.15, Large Speciality Tea - Earl Grey - 1.60",9.0,CARD,4888892363862557
09/07/2024 11:25,London Brixton,Joseph Campbell,"Large Espresso - 1.80, Large Iced americano - 2.50, Large Iced americano - 2.50",6.8,CARD,5424102748836912
09/07/2024 11:27,London Brixton,Lettie Mcqueen,Regular Hot chocolate - 2.20,2.2,CARD,4336373494842256
09/07/2024 11:29,London Brixton,Ivy Ford,Large Cappuccino - 2.45,2.45,CARD,1595064740859271
09/07/2024 11:31,London Brixton,Mary Mendoza,"Large Espresso - 1.80, Large Hot chocolate - 2.90",4.7,CARD,6984732850186496
09/07/2024 11:32,London Brixton,Ronald Sowinski,"Regular Espresso - 1.50, Large Speciality Tea - Earl Grey - 1.60",3.1,CARD,8108906097146499
09/07/2024 11:34,London Brixton,Robert Blake,Large Speciality Tea - Earl Grey - 1.60,1.6,CARD,2102962473936060
09/07/2024 11:36,London Brixton,Dewayne Turek,"Large Smoothies - Carrot Kick - 2.50, Large Frappes - Strawberries & Cream - 3.25",5.75,CASH,
09/07/2024 11:38,London Brixton,Maurice Clauson,Regular Iced americano - 2.15,2.15,CARD,8160339990022411
09/07/2024 11:40,London Brixton,Donna Cowgill,"Regular Hot chocolate - 2.20, Large Frappes - Strawberries & Cream - 3.25, Regular Iced americano - 2.15, Large Smoothies - Glowing Greens - 2.50, Large Cappuccino - 2.45, Large Smoothies - Carrot Kick - 2.50",15.05,CARD,2697247692168921
09/07/2024 11:42,London Brixton,Alanna Arko,"Large Espresso - 1.80, Large Frappes - Strawberries & Cream - 3.25, Large Speciality Tea - Earl Grey - 1.60",6.65,CARD,1320093322616182
09/07/2024 11:44,London Brixton,Matthew Marshall,"Regular Hot chocolate - 2.20, Large Frappes - Strawberries & Cream - 3.25, Regular Espresso - 1.50",6.95,CARD,9220132968314668
09/07/2024 11:45,London Brixton,Derek Alvey,"Large Smoothies - Glowing Greens - 2.50, Large Hot chocolate - 2.90",5.4,CARD,8520922539721451
09/07/2024 11:47,London Brixton,Sheryl Rogers,"Regular Cappuccino - 2.15, Large Cappuccino - 2.45, Large Iced americano - 2.50, Large Speciality Tea - Earl Grey - 1.60, Regular Smoothies - Carrot Kick - 2.00, Large Speciality Tea - Earl Grey - 1.60",12.3,CARD,5773648825880123
09/07/2024 11:49,London Brixton,Lea Clark,Large Smoothies - Glowing Greens - 2.50,2.5,CASH,
09/07/2024 11:51,London Brixton,Marissa Goracke,"Regular Hot chocolate - 2.20, Large Hot chocolate - 2.90, Large Hot chocolate - 2.90, Large Espresso - 1.80",9.8,CASH,
09/07/2024 11:53,London Brixton,Gina Farry,Regular Smoothies - Glowing Greens - 2.00,2.0,CARD,3101782497635300
09/07/2024 11:55,London Brixton,Janice Boehm,"Regular Speciality Tea - Earl Grey - 1.30, Large Smoothies - Glowing Greens - 2.50",3.8,CASH,
09/07/2024 11:57,London Brixton,Mary Taylor,"Large Speciality Tea - Earl Grey - 1.60, Regular Hot chocolate - 2.20, Regular Iced americano - 2.15",5.95,CASH,
09/07/2024 11:59,London Brixton,James Ayala,Large Smoothies - Glowing Greens - 2.50,2.5,CARD,6197219949819448
09/07/2024 12:00,London Brixton,Michael Nunes,"Regular Iced americano - 2.15, Large Hot chocolate - 2.90, Regular Frappes - Strawberries & Cream - 2.75, Large Speciality Tea - Earl Grey - 1.60, Large Hot chocolate - 2.90",12.3,CARD,9751301175724520
09/07/2024 12:02,London Brixton,James Wise,"Large Iced americano - 2.50, Large Speciality Tea - Earl Grey - 1.60, Regular Espresso - 1.50",5.6,CARD,4538645820271066
09/07/2024 12:04,London Brixton,Susan Peterson,"Large Espresso - 1.80, Regular Smoothies - Carrot Kick - 2.00, Regular Hot chocolate - 2.20",6.0,CARD,1570128081702364
09/07/2024 12:06,London Brixton,Monica Larez,"Regular Speciality Tea - Earl Grey - 1.30, Large Hot chocolate - 2.90, Regular Iced americano - 2.15, Regular Smoothies - Carrot Kick - 2.00, Large Smoothies - Glowing Greens - 2.50",10.85,CARD,7614553057434884
09/07/2024 12:08,London Brixton,Sunday Love,"Regular Hot chocolate - 2.20, Large Hot chocolate - 2.90",5.1,CASH,
09/07/2024 12:10,London Brixton,Patrick Mccarthy,"Large Frappes - Strawberries & Cream - 3.25, Regular Smoothies - Glowing Greens - 2.00, Regular Speciality Tea - Earl Grey - 1.30, Large Espresso - 1.80",8.35,CARD,8964230575856386
09/07/2024 12:12,London Brixton,Carla Lyles,"Regular Smoothies - Glowing Greens - 2.00, Regular Espresso - 1.50, Large Frappes - Strawberries & Cream - 3.25, Regular Smoothies - Glowing Greens - 2.00",8.75,CASH,
09/07/2024 12:14,London Brixton,Randy Songer,"Large Frappes - Strawberries & Cream - 3.25, Large Iced americano - 2.50, Large Smoothies - Glowing Greens - 2.50",8.25,CARD,1490239718562600
09/07/2024 12:16,London Brixton,Wanda Obrien,Regular Hot chocolate - 2.20,2.2,CARD,2986017594901268
09/07/2024 12:18,London Brixton,Francis Nunez,"Regular Hot chocolate - 2.20, Regular Hot chocolate - 2.20, Large Speciality Tea - Earl Grey - 1.60, Regular Cappuccino - 2.15",8.15,CARD,2660265496363779
09/07/2024 12:20,London Brixton,Anna Roberson,"Regular Smoothies - Glowing Greens - 2.00, Regular Iced americano - 2.15",4.15,CASH,
09/07/2024 12:22,London Brixton,Natasha Britton,"Large Smoothies - Carrot Kick - 2.50, Large Smoothies - Carrot Kick - 2.50, Large Cappuccino - 2.45",7.45,CASH,
09/07/2024 12:24,London Brixton,Rose Espinoza,"Regular Espresso - 1.50, Large Cappuccino - 2.45, Regular Espresso - 1.50, Large Hot chocolate - 2.90",8.35,CARD,9745757202146370
09/07/2024 12:26,London Brixton,Jason Schulte,"Large Frappes - Strawberries & Cream - 3.25, Large Smoothies - Carrot Kick - 2.50, Regular Frappes - Strawberries & Cream - 2.75",8.5,CASH,
09/07/2024 12:27,London Brixton,Robert Earl,"Large Frappes - Strawberries & Cream - 3.25, Regular Smoothies - Carrot Kick - 2.00, Regular Cappuccino - 2.15",7.4,CARD,6871013584732195
09/07/2024 12:29,London Brixton,Harold Dunlap,"Regular Smoothies - Glowing Greens - 2.00, Large Smoothies - Carrot Kick - 2.50, Regular Hot chocolate - 2.20, Regular Cappuccino - 2.15, Large Hot chocolate - 2.90",11.75,CASH,
09/07/2024 12:31,London Brixton,James Blanco,"Regular Iced americano - 2.15, Regular Iced americano - 2.15, Large Frappes - Strawberries & Cream - 3.25, Regular Hot chocolate - 2.20",9.75,CASH,
09/07/2024 12:33,London Brixton,Maria Hubert,"Regular Iced americano - 2.15, Regular Cappuccino - 2.15",4.3,CARD,4586407317393563
09/07/2024 12:35,London Brixton,Emilio Adams,"Large Speciality Tea - Earl Grey - 1.60, Regular Smoothies - Glowing Greens - 2.00, Large Espresso - 1.80, Large Speciality Tea - Earl Grey - 1.60, Regular Frappes - Strawberries & Cream - 2.75",9.75,CARD,9747530427149496
09/07/2024 12:37,London Brixton,John Villanueva,Regular Smoothies - Carrot Kick - 2.00,2.0,CARD,4801612574792599
09/07/2024 12:39,London Brixton,Janet Mcconnell,"Large Cappuccino - 2.45, Large Speciality Tea - Earl Grey - 1.60, Regular Iced americano - 2.15, Large Cappuccino - 2.45",8.65,CASH,
09/07/2024 12:41,London Brixton,Thomas Anderson,"Regular Frappes - Strawberries & Cream - 2.75, Large Iced americano - 2.50, Regular Espresso - 1.50, Regular Espresso - 1.50",8.25,CARD,9861438683222963
09/07/2024 12:43,London Brixton,Wendy Yannone,"Large Smoothies - Glowing Greens - 2.50, Regular Frappes - Strawberries & Cream - 2.75",5.25,CARD,3974235681625168
09/07/2024 12:45,London Brixton,Patrick Lewis,"Large Iced americano - 2.50, Large Cappuccino - 2.45",4.95,CASH,
09/07/2024 12:47,London Brixton,Betty Faust,"Large Smoothies - Carrot Kick - 2.50, Large Iced americano - 2.50, Large Cappuccino - 2.45",7.45,CARD,5313991525186153
09/07/2024 12:49,London Brixton,James Cowan,Regular Hot chocolate - 2.20,2.2,CARD,5004695995688376
09/07/2024 12:51,London Brixton,Martin Block,"Regular Speciality Tea - Earl Grey - 1.30, Large Hot chocolate - 2.90, Regular Smoothies - Carrot Kick - 2.00, Large Espresso - 1.80, Regular Hot chocolate - 2.20",10.2,CARD,5445115963708294
09/07/2024 12:53,London Brixton,Barbara Zastawny,"Large Hot chocolate - 2.90, Regular Frappes - Strawberries & Cream - 2.75",5.65,CASH,
09/07/2024 12:55,London Brixton,Dannette Dukes,"Large Smoothies - Glowing Greens - 2.50, Large Smoothies - Glowing Greens - 2.50, Large Hot chocolate - 2.90, Regular Cappuccino - 2.15, Large Cappuccino - 2.45",12.5,CARD,9760259574442241
09/07/2024 12:56,London Brixton,Katrina Broadway,"Large Speciality Tea - Earl Grey - 1.60, Regular Cappuccino - 2.15, Large Hot chocolate - 2.90",6.65,CARD,3194761214275265
09/07/2024 12:58,London Brixton,Rita Smith,Large Smoothies - Carrot Kick - 2.50,2.5,CARD,6134550531538232
09/07/2024 13:00,London Brixton,Pedro Bland,Large Smoothies - Glowing Greens - 2.50,2.5,CARD,6217081548038069
09/07/2024 13:01,London Brixton,Pat Gann,"Regular Smoothies - Glowing Greens - 2.00, Large Espresso - 1.80, Regular Speciality Tea - Earl Grey - 1.30, Large Cappuccino - 2.45",7.55,CARD,9329612027719033
09/07/2024 13:02,London Brixton,Cayla Noel,"Regular Smoothies - Glowing Greens - 2.00, Large Hot chocolate - 2.90",4.9,CARD,3155997723559610
09/07/2024 13:03,London Brixton,Martha Morris,"Large Frappes - Strawberries & Cream - 3.25, Large Hot chocolate - 2.90, Regular Smoothies - Glowing Greens - 2.00",8.15,CARD,8259220404726612
09/07/2024 13:04,London Brixton,George Yasutake,"Large Iced americano - 2.50, Large Smoothies - Glowing Greens - 2.50",5.0,CARD,1321974949863368
09/07/2024 13:05,London Brixton,Robert Ward,"Large Smoothies - Carrot Kick - 2.50, Large Cappuccino - 2.45",4.95,CARD,7441486881948414
09/07/2024 13:06,London Brixton,Deborah Potts,Large Cappuccino - 2.45,2.45,CARD,5615530994233438
09/07/2024 13:07,London Brixton,Ronald Rueb,"Regular Iced americano - 2.15, Regular Cappuccino - 2.15, Regular Frappes - Strawberries & Cream - 2.75, Regular Smoothies - Glowing Greens - 2.00",9.05,CARD,3702274268837583
09/07/2024 13:08,London Brixton,Marcus Maxwell,"Large Hot chocolate - 2.90, Large Iced americano - 2.50",5.4,CARD,3790634628279291
09/07/2024 13:09,London Brixton,Robert Dick,Regular Frappes - Strawberries & Cream - 2.75,2.75,CASH,
09/07/2024 13:09,London Brixton,Thomas Garland,Regular Iced americano - 2.15,2.15,CARD,4576280626402655
09/07/2024 13:10,London Brixton,Patrick Wilson,"Large Cappuccino - 2.45, Regular Hot chocolate - 2.20, Regular Hot chocolate - 2.20",6.85,CASH,
09/07/2024 13:11,London Brixton,Barbara Souza,Regular Cappuccino - 2.15,2.15,CARD,9416705999660338
09/07/2024 13:12,London Brixton,Martha Weller,"Large Espresso - 1.80, Regular Cappuccino - 2.15",3.95,CARD,1219417445989636
09/07/2024 13:13,London Brixton,Lindsey Thai,Large Cappuccino - 2.45,2.45,CASH,
09/07/2024 13:14,London Brixton,Mark Cook,Large Hot chocolate - 2.90,2.9,CASH,
09/07/2024 13:15,London Brixton,John Grace,"Regular Speciality Tea - Earl Grey - 1.30, Large Smoothies - Carrot Kick - 2.50, Regular Iced americano - 2.15, Large Smoothies - Glowing Greens - 2.50, Large Smoothies - Carrot Kick - 2.50",10.95,CASH,
09/07/2024 13:16,London Brixton,Wendy Kauffman,"Large Smoothies - Glowing Greens - 2.50, Regular Speciality Tea - Earl Grey - 1.30, Regular Iced americano - 2.15, Regular Frappes - Strawberries & Cream - 2.75",8.7,CASH,
09/07/2024 13:17,London Brixton,Carlos Pena,"Large Smoothies - Glowing Greens - 2.50, Large Espresso - 1.80, Regular Speciality Tea - Earl Grey - 1.30",5.6,CARD,1255520068033014
09/07/2024 13:18,London Brixton,Clifford Weishaupt,"Regular Smoothies - Glowing Greens - 2.00, Regular Iced americano - 2.15, Regular Smoothies - Carrot Kick - 2.00",6.15,CARD,5428926482460966
09/07/2024 13:19,London Brixton,Everett Joyce,"Large Frappes - Strawberries & Cream - 3.25, Large Smoothies - Carrot Kick - 2.50, Regular Frappes - Strawberries & Cream - 2.75",8.5,CARD,4981796835056442
09/07/2024 13:20,London Brixton,Joshua Messina,"Regular Cappuccino - 2.15, Regular Frappes - Strawberries & Cream - 2.75, Large Speciality Tea - Earl Grey - 1.60",6.5,CARD,4093391998813932
09/07/2024 13:20,London Brixton,Thomas Hagerman,Regular Hot chocolate - 2.20,2.2,CASH,
09/07/2024 13:21,London Brixton,Linda Groves,"Regular Iced americano - 2.15, Large Iced americano - 2.50, Regular Smoothies - Carrot Kick - 2.00, Large Hot chocolate - 2.90, Regular Smoothies - Glowing Greens - 2.00, Regular Iced americano - 2.15",13.7,CARD,9311042767836507
09/07/2024 13:22,London Brixton,William Knotts,"Large Hot chocolate - 2.90, Large Cappuccino - 2.45",5.35,CASH,
09/07/2024 13:23,London Brixton,Brooks Ramirez,Regular Cappuccino - 2.15,2.15,CARD,4493185478839458
09/07/2024 13:24,London Brixton,Alicia Balliew,"Large Speciality Tea - Earl Grey - 1.60, Regular Frappes - Strawberries & Cream - 2.75",4.35,CASH,
09/07/2024 13:25,London Brixton,Janice Sweat,Large Smoothies - Carrot Kick - 2.50,2.5,CARD,8133021407999458
09/07/2024 13:26,London Brixton,Derek Dow,"Large Smoothies - Glowing Greens - 2.50, Large Smoothies - Glowing Greens - 2.50, Large Smoothies - Carrot Kick - 2.50",7.5,CASH,
09/07/2024 13:27,London Brixton,Martha Wattles,"Large Espresso - 1.80, Regular Iced americano - 2.15, Regular Speciality Tea - Earl Grey - 1.30",5.25,CARD,9964721074686324
09/07/2024 13:28,London Brixton,Alishia Harkavy,"Regular Iced americano - 2.15, Large Hot chocolate - 2.90, Large Smoothies - Glowing Greens - 2.50",7.55,CARD,4621453791091032
09/07/2024 13:29,London Brixton,Peggy Johnson,Regular Iced americano - 2.15,2.15,CARD,3567967594348425
09/07/2024 13:30,London Brixton,Darren Duren,"Regular Smoothies - Glowing Greens - 2.00, Regular Cappuccino - 2.15, Regular Frappes - Strawberries & Cream - 2.75",6.9,CARD,2047731405208227
09/07/2024 13:31,London Brixton,Jeremy Jacoby,Large Iced americano - 2.50,2.5,CARD,3499947592355717
09/07/2024 13:31,London Brixton,James Mendez,"Regular Speciality Tea - Earl Grey - 1.30, Regular Smoothies - Carrot Kick - 2.00, Large Cappuccino - 2.45, Regular Espresso - 1.50",7.25,CASH,
09/07/2024 13:32,London Brixton,David Gamble,"Regular Iced americano - 2.15, Large Hot chocolate - 2.90",5.05,CARD,2314032659408316
09/07/2024 13:33,London Brixton,John Johnson,"Regular Espresso - 1.50, Regular Hot chocolate - 2.20, Large Iced americano - 2.50, Large Speciality Tea - Earl Grey - 1.60",7.8,CASH,
09/07/2024 13:34,London Brixton,Joseph Wilson,"Large Iced americano - 2.50, Large Speciality Tea - Earl Grey - 1.60, Large Smoothies - Glowing Greens - 2.50",6.6,CARD,7687487470473637
09/07/2024 13:35,London Brixton,Richard Smith,"Regular Smoothies - Glowing Greens - 2.00, Large Speciality Tea - Earl Grey - 1.60",3.6,CARD,8126498504405710
09/07/2024 13:36,London Brixton,Miriam Frazier,"Regular Cappuccino - 2.15, Large Frappes - Strawberries & Cream - 3.25, Large Iced americano - 2.50",7.9,CARD,3648237658535756
09/07/2024 13:37,London Brixton,Tempie Page,"Regular Smoothies - Carrot Kick - 2.00, Large Smoothies - Carrot Kick - 2.50, Large Smoothies - Carrot Kick - 2.50, Regular Iced americano - 2.15, Large Speciality Tea - Earl Grey - 1.60, Regular Cappuccino - 2.15",12.9,CARD,4019985087100688
09/07/2024 13:38,London Brixton,Paula Burns,"Large Cappuccino - 2.45, Regular Espresso - 1.50",3.95,CARD,1782989443122928
09/07/2024 13:39,London Brixton,Jose Dotolo,Regular Espresso - 1.50,1.5,CASH,
09/07/2024 13:40,London Brixton,Alberta Mallen,"Regular Iced americano - 2.15, Regular Cappuccino - 2.15",4.3,CARD,3930323486895543
09/07/2024 13:41,London Brixton,Cindy Moon,"Large Smoothies - Glowing Greens - 2.50, Regular Smoothies - Carrot Kick - 2.00, Large Espresso - 1.80",6.3,CARD,6122910924915326
09/07/2024 13:42,London Brixton,Mary Navejas,Regular Frappes - Strawberries & Cream - 2.75,2.75,CARD,5151300460615166
09/07/2024 13:42,London Brixton,Branden Shu,"Regular Smoothies - Carrot Kick - 2.00, Regular Cappuccino - 2.15, Large Frappes - Strawberries & Cream - 3.25, Regular Smoothies - Carrot Kick - 2.00",9.4,CARD,2608180267763839
09/07/2024 13:43,London Brixton,Maria Jervey,Large Speciality Tea - Earl Grey - 1.60,1.6,CARD,5002757165860488
09/07/2024 13:44,London Brixton,Marie Havens,"Regular Smoothies - Glowing Greens - 2.00, Regular Espresso - 1.50, Regular Speciality Tea - Earl Grey - 1.30, Regular Speciality Tea - Earl Grey - 1.30",6.1,CARD,3854291443992108
09/07/2024 13:45,London Brixton,Carla Behr,"Regular Espresso - 1.50, Regular Iced americano - 2.15",3.65,CASH,
09/07/2024 13:46,London Brixton,Mark Hathcock,Large Speciality Tea - Earl Grey - 1.60,1.6,CARD,1978906363529731
09/07/2024 13:47,London Brixton,Penny Richard,"Regular Speciality Tea - Earl Grey - 1.30, Regular Iced americano - 2.15, Large Smoothies - Glowing Greens - 2.50, Large Speciality Tea - Earl Grey - 1.60",7.55,CARD,5953444737880622
09/07/2024 13:48,London Brixton,Walter Sanford,"Regular Hot chocolate - 2.20, Regular Hot chocolate - 2.20, Regular Iced americano - 2.15, Regular Smoothies - Carrot Kick - 2.00, Large Iced americano - 2.50",11.05,CASH,
09/07/2024 13:49,London Brixton,Lee Caddick,"Regular Hot chocolate - 2.20, Regular Iced americano - 2.15",4.35,CARD,9559010444787747
09/07/2024 13:50,London Brixton,Eric Thornton,"Large Hot chocolate - 2.90, Regular Speciality Tea - Earl Grey - 1.30",4.2,CARD,3935057647731727
09/07/2024 13:51,London Brixton,Florence Moore,"Regular Speciality Tea - Earl Grey - 1.30, Large Cappuccino - 2.45, Regular Hot chocolate - 2.20",5.95,CASH,
09/07/2024 13:52,London Brixton,Harold Wojner,"Regular Cappuccino - 2.15, Regular Smoothies - Glowing Greens - 2.00, Large Hot chocolate - 2.90, Regular Cappuccino - 2.15",9.2,CARD,9237473494249356
09/07/2024 13:53,London Brixton,Gloria Rodriguez,"Large Iced americano - 2.50, Regular Hot chocolate - 2.20, Large Smoothies - Carrot Kick - 2.50",7.2,CARD,7060463840892099
09/07/2024 13:53,London Brixton,Carmen Dyce,"Regular Smoothies - Glowing Greens - 2.00, Regular Hot chocolate - 2.20",4.2,CARD,2901356665588236
09/07/2024 13:54,London Brixton,Veronica Murray,"Regular Cappuccino - 2.15, Large Hot chocolate - 2.90",5.05,CASH,
09/07/2024 13:55,London Brixton,Christopher Mcchristian,"Large Hot chocolate - 2.90, Regular Hot chocolate - 2.20, Regular Speciality Tea - Earl Grey - 1.30, Regular Iced americano - 2.15",8.55,CARD,8448640285042528
09/07/2024 13:56,London Brixton,Paulette Roberts,"Regular Speciality Tea - Earl Grey - 1.30, Regular Hot chocolate - 2.20, Regular Frappes - Strawberries & Cream - 2.75, Regular Iced americano - 2.15, Large Frappes - Strawberries & Cream - 3.25, Regular Smoothies - Glowing Greens - 2.00",13.65,CARD,1043203004101666
09/07/2024 13:57,London Brixton,Steven Fulks,"Regular Iced americano - 2.15, Large Smoothies - Glowing Greens - 2.50, Regular Hot chocolate - 2.20, Regular Frappes - Strawberries & Cream - 2.75",9.6,CARD,4159417579445694
09/07/2024 13:58,London Brixton,Marcos Warren,"Large Hot chocolate - 2.90, Regular Iced americano - 2.15, Regular Frappes - Strawberries & Cream - 2.75, Regular Cappuccino - 2.15",9.95,CASH,
09/07/2024 13:59,London Brixton,David Turner,"Large Smoothies - Glowing Greens - 2.50, Regular Speciality Tea - Earl Grey - 1.30, Regular Cappuccino - 2.15, Large Hot chocolate - 2.90",8.85,CARD,2617835818899092
09/07/2024 14:00,London Brixton,Evette Mccluer,Large Iced americano - 2.50,2.5,CASH,
09/07/2024 14:01,London Brixton,Angelo Giampietro,"Large Speciality Tea - Earl Grey - 1.60, Large Frappes - Strawberries & Cream - 3.25, Large Speciality Tea - Earl Grey - 1.60, Regular Iced americano - 2.15, Large Frappes - Strawberries & Cream - 3.25",11.85,CARD,5783521704521585
09/07/2024 14:02,London Brixton,Barry Wight,"Regular Iced americano - 2.15, Large Speciality Tea - Earl Grey - 1.60",3.75,CARD,8038519322104321
09/07/2024 14:03,London Brixton,Darlene Foley,"Large Speciality Tea - Earl Grey - 1.60, Regular Espresso - 1.50, Regular Speciality Tea - Earl Grey - 1.30",4.4,CARD,5984009828784556
09/07/2024 14:04,London Brixton,Victoria Solis,"Large Speciality Tea - Earl Grey - 1.60, Regular Espresso - 1.50, Large Speciality Tea - Earl Grey - 1.60",4.7,CARD,9049424957329010
09/07/2024 14:05,London Brixton,Elaine Terry,"Large Speciality Tea - Earl Grey - 1.60, Large Speciality Tea - Earl Grey - 1.60, Regular Speciality Tea - Earl Grey - 1.30",4.5,CARD,5918465404917025
09/07/2024 14:06,London Brixton,James Fossett,"Regular Iced americano - 2.15, Regular Frappes - Strawberries & Cream - 2.75, Regular Speciality Tea - Earl Grey - 1.30, Regular Cappuccino - 2.15",8.35,CARD,4525493771877430
09/07/2024 14:07,London Brixton,Roberta Serrato,"Regular Iced americano - 2.15, Large Smoothies - Carrot Kick - 2.50, Regular Frappes - Strawberries & Cream - 2.75, Large Speciality Tea - Earl Grey - 1.60, Regular Espresso - 1.50",10.5,CARD,9433033050352748
09/07/2024 14:08,London Brixton,John Blaylock,"Large Espresso - 1.80, Regular Espresso - 1.50, Regular Smoothies - Carrot Kick - 2.00, Regular Smoothies - Glowing Greens - 2.00, Regular Iced americano - 2.15, Large Smoothies - Carrot Kick - 2.50",11.95,CARD,7113931559196208
09/07/2024 14:09,London Brixton,Betsy Curran,Large Speciality Tea - Earl Grey - 1.60,1.6,CARD,1024477902775356
09/07/2024 14:10,London Brixton,Consuelo Cumming,Regular Iced americano - 2.15,2.15,CASH,
09/07/2024 14:11,London Brixton,Dustin Tattershall,"Regular Speciality Tea - Earl Grey - 1.30, Large Hot chocolate - 2.90, Regular Cappuccino - 2.15, Large Frappes - Strawberries & Cream - 3.25, Large Iced americano - 2.50, Large Espresso - 1.80",13.9,CARD,4216052686390403
09/07/2024 14:12,London Brixton,John Lawrence,Regular Espresso - 1.50,1.5,CASH,
09/07/2024 14:13,London Brixton,James Long,"Regular Iced americano - 2.15, Large Frappes - Strawberries & Cream - 3.25, Regular Frappes - Strawberries & Cream - 2.75",8.15,CARD,6630059640246248
09/07/2024 14:14,London Brixton,Randal Moses,"Regular Smoothies - Glowing Greens - 2.00, Large Hot chocolate - 2.90, Regular Smoothies - Glowing Greens - 2.00, Regular Smoothies - Glowing Greens - 2.00, Regular Espresso - 1.50",10.4,CASH,
09/07/2024 14:15,London Brixton,Sandra Cheslock,"Large Speciality Tea - Earl Grey - 1.60, Regular Frappes - Strawberries & Cream - 2.75, Regular Iced americano - 2.15, Large Frappes - Strawberries & Cream - 3.25",9.75,CARD,6277637255377698
09/07/2024 14:16,London Brixton,Vincent Sargeant,"Large Frappes - Strawberries & Cream - 3.25, Regular Speciality Tea - Earl Grey - 1.30, Large Iced americano - 2.50",7.05,CARD,4766003337776433
09/07/2024 14:17,London Brixton,David Reynolds,"Large Smoothies - Glowing Greens - 2.50, Large Iced americano - 2.50",5.0,CARD,7372539761912409
09/07/2024 14:18,London Brixton,Angelica Cherenfant,"Large Espresso - 1.80, Regular Speciality Tea - Earl Grey - 1.30, Large Espresso - 1.80, Large Cappuccino - 2.45",7.35,CARD,9001807269127135
09/07/2024 14:19,London Brixton,Randall Perry,Regular Speciality Tea - Earl Grey - 1.30,1.3,CARD,9169767818278501
09/07/2024 14:20,London Brixton,Joyce Kimmell,"Regular Hot chocolate - 2.20, Regular Speciality Tea - Earl Grey - 1.30",3.5,CARD,8301409512167323
09/07/2024 14:21,London Brixton,Chris Young,"Large Speciality Tea - Earl Grey - 1.60, Large Iced americano - 2.50",4.1,CARD,3449768479214992
09/07/2024 14:22,London Brixton,Jeanne Hoskins,"Regular Iced americano - 2.15, Regular Frappes - Strawberries & Cream - 2.75, Large Espresso - 1.80, Regular Cappuccino - 2.15",8.85,CARD,3674356123636997
09/07/2024 14:23,London Brixton,Margaret Studeny,"Regular Smoothies - Carrot Kick - 2.00, Large Frappes - Strawberries & Cream - 3.25",5.25,CARD,7925460570812679
09/07/2024 14:23,London Brixton,Mary Rathbun,"Large Speciality Tea - Earl Grey - 1.60, Regular Smoothies - Carrot Kick - 2.00",3.6,CARD,1034505575046232
09/07/2024 14:24,London Brixton,Elwood Cooper,Regular Smoothies - Carrot Kick - 2.00,2.0,CASH,
09/07/2024 14:25,London Brixton,Dolores Sanders,"Large Iced americano - 2.50, Large Espresso - 1.80, Regular Frappes - Strawberries & Cream - 2.75, Regular Cappuccino - 2.15",9.2,CARD,9559820941133622
09/07/2024 14:26,London Brixton,Donald Hart,"Large Iced americano - 2.50, Regular Espresso - 1.50, Regular Frappes - Strawberries & Cream - 2.75, Regular Cappuccino - 2.15",8.9,CARD,5747774559253873
09/07/2024 14:27,London Brixton,Ruth Byrnes,"Regular Espresso - 1.50, Large Speciality Tea - Earl Grey - 1.60",3.1,CASH,
09/07/2024 14:28,London Brixton,Angie Thorpe,"Large Iced americano - 2.50, Large Espresso - 1.80",4.3,CARD,4830072269623495
09/07/2024 14:29,London Brixton,Gertrude Beresford,Large Smoothies - Glowing Greens - 2.50,2.5,CASH,
09/07/2024 14:30,London Brixton,Irina Hopkins,"Large Speciality Tea - Earl Grey - 1.60, Large Speciality Tea - Earl Grey - 1.60",3.2,CARD,5653437593246373
09/07/2024 14:31,London Brixton,Jonathan Dunagan,"Large Smoothies - Glowing Greens - 2.50, Regular Smoothies - Glowing Greens - 2.00, Regular Hot chocolate - 2.20, Large Frappes - Strawberries & Cream - 3.25",9.95,CARD,2597223499286105
09/07/2024 14:32,London Brixton,Darryl So,"Large Cappuccino - 2.45, Regular Espresso - 1.50, Regular Speciality Tea - Earl Grey - 1.30",5.25,CARD,1938088464616496
09/07/2024 14:33,London Brixton,Michael Patel,"Regular Espresso - 1.50, Large Hot chocolate - 2.90",4.4,CARD,3553510927733063
09/07/2024 14:34,London Brixton,Bette Cooper,Large Speciality Tea - Earl Grey - 1.60,1.6,CARD,8263735889005481
09/07/2024 14:35,London Brixton,Lori Davis,"Large Espresso - 1.80, Regular Iced americano - 2.15, Large Cappuccino - 2.45, Regular Hot chocolate - 2.20, Regular Espresso - 1.50",10.1,CARD,5719122958384914
09/07/2024 14:36,London Brixton,Kevin Williams,"Regular Speciality Tea - Earl Grey - 1.30, Regular Smoothies - Carrot Kick - 2.00",3.3,CARD,4257513107186460
09/07/2024 14:37,London Brixton,Terry Lee,"Large Smoothies - Glowing Greens - 2.50, Regular Espresso - 1.50, Large Smoothies - Glowing Greens - 2.50, Regular Cappuccino - 2.15, Large Hot chocolate - 2.90",11.55,CARD,9611837128258915
09/07/2024 14:38,London Brixton,Erica Brown,"Large Smoothies - Carrot Kick - 2.50, Regular Smoothies - Carrot Kick - 2.00, Regular Hot chocolate - 2.20",6.7,CARD,9326355139855933
09/07/2024 14:39,London Brixton,John Loveless,"Large Espresso - 1.80, Large Frappes - Strawberries & Cream - 3.25",5.05,CARD,3553456162743295
09/07/2024 14:40,London Brixton,Ashley Motta,"Regular Smoothies - Glowing Greens - 2.00, Regular Hot chocolate - 2.20, Large Speciality Tea - Earl Grey - 1.60, Large Iced americano - 2.50",8.3,CARD,3036725284780775
09/07/2024 14:41,London Brixton,Lenard East,"Large Smoothies - Glowing Greens - 2.50, Regular Cappuccino - 2.15, Regular Hot chocolate - 2.20, Regular Hot chocolate - 2.20",9.05,CARD,5021155312473019
09/07/2024 14:42,London Brixton,David Gadson,Large Cappuccino - 2.45,2.45,CASH,
09/07/2024 14:43,London Brixton,Robert Guzman,"Large Iced americano - 2.50, Regular Espresso - 1.50",4.0,CARD,3147420125999563
09/07/2024 14:44,London Brixton,Lamont Brunson,"Regular Hot chocolate - 2.20, Regular Cappuccino - 2.15, Large Speciality Tea - Earl Grey - 1.60, Regular Espresso - 1.50, Regular Smoothies - Glowing Greens - 2.00",9.45,CASH,
09/07/2024 14:45,London Brixton,Joel Lancaster,Large Espresso - 1.80,1.8,CARD,6118910032350093
09/07/2024 14:46,London Brixton,Rickey Stitt,"Regular Speciality Tea - Earl Grey - 1.30, Regular Espresso - 1.50, Large Speciality Tea - Earl Grey - 1.60, Large Smoothies - Glowing Greens - 2.50",6.9,CASH,
09/07/2024 14:47,London Brixton,Benjamin Franklin,"Large Cappuccino - 2.45, Regular Espresso - 1.50, Large Cappuccino - 2.45, Large Frappes - Strawberries & Cream - 3.25, Regular Espresso - 1.50, Regular Frappes - Strawberries & Cream - 2.75",13.9,CASH,
09/07/2024 14:48,London Brixton,Christopher Liston,Large Speciality Tea - Earl Grey - 1.60,1.6,CARD,1728801600314988
09/07/2024 14:49,London Brixton,Priscilla Graham,Regular Smoothies - Glowing Greens - 2.00,2.0,CASH,
09/07/2024 14:50,London Brixton,Javier Delgado,"Regular Espresso - 1.50, Large Speciality Tea - Earl Grey - 1.60, Large Speciality Tea - Earl Grey - 1.60, Regular Smoothies - Carrot Kick - 2.00, Regular Smoothies - Carrot Kick - 2.00",8.7,CASH,
09/07/2024 14:51,London Brixton,Ashley Gregory,"Regular Espresso - 1.50, Large Cappuccino - 2.45",3.95,CARD,3727787209904840
09/07/2024 14:52,London Brixton,Patrick Nguyen,"Regular Frappes - Strawberries & Cream - 2.75, Large Espresso - 1.80",4.55,CASH,
09/07/2024 14:53,London Brixton,Pedro Frost,"Large Hot chocolate - 2.90, Large Speciality Tea - Earl Grey - 1.60, Large Espresso - 1.80, Regular Smoothies - Glowing Greens - 2.00",8.3,CASH,
09/07/2024 14:54,London Brixton,Noel Dawson,"Regular Frappes - Strawberries & Cream - 2.75, Regular Espresso - 1.50, Regular Iced americano - 2.15, Regular Cappuccino - 2.15",8.55,CARD,3395051496324929
09/07/2024 14:55,London Brixton,Kimberly Schaffer,"Regular Smoothies - Carrot Kick - 2.00, Regular Speciality Tea - Earl Grey - 1.30",3.3,CARD,2187826393981255
09/07/2024 14:56,London Brixton,Brittany Pepin,Large Espresso - 1.80,1.8,CARD,8059163611557640
09/07/2024 14:57,London Brixton,Charles Mcmasters,Large Hot chocolate - 2.90,2.9,CASH,
09/07/2024 14:58,London Brixton,William Lang,"Large Speciality Tea - Earl Grey - 1.60, Regular Hot chocolate - 2.20, Large Iced americano - 2.50, Large Smoothies - Carrot Kick - 2.50",8.8,CARD,6046262154452247
09/07/2024 14:59,London Brixton,Edward Rudd,"Large Frappes - Strawberries & Cream - 3.25, Large Espresso - 1.80, Regular Hot chocolate - 2.20, Regular Iced americano - 2.15, Large Smoothies - Carrot Kick - 2.50",11.9,CARD,5233566184431371
09/07/2024 15:00,London Brixton,Dorthy Holman,"Regular Speciality Tea - Earl Grey - 1.30, Large Hot chocolate - 2.90, Regular Frappes - Strawberries & Cream - 2.75, Large Iced americano - 2.50, Regular Cappuccino - 2.15",11.6,CARD,1987090555954768
09/07/2024 15:02,London Brixton,George Smith,"Large Hot chocolate - 2.90, Regular Espresso - 1.50, Regular Smoothies - Glowing Greens - 2.00, Large Smoothies - Glowing Greens - 2.50",8.9,CASH,
09/07/2024 15:03,London Brixton,Kevin Smiley,"Regular Speciality Tea - Earl Grey - 1.30, Regular Espresso - 1.50",2.8,CASH,
09/07/2024 15:05,London Brixton,Victor Morton,"Large Hot chocolate - 2.90, Regular Smoothies - Glowing Greens - 2.00",4.9,CARD,3001243036296761
09/07/2024 15:07,London Brixton,Karon Mitchell,Large Cappuccino - 2.45,2.45,CARD,9977632487654786
09/07/2024 15:08,London Brixton,Jesse Matthews,"Large Hot chocolate - 2.90, Regular Speciality Tea - Earl Grey - 1.30, Large Smoothies - Carrot Kick - 2.50, Regular Hot chocolate - 2.20",8.9,CARD,6589850371307027
09/07/2024 15:10,London Brixton,James Taylor,"Large Speciality Tea - Earl Grey - 1.60, Large Smoothies - Carrot Kick - 2.50, Regular Smoothies - Glowing Greens - 2.00",6.1,CARD,8336794104000279
09/07/2024 15:12,London Brixton,Shanna Detrick,Regular Hot chocolate - 2.20,2.2,CARD,7316243035797493
09/07/2024 15:14,London Brixton,Jose Ng,"Large Espresso - 1.80, Large Frappes - Strawberries & Cream - 3.25",5.05,CARD,8342765728541617
09/07/2024 15:15,London Brixton,Courtney Montgomery,"Regular Cappuccino - 2.15, Large Speciality Tea - Earl Grey - 1.60, Large Hot chocolate - 2.90, Regular Hot chocolate - 2.20",8.85,CASH,
09/07/2024 15:17,London Brixton,Esteban Lewis,Large Smoothies - Glowing Greens - 2.50,2.5,CARD,6970371334800534
09/07/2024 15:19,London Brixton,Jill Nickerson,"Regular Cappuccino - 2.15, Large Frappes - Strawberries & Cream - 3.25",5.4,CARD,3009527282871395
09/07/2024 15:20,London Brixton,Alex Leclerc,"Regular Espresso - 1.50, Regular Iced americano - 2.15, Regular Smoothies - Glowing Greens - 2.00, Regular Hot chocolate - 2.20, Regular Speciality Tea - Earl Grey - 1.30",9.15,CARD,3536933831659084
09/07/2024 15:22,London Brixton,Theresa Bordelon,Regular Smoothies - Glowing Greens - 2.00,2.0,CARD,3868179503348577
09/07/2024 15:24,London Brixton,Katie Stafford,"Regular Speciality Tea - Earl Grey - 1.30, Large Speciality Tea - Earl Grey - 1.60, Large Hot chocolate - 2.90",5.8,CARD,5248123157431568
09/07/2024 15:25,London Brixton,Sally Ford,"Regular Espresso - 1.50, Regular Smoothies - Glowing Greens - 2.00, Large Speciality Tea - Earl Grey - 1.60",5.1,CARD,1159986285786358
09/07/2024 15:27,London Brixton,Micah Delisle,"Regular Smoothies - Carrot Kick - 2.00, Regular Frappes - Strawberries & Cream - 2.75, Large Hot chocolate - 2.90, Regular Hot chocolate - 2.20",9.85,CARD,7215873333758452
09/07/2024 15:29,London Brixton,Donald Betz,Large Hot chocolate - 2.90,2.9,CARD,8407622532669474
09/07/2024 15:31,London Brixton,Mary Tickle,"Regular Speciality Tea - Earl Grey - 1.30, Large Smoothies - Glowing Greens - 2.50, Regular Espresso - 1.50",5.3,CASH,
09/07/2024 15:32,London Brixton,Joyce Dawson,"Regular Hot chocolate - 2.20, Large Cappuccino - 2.45, Regular Speciality Tea - Earl Grey - 1.30",5.95,CARD,4814527056163046
09/07/2024 15:34,London Brixton,Gladys Stacy,Large Iced americano - 2.50,2.5,CARD,5269873820392201
09/07/2024 15:36,London Brixton,Jean Simon,"Regular Smoothies - Glowing Greens - 2.00, Regular Cappuccino - 2.15",4.15,CASH,
09/07/2024 15:37,London Brixton,Marshall Oconnell,"Large Frappes - Strawberries & Cream - 3.25, Regular Iced americano - 2.15",5.4,CARD,9779972097941623
09/07/2024 15:39,London Brixton,Judson Douglas,"Large Iced americano - 2.50, Large Speciality Tea - Earl Grey - 1.60, Regular Smoothies - Glowing Greens - 2.00, Regular Hot chocolate - 2.20",8.3,CASH,
09/07/2024 15:41,London Brixton,Linda Madsen,Large Smoothies - Carrot Kick - 2.50,2.5,CARD,1653033498839681
09/07/2024 15:42,London Brixton,Yong Dryden,"Large Espresso - 1.80, Regular Smoothies - Carrot Kick - 2.00",3.8,CASH,
09/07/2024 15:44,London Brixton,James Frederick,Large Cappuccino - 2.45,2.45,CARD,8439171271425897
09/07/2024 15:46,London Brixton,Larry Neal,"Large Hot chocolate - 2.90, Large Smoothies - Glowing Greens - 2.50, Regular Espresso - 1.50",6.9,CARD,2411883664797257
09/07/2024 15:48,London Brixton,Marian Bryant,"Large Frappes - Strawberries & Cream - 3.25, Regular Hot chocolate - 2.20, Regular Iced americano - 2.15, Large Espresso - 1.80, Regular Frappes - Strawberries & Cream - 2.75",12.15,CARD,7237002826505693
09/07/2024 15:49,London Brixton,Karen Keller,"Regular Hot chocolate - 2.20, Regular Speciality Tea - Earl Grey - 1.30",3.5,CARD,8838476903117735
09/07/2024 15:51,London Brixton,Ronald White,"Regular Espresso - 1.50, Regular Speciality Tea - Earl Grey - 1.30, Regular Speciality Tea - Earl Grey - 1.30, Regular Espresso - 1.50",5.6,CARD,9926502366046652
09/07/2024 15:53,London Brixton,Francisco Babbitt,"Regular Smoothies - Glowing Greens - 2.00, Regular Espresso - 1.50",3.5,CARD,6234311528733475
09/07/2024 15:54,London Brixton,Terry Bode,Large Smoothies - Carrot Kick - 2.50,2.5,CASH,
09/07/2024 15:56,London Brixton,Armand Miller,"Large Hot chocolate - 2.90, Large Espresso - 1.80, Large Cappuccino - 2.45",7.15,CARD,2922079976169714
09/07/2024 15:58,London Brixton,Gerri Dishman,"Regular Smoothies - Glowing Greens - 2.00, Large Hot chocolate - 2.90",4.9,CASH,
09/07/2024 16:00,London Brixton,Natalie Lowe,Large Speciality Tea - Earl Grey - 1.60,1.6,CARD,6328704749766705
09/07/2024 16:03,London Brixton,Irene Johnson,"Regular Cappuccino - 2.15, Regular Cappuccino - 2.15, Large Frappes - Strawberries & Cream - 3.25",7.55,CARD,2682411290178274
09/07/2024 16:06,London Brixton,Brent Sandoval,"Large Iced americano - 2.50, Regular Hot chocolate - 2.20, Regular Hot chocolate - 2.20, Regular Speciality Tea - Earl Grey - 1.30",8.2,CASH,
09/07/2024 16:09,London Brixton,Jose French,Large Iced americano - 2.50,2.5,CASH,
09/07/2024 16:12,London Brixton,Beverly Jenkins,Large Hot chocolate - 2.90,2.9,CARD,7490243804342555
09/07/2024 16:15,London Brixton,Jeffrey Lassiter,Large Iced americano - 2.50,2.5,CARD,8728401478209342
09/07/2024 16:18,London Brixton,Sharon Tagg,"Regular Frappes - Strawberries & Cream - 2.75, Regular Espresso - 1.50, Large Iced americano - 2.50",6.75,CARD,7063598273765328
09/07/2024 16:22,London Brixton,Gloria Guajardo,"Large Smoothies - Glowing Greens - 2.50, Large Smoothies - Glowing Greens - 2.50, Large Hot chocolate - 2.90, Regular Speciality Tea - Earl Grey - 1.30",9.2,CARD,6040200914831466
09/07/2024 16:25,London Brixton,Joseph Dorich,"Large Espresso - 1.80, Large Speciality Tea - Earl Grey - 1.60",3.4,CARD,5039031292244474
09/07/2024 16:28,London Brixton,Roger Szerszen,"Regular Hot chocolate - 2.20, Regular Frappes - Strawberries & Cream - 2.75",4.95,CARD,4007731974902259
09/07/2024 16:31,London Brixton,Lorraine Bumgarner,"Regular Iced americano - 2.15, Regular Speciality Tea - Earl Grey - 1.30, Regular Smoothies - Glowing Greens - 2.00, Regular Speciality Tea - Earl Grey - 1.30",6.75,CASH,
09/07/2024 16:34,London Brixton,Lisa Johnson,Regular Espresso - 1.50,1.5,CARD,8927129511946289
09/07/2024 16:37,London Brixton,Irene Warren,Regular Hot chocolate - 2.20,2.2,CASH,
09/07/2024 16:41,London Brixton,Nicholas Adams,Large Hot chocolate - 2.90,2.9,CARD,6541338327199269
09/07/2024 16:44,London Brixton,Edna Cox,"Large Iced americano - 2.50, Regular Smoothies - Glowing Greens - 2.00, Regular Smoothies - Glowing Greens - 2.00, Large Iced americano - 2.50, Regular Smoothies - Glowing Greens - 2.00, Regular Smoothies - Carrot Kick - 2.00",13.0,CASH,
09/07/2024 16:47,London Brixton,Lorene Campos,"Regular Smoothies - Carrot Kick - 2.00, Regular Cappuccino - 2.15, Large Speciality Tea - Earl Grey - 1.60",5.75,CARD,8507679612441106
09/07/2024 16:50,London Brixton,William Pineda,"Regular Frappes - Strawberries & Cream - 2.75, Regular Speciality Tea - Earl Grey - 1.30, Large Hot chocolate - 2.90",6.95,CARD,3208545416769323
09/07/2024 16:53,London Brixton,Gregory Lorenzen,"Large Smoothies - Glowing Greens - 2.50, Large Speciality Tea - Earl Grey - 1.60, Large Smoothies - Glowing Greens - 2.50, Large Smoothies - Carrot Kick - 2.50, Regular Iced americano - 2.15",11.25,CASH,
09/07/2024 16:56,London Brixton,Grace Mccarthy,"Large Hot chocolate - 2.90, Large Cappuccino - 2.45, Large Espresso - 1.80, Large Smoothies - Glowing Greens - 2.50, Large Hot chocolate - 2.90",12.55,CARD,8212857417065386
09/07/2024 16:59,London Brixton,Carl Bell,"Large Speciality Tea - Earl Grey - 1.60, Large Speciality Tea - Earl Grey - 1.60, Regular Frappes - Strawberries & Cream - 2.75",5.95,CARD,4984146320546692
09/07/2024 17:03,London Brixton,Melva Hansen,"Regular Frappes - Strawberries & Cream - 2.75, Regular Hot chocolate - 2.20, Large Cappuccino - 2.45, Large Cappuccino - 2.45",9.85,CASH,
09/07/2024 17:05,London Brixton,John Eckert,"Large Espresso - 1.80, Large Smoothies - Glowing Greens - 2.50, Large Iced americano - 2.50, Regular Iced americano - 2.15, Regular Frappes - Strawberries & Cream - 2.75",11.7,CARD,5014978529886259
09/07/2024 17:07,London Brixton,Roberto Gallegos,"Large Frappes - Strawberries & Cream - 3.25, Regular Frappes - Strawberries & Cream - 2.75, Large Hot chocolate - 2.90",8.9,CARD,2612079635848811
09/07/2024 17:10,London Brixton,Oliver Stevens,Regular Smoothies - Carrot Kick - 2.00,2.0,CARD,8348089887724383
09/07/2024 17:12,London Brixton,Ashley Long,Large Cappuccino - 2.45,2.45,CARD,6341930884002130
09/07/2024 17:15,London Brixton,Barbara Urquhart,Large Cappuccino - 2.45,2.45,CARD,6392016464209184
09/07/2024 17:17,London Brixton,Arturo Staples,"Regular Hot chocolate - 2.20, Regular Iced americano - 2.15, Regular Speciality Tea - Earl Grey - 1.30",5.65,CARD,2843263929128785
09/07/2024 17:19,London Brixton,Fannie Hochmuth,"Large Iced americano - 2.50, Regular Frappes - Strawberries & Cream - 2.75, Regular Speciality Tea - Earl Grey - 1.30",6.55,CARD,4795579898900378
09/07/2024 17:22,London Brixton,Cory Barnes,"Large Iced americano - 2.50, Regular Smoothies - Carrot Kick - 2.00, Regular Frappes - Strawberries & Cream - 2.75, Large Smoothies - Carrot Kick - 2.50, Regular Frappes - Strawberries & Cream - 2.75",12.5,CASH,
09/07/2024 17:24,London Brixton,Regina Bouchard,Large Frappes - Strawberries & Cream - 3.25,3.25,CARD,2728566018174424
09/07/2024 17:27,London Brixton,Rodolfo Mills,"Large Espresso - 1.80, Regular Smoothies - Carrot Kick - 2.00, Large Espresso - 1.80",5.6,CARD,7839467888956567
09/07/2024 17:29,London Brixton,Joseph Sykes,"Large Hot chocolate - 2.90, Regular Hot chocolate - 2.20, Regular Speciality Tea - Earl Grey - 1.30",6.4,CARD,1177076221570703
09/07/2024 17:31,London Brixton,Hazel Washington,Large Smoothies - Glowing Greens - 2.50,2.5,CASH,
09/07/2024 17:34,London Brixton,Lidia Applegate,"Regular Hot chocolate - 2.20, Large Speciality Tea - Earl Grey - 1.60",3.8,CASH,
09/07/2024 17:36,London Brixton,Arlene Yanez,Regular Speciality Tea - Earl Grey - 1.30,1.3,CARD,5875018164292429
09/07/2024 17:39,London Brixton,Linda Ballard,"Large Smoothies - Glowing Greens - 2.50, Regular Smoothies - Glowing Greens - 2.00",4.5,CARD,2131417918886937
09/07/2024 17:41,London Brixton,Ruth Gates,"Large Cappuccino - 2.45, Regular Speciality Tea - Earl Grey - 1.30",3.75,CARD,3297743361351207
09/07/2024 17:43,London Brixton,Brian Olsen,Large Smoothies - Glowing Greens - 2.50,2.5,CASH,
09/07/2024 17:46,London Brixton,Steven Torres,Regular Speciality Tea - Earl Grey - 1.30,1.3,CARD,6611071571355554
09/07/2024 17:48,London Brixton,Robert Belanger,"Regular Cappuccino - 2.15, Large Frappes - Strawberries & Cream - 3.25",5.4,CARD,6363064433214820
09/07/2024 17:51,London Brixton,Matthew Gau,"Regular Frappes - Strawberries & Cream - 2.75, Regular Espresso - 1.50, Regular Smoothies - Glowing Greens - 2.00, Regular Smoothies - Glowing Greens - 2.00",8.25,CARD,3830696032658479
09/07/2024 17:53,London Brixton,Pamela Reyburn,"Regular Iced americano - 2.15, Large Smoothies - Glowing Greens - 2.50",4.65,CASH,
09/07/2024 17:55,London Brixton,Alex Smith,"Regular Iced americano - 2.15, Regular Cappuccino - 2.15, Regular Speciality Tea - Earl Grey - 1.30",5.6,CASH,
09/07/2024 17:58,London Brixton,Tobias Calabro,"Large Speciality Tea - Earl Grey - 1.60, Large Espresso - 1.80, Large Espresso - 1.80, Regular Speciality Tea - Earl Grey - 1.30, Large Iced americano - 2.50",9.0,CASH,
09/07/2024 18:00,London Brixton,Morgan Clark,Regular Hot chocolate - 2.20,2.2,CARD,7081135956821771
09/07/2024 18:02,London Brixton,Jeffery Derry,Large Smoothies - Carrot Kick - 2.50,2.5,CARD,6266227931316050
09/07/2024 18:04,London Brixton,Eddie Gunn,"Regular Smoothies - Glowing Greens - 2.00, Regular Iced americano - 2.15, Large Frappes - Strawberries & Cream - 3.25",7.4,CARD,4025863765084213
09/07/2024 18:07,London Brixton,Mary Tylman,"Regular Iced americano - 2.15, Regular Iced americano - 2.15, Regular Smoothies - Glowing Greens - 2.00, Regular Speciality Tea - Earl Grey - 1.30, Regular Speciality Tea - Earl Grey - 1.30",8.9,CARD,9493894228710591
09/07/2024 18:09,London Brixton,Tony Parrish,Regular Smoothies - Carrot Kick - 2.00,2.0,CARD,9480108752236456
09/07/2024 18:11,London Brixton,Nathan Tompson,"Regular Speciality Tea - Earl Grey - 1.30, Regular Cappuccino - 2.15, Large Smoothies - Glowing Greens - 2.50",5.95,CASH,
09/07/2024 18:13,London Brixton,Ruth Crudup,"Large Hot chocolate - 2.90, Large Frappes - Strawberries & Cream - 3.25, Large Hot chocolate - 2.90",9.05,CASH,
09/07/2024 18:15,London Brixton,David Beaudoin,"Regular Iced americano - 2.15, Large Iced americano - 2.50, Large Frappes - Strawberries & Cream - 3.25, Large Smoothies - Glowing Greens - 2.50, Large Frappes - Strawberries & Cream - 3.25, Large Cappuccino - 2.45",16.1,CARD,8984642009640351
09/07/2024 18:17,London Brixton,Alma Chitty,"Regular Cappuccino - 2.15, Regular Speciality Tea - Earl Grey - 1.30, Regular Cappuccino - 2.15, Regular Frappes - Strawberries & Cream - 2.75",8.35,CARD,3127876382614506
09/07/2024 18:19,London Brixton,Antonia Gregory,"Regular Cappuccino - 2.15, Regular Hot chocolate - 2.20",4.35,CASH,
09/07/2024 18:22,London Brixton,Jeff Mckain,"Large Frappes - Strawberries & Cream - 3.25, Regular Espresso - 1.50, Regular Iced americano - 2.15",6.9,CARD,3810930939853003
09/07/2024 18:24,London Brixton,Ruth Williams,"Large Hot chocolate - 2.90, Large Iced americano - 2.50, Regular Smoothies - Glowing Greens - 2.00",7.4,CARD,9765492356167934
09/07/2024 18:26,London Brixton,Ronnie Harris,Large Hot chocolate - 2.90,2.9,CARD,9111676864047563
09/07/2024 18:28,London Brixton,Dawn Bishop,"Regular Iced americano - 2.15, Regular Iced americano - 2.15",4.3,CARD,2936718566954118
09/07/2024 18:30,London Brixton,Barry Coen,"Regular Speciality Tea - Earl Grey - 1.30, Regular Smoothies - Carrot Kick - 2.00",3.3,CARD,7994395991643572
09/07/2024 18:32,London Brixton,Vincent Campbell,"Regular Espresso - 1.50, Regular Iced americano - 2.15, Regular Cappuccino - 2.15, Large Frappes - Strawberries & Cream - 3.25",9.05,CARD,2888856085042235
09/07/2024 18:34,London Brixton,Cynthia Thomas,"Regular Speciality Tea - Earl Grey - 1.30, Large Frappes - Strawberries & Cream - 3.25, Large Cappuccino - 2.45, Regular Iced americano - 2.15, Large Frappes - Strawberries & Cream - 3.25",12.4,CASH,
09/07/2024 18:36,London Brixton,Linda Tiscareno,Large Smoothies - Carrot Kick - 2.50,2.5,CASH,
09/07/2024 18:39,London Brixton,Kenneth Gonzales,"Large Iced americano - 2.50, Regular Espresso - 1.50, Large Hot chocolate - 2.90, Regular Speciality Tea - Earl Grey - 1.30, Regular Iced americano - 2.15, Large Frappes - Strawberries & Cream - 3.25",13.6,CASH,
09/07/2024 18:41,London Brixton,Lilian Moore,Regular Hot chocolate - 2.20,2.2,CARD,3771121785522790
09/07/2024 18:43,London Brixton,Jean Lawyer,"Large Hot chocolate - 2.90, Regular Cappuccino - 2.15",5.05,CARD,5859336369573174
09/07/2024 18:45,London Brixton,Thomas Everett,"Regular Smoothies - Glowing Greens - 2.00, Large Cappuccino - 2.45, Large Smoothies - Carrot Kick - 2.50, Large Hot chocolate - 2.90",9.85,CARD,7945515825425061
09/07/2024 18:47,London Brixton,George Jabbie,"Regular Iced americano - 2.15, Regular Espresso - 1.50, Regular Hot chocolate - 2.20, Large Espresso - 1.80, Regular Cappuccino - 2.15",9.8,CARD,9483835139409703
09/07/2024 18:49,London Brixton,Gail Mcneill,"Regular Iced americano - 2.15, Large Speciality Tea - Earl Grey - 1.60, Regular Smoothies - Glowing Greens - 2.00, Large Iced americano - 2.50",8.25,CARD,3860364482089594
09/07/2024 18:51,London Brixton,Christopher Brooks,"Regular Iced americano - 2.15, Large Iced americano - 2.50",4.65,CARD,5026740593179041
09/07/2024 18:54,London Brixton,Kris Menzies,"Regular Speciality Tea - Earl Grey - 1.30, Large Smoothies - Glowing Greens - 2.50, Large Smoothies - Glowing Greens - 2.50, Large Smoothies - Glowing Greens - 2.50, Large Cappuccino - 2.45",11.25,CASH,
09/07/2024 18:56,London Brixton,Gerardo Lee,Large Speciality Tea - Earl Grey - 1.60,1.6,CASH,
09/07/2024 18:58,London Brixton,Derrick Howard,Large Speciality Tea - Earl Grey - 1.60,1.6,CARD,5033475502054246
09/07/2024 19:00,London Brixton,Elena Smith,Regular Espresso - 1.50,1.5,CASH,
09/07/2024 19:01,London Brixton,Emily Hayes,"Large Espresso - 1.80, Regular Iced americano - 2.15, Large Frappes - Strawberries & Cream - 3.25, Regular Iced americano - 2.15",9.35,CASH,
09/07/2024 19:03,London Brixton,Robert Greeley,Regular Iced americano - 2.15,2.15,CARD,7615193003912280
09/07/2024 19:04,London Brixton,Marie Morgan,"Regular Espresso - 1.50, Regular Speciality Tea - Earl Grey - 1.30, Large Cappuccino - 2.45, Regular Speciality Tea - Earl Grey - 1.30",6.55,CASH,
09/07/2024 19:05,London Brixton,Glen Lewis,"Large Iced americano - 2.50, Regular Smoothies - Carrot Kick - 2.00, Large Iced americano - 2.50",7.0,CASH,
09/07/2024 19:07,London Brixton,Jamie Villarreal,"Large Smoothies - Carrot Kick - 2.50, Regular Frappes - Strawberries & Cream - 2.75, Regular Hot chocolate - 2.20, Regular Speciality Tea - Earl Grey - 1.30",8.75,CASH,
09/07/2024 19:08,London Brixton,Keith Sepulveda,Regular Speciality Tea - Earl Grey - 1.30,1.3,CARD,8162628600867734
09/07/2024 19:09,London Brixton,Thelma Robinson,"Large Speciality Tea - Earl Grey - 1.60, Regular Frappes - Strawberries & Cream - 2.75, Large Hot chocolate - 2.90",7.25,CARD,6447134852095708
09/07/2024 19:11,London Brixton,Jay Myers,"Regular Hot chocolate - 2.20, Large Cappuccino - 2.45, Regular Hot chocolate - 2.20, Large Cappuccino - 2.45",9.3,CARD,6829522080483266
09/07/2024 19:12,London Brixton,Sandra Avans,"Regular Speciality Tea - Earl Grey - 1.30, Large Smoothies - Glowing Greens - 2.50",3.8,CASH,
09/07/2024 19:13,London Brixton,Elizabeth Romero,Regular Iced americano - 2.15,2.15,CASH,
09/07/2024 19:15,London Brixton,Donna Cotton,"Regular Smoothies - Carrot Kick - 2.00, Large Espresso - 1.80, Large Cappuccino - 2.45, Regular Cappuccino - 2.15, Regular Espresso - 1.50, Regular Speciality Tea - Earl Grey - 1.30",11.2,CARD,9505888033302160
09/07/2024 19:16,London Brixton,Leonard Decaire,Large Cappuccino - 2.45,2.45,CASH,
09/07/2024 19:17,London Brixton,Stephen Chambers,"Large Speciality Tea - Earl Grey - 1.60, Large Smoothies - Carrot Kick - 2.50, Large Frappes - Strawberries & Cream - 3.25",7.35,CARD,3266388141723458
09/07/2024 19:19,London Brixton,Alicia Raglin,"Large Hot chocolate - 2.90, Regular Smoothies - Glowing Greens - 2.00, Large Espresso - 1.80",6.7,CARD,6526792691008046
09/07/2024 19:20,London Brixton,Maria Farias,"Regular Speciality Tea - Earl Grey - 1.30, Regular Iced americano - 2.15, Large Speciality Tea - Earl Grey - 1.60, Large Smoothies - Glowing Greens - 2.50",7.55,CASH,
09/07/2024 19:22,London Brixton,David Hankins,Regular Hot chocolate - 2.20,2.2,CARD,2851316972711573
09/07/2024 19:23,London Brixton,Alexander Benedetto,"Large Smoothies - Carrot Kick - 2.50, Large Smoothies - Glowing Greens - 2.50",5.0,CASH,
09/07/2024 19:24,London Brixton,Maria Vincent,"Large Smoothies - Carrot Kick - 2.50, Regular Frappes - Strawberries & Cream - 2.75, Regular Cappuccino - 2.15, Large Smoothies - Carrot Kick - 2.50, Regular Frappes - Strawberries & Cream - 2.75, Regular Iced americano - 2.15",14.8,CASH,
09/07/2024 19:26,London Brixton,Hector Ramage,"Large Smoothies - Glowing Greens - 2.50, Regular Iced americano - 2.15, Large Smoothies - Carrot Kick - 2.50, Regular Hot chocolate - 2.20",9.35,CASH,
09/07/2024 19:27,London Brixton,Miguel Mcintire,"Regular Hot chocolate - 2.20, Large Cappuccino - 2.45, Large Smoothies - Carrot Kick - 2.50, Regular Smoothies - Carrot Kick - 2.00, Regular Iced americano - 2.15, Large Cappuccino - 2.45",13.75,CASH,
09/07/2024 19:28,London Brixton,Mark Martinez,"Large Hot chocolate - 2.90, Regular Espresso - 1.50",4.4,CARD,1402289192279534
09/07/2024 19:30,London Brixton,Kimberly Dean,Regular Speciality Tea - Earl Grey - 1.30,1.3,CASH,
09/07/2024 19:31,London Brixton,Eddy Diclaudio,"Large Cappuccino - 2.45, Regular Iced americano - 2.15, Regular Speciality Tea - Earl Grey - 1.30, Large Speciality Tea - Earl Grey - 1.60, Regular Hot chocolate - 2.20, Regular Cappuccino - 2.15",11.85,CARD,5925615065018357
09/07/2024 19:32,London Brixton,Charles Jones,"Regular Iced americano - 2.15, Large Speciality Tea - Earl Grey - 1.60",3.75,CARD,8421478955420581
09/07/2024 19:34,London Brixton,Carol Mccormack,"Large Speciality Tea - Earl Grey - 1.60, Large Iced americano - 2.50, Large Smoothies - Carrot Kick - 2.50, Regular Iced americano - 2.15, Large Hot chocolate - 2.90, Regular Iced americano - 2.15",13.8,CARD,6933181722147104
09/07/2024 19:35,London Brixton,Dwayne Nichols,"Regular Hot chocolate - 2.20, Regular Frappes - Strawberries & Cream - 2.75, Regular Smoothies - Glowing Greens - 2.00",6.95,CARD,6870372027998359
09/07/2024 19:36,London Brixton,Gisela Hoekstra,"Regular Smoothies - Glowing Greens - 2.00, Regular Smoothies - Carrot Kick - 2.00",4.0,CARD,3724551033100429
09/07/2024 19:38,London Brixton,Michael Zamudio,Regular Hot chocolate - 2.20,2.2,CARD,8443006804468141
09/07/2024 19:39,London Brixton,Warren Grove,"Regular Smoothies - Carrot Kick - 2.00, Large Cappuccino - 2.45, Large Smoothies - Glowing Greens - 2.50, Large Smoothies - Carrot Kick - 2.50, Regular Cappuccino - 2.15",11.6,CARD,9328303530553101
09/07/2024 19:40,London Brixton,Barbara Hargrove,"Large Espresso - 1.80, Regular Hot chocolate - 2.20, Regular Smoothies - Carrot Kick - 2.00, Regular Hot chocolate - 2.20",8.2,CARD,8190001370629950
09/07/2024 19:42,London Brixton,Thomas Bloodworth,Large Cappuccino - 2.45,2.45,CARD,1900852488241919
09/07/2024 19:43,London Brixton,Adam Medina,"Regular Smoothies - Glowing Greens - 2.00, Regular Frappes - Strawberries & Cream - 2.75, Regular Hot chocolate - 2.20, Large Iced americano - 2.50",9.45,CARD,4111554308358480
09/07/2024 19:44,London Brixton,Leo Holden,"Large Smoothies - Glowing Greens - 2.50, Regular Frappes - Strawberries & Cream - 2.75, Large Hot chocolate - 2.90, Regular Frappes - Strawberries & Cream - 2.75, Large Smoothies - Carrot Kick - 2.50",13.4,CASH,
09/07/2024 19:46,London Brixton,Jeanette Wriedt,"Large Speciality Tea - Earl Grey - 1.60, Regular Frappes - Strawberries & Cream - 2.75, Regular Frappes - Strawberries & Cream - 2.75, Regular Speciality Tea - Earl Grey - 1.30, Large Cappuccino - 2.45",10.85,CARD,3347380274108377
09/07/2024 19:47,London Brixton,Nancy Declue,"Regular Speciality Tea - Earl Grey - 1.30, Large Hot chocolate - 2.90",4.2,CARD,6105720424767750
09/07/2024 19:49,London Brixton,Clyde Davenport,"Regular Speciality Tea - Earl Grey - 1.30, Regular Iced americano - 2.15, Regular Hot chocolate - 2.20",5.65,CARD,2908010867798958
09/07/2024 19:50,London Brixton,Peter Lehman,"Large Smoothies - Glowing Greens - 2.50, Large Cappuccino - 2.45, Regular Iced americano - 2.15, Regular Iced americano - 2.15, Regular Speciality Tea - Earl Grey - 1.30, Regular Frappes - Strawberries & Cream - 2.75",13.3,CARD,8397728545574425
09/07/2024 19:51,London Brixton,Randall Haney,"Regular Smoothies - Carrot Kick - 2.00, Regular Frappes - Strawberries & Cream - 2.75",4.75,CARD,3672641915242542
09/07/2024 19:53,London Brixton,David Hardin,"Large Espresso - 1.80, Regular Smoothies - Glowing Greens - 2.00, Large Frappes - Strawberries & Cream - 3.25",7.05,CARD,8536168699708676
09/07/2024 19:54,London Brixton,Jose Whatley,"Large Hot chocolate - 2.90, Large Cappuccino - 2.45, Large Frappes - Strawberries & Cream - 3.25, Large Smoothies - Carrot Kick - 2.50",11.1,CASH,
09/07/2024 19:55,London Brixton,John Weeks,Large Hot chocolate - 2.90,2.9,CARD,5314627709740144
09/07/2024 19:57,London Brixton,Julia Nelson,"Regular Smoothies - Carrot Kick - 2.00, Large Iced americano - 2.50, Regular Frappes - Strawberries & Cream - 2.75",7.25,CARD,7680714260821482
09/07/2024 19:58,London Brixton,Nora Ramsey,"Regular Frappes - Strawberries & Cream - 2.75, Large Speciality Tea - Earl Grey - 1.60",4.35,CARD,2583599904306383
09/07/2024 19:59,London Brixton,David Shipp,Regular Smoothies - Glowing Greens - 2.00,2.0,CARD,5313638248740932
09/07/2024 20:01,London Brixton,Mary Isaksen,"Regular Espresso - 1.50, Regular Cappuccino - 2.15, Regular Smoothies - Glowing Greens - 2.00, Large Cappuccino - 2.45, Regular Frappes - Strawberries & Cream - 2.75",10.85,CARD,1969285862727797
09/07/2024 20:03,London Brixton,Jerry Moore,"Large Smoothies - Glowing Greens - 2.50, Regular Smoothies - Carrot Kick - 2.00, Large Iced americano - 2.50",7.0,CASH,
09/07/2024 20:06,London Brixton,Joyce Winston,Regular Smoothies - Glowing Greens - 2.00,2.0,CARD,8240568330219027
09/07/2024 20:08,London Brixton,Richard Marcum,Regular Smoothies - Glowing Greens - 2.00,2.0,CARD,8519222254281368
09/07/2024 20:10,London Brixton,Scott Johnson,"Large Hot chocolate - 2.90, Large Smoothies - Carrot Kick - 2.50",5.4,CARD,7083797368591507
09/07/2024 20:13,London Brixton,Robert Watson,"Large Cappuccino - 2.45, Large Iced americano - 2.50, Regular Smoothies - Glowing Greens - 2.00",6.95,CARD,7897860917170439
09/07/2024 20:15,London Brixton,Louise Williams,Large Iced americano - 2.50,2.5,CARD,3745192535276417
09/07/2024 20:18,London Brixton,Deborah Carlson,"Regular Frappes - Strawberries & Cream - 2.75, Large Smoothies - Carrot Kick - 2.50, Regular Cappuccino - 2.15",7.4,CARD,1034733152929087
09/07/2024 20:20,London Brixton,Kimberly Reece,"Regular Smoothies - Carrot Kick - 2.00, Regular Cappuccino - 2.15, Regular Hot chocolate - 2.20",6.35,CARD,1593631911434530
09/07/2024 20:22,London Brixton,Matthew Williams,"Large Smoothies - Glowing Greens - 2.50, Large Cappuccino - 2.45",4.95,CASH,
09/07/2024 20:25,London Brixton,Erica Perry,"Large Iced americano - 2.50, Regular Iced americano - 2.15, Regular Smoothies - Carrot Kick - 2.00, Large Speciality Tea - Earl Grey - 1.60, Regular Hot chocolate - 2.20",10.45,CARD,3634453800692181
09/07/2024 20:27,London Brixton,Jared Mcneal,Regular Espresso - 1.50,1.5,CASH,
09/07/2024 20:30,London Brixton,Jason Martin,Large Iced americano - 2.50,2.5,CARD,3658541451193570
09/07/2024 20:32,London Brixton,Richard Gates,Regular Hot chocolate - 2.20,2.2,CARD,4565021435893199
09/07/2024 20:34,London Brixton,Joseph Stead,"Regular Smoothies - Carrot Kick - 2.00, Regular Iced americano - 2.15",4.15,CASH,
09/07/2024 20:37,London Brixton,Alice Slawson,"Regular Smoothies - Glowing Greens - 2.00, Large Hot chocolate - 2.90",4.9,CASH,
09/07/2024 20:39,London Brixton,Rosanna Broom,"Large Smoothies - Glowing Greens - 2.50, Regular Smoothies - Carrot Kick - 2.00",4.5,CARD,2957168473895742
09/07/2024 20:42,London Brixton,Adam Olney,"Regular Smoothies - Glowing Greens - 2.00, Large Espresso - 1.80, Large Smoothies - Carrot Kick - 2.50",6.3,CARD,5152341410313139
09/07/2024 20:44,London Brixton,Paul Clark,"Large Iced americano - 2.50, Regular Frappes - Strawberries & Cream - 2.75",5.25,CARD,1789208282069027
09/07/2024 20:46,London Brixton,Brett Hall,Regular Smoothies - Carrot Kick - 2.00,2.0,CARD,3300985845535489
09/07/2024 20:49,London Brixton,Rosa Carideo,"Regular Cappuccino - 2.15, Large Iced americano - 2.50, Regular Smoothies - Carrot Kick - 2.00",6.65,CARD,9257850299448174
09/07/2024 20:51,London Brixton,Robert Fuqua,"Regular Frappes - Strawberries & Cream - 2.75, Regular Cappuccino - 2.15",4.9,CASH,
09/07/2024 20:54,London Brixton,Alfonso Pollack,"Large Iced americano - 2.50, Regular Espresso - 1.50, Large Smoothies - Carrot Kick - 2.50, Large Espresso - 1.80",8.3,CARD,8146422441813879
09/07/2024 20:56,London Brixton,Adam Miles,"Regular Smoothies - Carrot Kick - 2.00, Regular Speciality Tea - Earl Grey - 1.30, Regular Speciality Tea - Earl Grey - 1.30, Large Iced americano - 2.50",7.1,CARD,3107731018425897
09/07/2024 20:58,London Brixton,Dennis Richards,"Large Smoothies - Glowing Greens - 2.50, Large Hot chocolate - 2.90, Large Smoothies - Glowing Greens - 2.50, Regular Frappes - Strawberries & Cream - 2.75",10.65,CASH,
