09/07/2024 09:00,London Soho,Pat Christinsen,"Large Espresso - 1.80, Large Espresso - 1.80, Regular Espresso - 1.50, Regular Speciality Tea - Camomile - 1.30",6.4,CARD,8007146225418810
09/07/2024 09:02,London Soho,Robert Chrisco,"Regular Speciality Tea - Camomile - 1.30, Regular Speciality Tea - Camomile - 1.30, Regular Frappes - Coffee - 2.75, Large Speciality Tea - Camomile - 1.60, Large Speciality Tea - Camomile - 1.60, Regular Espresso - 1.50",10.05,CASH,
09/07/2024 09:04,London Soho,Joseph Reph,"Regular Frappes - Coffee - 2.75, Regular Espresso - 1.50",4.25,CASH,
09/07/2024 09:06,London Soho,Brian Hymes,"Large Speciality Tea - Camomile - 1.60, Large Speciality Tea - Camomile - 1.60, Regular Espresso - 1.50, Large Speciality Tea - Camomile - 1.60",6.3,CARD,7834173377488622
09/07/2024 09:08,London Soho,Linda Thomas,"Large Frappes - Coffee - 3.25, Large Speciality Tea - Camomile - 1.60",4.85,CARD,9821514360550595
09/07/2024 09:10,London Soho,Misty Truesdale,"Regular Speciality Tea - Camomile - 1.30, Large Speciality Tea - Camomile - 1.60, Large Espresso - 1.80, Regular Speciality Tea - Camomile - 1.30, Regular Frappes - Coffee - 2.75",8.75,CARD,8101118309796160
09/07/2024 09:12,London Soho,Amy Wilson,"Regular Frappes - Coffee - 2.75, Large Speciality Tea - Camomile - 1.60",4.35,CASH,
09/07/2024 09:14,London Soho,Nathan Daniels,"Regular Frappes - Coffee - 2.75, Regular Frappes - Coffee - 2.75, Large Espresso - 1.80",7.3,CARD,3791439826538513
09/07/2024 09:16,London Soho,Joseph Wyckoff,"Regular Speciality Tea - Camomile - 1.30, Regular Speciality Tea - Camomile - 1.30, Regular Speciality Tea - Camomile - 1.30, Large Frappes - Coffee - 3.25, Regular Frappes - Coffee - 2.75",9.9,CASH,
09/07/2024 09:18,London Soho,Trina Mason,Large Espresso - 1.80,1.8,CARD,4931078016956007
09/07/2024 09:20,London Soho,Nancy Montgomery,"Large Speciality Tea - Camomile - 1.60, Regular Frappes - Coffee - 2.75",4.35,CARD,2208963585025266
09/07/2024 09:22,London Soho,Roger Vizza,Large Espresso - 1.80,1.8,CASH,
09/07/2024 09:24,London Soho,Darrell Hope,"Large Frappes - Coffee - 3.25, Large Espresso - 1.80",5.05,CARD,6086260114314280
09/07/2024 09:26,London Soho,Alexander Carnes,"Regular Frappes - Coffee - 2.75, Regular Frappes - Coffee - 2.75, Large Espresso - 1.80",7.3,CARD,6465599768699292
09/07/2024 09:28,London Soho,Robert Moore,"Regular Espresso - 1.50, Large Frappes - Coffee - 3.25, Large Espresso - 1.80",6.55,CARD,8944957557267099
09/07/2024 09:30,London Soho,Gary Natali,"Regular Speciality Tea - Camomile - 1.30, Large Speciality Tea - Camomile - 1.60",2.9,CARD,8148368622225501
09/07/2024 09:32,London Soho,Joel Williams,"Large Speciality Tea - Camomile - 1.60, Large Espresso - 1.80, Large Espresso - 1.80",5.2,CARD,5991856490088965
09/07/2024 09:34,London Soho,Christopher Wilson,"Large Frappes - Coffee - 3.25, Large Frappes - Coffee - 3.25, Regular Speciality Tea - Camomile - 1.30, Regular Espresso - 1.50, Regular Speciality Tea - Camomile - 1.30",10.6,CARD,9928185524433323
09/07/2024 09:36,London Soho,Carol Cronin,"Large Frappes - Coffee - 3.25, Regular Espresso - 1.50",4.75,CARD,9035955671709856
09/07/2024 09:38,London Soho,Steven Butler,"Regular Frappes - Coffee - 2.75, Large Frappes - Coffee - 3.25",6.0,CASH,
09/07/2024 09:40,London Soho,Angela Graves,Large Espresso - 1.80,1.8,CARD,5515632844830313
09/07/2024 09:42,London Soho,Tim Mikeska,"Large Speciality Tea - Camomile - 1.60, Large Frappes - Coffee - 3.25, Large Speciality Tea - Camomile - 1.60, Large Frappes - Coffee - 3.25",9.7,CASH,
09/07/2024 09:44,London Soho,Viola Hart,"Large Speciality Tea - Camomile - 1.60, Large Frappes - Coffee - 3.25, Regular Espresso - 1.50",6.35,CARD,8259020893726232
09/07/2024 09:46,London Soho,Kam David,"Regular Speciality Tea - Camomile - 1.30, Regular Frappes - Coffee - 2.75, Large Speciality Tea - Camomile - 1.60",5.65,CARD,9862409469780746
09/07/2024 09:48,London Soho,Edwin Griffin,Large Espresso - 1.80,1.8,CARD,5721477677250372
09/07/2024 09:50,London Soho,Elmer Villalpando,"Large Espresso - 1.80, Large Speciality Tea - Camomile - 1.60, Large Espresso - 1.80",5.2,CARD,1727014384001520
09/07/2024 09:52,London Soho,Lisa Tanner,Large Speciality Tea - Camomile - 1.60,1.6,CASH,
09/07/2024 09:54,London Soho,Kristie People,"Regular Speciality Tea - Camomile - 1.30, Large Frappes - Coffee - 3.25",4.55,CARD,2222459214473960
09/07/2024 09:56,London Soho,Traci Fowler,"Large Speciality Tea - Camomile - 1.60, Large Frappes - Coffee - 3.25, Regular Speciality Tea - Camomile - 1.30, Large Espresso - 1.80",7.95,CARD,3843738484276215
09/07/2024 09:58,London Soho,Scott Hammons,"Large Frappes - Coffee - 3.25, Large Espresso - 1.80",5.05,CARD,1663828893587246
09/07/2024 10:00,London Soho,Brenda Conorich,Large Espresso - 1.80,1.8,CASH,
09/07/2024 10:02,London Soho,Robert Cox,"Regular Espresso - 1.50, Large Frappes - Coffee - 3.25, Large Espresso - 1.80",6.55,CASH,
09/07/2024 10:04,London Soho,Alonzo Zima,"Regular Espresso - 1.50, Regular Espresso - 1.50",3.0,CARD,4309505330504748
09/07/2024 10:06,London Soho,Christopher Brogan,"Regular Espresso - 1.50, Large Frappes - Coffee - 3.25, Regular Espresso - 1.50, Regular Frappes - Coffee - 2.75, Regular Frappes - Coffee - 2.75",11.75,CARD,8276257117336896
09/07/2024 10:08,London Soho,Jacob Townes,"Regular Espresso - 1.50, Regular Speciality Tea - Camomile - 1.30, Large Frappes - Coffee - 3.25, Regular Frappes - Coffee - 2.75",8.8,CARD,5362484521612982
09/07/2024 10:10,London Soho,Linda Lange,"Regular Espresso - 1.50, Regular Speciality Tea - Camomile - 1.30, Large Espresso - 1.80",4.6,CARD,2099526389645564
09/07/2024 10:12,London Soho,Debbie Pettigrew,"Regular Speciality Tea - Camomile - 1.30, Regular Espresso - 1.50, Large Speciality Tea - Camomile - 1.60, Large Espresso - 1.80, Regular Frappes - Coffee - 2.75",8.95,CARD,1855517320466851
09/07/2024 10:14,London Soho,Ralph Raffa,"Large Espresso - 1.80, Large Frappes - Coffee - 3.25",5.05,CARD,1971700821830773
09/07/2024 10:17,London Soho,Stephen Hanavan,"Large Frappes - Coffee - 3.25, Regular Espresso - 1.50, Large Frappes - Coffee - 3.25, Large Espresso - 1.80, Regular Espresso - 1.50, Large Frappes - Coffee - 3.25",14.55,CARD,9301958817044775
09/07/2024 10:19,London Soho,Sue Bowman,"Regular Frappes - Coffee - 2.75, Regular Espresso - 1.50, Large Speciality Tea - Camomile - 1.60",5.85,CARD,8133341010694219
09/07/2024 10:21,London Soho,Todd Stiteler,"Large Speciality Tea - Camomile - 1.60, Regular Espresso - 1.50",3.1,CARD,9070830167562727
09/07/2024 10:23,London Soho,Crystal Clemons,"Large Frappes - Coffee - 3.25, Large Speciality Tea - Camomile - 1.60, Regular Speciality Tea - Camomile - 1.30, Regular Frappes - Coffee - 2.75",8.9,CARD,2928757408151932
09/07/2024 10:25,London Soho,David Zabawa,Regular Espresso - 1.50,1.5,CARD,3903591582882414
09/07/2024 10:27,London Soho,Tanesha Langley,Regular Speciality Tea - Camomile - 1.30,1.3,CASH,
09/07/2024 10:29,London Soho,Kenny Loera,"Regular Speciality Tea - Camomile - 1.30, Large Speciality Tea - Camomile - 1.60, Regular Speciality Tea - Camomile - 1.30",4.2,CARD,2584673191793663
09/07/2024 10:32,London Soho,Curtis Homan,Regular Speciality Tea - Camomile - 1.30,1.3,CARD,2130080463149259
09/07/2024 10:34,London Soho,Kenneth Christian,Large Frappes - Coffee - 3.25,3.25,CARD,8773459244024763
09/07/2024 10:36,London Soho,James Perez,"Regular Espresso - 1.50, Regular Espresso - 1.50, Regular Frappes - Coffee - 2.75, Regular Frappes - Coffee - 2.75",8.5,CARD,9618077825510426
09/07/2024 10:38,London Soho,John Nelson,"Large Espresso - 1.80, Large Frappes - Coffee - 3.25, Large Frappes - Coffee - 3.25",8.3,CARD,6318394037472899
09/07/2024 10:40,London Soho,John Stevens,"Regular Espresso - 1.50, Regular Speciality Tea - Camomile - 1.30",2.8,CARD,3173461697961321
09/07/2024 10:42,London Soho,Amanda Kelly,"Regular Speciality Tea - Camomile - 1.30, Large Frappes - Coffee - 3.25, Large Espresso - 1.80, Regular Espresso - 1.50",7.85,CARD,5699350339427523
09/07/2024 10:44,London Soho,Lawanda Fannin,"Large Speciality Tea - Camomile - 1.60, Large Frappes - Coffee - 3.25, Regular Espresso - 1.50, Large Espresso - 1.80, Regular Frappes - Coffee - 2.75",10.9,CARD,5640676955369070
09/07/2024 10:46,London Soho,Margaret Nash,"Regular Frappes - Coffee - 2.75, Regular Espresso - 1.50, Large Frappes - Coffee - 3.25, Regular Espresso - 1.50, Large Speciality Tea - Camomile - 1.60",10.6,CARD,2295001493631360
09/07/2024 10:49,London Soho,Arthur Xu,"Large Frappes - Coffee - 3.25, Regular Frappes - Coffee - 2.75, Regular Espresso - 1.50",7.5,CARD,8858560308109663
09/07/2024 10:51,London Soho,Shaun Bacon,"Regular Espresso - 1.50, Regular Speciality Tea - Camomile - 1.30",2.8,CARD,7036350145017415
09/07/2024 10:53,London Soho,Sara Mcnally,"Regular Espresso - 1.50, Large Frappes - Coffee - 3.25",4.75,CARD,7532414172702803
09/07/2024 10:55,London Soho,Catherine Brenton,"Regular Speciality Tea - Camomile - 1.30, Regular Speciality Tea - Camomile - 1.30",2.6,CARD,1198242678713933
09/07/2024 10:57,London Soho,Ann Engle,"Regular Speciality Tea - Camomile - 1.30, Large Espresso - 1.80, Large Espresso - 1.80, Large Espresso - 1.80, Large Frappes - Coffee - 3.25, Regular Espresso - 1.50",11.45,CASH,
09/07/2024 10:59,London Soho,Josephine Kelley,"Large Espresso - 1.80, Large Speciality Tea - Camomile - 1.60, Regular Espresso - 1.50, Large Espresso - 1.80",6.7,CARD,5010118570446725
09/07/2024 11:01,London Soho,Kerstin Escobar,Large Frappes - Coffee - 3.25,3.25,CASH,
09/07/2024 11:13,London Soho,Scott Dammeyer,Large Espresso - 1.80,1.8,CASH,
09/07/2024 11:25,London Soho,Randy Brush,"Large Espresso - 1.80, Regular Espresso - 1.50, Regular Speciality Tea - Camomile - 1.30",4.6,CARD,1265901760418598
09/07/2024 11:37,London Soho,Robert Osborne,Large Speciality Tea - Camomile - 1.60,1.6,CARD,4582097486952510
09/07/2024 11:49,London Soho,Kenneth Boyle,"Large Speciality Tea - Camomile - 1.60, Regular Espresso - 1.50",3.1,CASH,
09/07/2024 12:01,London Soho,Dan Henderson,"Regular Espresso - 1.50, Large Speciality Tea - Camomile - 1.60, Regular Espresso - 1.50",4.6,CARD,5165503031446200
09/07/2024 12:04,London Soho,Betty Hastings,"Large Espresso - 1.80, Regular Frappes - Coffee - 2.75, Regular Espresso - 1.50",6.05,CARD,6953339020050943
09/07/2024 12:06,London Soho,Vera Ramirez,"Regular Speciality Tea - Camomile - 1.30, Large Speciality Tea - Camomile - 1.60, Regular Espresso - 1.50, Large Frappes - Coffee - 3.25, Regular Espresso - 1.50",9.15,CARD,2939682891193894
09/07/2024 12:08,London Soho,Franklin Orick,Regular Frappes - Coffee - 2.75,2.75,CARD,3000955321524651
09/07/2024 12:10,London Soho,Ernest Andrews,"Regular Frappes - Coffee - 2.75, Large Espresso - 1.80, Regular Frappes - Coffee - 2.75",7.3,CARD,5010789263599571
09/07/2024 12:12,London Soho,Mary Novetsky,"Regular Speciality Tea - Camomile - 1.30, Large Speciality Tea - Camomile - 1.60, Regular Espresso - 1.50, Regular Speciality Tea - Camomile - 1.30, Regular Espresso - 1.50",7.2,CARD,7976732495108862
09/07/2024 12:14,London Soho,Ryan West,Large Frappes - Coffee - 3.25,3.25,CARD,2366626544517691
09/07/2024 12:16,London Soho,Art Richardson,Regular Frappes - Coffee - 2.75,2.75,CARD,5201300691593593
09/07/2024 12:18,London Soho,Roger Winters,"Regular Speciality Tea - Camomile - 1.30, Regular Espresso - 1.50, Large Speciality Tea - Camomile - 1.60, Large Speciality Tea - Camomile - 1.60, Regular Espresso - 1.50",7.5,CASH,
09/07/2024 12:21,London Soho,Barbara Boniello,"Regular Speciality Tea - Camomile - 1.30, Large Speciality Tea - Camomile - 1.60, Regular Espresso - 1.50",4.4,CASH,
09/07/2024 12:23,London Soho,Jason Kennedy,"Regular Espresso - 1.50, Large Speciality Tea - Camomile - 1.60, Regular Speciality Tea - Camomile - 1.30, Large Frappes - Coffee - 3.25, Large Frappes - Coffee - 3.25",10.9,CARD,5910577763225841
09/07/2024 12:25,London Soho,Harry Harris,"Regular Speciality Tea - Camomile - 1.30, Large Speciality Tea - Camomile - 1.60",2.9,CASH,
09/07/2024 12:27,London Soho,Lilia Cunningham,"Regular Espresso - 1.50, Large Espresso - 1.80",3.3,CARD,2100321178935659
09/07/2024 12:29,London Soho,Beatriz Kammerer,"Regular Espresso - 1.50, Large Espresso - 1.80, Large Frappes - Coffee - 3.25, Large Frappes - Coffee - 3.25",9.8,CARD,4868082171455887
09/07/2024 12:31,London Soho,Willie Caldwell,"Regular Frappes - Coffee - 2.75, Large Frappes - Coffee - 3.25, Large Frappes - Coffee - 3.25",9.25,CASH,
09/07/2024 12:33,London Soho,Betty Miller,"Large Espresso - 1.80, Regular Espresso - 1.50, Regular Speciality Tea - Camomile - 1.30, Large Speciality Tea - Camomile - 1.60, Regular Frappes - Coffee - 2.75, Large Frappes - Coffee - 3.25",12.2,CARD,8908979469501138
09/07/2024 12:36,London Soho,Willard Hart,Large Speciality Tea - Camomile - 1.60,1.6,CARD,4483110755069219
09/07/2024 12:38,London Soho,Jamie Packer,"Regular Espresso - 1.50, Regular Speciality Tea - Camomile - 1.30",2.8,CARD,4925269099905609
09/07/2024 12:40,London Soho,James Head,"Regular Frappes - Coffee - 2.75, Large Frappes - Coffee - 3.25",6.0,CARD,9263814563421793
09/07/2024 12:42,London Soho,Robert Smith,"Regular Frappes - Coffee - 2.75, Regular Espresso - 1.50",4.25,CASH,
09/07/2024 12:44,London Soho,Judy Cummings,"Regular Espresso - 1.50, Large Espresso - 1.80",3.3,CARD,5168586142606985
09/07/2024 12:46,London Soho,Anne Bolduc,"Large Frappes - Coffee - 3.25, Regular Frappes - Coffee - 2.75, Large Speciality Tea - Camomile - 1.60, Large Espresso - 1.80",9.4,CASH,
09/07/2024 12:48,London Soho,Eric Rayford,"Regular Espresso - 1.50, Large Frappes - Coffee - 3.25, Large Frappes - Coffee - 3.25",8.0,CARD,7690521069486616
09/07/2024 12:50,London Soho,Kelly Butler,"Large Speciality Tea - Camomile - 1.60, Regular Frappes - Coffee - 2.75",4.35,CARD,4562380212386499
09/07/2024 12:53,London Soho,Pamela Perkins,"Large Speciality Tea - Camomile - 1.60, Large Frappes - Coffee - 3.25",4.85,CASH,
09/07/2024 12:55,London Soho,Cathie Smith,"Regular Frappes - Coffee - 2.75, Large Frappes - Coffee - 3.25",6.0,CARD,2230658751016135
09/07/2024 12:57,London Soho,Hortencia Robertson,"Regular Speciality Tea - Camomile - 1.30, Large Espresso - 1.80",3.1,CARD,3438833984795683
09/07/2024 12:59,London Soho,Doris Mcgee,"Regular Frappes - Coffee - 2.75, Regular Frappes - Coffee - 2.75",5.5,CARD,2533823736206448
09/07/2024 13:01,London Soho,Todd Alcott,"Regular Frappes - Coffee - 2.75, Regular Espresso - 1.50, Regular Frappes - Coffee - 2.75",7.0,CARD,8396891069694525
09/07/2024 13:04,London Soho,Arlene Gutierrez,"Large Frappes - Coffee - 3.25, Large Speciality Tea - Camomile - 1.60, Regular Speciality Tea - Camomile - 1.30",6.15,CARD,2753291536123159
09/07/2024 13:06,London Soho,David Canelo,"Large Espresso - 1.80, Regular Espresso - 1.50",3.3,CARD,8802838951060311
09/07/2024 13:09,London Soho,Sidney Snow,"Large Speciality Tea - Camomile - 1.60, Regular Espresso - 1.50, Large Espresso - 1.80",4.9,CASH,
09/07/2024 13:12,London Soho,Sarah Thane,"Regular Espresso - 1.50, Large Speciality Tea - Camomile - 1.60, Regular Speciality Tea - Camomile - 1.30",4.4,CARD,8365788164561922
09/07/2024 13:14,London Soho,Lynn Hernandez,"Large Speciality Tea - Camomile - 1.60, Large Frappes - Coffee - 3.25",4.85,CARD,1006279973858188
09/07/2024 13:17,London Soho,Dennis Fitzgerald,"Regular Frappes - Coffee - 2.75, Large Frappes - Coffee - 3.25, Regular Speciality Tea - Camomile - 1.30, Regular Espresso - 1.50",8.8,CASH,
09/07/2024 13:19,London Soho,Denise Warren,"Regular Speciality Tea - Camomile - 1.30, Regular Espresso - 1.50",2.8,CASH,
09/07/2024 13:22,London Soho,Steve Fouts,"Large Espresso - 1.80, Large Espresso - 1.80",3.6,CASH,
09/07/2024 13:25,London Soho,Bobby Ortiz,Large Frappes - Coffee - 3.25,3.25,CARD,6727928143499527
09/07/2024 13:27,London Soho,Brad Wynne,"Large Speciality Tea - Camomile - 1.60, Large Speciality Tea - Camomile - 1.60",3.2,CASH,
09/07/2024 13:30,London Soho,Kathryn Coleman,"Large Speciality Tea - Camomile - 1.60, Large Speciality Tea - Camomile - 1.60, Regular Espresso - 1.50",4.7,CASH,
09/07/2024 13:32,London Soho,Joshua Piere,"Regular Speciality Tea - Camomile - 1.30, Regular Speciality Tea - Camomile - 1.30, Regular Speciality Tea - Camomile - 1.30",3.9,CARD,5879946461307186
09/07/2024 13:35,London Soho,Sergio James,"Regular Espresso - 1.50, Large Espresso - 1.80",3.3,CARD,9498838074174463
09/07/2024 13:38,London Soho,Johnny Champlin,"Large Frappes - Coffee - 3.25, Large Espresso - 1.80, Large Speciality Tea - Camomile - 1.60, Regular Frappes - Coffee - 2.75",9.4,CASH,
09/07/2024 13:40,London Soho,Donald Williams,"Regular Espresso - 1.50, Large Espresso - 1.80, Large Frappes - Coffee - 3.25, Regular Espresso - 1.50",8.05,CARD,4164550365020226
09/07/2024 13:43,London Soho,Richard Ingram,"Regular Speciality Tea - Camomile - 1.30, Large Speciality Tea - Camomile - 1.60, Large Frappes - Coffee - 3.25, Regular Speciality Tea - Camomile - 1.30, Large Espresso - 1.80",9.25,CASH,
09/07/2024 13:45,London Soho,Porsha Jackson,"Large Frappes - Coffee - 3.25, Regular Frappes - Coffee - 2.75, Large Espresso - 1.80, Regular Speciality Tea - Camomile - 1.30",9.1,CARD,3839738793403628
09/07/2024 13:48,London Soho,Michael Brannan,"Large Espresso - 1.80, Large Frappes - Coffee - 3.25, Regular Espresso - 1.50, Large Speciality Tea - Camomile - 1.60, Large Espresso - 1.80",9.95,CARD,6256192333323278
09/07/2024 13:51,London Soho,Tracie Sanner,"Regular Frappes - Coffee - 2.75, Large Espresso - 1.80",4.55,CARD,5650853187565573
09/07/2024 13:53,London Soho,Kimberly Kelly,"Regular Frappes - Coffee - 2.75, Large Frappes - Coffee - 3.25, Large Espresso - 1.80, Large Frappes - Coffee - 3.25",11.05,CARD,8709164713845216
09/07/2024 13:56,London Soho,Veronica Priddy,Large Speciality Tea - Camomile - 1.60,1.6,CASH,
09/07/2024 13:58,London Soho,Elizabeth Elias,"Regular Speciality Tea - Camomile - 1.30, Regular Espresso - 1.50, Regular Frappes - Coffee - 2.75",5.55,CARD,6032817652395927
09/07/2024 14:01,London Soho,Mark Kong,Large Frappes - Coffee - 3.25,3.25,CASH,
09/07/2024 14:02,London Soho,Mary Walker,Regular Espresso - 1.50,1.5,CARD,5479760329478840
09/07/2024 14:03,London Soho,Carol Nunez,"Regular Speciality Tea - Camomile - 1.30, Large Frappes - Coffee - 3.25",4.55,CARD,7544742860508650
09/07/2024 14:04,London Soho,John Deitz,"Regular Speciality Tea - Camomile - 1.30, Regular Frappes - Coffee - 2.75",4.05,CASH,
09/07/2024 14:05,London Soho,Mary Sperling,"Large Frappes - Coffee - 3.25, Large Frappes - Coffee - 3.25",6.5,CARD,5347303746375025
09/07/2024 14:05,London Soho,Holly Johnson,"Regular Speciality Tea - Camomile - 1.30, Regular Espresso - 1.50, Regular Frappes - Coffee - 2.75, Large Speciality Tea - Camomile - 1.60",7.15,CARD,6408229095105621
09/07/2024 14:06,London Soho,Thomas Hudson,"Regular Espresso - 1.50, Large Speciality Tea - Camomile - 1.60, Regular Espresso - 1.50, Large Speciality Tea - Camomile - 1.60",6.2,CARD,6221999906090872
09/07/2024 14:07,London Soho,Kathy Buchman,Large Espresso - 1.80,1.8,CARD,8302212859666468
09/07/2024 14:08,London Soho,Cathy Peoples,"Large Speciality Tea - Camomile - 1.60, Large Speciality Tea - Camomile - 1.60, Large Speciality Tea - Camomile - 1.60",4.8,CASH,
09/07/2024 14:09,London Soho,Coralee Moore,Regular Speciality Tea - Camomile - 1.30,1.3,CARD,9801188576559223
09/07/2024 14:10,London Soho,Autumn Minton,Large Frappes - Coffee - 3.25,3.25,CARD,6473984737561277
09/07/2024 14:11,London Soho,Willie Wertheimer,"Large Espresso - 1.80, Regular Frappes - Coffee - 2.75, Regular Espresso - 1.50, Regular Espresso - 1.50",7.55,CARD,4356179658676284
09/07/2024 14:12,London Soho,Abraham Turner,"Regular Speciality Tea - Camomile - 1.30, Large Frappes - Coffee - 3.25, Large Speciality Tea - Camomile - 1.60",6.15,CASH,
09/07/2024 14:13,London Soho,Jimmy Ruiz,"Regular Speciality Tea - Camomile - 1.30, Large Frappes - Coffee - 3.25",4.55,CASH,
09/07/2024 14:14,London Soho,Alicia Turner,"Regular Frappes - Coffee - 2.75, Large Espresso - 1.80, Regular Frappes - Coffee - 2.75",7.3,CARD,2284678316127391
09/07/2024 14:15,London Soho,Dana Albert,"Large Speciality Tea - Camomile - 1.60, Regular Espresso - 1.50",3.1,CARD,6269236343821137
09/07/2024 14:16,London Soho,Gloria Sharpe,"Regular Espresso - 1.50, Large Frappes - Coffee - 3.25, Regular Frappes - Coffee - 2.75, Regular Espresso - 1.50",9.0,CARD,7744373983500500
09/07/2024 14:16,London Soho,Tamara Long,"Regular Speciality Tea - Camomile - 1.30, Large Speciality Tea - Camomile - 1.60, Large Espresso - 1.80, Regular Frappes - Coffee - 2.75",7.45,CARD,5342489752247985
09/07/2024 14:17,London Soho,Jose Shook,"Regular Frappes - Coffee - 2.75, Regular Speciality Tea - Camomile - 1.30, Regular Speciality Tea - Camomile - 1.30, Regular Speciality Tea - Camomile - 1.30",6.65,CARD,9006949887179025
09/07/2024 14:18,London Soho,Jesse Barrett,"Large Espresso - 1.80, Regular Speciality Tea - Camomile - 1.30",3.1,CASH,
09/07/2024 14:19,London Soho,Michael Collins,Large Speciality Tea - Camomile - 1.60,1.6,CARD,4348757749725489
09/07/2024 14:20,London Soho,Sandra Dale,"Regular Frappes - Coffee - 2.75, Regular Speciality Tea - Camomile - 1.30, Large Espresso - 1.80, Regular Speciality Tea - Camomile - 1.30",7.15,CASH,
09/07/2024 14:21,London Soho,Kristen Picton,"Regular Frappes - Coffee - 2.75, Large Speciality Tea - Camomile - 1.60",4.35,CASH,
09/07/2024 14:22,London Soho,Margaret Resnick,"Regular Espresso - 1.50, Regular Espresso - 1.50, Regular Frappes - Coffee - 2.75, Regular Espresso - 1.50, Regular Frappes - Coffee - 2.75",10.0,CARD,3925077468702200
09/07/2024 14:23,London Soho,Allen Clark,Regular Speciality Tea - Camomile - 1.30,1.3,CASH,
09/07/2024 14:24,London Soho,Jason Gates,"Regular Frappes - Coffee - 2.75, Large Speciality Tea - Camomile - 1.60, Regular Espresso - 1.50",5.85,CARD,1391142653010026
09/07/2024 14:25,London Soho,Sharon Fortson,"Regular Frappes - Coffee - 2.75, Large Espresso - 1.80",4.55,CARD,3107098857486716
09/07/2024 14:26,London Soho,Michele Rogers,"Regular Espresso - 1.50, Regular Espresso - 1.50, Regular Espresso - 1.50, Large Frappes - Coffee - 3.25",7.75,CARD,6007415602580766
09/07/2024 14:27,London Soho,Maurice Youngblood,Large Espresso - 1.80,1.8,CASH,
09/07/2024 14:27,London Soho,Steven Whitton,Large Frappes - Coffee - 3.25,3.25,CARD,1635585747913292
09/07/2024 14:28,London Soho,Nathan Peebles,Regular Espresso - 1.50,1.5,CARD,5410826247214077
09/07/2024 14:29,London Soho,Julian Russo,"Regular Frappes - Coffee - 2.75, Large Frappes - Coffee - 3.25",6.0,CASH,
09/07/2024 14:30,London Soho,Hortensia Hurst,"Large Frappes - Coffee - 3.25, Regular Frappes - Coffee - 2.75, Large Espresso - 1.80, Large Frappes - Coffee - 3.25",11.05,CARD,1333704544900915
09/07/2024 14:31,London Soho,Calvin Smith,Large Espresso - 1.80,1.8,CARD,9120270005993939
09/07/2024 14:32,London Soho,Virginia Santiago,"Regular Espresso - 1.50, Regular Speciality Tea - Camomile - 1.30, Large Espresso - 1.80, Large Speciality Tea - Camomile - 1.60, Regular Frappes - Coffee - 2.75",8.95,CARD,1699647975759595
09/07/2024 14:33,London Soho,David Ditullio,"Large Frappes - Coffee - 3.25, Regular Frappes - Coffee - 2.75",6.0,CARD,1605522504005080
09/07/2024 14:34,London Soho,Rashad Chrisman,Regular Espresso - 1.50,1.5,CARD,3260966001597635
09/07/2024 14:35,London Soho,Stephen Bash,Regular Frappes - Coffee - 2.75,2.75,CASH,
09/07/2024 14:36,London Soho,Agustina Tunnell,"Large Frappes - Coffee - 3.25, Regular Espresso - 1.50, Regular Speciality Tea - Camomile - 1.30",6.05,CASH,
09/07/2024 14:37,London Soho,Marilyn Lewis,"Large Speciality Tea - Camomile - 1.60, Regular Speciality Tea - Camomile - 1.30, Large Frappes - Coffee - 3.25, Large Frappes - Coffee - 3.25, Large Speciality Tea - Camomile - 1.60",11.0,CARD,2129162068997302
09/07/2024 14:38,London Soho,Peter Arzu,"Regular Speciality Tea - Camomile - 1.30, Large Frappes - Coffee - 3.25",4.55,CARD,3919430028169617
09/07/2024 14:38,London Soho,Jason Lane,"Regular Espresso - 1.50, Regular Frappes - Coffee - 2.75",4.25,CASH,
09/07/2024 14:39,London Soho,Martha Ohara,"Large Espresso - 1.80, Regular Speciality Tea - Camomile - 1.30, Large Frappes - Coffee - 3.25, Regular Speciality Tea - Camomile - 1.30, Large Espresso - 1.80",9.45,CARD,5090642721528364
09/07/2024 14:40,London Soho,Raymond Schlueter,"Regular Speciality Tea - Camomile - 1.30, Large Speciality Tea - Camomile - 1.60, Large Speciality Tea - Camomile - 1.60",4.5,CARD,1912973878464743
09/07/2024 14:41,London Soho,Janet Francis,"Regular Frappes - Coffee - 2.75, Regular Speciality Tea - Camomile - 1.30",4.05,CASH,
09/07/2024 14:42,London Soho,Jose Womack,Regular Speciality Tea - Camomile - 1.30,1.3,CARD,1762023194164688
09/07/2024 14:43,London Soho,Carmen Milligan,"Regular Speciality Tea - Camomile - 1.30, Regular Frappes - Coffee - 2.75",4.05,CARD,8490894256258759
09/07/2024 14:44,London Soho,Stephen Oliver,"Regular Espresso - 1.50, Large Frappes - Coffee - 3.25",4.75,CASH,
09/07/2024 14:45,London Soho,Adam Davis,"Regular Espresso - 1.50, Large Speciality Tea - Camomile - 1.60, Large Frappes - Coffee - 3.25, Regular Speciality Tea - Camomile - 1.30",7.65,CARD,6857735352235390
09/07/2024 14:46,London Soho,Werner Weber,"Regular Frappes - Coffee - 2.75, Large Speciality Tea - Camomile - 1.60",4.35,CARD,8716869541903551
09/07/2024 14:47,London Soho,Carmen Newby,"Regular Espresso - 1.50, Regular Frappes - Coffee - 2.75",4.25,CARD,3304141835113358
09/07/2024 14:48,London Soho,Linda Hughett,"Large Frappes - Coffee - 3.25, Large Speciality Tea - Camomile - 1.60, Large Speciality Tea - Camomile - 1.60",6.45,CARD,2359516964060374
09/07/2024 14:49,London Soho,Janet Chadderton,"Large Espresso - 1.80, Large Frappes - Coffee - 3.25, Regular Speciality Tea - Camomile - 1.30",6.35,CARD,7815360829566267
09/07/2024 14:49,London Soho,Eileen Liston,"Regular Speciality Tea - Camomile - 1.30, Regular Speciality Tea - Camomile - 1.30, Regular Speciality Tea - Camomile - 1.30",3.9,CARD,7792787867823974
09/07/2024 14:50,London Soho,Steven Moreno,"Regular Frappes - Coffee - 2.75, Large Speciality Tea - Camomile - 1.60, Regular Espresso - 1.50, Regular Frappes - Coffee - 2.75",8.6,CARD,6715818866239802
09/07/2024 14:51,London Soho,Bruce Martinez,"Large Speciality Tea - Camomile - 1.60, Large Espresso - 1.80, Large Frappes - Coffee - 3.25, Regular Frappes - Coffee - 2.75, Large Espresso - 1.80",11.2,CASH,
09/07/2024 14:52,London Soho,Jimmy Reynolds,Regular Speciality Tea - Camomile - 1.30,1.3,CARD,2355453213405022
09/07/2024 14:53,London Soho,Charles Murdock,Regular Frappes - Coffee - 2.75,2.75,CARD,9579680763479660
09/07/2024 14:54,London Soho,Lynn Bolebruch,"Large Espresso - 1.80, Regular Espresso - 1.50, Regular Speciality Tea - Camomile - 1.30, Large Espresso - 1.80, Regular Espresso - 1.50, Regular Frappes - Coffee - 2.75",10.65,CASH,
09/07/2024 14:55,London Soho,Victor Groth,"Regular Frappes - Coffee - 2.75, Large Speciality Tea - Camomile - 1.60, Regular Espresso - 1.50",5.85,CASH,
09/07/2024 14:56,London Soho,Faith Fowler,"Large Speciality Tea - Camomile - 1.60, Large Speciality Tea - Camomile - 1.60",3.2,CARD,2999447938783186
09/07/2024 14:57,London Soho,Mariah Silsby,"Regular Speciality Tea - Camomile - 1.30, Regular Frappes - Coffee - 2.75",4.05,CASH,
09/07/2024 14:58,London Soho,Irene Galban,"Large Espresso - 1.80, Large Speciality Tea - Camomile - 1.60, Large Speciality Tea - Camomile - 1.60, Regular Espresso - 1.50, Regular Speciality Tea - Camomile - 1.30",7.8,CASH,
09/07/2024 14:59,London Soho,John Johnson,Large Espresso - 1.80,1.8,CARD,5348373172877509
09/07/2024 15:00,London Soho,Florence Pratt,"Regular Speciality Tea - Camomile - 1.30, Large Speciality Tea - Camomile - 1.60, Regular Frappes - Coffee - 2.75",5.65,CARD,7613170143568038
09/07/2024 15:02,London Soho,Robert Ransom,Regular Espresso - 1.50,1.5,CARD,6300543252867335
09/07/2024 15:04,London Soho,Stephen Straugh,"Large Espresso - 1.80, Large Frappes - Coffee - 3.25",5.05,CARD,1139947052768083
09/07/2024 15:06,London Soho,Andreas Gonzalez,Regular Speciality Tea - Camomile - 1.30,1.3,CARD,5345799894675441
09/07/2024 15:09,London Soho,Shirley Wallace,"Large Espresso - 1.80, Regular Frappes - Coffee - 2.75, Large Espresso - 1.80, Regular Espresso - 1.50",7.85,CARD,6707777283759223
09/07/2024 15:11,London Soho,Richard Ryan,"Large Espresso - 1.80, Large Espresso - 1.80, Regular Espresso - 1.50",5.1,CASH,
09/07/2024 15:13,London Soho,Carolyn Bellows,"Large Speciality Tea - Camomile - 1.60, Regular Espresso - 1.50",3.1,CASH,
09/07/2024 15:16,London Soho,Michael Breaux,"Regular Frappes - Coffee - 2.75, Regular Frappes - Coffee - 2.75, Large Frappes - Coffee - 3.25, Regular Espresso - 1.50",10.25,CARD,6717336316219272
09/07/2024 15:18,London Soho,Alexander Mathias,"Regular Espresso - 1.50, Regular Frappes - Coffee - 2.75",4.25,CASH,
09/07/2024 15:20,London Soho,Michelle Hernandez,"Large Frappes - Coffee - 3.25, Regular Frappes - Coffee - 2.75",6.0,CARD,1378066686059027
09/07/2024 15:23,London Soho,Amanda Pittman,"Large Espresso - 1.80, Regular Speciality Tea - Camomile - 1.30, Large Frappes - Coffee - 3.25, Large Frappes - Coffee - 3.25, Regular Frappes - Coffee - 2.75, Regular Frappes - Coffee - 2.75",15.1,CARD,6189525344122647
09/07/2024 15:25,London Soho,William Linton,"Regular Espresso - 1.50, Regular Speciality Tea - Camomile - 1.30, Regular Espresso - 1.50",4.3,CASH,
09/07/2024 15:27,London Soho,Jeffrey Eldredge,"Regular Espresso - 1.50, Regular Frappes - Coffee - 2.75, Large Speciality Tea - Camomile - 1.60, Regular Espresso - 1.50, Large Speciality Tea - Camomile - 1.60",8.95,CASH,
09/07/2024 15:29,London Soho,Alyssa Hardison,"Regular Espresso - 1.50, Large Frappes - Coffee - 3.25, Large Espresso - 1.80",6.55,CASH,
09/07/2024 15:32,London Soho,Laurie Lianes,"Regular Speciality Tea - Camomile - 1.30, Large Speciality Tea - Camomile - 1.60, Regular Espresso - 1.50",4.4,CASH,
09/07/2024 15:34,London Soho,Donna Godfrey,"Large Speciality Tea - Camomile - 1.60, Regular Frappes - Coffee - 2.75, Large Frappes - Coffee - 3.25, Regular Frappes - Coffee - 2.75, Regular Speciality Tea - Camomile - 1.30",11.65,CARD,7045777350653230
09/07/2024 15:36,London Soho,Tim Raether,"Large Speciality Tea - Camomile - 1.60, Regular Espresso - 1.50, Regular Frappes - Coffee - 2.75, Large Speciality Tea - Camomile - 1.60, Regular Speciality Tea - Camomile - 1.30",8.75,CARD,7914093624920064
09/07/2024 15:39,London Soho,Alma Mcgowan,"Regular Espresso - 1.50, Large Speciality Tea - Camomile - 1.60",3.1,CARD,4592209241619950
09/07/2024 15:41,London Soho,James Acosta,Large Espresso - 1.80,1.8,CASH,
09/07/2024 15:43,London Soho,Christopher Tanner,"Large Speciality Tea - Camomile - 1.60, Regular Frappes - Coffee - 2.75, Large Frappes - Coffee - 3.25",7.6,CARD,3461305303696440
09/07/2024 15:46,London Soho,Pam Dambrosio,Regular Frappes - Coffee - 2.75,2.75,CASH,
09/07/2024 15:48,London Soho,Rodolfo Lowry,"Regular Speciality Tea - Camomile - 1.30, Regular Frappes - Coffee - 2.75",4.05,CARD,2965324347843479
09/07/2024 15:50,London Soho,Jean Martineau,"Large Frappes - Coffee - 3.25, Regular Frappes - Coffee - 2.75, Large Speciality Tea - Camomile - 1.60, Large Espresso - 1.80",9.4,CARD,2967664816517506
09/07/2024 15:52,London Soho,Bonnie Parker,"Regular Espresso - 1.50, Regular Frappes - Coffee - 2.75",4.25,CARD,1862450021829219
09/07/2024 15:55,London Soho,Michael Rashid,"Large Espresso - 1.80, Regular Espresso - 1.50, Large Frappes - Coffee - 3.25, Regular Speciality Tea - Camomile - 1.30",7.85,CASH,
09/07/2024 15:57,London Soho,Joann Garner,"Large Frappes - Coffee - 3.25, Regular Espresso - 1.50",4.75,CARD,7506365784069992
09/07/2024 15:59,London Soho,Evelyn Saavedra,"Large Speciality Tea - Camomile - 1.60, Regular Speciality Tea - Camomile - 1.30, Regular Frappes - Coffee - 2.75, Regular Espresso - 1.50",7.15,CARD,4407653488700445
09/07/2024 16:02,London Soho,Justin Jacobson,"Regular Speciality Tea - Camomile - 1.30, Large Frappes - Coffee - 3.25",4.55,CASH,
09/07/2024 16:04,London Soho,Barbara Rasmussen,Large Espresso - 1.80,1.8,CARD,6218476470628735
09/07/2024 16:06,London Soho,Andrew Crooks,"Regular Frappes - Coffee - 2.75, Large Espresso - 1.80, Large Speciality Tea - Camomile - 1.60, Regular Speciality Tea - Camomile - 1.30",7.45,CASH,
09/07/2024 16:09,London Soho,Roberto Gillins,"Large Speciality Tea - Camomile - 1.60, Large Speciality Tea - Camomile - 1.60, Regular Frappes - Coffee - 2.75, Large Speciality Tea - Camomile - 1.60, Regular Frappes - Coffee - 2.75",10.3,CARD,5930019039933838
09/07/2024 16:11,London Soho,Maureen Levasseur,"Large Espresso - 1.80, Large Frappes - Coffee - 3.25",5.05,CASH,
09/07/2024 16:13,London Soho,Dina Sudbury,"Large Speciality Tea - Camomile - 1.60, Large Frappes - Coffee - 3.25",4.85,CARD,7932676323578141
09/07/2024 16:15,London Soho,Rose Quasdorf,"Large Espresso - 1.80, Regular Speciality Tea - Camomile - 1.30, Regular Espresso - 1.50, Regular Frappes - Coffee - 2.75, Regular Speciality Tea - Camomile - 1.30",8.65,CASH,
09/07/2024 16:18,London Soho,Kimberly Hufft,"Regular Speciality Tea - Camomile - 1.30, Large Frappes - Coffee - 3.25, Regular Frappes - Coffee - 2.75",7.3,CARD,7896693302072937
09/07/2024 16:20,London Soho,Gilberto Lee,"Large Speciality Tea - Camomile - 1.60, Large Speciality Tea - Camomile - 1.60, Large Speciality Tea - Camomile - 1.60, Regular Espresso - 1.50, Large Speciality Tea - Camomile - 1.60",7.9,CASH,
09/07/2024 16:22,London Soho,James Allen,"Regular Espresso - 1.50, Large Speciality Tea - Camomile - 1.60",3.1,CASH,
09/07/2024 16:25,London Soho,Antonio Franks,"Regular Frappes - Coffee - 2.75, Large Speciality Tea - Camomile - 1.60",4.35,CARD,8882982323601984
09/07/2024 16:27,London Soho,Harry Baze,"Regular Espresso - 1.50, Regular Speciality Tea - Camomile - 1.30, Regular Speciality Tea - Camomile - 1.30",4.1,CARD,5833210511166770
09/07/2024 16:29,London Soho,Charles Martinez,"Large Espresso - 1.80, Large Frappes - Coffee - 3.25",5.05,CARD,8405331452541938
09/07/2024 16:32,London Soho,David Veale,"Large Espresso - 1.80, Regular Speciality Tea - Camomile - 1.30, Regular Espresso - 1.50",4.6,CASH,
09/07/2024 16:34,London Soho,Gertrude Range,Regular Frappes - Coffee - 2.75,2.75,CARD,8502605769237528
09/07/2024 16:36,London Soho,William Turzak,"Regular Speciality Tea - Camomile - 1.30, Large Espresso - 1.80, Regular Espresso - 1.50, Regular Espresso - 1.50",6.1,CARD,1841277330920828
09/07/2024 16:38,London Soho,Henry Montgomery,"Large Speciality Tea - Camomile - 1.60, Large Speciality Tea - Camomile - 1.60, Large Speciality Tea - Camomile - 1.60",4.8,CARD,1371001817582808
09/07/2024 16:41,London Soho,Ester Crockett,"Large Speciality Tea - Camomile - 1.60, Large Espresso - 1.80, Large Espresso - 1.80, Large Espresso - 1.80",7.0,CASH,
09/07/2024 16:43,London Soho,Helen Shaw,"Large Espresso - 1.80, Large Espresso - 1.80, Large Espresso - 1.80, Large Speciality Tea - Camomile - 1.60",7.0,CARD,9177254809499753
09/07/2024 16:45,London Soho,Anna Walker,Regular Speciality Tea - Camomile - 1.30,1.3,CASH,
09/07/2024 16:48,London Soho,Teresa Lee,Regular Frappes - Coffee - 2.75,2.75,CARD,6944185551592028
09/07/2024 16:50,London Soho,Morton Abrams,"Large Frappes - Coffee - 3.25, Large Espresso - 1.80, Large Frappes - Coffee - 3.25, Regular Frappes - Coffee - 2.75",11.05,CARD,8854902567858289
09/07/2024 16:52,London Soho,Joseph Kotula,"Regular Frappes - Coffee - 2.75, Regular Speciality Tea - Camomile - 1.30, Large Speciality Tea - Camomile - 1.60",5.65,CARD,7655420363751952
09/07/2024 16:55,London Soho,Jeanna Mcdonald,Regular Frappes - Coffee - 2.75,2.75,CARD,7035465128971660
09/07/2024 16:57,London Soho,Emma Rios,"Regular Frappes - Coffee - 2.75, Regular Frappes - Coffee - 2.75, Large Espresso - 1.80",7.3,CASH,
09/07/2024 16:59,London Soho,Jazmin Littlefield,Large Frappes - Coffee - 3.25,3.25,CARD,1099668049680548
