09/07/2024 09:00,Longridge,Michael Martin,Large Frappes - Strawberries & Cream - 3.25,3.25,CARD,8234010530600159
09/07/2024 09:01,Longridge,Yvette Brewer,"Regular Smoothies - Glowing Greens - 2.00, Regular Frappes - Strawberries & Cream - 2.75",4.75,CARD,8531055832383353
09/07/2024 09:02,Longridge,Tommy Dillow,"Large Mocha - 2.70, Regular Frappes - Strawberries & Cream - 2.75",5.45,CASH,
09/07/2024 09:03,Longridge,Benjamin Brown,Regular Smoothies - Glowing Greens - 2.00,2.0,CARD,5385744161103680
09/07/2024 09:04,Longridge,Stephen Siske,"Regular Smoothies - Glowing Greens - 2.00, Large Speciality Tea - Earl Grey - 1.60",3.6,CARD,4237587280374346
09/07/2024 09:05,Longridge,Amy Gooden,Regular Glass of milk - 0.70,0.7,CARD,1122030346391777
09/07/2024 09:06,Longridge,Roslyn Elliot,Large Flavoured iced latte - Caramel - 3.25,3.25,CARD,6779248723307064
09/07/2024 09:07,Longridge,Paul Espino,"Regular Smoothies - Glowing Greens - 2.00, Large Glass of milk - 1.10",3.1,CARD,8380867729668538
09/07/2024 09:08,Longridge,Daniel Weigel,"Regular Glass of milk - 0.70, Regular Flavoured iced latte - Caramel - 2.75, Regular Frappes - Strawberries & Cream - 2.75, Regular Flavoured iced latte - Caramel - 2.75",8.95,CASH,
09/07/2024 09:09,Longridge,Traci Ashley,"Large Mocha - 2.70, Large Frappes - Strawberries & Cream - 3.25, Large Smoothies - Glowing Greens - 2.50, Large Frappes - Strawberries & Cream - 3.25, Large Smoothies - Glowing Greens - 2.50",14.2,CARD,9554015591575700
09/07/2024 09:10,Longridge,Sally Custer,"Regular Speciality Tea - Earl Grey - 1.30, Regular Frappes - Strawberries & Cream - 2.75",4.05,CARD,2693267364389476
09/07/2024 09:11,Longridge,Lou Schlosser,Regular Speciality Tea - Earl Grey - 1.30,1.3,CASH,
09/07/2024 09:13,Longridge,Brenda Million,"Large Glass of milk - 1.10, Regular Frappes - Strawberries & Cream - 2.75, Large Glass of milk - 1.10, Large Frappes - Strawberries & Cream - 3.25",8.2,CASH,
09/07/2024 09:14,Longridge,Brenda Steel,Regular Smoothies - Glowing Greens - 2.00,2.0,CARD,8866688581258490
09/07/2024 09:15,Longridge,Brian Montgomery,"Regular Flavoured iced latte - Caramel - 2.75, Regular Speciality Tea - Earl Grey - 1.30, Large Flavoured iced latte - Caramel - 3.25, Large Mocha - 2.70, Regular Mocha - 2.30, Regular Glass of milk - 0.70",13.0,CARD,1169125015018910
09/07/2024 09:16,Longridge,Eugene Farrell,"Regular Mocha - 2.30, Large Flavoured iced latte - Caramel - 3.25, Regular Smoothies - Glowing Greens - 2.00, Large Frappes - Strawberries & Cream - 3.25, Large Flavoured iced latte - Caramel - 3.25, Large Frappes - Strawberries & Cream - 3.25",17.3,CASH,
09/07/2024 09:17,Longridge,Betty Schmidt,"Regular Mocha - 2.30, Regular Flavoured iced latte - Caramel - 2.75, Regular Flavoured iced latte - Caramel - 2.75, Large Mocha - 2.70, Regular Smoothies - Glowing Greens - 2.00",12.5,CARD,1160746692359944
09/07/2024 09:18,Longridge,Sandra Nichols,"Large Speciality Tea - Earl Grey - 1.60, Regular Smoothies - Glowing Greens - 2.00, Regular Flavoured iced latte - Caramel - 2.75, Regular Speciality Tea - Earl Grey - 1.30",7.65,CARD,3274177553824358
09/07/2024 09:19,Longridge,John Miller,"Regular Smoothies - Glowing Greens - 2.00, Regular Speciality Tea - Earl Grey - 1.30, Regular Smoothies - Glowing Greens - 2.00, Large Frappes - Strawberries & Cream - 3.25",8.55,CARD,2897329479296985
09/07/2024 09:20,Longridge,Marilyn Merrithew,"Regular Smoothies - Glowing Greens - 2.00, Large Mocha - 2.70, Regular Flavoured iced latte - Caramel - 2.75",7.45,CARD,1415063359890169
09/07/2024 09:21,Longridge,Donald Paschall,"Large Smoothies - Glowing Greens - 2.50, Large Glass of milk - 1.10",3.6,CARD,6734240184340617
09/07/2024 09:22,Longridge,Brian Shomo,"Large Flavoured iced latte - Caramel - 3.25, Regular Flavoured iced latte - Caramel - 2.75, Regular Glass of milk - 0.70",6.7,CASH,
09/07/2024 09:23,Longridge,Warren Jeffries,Regular Flavoured iced latte - Caramel - 2.75,2.75,CASH,
09/07/2024 09:24,Longridge,Patrick Johnson,"Regular Flavoured iced latte - Caramel - 2.75, Large Flavoured iced latte - Caramel - 3.25, Regular Mocha - 2.30",8.3,CASH,
09/07/2024 09:26,Longridge,Virginia Sturges,Regular Smoothies - Glowing Greens - 2.00,2.0,CASH,
09/07/2024 09:27,Longridge,Alphonso Woytowich,"Regular Frappes - Strawberries & Cream - 2.75, Large Frappes - Strawberries & Cream - 3.25, Regular Smoothies - Glowing Greens - 2.00, Large Glass of milk - 1.10, Regular Speciality Tea - Earl Grey - 1.30, Regular Speciality Tea - Earl Grey - 1.30",11.7,CARD,6284609016565127
09/07/2024 09:28,Longridge,Susan Bone,"Regular Frappes - Strawberries & Cream - 2.75, Large Smoothies - Glowing Greens - 2.50, Large Flavoured iced latte - Caramel - 3.25, Regular Flavoured iced latte - Caramel - 2.75, Regular Glass of milk - 0.70",11.95,CARD,1658830026786303
09/07/2024 09:29,Longridge,Tomas Levy,"Large Mocha - 2.70, Large Frappes - Strawberries & Cream - 3.25, Regular Glass of milk - 0.70, Regular Frappes - Strawberries & Cream - 2.75, Large Frappes - Strawberries & Cream - 3.25",12.65,CARD,3034812271240573
09/07/2024 09:30,Longridge,Barbara Coleman,"Regular Speciality Tea - Earl Grey - 1.30, Large Glass of milk - 1.10",2.4,CARD,4714697912297617
09/07/2024 09:31,Longridge,Jordan Brown,"Large Flavoured iced latte - Caramel - 3.25, Large Smoothies - Glowing Greens - 2.50",5.75,CARD,8536848785338284
09/07/2024 09:32,Longridge,Milton Franklin,Large Flavoured iced latte - Caramel - 3.25,3.25,CARD,4417900286465756
09/07/2024 09:33,Longridge,Brian Scroggins,"Large Flavoured iced latte - Caramel - 3.25, Regular Flavoured iced latte - Caramel - 2.75, Large Mocha - 2.70, Large Smoothies - Glowing Greens - 2.50, Large Glass of milk - 1.10",12.3,CASH,
09/07/2024 09:34,Longridge,Margie Jividen,"Large Glass of milk - 1.10, Large Smoothies - Glowing Greens - 2.50, Large Flavoured iced latte - Caramel - 3.25, Regular Speciality Tea - Earl Grey - 1.30",8.15,CARD,8905578498925074
09/07/2024 09:35,Longridge,Esther Lavine,"Large Smoothies - Glowing Greens - 2.50, Large Smoothies - Glowing Greens - 2.50",5.0,CARD,4045459227242264
09/07/2024 09:36,Longridge,Gertrude Gottlieb,"Large Frappes - Strawberries & Cream - 3.25, Large Flavoured iced latte - Caramel - 3.25",6.5,CARD,9460898026748558
09/07/2024 09:37,Longridge,Angela Tweedy,"Regular Frappes - Strawberries & Cream - 2.75, Large Mocha - 2.70",5.45,CASH,
09/07/2024 09:39,Longridge,Gracie Gerlach,"Large Flavoured iced latte - Caramel - 3.25, Large Glass of milk - 1.10, Regular Glass of milk - 0.70, Large Mocha - 2.70, Regular Smoothies - Glowing Greens - 2.00, Large Smoothies - Glowing Greens - 2.50",12.25,CARD,5209270057248577
09/07/2024 09:40,Longridge,Hazel Mcgee,Regular Smoothies - Glowing Greens - 2.00,2.0,CARD,2441613487776248
09/07/2024 09:41,Longridge,Gustavo Rodriguez,"Regular Speciality Tea - Earl Grey - 1.30, Large Speciality Tea - Earl Grey - 1.60, Large Glass of milk - 1.10",4.0,CARD,1843009398860636
09/07/2024 09:42,Longridge,Ella Hutchinson,"Regular Flavoured iced latte - Caramel - 2.75, Regular Frappes - Strawberries & Cream - 2.75",5.5,CARD,5968347146340964
09/07/2024 09:43,Longridge,Stephanie Carmona,"Regular Frappes - Strawberries & Cream - 2.75, Regular Flavoured iced latte - Caramel - 2.75, Large Smoothies - Glowing Greens - 2.50",8.0,CASH,
09/07/2024 09:44,Longridge,Lela Holcomb,Large Mocha - 2.70,2.7,CARD,6752675833401777
09/07/2024 09:45,Longridge,Mary Henry,"Large Smoothies - Glowing Greens - 2.50, Regular Mocha - 2.30, Regular Mocha - 2.30, Large Glass of milk - 1.10",8.2,CASH,
09/07/2024 09:46,Longridge,June Greenfield,"Regular Flavoured iced latte - Caramel - 2.75, Large Glass of milk - 1.10, Large Speciality Tea - Earl Grey - 1.60, Regular Speciality Tea - Earl Grey - 1.30",6.75,CARD,6267504205120090
09/07/2024 09:47,Longridge,June Nagura,Regular Smoothies - Glowing Greens - 2.00,2.0,CASH,
09/07/2024 09:48,Longridge,Sylvia Massey,"Large Smoothies - Glowing Greens - 2.50, Regular Smoothies - Glowing Greens - 2.00, Large Speciality Tea - Earl Grey - 1.60",6.1,CASH,
09/07/2024 09:49,Longridge,Claire Graham,"Large Frappes - Strawberries & Cream - 3.25, Large Speciality Tea - Earl Grey - 1.60",4.85,CARD,2420916433094632
09/07/2024 09:50,Longridge,Thomas Carrico,"Large Smoothies - Glowing Greens - 2.50, Regular Speciality Tea - Earl Grey - 1.30",3.8,CARD,8428805937453280
09/07/2024 09:52,Longridge,Brenda Hegwood,"Large Smoothies - Glowing Greens - 2.50, Regular Mocha - 2.30, Regular Flavoured iced latte - Caramel - 2.75, Large Mocha - 2.70, Large Frappes - Strawberries & Cream - 3.25",13.5,CASH,
09/07/2024 09:53,Longridge,Billy Hester,"Large Frappes - Strawberries & Cream - 3.25, Large Frappes - Strawberries & Cream - 3.25",6.5,CARD,5152176725295447
09/07/2024 09:54,Longridge,Hedy Ballentine,Large Glass of milk - 1.10,1.1,CARD,4920388538420605
09/07/2024 09:55,Longridge,Mary Doran,"Regular Frappes - Strawberries & Cream - 2.75, Regular Mocha - 2.30, Large Frappes - Strawberries & Cream - 3.25, Large Flavoured iced latte - Caramel - 3.25",11.55,CASH,
09/07/2024 09:56,Longridge,Brett Robinson,"Large Flavoured iced latte - Caramel - 3.25, Regular Speciality Tea - Earl Grey - 1.30, Large Flavoured iced latte - Caramel - 3.25, Large Glass of milk - 1.10",8.9,CARD,3322505687342471
09/07/2024 09:57,Longridge,Michael Rafferty,"Regular Smoothies - Glowing Greens - 2.00, Large Smoothies - Glowing Greens - 2.50, Regular Frappes - Strawberries & Cream - 2.75, Large Glass of milk - 1.10, Large Flavoured iced latte - Caramel - 3.25, Regular Speciality Tea - Earl Grey - 1.30",12.9,CARD,9946430417876513
09/07/2024 09:58,Longridge,Brian Hughes,"Large Frappes - Strawberries & Cream - 3.25, Regular Frappes - Strawberries & Cream - 2.75",6.0,CARD,8550556136206320
09/07/2024 09:59,Longridge,Gary Tanner,"Large Mocha - 2.70, Regular Speciality Tea - Earl Grey - 1.30, Large Speciality Tea - Earl Grey - 1.60, Large Mocha - 2.70, Large Speciality Tea - Earl Grey - 1.60",9.9,CASH,
09/07/2024 10:00,Longridge,Donna Stafford,"Large Speciality Tea - Earl Grey - 1.60, Regular Smoothies - Glowing Greens - 2.00, Large Flavoured iced latte - Caramel - 3.25, Regular Frappes - Strawberries & Cream - 2.75",9.6,CARD,4805114266834998
09/07/2024 10:03,Longridge,Therese Weeks,Large Frappes - Strawberries & Cream - 3.25,3.25,CASH,
09/07/2024 10:06,Longridge,Elizabeth Kauffman,"Regular Flavoured iced latte - Caramel - 2.75, Regular Smoothies - Glowing Greens - 2.00, Large Flavoured iced latte - Caramel - 3.25",8.0,CARD,8252006094195944
09/07/2024 10:10,Longridge,Andrew Morris,"Regular Flavoured iced latte - Caramel - 2.75, Large Frappes - Strawberries & Cream - 3.25",6.0,CARD,9167741318408052
09/07/2024 10:13,Longridge,Jessica Davis,"Regular Glass of milk - 0.70, Large Frappes - Strawberries & Cream - 3.25",3.95,CARD,2420406332334054
09/07/2024 10:16,Longridge,Travis Schein,Large Frappes - Strawberries & Cream - 3.25,3.25,CARD,4628270142479584
09/07/2024 10:19,Longridge,Garry Saade,"Regular Frappes - Strawberries & Cream - 2.75, Regular Flavoured iced latte - Caramel - 2.75, Regular Frappes - Strawberries & Cream - 2.75, Large Smoothies - Glowing Greens - 2.50",10.75,CARD,8180421535341773
09/07/2024 10:22,Longridge,Elva Guthrie,"Regular Speciality Tea - Earl Grey - 1.30, Large Flavoured iced latte - Caramel - 3.25, Large Glass of milk - 1.10, Large Smoothies - Glowing Greens - 2.50, Regular Glass of milk - 0.70",8.85,CARD,3863387253008520
09/07/2024 10:25,Longridge,Lottie Livengood,Large Smoothies - Glowing Greens - 2.50,2.5,CASH,
09/07/2024 10:29,Longridge,Andrew Barfield,Large Flavoured iced latte - Caramel - 3.25,3.25,CARD,3199209728922569
09/07/2024 10:32,Longridge,Esta Currence,"Large Frappes - Strawberries & Cream - 3.25, Large Mocha - 2.70, Large Frappes - Strawberries & Cream - 3.25, Regular Speciality Tea - Earl Grey - 1.30, Large Mocha - 2.70",13.2,CASH,
09/07/2024 10:35,Longridge,Anne Mandich,"Large Frappes - Strawberries & Cream - 3.25, Regular Frappes - Strawberries & Cream - 2.75, Large Flavoured iced latte - Caramel - 3.25",9.25,CASH,
09/07/2024 10:38,Longridge,Karl Baptist,"Regular Mocha - 2.30, Regular Glass of milk - 0.70",3.0,CARD,4416992503596563
09/07/2024 10:41,Longridge,Michael Keller,Large Flavoured iced latte - Caramel - 3.25,3.25,CARD,2503291529144875
09/07/2024 10:44,Longridge,Jeanne Shea,"Large Speciality Tea - Earl Grey - 1.60, Large Frappes - Strawberries & Cream - 3.25",4.85,CARD,6328763983536167
09/07/2024 10:47,Longridge,Maria Tecuanhuey,"Large Smoothies - Glowing Greens - 2.50, Regular Speciality Tea - Earl Grey - 1.30, Large Mocha - 2.70",6.5,CARD,3880219890787052
09/07/2024 10:51,Longridge,Michael Ames,"Regular Smoothies - Glowing Greens - 2.00, Regular Smoothies - Glowing Greens - 2.00, Regular Speciality Tea - Earl Grey - 1.30, Large Speciality Tea - Earl Grey - 1.60, Regular Flavoured iced latte - Caramel - 2.75",9.65,CASH,
09/07/2024 10:54,Longridge,Julian Shull,"Large Smoothies - Glowing Greens - 2.50, Regular Flavoured iced latte - Caramel - 2.75",5.25,CARD,6189351872195194
09/07/2024 10:57,Longridge,Sharon Paiva,"Large Glass of milk - 1.10, Regular Smoothies - Glowing Greens - 2.00",3.1,CARD,7714821818328019
09/07/2024 11:00,Longridge,Douglas Hodges,"Large Frappes - Strawberries & Cream - 3.25, Regular Smoothies - Glowing Greens - 2.00, Large Smoothies - Glowing Greens - 2.50, Regular Speciality Tea - Earl Grey - 1.30, Regular Mocha - 2.30",11.35,CARD,5617689919217348
09/07/2024 11:08,Longridge,Glen Roush,"Large Glass of milk - 1.10, Large Frappes - Strawberries & Cream - 3.25, Regular Flavoured iced latte - Caramel - 2.75",7.1,CASH,
09/07/2024 11:15,Longridge,Russell Howard,"Large Smoothies - Glowing Greens - 2.50, Regular Frappes - Strawberries & Cream - 2.75, Large Frappes - Strawberries & Cream - 3.25",8.5,CARD,7691280239018629
09/07/2024 11:23,Longridge,Theresa Mata,Large Flavoured iced latte - Caramel - 3.25,3.25,CASH,
09/07/2024 11:30,Longridge,Janelle Hong,"Large Glass of milk - 1.10, Large Mocha - 2.70",3.8,CARD,6015970467774996
09/07/2024 11:38,Longridge,Kareem Turner,"Regular Mocha - 2.30, Large Flavoured iced latte - Caramel - 3.25, Large Frappes - Strawberries & Cream - 3.25",8.8,CARD,8175614096872482
09/07/2024 11:45,Longridge,Daniel Caya,"Large Speciality Tea - Earl Grey - 1.60, Large Smoothies - Glowing Greens - 2.50",4.1,CASH,
09/07/2024 11:53,Longridge,Earline Newbury,"Large Glass of milk - 1.10, Regular Glass of milk - 0.70",1.8,CARD,6488730178139057
09/07/2024 12:00,Longridge,Jeffrey Charlton,Large Flavoured iced latte - Caramel - 3.25,3.25,CASH,
09/07/2024 12:06,Longridge,Michelle Oliphant,"Regular Mocha - 2.30, Regular Smoothies - Glowing Greens - 2.00, Large Smoothies - Glowing Greens - 2.50",6.8,CASH,
09/07/2024 12:12,Longridge,Sharon Marvin,"Regular Speciality Tea - Earl Grey - 1.30, Large Speciality Tea - Earl Grey - 1.60, Regular Mocha - 2.30, Regular Frappes - Strawberries & Cream - 2.75, Regular Speciality Tea - Earl Grey - 1.30",9.25,CARD,6036639172499534
09/07/2024 12:18,Longridge,Larry Wood,"Large Smoothies - Glowing Greens - 2.50, Regular Frappes - Strawberries & Cream - 2.75, Regular Frappes - Strawberries & Cream - 2.75",8.0,CARD,3664807570763629
09/07/2024 12:24,Longridge,Eddie Holmes,"Large Frappes - Strawberries & Cream - 3.25, Large Mocha - 2.70, Large Flavoured iced latte - Caramel - 3.25, Large Speciality Tea - Earl Grey - 1.60",10.8,CASH,
09/07/2024 12:30,Longridge,Charlesetta Hill,"Regular Mocha - 2.30, Regular Smoothies - Glowing Greens - 2.00, Large Smoothies - Glowing Greens - 2.50, Large Smoothies - Glowing Greens - 2.50, Regular Glass of milk - 0.70",10.0,CARD,5681926522817148
09/07/2024 12:36,Longridge,Thomas Pendergrass,Regular Glass of milk - 0.70,0.7,CARD,2712916392379878
09/07/2024 12:42,Longridge,Margaret Grimsley,"Regular Frappes - Strawberries & Cream - 2.75, Regular Mocha - 2.30",5.05,CARD,6884099728200741
09/07/2024 12:48,Longridge,Karen Helmer,"Regular Mocha - 2.30, Large Flavoured iced latte - Caramel - 3.25",5.55,CARD,6632660494005404
09/07/2024 12:54,Longridge,Tiffany Riley,"Regular Mocha - 2.30, Large Smoothies - Glowing Greens - 2.50, Large Mocha - 2.70, Large Speciality Tea - Earl Grey - 1.60",9.1,CARD,1071848705630612
09/07/2024 13:00,Longridge,Sarah Ernst,"Large Flavoured iced latte - Caramel - 3.25, Large Smoothies - Glowing Greens - 2.50, Regular Smoothies - Glowing Greens - 2.00",7.75,CASH,
09/07/2024 13:01,Longridge,Edward Lynch,"Regular Mocha - 2.30, Regular Smoothies - Glowing Greens - 2.00, Large Speciality Tea - Earl Grey - 1.60, Large Speciality Tea - Earl Grey - 1.60",7.5,CARD,3113148720980815
09/07/2024 13:02,Longridge,Annamarie Smith,"Large Frappes - Strawberries & Cream - 3.25, Large Flavoured iced latte - Caramel - 3.25",6.5,CASH,
09/07/2024 13:03,Longridge,William Johnson,"Large Speciality Tea - Earl Grey - 1.60, Large Frappes - Strawberries & Cream - 3.25, Regular Frappes - Strawberries & Cream - 2.75, Large Glass of milk - 1.10",8.7,CASH,
09/07/2024 13:04,Longridge,Alan Mcnair,"Large Glass of milk - 1.10, Regular Flavoured iced latte - Caramel - 2.75",3.85,CARD,2411297035747546
09/07/2024 13:05,Longridge,Timothy Duong,"Regular Frappes - Strawberries & Cream - 2.75, Large Speciality Tea - Earl Grey - 1.60, Regular Frappes - Strawberries & Cream - 2.75, Large Smoothies - Glowing Greens - 2.50, Large Frappes - Strawberries & Cream - 3.25",12.85,CARD,3139241311745439
09/07/2024 13:06,Longridge,Laura Ward,"Large Mocha - 2.70, Large Speciality Tea - Earl Grey - 1.60",4.3,CASH,
09/07/2024 13:07,Longridge,Cameron Phillips,Regular Frappes - Strawberries & Cream - 2.75,2.75,CASH,
09/07/2024 13:08,Longridge,Lana Delong,"Large Speciality Tea - Earl Grey - 1.60, Regular Frappes - Strawberries & Cream - 2.75, Large Frappes - Strawberries & Cream - 3.25, Large Flavoured iced latte - Caramel - 3.25",10.85,CARD,1760110694428589
09/07/2024 13:09,Longridge,Jackie Felton,"Regular Frappes - Strawberries & Cream - 2.75, Large Speciality Tea - Earl Grey - 1.60, Regular Glass of milk - 0.70, Large Speciality Tea - Earl Grey - 1.60, Large Frappes - Strawberries & Cream - 3.25, Large Frappes - Strawberries & Cream - 3.25",13.15,CASH,
09/07/2024 13:10,Longridge,Rodney Mosley,"Large Speciality Tea - Earl Grey - 1.60, Large Smoothies - Glowing Greens - 2.50, Large Speciality Tea - Earl Grey - 1.60, Large Smoothies - Glowing Greens - 2.50, Large Speciality Tea - Earl Grey - 1.60",9.8,CARD,1429072635757004
09/07/2024 13:10,Longridge,Brendan Wynder,"Regular Mocha - 2.30, Regular Frappes - Strawberries & Cream - 2.75",5.05,CARD,8994219443523640
09/07/2024 13:11,Longridge,Mary Goode,Regular Speciality Tea - Earl Grey - 1.30,1.3,CARD,9732931169314568
09/07/2024 13:12,Longridge,Diane Molina,"Regular Flavoured iced latte - Caramel - 2.75, Large Glass of milk - 1.10",3.85,CARD,9109699826650671
09/07/2024 13:13,Longridge,Dominic Robinson,"Regular Glass of milk - 0.70, Large Frappes - Strawberries & Cream - 3.25",3.95,CASH,
09/07/2024 13:14,Longridge,Maria Talley,"Large Flavoured iced latte - Caramel - 3.25, Regular Flavoured iced latte - Caramel - 2.75, Regular Glass of milk - 0.70, Large Frappes - Strawberries & Cream - 3.25",9.95,CARD,9536821278545949
09/07/2024 13:15,Longridge,Albert Spencer,"Regular Frappes - Strawberries & Cream - 2.75, Regular Flavoured iced latte - Caramel - 2.75",5.5,CARD,1162365832594689
09/07/2024 13:16,Longridge,James Myers,Regular Frappes - Strawberries & Cream - 2.75,2.75,CASH,
09/07/2024 13:17,Longridge,Louise Davis,Regular Frappes - Strawberries & Cream - 2.75,2.75,CARD,2965085051191379
09/07/2024 13:18,Longridge,Jack Johnson,"Regular Flavoured iced latte - Caramel - 2.75, Regular Smoothies - Glowing Greens - 2.00",4.75,CARD,1908661041629932
09/07/2024 13:19,Longridge,Gay Delgado,"Regular Mocha - 2.30, Regular Speciality Tea - Earl Grey - 1.30, Regular Frappes - Strawberries & Cream - 2.75, Regular Flavoured iced latte - Caramel - 2.75, Large Speciality Tea - Earl Grey - 1.60",10.7,CARD,9467770298201373
09/07/2024 13:20,Longridge,Barbara Cruise,"Regular Mocha - 2.30, Regular Flavoured iced latte - Caramel - 2.75, Large Smoothies - Glowing Greens - 2.50",7.55,CARD,5851885638697598
09/07/2024 13:21,Longridge,Donnie Moyer,"Large Flavoured iced latte - Caramel - 3.25, Large Flavoured iced latte - Caramel - 3.25, Large Frappes - Strawberries & Cream - 3.25, Regular Flavoured iced latte - Caramel - 2.75, Regular Mocha - 2.30",14.8,CARD,9560566301446885
09/07/2024 13:22,Longridge,Phyllis Jackson,Large Flavoured iced latte - Caramel - 3.25,3.25,CARD,1815240761012566
09/07/2024 13:23,Longridge,Emanuel Beyett,"Regular Mocha - 2.30, Regular Glass of milk - 0.70, Regular Glass of milk - 0.70",3.7,CARD,8014148846474999
09/07/2024 13:24,Longridge,Frederic Lester,Large Flavoured iced latte - Caramel - 3.25,3.25,CASH,
09/07/2024 13:25,Longridge,Benjamin Bartberger,Regular Frappes - Strawberries & Cream - 2.75,2.75,CARD,1871923235407779
09/07/2024 13:26,Longridge,Charles Hallenbeck,"Large Smoothies - Glowing Greens - 2.50, Regular Mocha - 2.30, Large Speciality Tea - Earl Grey - 1.60",6.4,CARD,7302868488122139
09/07/2024 13:27,Longridge,Lawrence Davis,Large Smoothies - Glowing Greens - 2.50,2.5,CARD,1199029656658303
09/07/2024 13:28,Longridge,Jennifer Mueller,"Large Smoothies - Glowing Greens - 2.50, Regular Frappes - Strawberries & Cream - 2.75",5.25,CASH,
09/07/2024 13:29,Longridge,Brian Martinez,"Large Smoothies - Glowing Greens - 2.50, Large Glass of milk - 1.10",3.6,CASH,
09/07/2024 13:29,Longridge,Audrey Nelson,"Regular Mocha - 2.30, Regular Speciality Tea - Earl Grey - 1.30, Large Mocha - 2.70",6.3,CASH,
09/07/2024 13:30,Longridge,Richard Lewis,Large Mocha - 2.70,2.7,CARD,2982596363103159
09/07/2024 13:31,Longridge,Roscoe Elwood,Large Frappes - Strawberries & Cream - 3.25,3.25,CASH,
09/07/2024 13:32,Longridge,Hyman Chasse,"Regular Smoothies - Glowing Greens - 2.00, Regular Smoothies - Glowing Greens - 2.00, Regular Frappes - Strawberries & Cream - 2.75",6.75,CARD,6368295929917150
09/07/2024 13:33,Longridge,Hubert Duncan,"Large Speciality Tea - Earl Grey - 1.60, Regular Frappes - Strawberries & Cream - 2.75, Large Speciality Tea - Earl Grey - 1.60, Large Mocha - 2.70, Regular Frappes - Strawberries & Cream - 2.75",11.4,CASH,
09/07/2024 13:34,Longridge,Bessie Lambert,"Large Flavoured iced latte - Caramel - 3.25, Large Frappes - Strawberries & Cream - 3.25, Regular Flavoured iced latte - Caramel - 2.75, Large Speciality Tea - Earl Grey - 1.60",10.85,CASH,
09/07/2024 13:35,Longridge,Gladys Irvine,"Regular Mocha - 2.30, Large Mocha - 2.70, Large Flavoured iced latte - Caramel - 3.25, Large Glass of milk - 1.10",9.35,CARD,8494872222275601
09/07/2024 13:36,Longridge,Mary Yokum,"Large Glass of milk - 1.10, Large Flavoured iced latte - Caramel - 3.25, Regular Flavoured iced latte - Caramel - 2.75",7.1,CARD,4046894233299914
09/07/2024 13:37,Longridge,Esteban Ferguson,"Large Speciality Tea - Earl Grey - 1.60, Large Frappes - Strawberries & Cream - 3.25, Large Smoothies - Glowing Greens - 2.50",7.35,CARD,6456755153221948
09/07/2024 13:38,Longridge,Cheryl Bentley,"Large Flavoured iced latte - Caramel - 3.25, Large Speciality Tea - Earl Grey - 1.60, Large Flavoured iced latte - Caramel - 3.25",8.1,CASH,
09/07/2024 13:39,Longridge,Joe Love,Large Flavoured iced latte - Caramel - 3.25,3.25,CARD,1006218836550817
09/07/2024 13:40,Longridge,Tom Stavrositu,"Large Frappes - Strawberries & Cream - 3.25, Large Glass of milk - 1.10, Regular Smoothies - Glowing Greens - 2.00",6.35,CARD,2416315314308460
09/07/2024 13:41,Longridge,Julia Rachel,"Large Smoothies - Glowing Greens - 2.50, Large Flavoured iced latte - Caramel - 3.25, Regular Mocha - 2.30",8.05,CARD,6548615059070711
09/07/2024 13:42,Longridge,Geraldine Samaniego,"Regular Glass of milk - 0.70, Large Mocha - 2.70, Regular Glass of milk - 0.70, Large Glass of milk - 1.10",5.2,CARD,5596926118203978
09/07/2024 13:43,Longridge,Alice Gallant,"Regular Flavoured iced latte - Caramel - 2.75, Large Frappes - Strawberries & Cream - 3.25, Large Frappes - Strawberries & Cream - 3.25",9.25,CARD,6795092017405233
09/07/2024 13:44,Longridge,Becky Crayton,"Large Mocha - 2.70, Large Mocha - 2.70",5.4,CARD,2552407949408399
09/07/2024 13:45,Longridge,Wilfred Perrault,"Large Flavoured iced latte - Caramel - 3.25, Regular Frappes - Strawberries & Cream - 2.75, Large Flavoured iced latte - Caramel - 3.25, Regular Speciality Tea - Earl Grey - 1.30",10.55,CASH,
09/07/2024 13:46,Longridge,Ann Commons,"Large Smoothies - Glowing Greens - 2.50, Large Speciality Tea - Earl Grey - 1.60",4.1,CARD,9493315608312176
09/07/2024 13:47,Longridge,Jaime Boren,Regular Speciality Tea - Earl Grey - 1.30,1.3,CARD,6706933632718539
09/07/2024 13:48,Longridge,Marla Baxley,"Regular Smoothies - Glowing Greens - 2.00, Regular Speciality Tea - Earl Grey - 1.30",3.3,CARD,3899669552060411
09/07/2024 13:48,Longridge,Paulette Cowan,"Regular Smoothies - Glowing Greens - 2.00, Large Speciality Tea - Earl Grey - 1.60, Regular Mocha - 2.30",5.9,CARD,4055476826512036
09/07/2024 13:49,Longridge,Arthur Phillips,Large Speciality Tea - Earl Grey - 1.60,1.6,CARD,7497123648272168
09/07/2024 13:50,Longridge,Eva Williams,"Regular Smoothies - Glowing Greens - 2.00, Regular Mocha - 2.30, Regular Glass of milk - 0.70, Large Smoothies - Glowing Greens - 2.50",7.5,CARD,4536273559007211
09/07/2024 13:51,Longridge,Ethel Johnson,"Regular Smoothies - Glowing Greens - 2.00, Regular Mocha - 2.30, Regular Flavoured iced latte - Caramel - 2.75, Large Speciality Tea - Earl Grey - 1.60, Regular Frappes - Strawberries & Cream - 2.75",11.4,CARD,1161624985593316
09/07/2024 13:52,Longridge,Leopoldo Gurley,"Large Flavoured iced latte - Caramel - 3.25, Regular Speciality Tea - Earl Grey - 1.30, Large Glass of milk - 1.10",5.65,CASH,
09/07/2024 13:53,Longridge,Willie Sutton,"Regular Smoothies - Glowing Greens - 2.00, Large Frappes - Strawberries & Cream - 3.25, Large Speciality Tea - Earl Grey - 1.60",6.85,CARD,9095898824382545
09/07/2024 13:54,Longridge,Mariano Katz,"Large Glass of milk - 1.10, Regular Flavoured iced latte - Caramel - 2.75, Large Mocha - 2.70, Large Glass of milk - 1.10, Large Mocha - 2.70, Large Speciality Tea - Earl Grey - 1.60",11.95,CARD,4687938199699264
09/07/2024 13:55,Longridge,Susan Hampton,"Large Smoothies - Glowing Greens - 2.50, Regular Frappes - Strawberries & Cream - 2.75",5.25,CARD,6896564664758941
09/07/2024 13:56,Longridge,Stella Hinkle,"Regular Glass of milk - 0.70, Regular Frappes - Strawberries & Cream - 2.75, Large Glass of milk - 1.10",4.55,CARD,9757664785922176
09/07/2024 13:57,Longridge,Marilyn Dominguez,Regular Speciality Tea - Earl Grey - 1.30,1.3,CARD,7634331485401449
09/07/2024 13:58,Longridge,Ronald Gleason,Regular Mocha - 2.30,2.3,CARD,4289685451535900
09/07/2024 13:59,Longridge,Barbara Lawson,"Large Glass of milk - 1.10, Large Smoothies - Glowing Greens - 2.50, Large Speciality Tea - Earl Grey - 1.60, Regular Glass of milk - 0.70",5.9,CARD,5930532414998165
09/07/2024 14:00,Longridge,Loretta Riddle,"Large Flavoured iced latte - Caramel - 3.25, Large Mocha - 2.70",5.95,CARD,3596756719879617
09/07/2024 14:03,Longridge,Steven Mize,"Regular Speciality Tea - Earl Grey - 1.30, Large Smoothies - Glowing Greens - 2.50, Regular Mocha - 2.30, Regular Mocha - 2.30, Regular Mocha - 2.30, Regular Flavoured iced latte - Caramel - 2.75",13.45,CARD,3618880217885801
09/07/2024 14:06,Longridge,Genevieve Gonzalez,Regular Mocha - 2.30,2.3,CARD,8032637003026785
09/07/2024 14:09,Longridge,Earl Cruz,Regular Flavoured iced latte - Caramel - 2.75,2.75,CARD,6227236783112740
09/07/2024 14:12,Longridge,Susan Ellis,Regular Speciality Tea - Earl Grey - 1.30,1.3,CARD,6218597614395711
09/07/2024 14:16,Longridge,Cynthia Harrington,"Large Mocha - 2.70, Regular Frappes - Strawberries & Cream - 2.75",5.45,CASH,
09/07/2024 14:19,Longridge,Gayla Irvine,"Regular Mocha - 2.30, Regular Smoothies - Glowing Greens - 2.00",4.3,CARD,7841958136736279
09/07/2024 14:22,Longridge,Bobby Fox,"Large Speciality Tea - Earl Grey - 1.60, Regular Smoothies - Glowing Greens - 2.00",3.6,CARD,1566462424613345
09/07/2024 14:25,Longridge,Marilyn Uy,"Regular Flavoured iced latte - Caramel - 2.75, Regular Speciality Tea - Earl Grey - 1.30, Large Frappes - Strawberries & Cream - 3.25",7.3,CARD,4811975923555516
09/07/2024 14:28,Longridge,Amanda Oliphant,"Large Frappes - Strawberries & Cream - 3.25, Large Smoothies - Glowing Greens - 2.50, Regular Flavoured iced latte - Caramel - 2.75, Large Speciality Tea - Earl Grey - 1.60",10.1,CARD,1280258861659366
09/07/2024 14:31,Longridge,Mary Barnes,Regular Speciality Tea - Earl Grey - 1.30,1.3,CARD,4977451384183257
09/07/2024 14:35,Longridge,Ethel Hennig,"Regular Speciality Tea - Earl Grey - 1.30, Large Mocha - 2.70, Large Frappes - Strawberries & Cream - 3.25",7.25,CASH,
09/07/2024 14:38,Longridge,Norman Perino,"Large Frappes - Strawberries & Cream - 3.25, Large Flavoured iced latte - Caramel - 3.25, Regular Smoothies - Glowing Greens - 2.00, Large Frappes - Strawberries & Cream - 3.25, Regular Mocha - 2.30",14.05,CASH,
09/07/2024 14:41,Longridge,Marcus Petrella,"Large Speciality Tea - Earl Grey - 1.60, Large Smoothies - Glowing Greens - 2.50",4.1,CARD,5795051273397141
09/07/2024 14:44,Longridge,Edmond Riley,"Regular Flavoured iced latte - Caramel - 2.75, Large Mocha - 2.70",5.45,CARD,2615902627400510
09/07/2024 14:47,Longridge,Bryan Shepherd,"Large Glass of milk - 1.10, Large Speciality Tea - Earl Grey - 1.60",2.7,CASH,
09/07/2024 14:50,Longridge,Michael Lundy,"Regular Frappes - Strawberries & Cream - 2.75, Regular Flavoured iced latte - Caramel - 2.75, Regular Smoothies - Glowing Greens - 2.00, Regular Glass of milk - 0.70, Regular Mocha - 2.30",10.5,CARD,6664160696927556
09/07/2024 14:53,Longridge,Shelia Garcia,"Large Speciality Tea - Earl Grey - 1.60, Large Glass of milk - 1.10",2.7,CASH,
09/07/2024 14:57,Longridge,Laverne Decker,"Large Flavoured iced latte - Caramel - 3.25, Large Flavoured iced latte - Caramel - 3.25, Regular Speciality Tea - Earl Grey - 1.30",7.8,CARD,8871211652345489
09/07/2024 15:00,Longridge,Myrna Fleck,Regular Frappes - Strawberries & Cream - 2.75,2.75,CARD,8950158279020156
09/07/2024 15:01,Longridge,Jack Whetstone,"Regular Mocha - 2.30, Regular Mocha - 2.30, Large Frappes - Strawberries & Cream - 3.25, Regular Frappes - Strawberries & Cream - 2.75, Regular Mocha - 2.30",12.9,CARD,7417104485615519
09/07/2024 15:02,Longridge,George Starnes,Large Smoothies - Glowing Greens - 2.50,2.5,CARD,8637188002212497
09/07/2024 15:03,Longridge,Susan Ealey,"Large Frappes - Strawberries & Cream - 3.25, Large Frappes - Strawberries & Cream - 3.25, Regular Flavoured iced latte - Caramel - 2.75, Regular Frappes - Strawberries & Cream - 2.75",12.0,CARD,2797876225678257
09/07/2024 15:04,Longridge,Rhonda Salas,"Regular Mocha - 2.30, Regular Speciality Tea - Earl Grey - 1.30, Large Flavoured iced latte - Caramel - 3.25, Regular Frappes - Strawberries & Cream - 2.75, Regular Speciality Tea - Earl Grey - 1.30, Regular Speciality Tea - Earl Grey - 1.30",12.2,CARD,1555607421610737
09/07/2024 15:05,Longridge,Arthur Schneider,"Regular Mocha - 2.30, Large Mocha - 2.70, Large Frappes - Strawberries & Cream - 3.25, Regular Frappes - Strawberries & Cream - 2.75",11.0,CASH,
09/07/2024 15:06,Longridge,Thomas Zirin,Regular Frappes - Strawberries & Cream - 2.75,2.75,CARD,7380065030746482
09/07/2024 15:07,Longridge,David Selestewa,Large Flavoured iced latte - Caramel - 3.25,3.25,CASH,
09/07/2024 15:08,Longridge,Jason Cupp,"Regular Mocha - 2.30, Regular Frappes - Strawberries & Cream - 2.75, Regular Mocha - 2.30, Large Speciality Tea - Earl Grey - 1.60, Regular Glass of milk - 0.70",9.65,CASH,
09/07/2024 15:09,Longridge,Mary Lintz,"Large Glass of milk - 1.10, Regular Speciality Tea - Earl Grey - 1.30, Large Glass of milk - 1.10, Large Smoothies - Glowing Greens - 2.50",6.0,CARD,9936983637637360
09/07/2024 15:10,Longridge,William Murray,"Large Smoothies - Glowing Greens - 2.50, Regular Smoothies - Glowing Greens - 2.00, Large Flavoured iced latte - Caramel - 3.25",7.75,CASH,
09/07/2024 15:11,Longridge,David Barnes,"Large Speciality Tea - Earl Grey - 1.60, Regular Flavoured iced latte - Caramel - 2.75, Regular Flavoured iced latte - Caramel - 2.75, Large Frappes - Strawberries & Cream - 3.25, Large Smoothies - Glowing Greens - 2.50, Large Mocha - 2.70",15.55,CASH,
09/07/2024 15:12,Longridge,Nathan Lobianco,"Regular Speciality Tea - Earl Grey - 1.30, Large Smoothies - Glowing Greens - 2.50",3.8,CASH,
09/07/2024 15:13,Longridge,Jose Baker,Large Glass of milk - 1.10,1.1,CASH,
09/07/2024 15:14,Longridge,Leon Kelly,"Regular Speciality Tea - Earl Grey - 1.30, Large Glass of milk - 1.10, Regular Frappes - Strawberries & Cream - 2.75, Large Smoothies - Glowing Greens - 2.50",7.65,CARD,4954350583035014
09/07/2024 15:15,Longridge,Robert Weaver,Regular Smoothies - Glowing Greens - 2.00,2.0,CASH,
09/07/2024 15:16,Longridge,Oscar Turner,"Large Smoothies - Glowing Greens - 2.50, Regular Smoothies - Glowing Greens - 2.00, Large Smoothies - Glowing Greens - 2.50",7.0,CARD,9871781103760821
09/07/2024 15:17,Longridge,James Cost,"Regular Glass of milk - 0.70, Regular Glass of milk - 0.70, Large Flavoured iced latte - Caramel - 3.25",4.65,CARD,9165405957455601
09/07/2024 15:18,Longridge,Anthony Lounsbury,"Regular Speciality Tea - Earl Grey - 1.30, Large Smoothies - Glowing Greens - 2.50, Regular Mocha - 2.30, Large Flavoured iced latte - Caramel - 3.25, Large Flavoured iced latte - Caramel - 3.25",12.6,CARD,5577019915108717
09/07/2024 15:19,Longridge,Doris Wright,Regular Flavoured iced latte - Caramel - 2.75,2.75,CASH,
09/07/2024 15:20,Longridge,Andrew Hughes,"Regular Mocha - 2.30, Large Mocha - 2.70, Large Mocha - 2.70, Large Flavoured iced latte - Caramel - 3.25, Regular Speciality Tea - Earl Grey - 1.30, Regular Frappes - Strawberries & Cream - 2.75",15.0,CARD,8068084523369459
09/07/2024 15:21,Longridge,Anna Spencer,"Regular Flavoured iced latte - Caramel - 2.75, Large Smoothies - Glowing Greens - 2.50",5.25,CASH,
09/07/2024 15:22,Longridge,Robert Coffman,"Regular Glass of milk - 0.70, Large Glass of milk - 1.10",1.8,CARD,2816626491597241
09/07/2024 15:23,Longridge,Jose Cox,Large Glass of milk - 1.10,1.1,CARD,6061343001899455
09/07/2024 15:25,Longridge,Adeline Ramirez,Regular Flavoured iced latte - Caramel - 2.75,2.75,CASH,
09/07/2024 15:26,Longridge,Franklin Allen,"Regular Frappes - Strawberries & Cream - 2.75, Large Frappes - Strawberries & Cream - 3.25",6.0,CARD,7221852003207023
09/07/2024 15:27,Longridge,Diana Chun,Regular Glass of milk - 0.70,0.7,CARD,4807934024683356
09/07/2024 15:28,Longridge,Deborah Figueredo,"Large Mocha - 2.70, Regular Frappes - Strawberries & Cream - 2.75, Large Speciality Tea - Earl Grey - 1.60",7.05,CARD,3823135105936522
09/07/2024 15:29,Longridge,Sherry Rump,"Regular Mocha - 2.30, Large Frappes - Strawberries & Cream - 3.25, Regular Glass of milk - 0.70",6.25,CARD,6462610333783122
09/07/2024 15:30,Longridge,Jan Davis,"Large Glass of milk - 1.10, Regular Smoothies - Glowing Greens - 2.00, Large Smoothies - Glowing Greens - 2.50, Large Glass of milk - 1.10",6.7,CASH,
09/07/2024 15:31,Longridge,Dora Williams,"Large Flavoured iced latte - Caramel - 3.25, Large Mocha - 2.70, Regular Frappes - Strawberries & Cream - 2.75",8.7,CARD,6346246526996362
09/07/2024 15:32,Longridge,Sandra Thompson,"Large Smoothies - Glowing Greens - 2.50, Regular Speciality Tea - Earl Grey - 1.30, Regular Frappes - Strawberries & Cream - 2.75",6.55,CARD,5053935605838003
09/07/2024 15:33,Longridge,Estela Healy,"Regular Mocha - 2.30, Regular Mocha - 2.30, Large Flavoured iced latte - Caramel - 3.25",7.85,CARD,1620149085674670
09/07/2024 15:34,Longridge,Kristi Sharpless,Large Glass of milk - 1.10,1.1,CARD,6438749379792466
09/07/2024 15:35,Longridge,Brandon Booker,"Large Smoothies - Glowing Greens - 2.50, Large Frappes - Strawberries & Cream - 3.25, Large Frappes - Strawberries & Cream - 3.25",9.0,CARD,8920142615508318
09/07/2024 15:36,Longridge,James Juergens,Large Smoothies - Glowing Greens - 2.50,2.5,CASH,
09/07/2024 15:37,Longridge,George Hill,Regular Speciality Tea - Earl Grey - 1.30,1.3,CARD,8638516578969682
09/07/2024 15:38,Longridge,Rachel Mcqueen,Regular Frappes - Strawberries & Cream - 2.75,2.75,CARD,1105903732956927
09/07/2024 15:39,Longridge,Thomas Vazquez,"Large Mocha - 2.70, Regular Frappes - Strawberries & Cream - 2.75",5.45,CARD,9726603923101991
09/07/2024 15:40,Longridge,Sierra Pendleton,"Large Glass of milk - 1.10, Regular Glass of milk - 0.70, Large Frappes - Strawberries & Cream - 3.25, Large Speciality Tea - Earl Grey - 1.60, Regular Flavoured iced latte - Caramel - 2.75",9.4,CARD,2320471309637776
09/07/2024 15:41,Longridge,Glenda Weber,Large Speciality Tea - Earl Grey - 1.60,1.6,CARD,4417930724679040
09/07/2024 15:42,Longridge,Richard Whapham,"Large Speciality Tea - Earl Grey - 1.60, Large Speciality Tea - Earl Grey - 1.60",3.2,CASH,
09/07/2024 15:43,Longridge,Thomas Rose,"Regular Flavoured iced latte - Caramel - 2.75, Large Frappes - Strawberries & Cream - 3.25, Large Glass of milk - 1.10, Large Glass of milk - 1.10",8.2,CARD,9010068716837187
09/07/2024 15:44,Longridge,Raymond Catalano,"Regular Flavoured iced latte - Caramel - 2.75, Large Mocha - 2.70",5.45,CARD,7721285456781322
09/07/2024 15:45,Longridge,Kathy Black,"Regular Frappes - Strawberries & Cream - 2.75, Regular Smoothies - Glowing Greens - 2.00, Large Smoothies - Glowing Greens - 2.50, Regular Mocha - 2.30",9.55,CARD,9856456257672266
09/07/2024 15:46,Longridge,Lillie Fleming,Large Mocha - 2.70,2.7,CARD,7735378089835367
09/07/2024 15:47,Longridge,Reginald Jackson,"Regular Flavoured iced latte - Caramel - 2.75, Regular Flavoured iced latte - Caramel - 2.75, Large Smoothies - Glowing Greens - 2.50, Regular Frappes - Strawberries & Cream - 2.75, Large Frappes - Strawberries & Cream - 3.25",14.0,CARD,8951428570226127
09/07/2024 15:48,Longridge,Maurice Branch,"Regular Flavoured iced latte - Caramel - 2.75, Large Smoothies - Glowing Greens - 2.50",5.25,CASH,
09/07/2024 15:49,Longridge,Nadine Field,"Regular Glass of milk - 0.70, Large Glass of milk - 1.10",1.8,CARD,3265440661474102
09/07/2024 15:50,Longridge,Carl Grose,"Regular Smoothies - Glowing Greens - 2.00, Regular Flavoured iced latte - Caramel - 2.75",4.75,CARD,9338361966522560
09/07/2024 15:51,Longridge,Kris Shell,"Regular Speciality Tea - Earl Grey - 1.30, Large Speciality Tea - Earl Grey - 1.60, Regular Flavoured iced latte - Caramel - 2.75",5.65,CARD,2587160551077407
09/07/2024 15:52,Longridge,Amy Reed,"Regular Mocha - 2.30, Regular Mocha - 2.30, Large Smoothies - Glowing Greens - 2.50",7.1,CARD,9093360556441482
09/07/2024 15:53,Longridge,Larry Jensen,Large Mocha - 2.70,2.7,CARD,6826009298813477
09/07/2024 15:54,Longridge,Katrina Torres,"Regular Speciality Tea - Earl Grey - 1.30, Large Glass of milk - 1.10",2.4,CARD,4112064615919061
09/07/2024 15:56,Longridge,Veronica Parker,"Large Glass of milk - 1.10, Large Glass of milk - 1.10, Regular Smoothies - Glowing Greens - 2.00, Large Speciality Tea - Earl Grey - 1.60",5.8,CARD,5067545831683965
09/07/2024 15:57,Longridge,Michael Simon,"Large Frappes - Strawberries & Cream - 3.25, Regular Speciality Tea - Earl Grey - 1.30, Regular Glass of milk - 0.70, Large Frappes - Strawberries & Cream - 3.25",8.5,CARD,4939618756815700
09/07/2024 15:58,Longridge,Frank Oldenburg,Large Speciality Tea - Earl Grey - 1.60,1.6,CARD,5231618628129793
09/07/2024 15:59,Longridge,Justin Duryea,Large Smoothies - Glowing Greens - 2.50,2.5,CARD,4287062293738266
09/07/2024 16:00,Longridge,Ian Roberts,Regular Glass of milk - 0.70,0.7,CASH,
09/07/2024 16:02,Longridge,Michael Baker,Regular Smoothies - Glowing Greens - 2.00,2.0,CARD,6238392282623696
09/07/2024 16:04,Longridge,Cassandra Pina,"Regular Smoothies - Glowing Greens - 2.00, Large Smoothies - Glowing Greens - 2.50",4.5,CARD,8869410737998944
09/07/2024 16:06,Longridge,Jeanne Brehaut,"Large Speciality Tea - Earl Grey - 1.60, Regular Smoothies - Glowing Greens - 2.00, Regular Frappes - Strawberries & Cream - 2.75, Regular Frappes - Strawberries & Cream - 2.75",9.1,CARD,4773076223485720
09/07/2024 16:08,Longridge,Richard Buck,"Regular Mocha - 2.30, Regular Glass of milk - 0.70, Large Mocha - 2.70",5.7,CARD,2299120292770227
09/07/2024 16:10,Longridge,Franklin Maobi,"Regular Frappes - Strawberries & Cream - 2.75, Regular Glass of milk - 0.70, Large Speciality Tea - Earl Grey - 1.60",5.05,CARD,6025395300958004
09/07/2024 16:12,Longridge,Almeda Delosantos,Regular Flavoured iced latte - Caramel - 2.75,2.75,CARD,9709526976748996
09/07/2024 16:14,Longridge,Casey Blanco,"Large Speciality Tea - Earl Grey - 1.60, Regular Frappes - Strawberries & Cream - 2.75, Regular Speciality Tea - Earl Grey - 1.30",5.65,CARD,1040679120249899
09/07/2024 16:16,Longridge,Laura Beatty,"Regular Flavoured iced latte - Caramel - 2.75, Regular Glass of milk - 0.70, Large Mocha - 2.70, Large Glass of milk - 1.10",7.25,CARD,7174939360003151
09/07/2024 16:18,Longridge,Wilbert Rich,Large Speciality Tea - Earl Grey - 1.60,1.6,CARD,6607211642243412
09/07/2024 16:20,Longridge,Joseph Thomas,"Large Frappes - Strawberries & Cream - 3.25, Large Smoothies - Glowing Greens - 2.50, Large Flavoured iced latte - Caramel - 3.25, Regular Mocha - 2.30",11.3,CARD,4873685689486703
09/07/2024 16:22,Longridge,Paris Love,"Large Smoothies - Glowing Greens - 2.50, Regular Frappes - Strawberries & Cream - 2.75, Large Mocha - 2.70",7.95,CASH,
09/07/2024 16:24,Longridge,Margaret Knaus,"Large Flavoured iced latte - Caramel - 3.25, Large Frappes - Strawberries & Cream - 3.25, Regular Smoothies - Glowing Greens - 2.00",8.5,CARD,6700745818045355
09/07/2024 16:26,Longridge,Bobby Luna,"Large Flavoured iced latte - Caramel - 3.25, Large Mocha - 2.70, Large Speciality Tea - Earl Grey - 1.60, Regular Flavoured iced latte - Caramel - 2.75",10.3,CARD,9013924059842433
09/07/2024 16:28,Longridge,Robert Sedillo,"Large Flavoured iced latte - Caramel - 3.25, Regular Smoothies - Glowing Greens - 2.00, Large Flavoured iced latte - Caramel - 3.25, Large Speciality Tea - Earl Grey - 1.60",10.1,CARD,2669509361535771
09/07/2024 16:30,Longridge,Molly Autery,"Large Mocha - 2.70, Regular Flavoured iced latte - Caramel - 2.75",5.45,CARD,6892404726010781
09/07/2024 16:32,Longridge,Dana Dean,"Regular Flavoured iced latte - Caramel - 2.75, Regular Mocha - 2.30",5.05,CASH,
09/07/2024 16:34,Longridge,Zenaida Bruckner,Large Mocha - 2.70,2.7,CARD,1551615853526615
09/07/2024 16:36,Longridge,John Sanders,"Regular Flavoured iced latte - Caramel - 2.75, Regular Flavoured iced latte - Caramel - 2.75",5.5,CASH,
09/07/2024 16:38,Longridge,Susan Rowe,"Large Speciality Tea - Earl Grey - 1.60, Regular Frappes - Strawberries & Cream - 2.75, Large Flavoured iced latte - Caramel - 3.25, Large Mocha - 2.70",10.3,CARD,8626375935460857
09/07/2024 16:40,Longridge,Jeffry Kite,"Large Flavoured iced latte - Caramel - 3.25, Regular Speciality Tea - Earl Grey - 1.30",4.55,CARD,5809122154910911
09/07/2024 16:42,Longridge,Deborah Griffith,"Large Speciality Tea - Earl Grey - 1.60, Regular Smoothies - Glowing Greens - 2.00, Large Flavoured iced latte - Caramel - 3.25",6.85,CARD,8318548510888022
09/07/2024 16:44,Longridge,Marilyn Moody,"Large Frappes - Strawberries & Cream - 3.25, Large Speciality Tea - Earl Grey - 1.60",4.85,CASH,
09/07/2024 16:46,Longridge,Wanda Mills,"Regular Glass of milk - 0.70, Regular Flavoured iced latte - Caramel - 2.75, Regular Smoothies - Glowing Greens - 2.00, Regular Mocha - 2.30, Regular Mocha - 2.30, Large Speciality Tea - Earl Grey - 1.60",11.65,CARD,5082476615144901
09/07/2024 16:48,Longridge,Sue Bartlett,Large Glass of milk - 1.10,1.1,CARD,2451676657820924
09/07/2024 16:50,Longridge,Philip Mays,Large Frappes - Strawberries & Cream - 3.25,3.25,CARD,8615897610749399
09/07/2024 16:52,Longridge,Angela Nekola,"Large Smoothies - Glowing Greens - 2.50, Large Glass of milk - 1.10, Large Smoothies - Glowing Greens - 2.50, Large Glass of milk - 1.10",7.2,CARD,1050892781342475
09/07/2024 16:54,Longridge,Van Cravens,"Regular Speciality Tea - Earl Grey - 1.30, Large Smoothies - Glowing Greens - 2.50",3.8,CARD,6632185919074748
09/07/2024 16:56,Longridge,Ricky Porter,"Regular Mocha - 2.30, Regular Mocha - 2.30",4.6,CASH,
09/07/2024 16:58,Longridge,Brad Maloney,"Regular Frappes - Strawberries & Cream - 2.75, Large Flavoured iced latte - Caramel - 3.25, Large Mocha - 2.70",8.7,CASH,
