09/07/2024 09:00,Uppingham,Fernando Jarrett,Large Speciality Tea - Green - 1.60,1.6,CASH,
09/07/2024 09:01,Uppingham,Pamela Ackley,"Regular Speciality Tea - Peppermint - 1.30, Regular Mocha - 2.30",3.6,CARD,7712476060262398
09/07/2024 09:02,Uppingham,Martine Mckinley,"Regular Flavoured latte - Caramel - 2.55, Large Smoothies - Berry Beautiful - 2.50",5.05,CASH,
09/07/2024 09:03,Uppingham,Miranda Sparks,"Large Red Label tea - 1.80, Large Speciality Tea - Green - 1.60, Large Flavoured latte - Caramel - 2.85, Large Flavoured latte - Caramel - 2.85",9.1,CASH,
09/07/2024 09:04,Uppingham,Kate Moseley,"Large Mocha - 2.70, Large Flavoured latte - Caramel - 2.85, Regular Flavoured hot chocolate - Vanilla - 2.60, Large Flavoured latte - Caramel - 2.85, Large Smoothies - Berry Beautiful - 2.50, Regular Flavoured hot chocolate - Vanilla - 2.60",16.1,CASH,
09/07/2024 09:05,Uppingham,Verna Jones,"Regular Smoothies - Berry Beautiful - 2.00, Large Red Label tea - 1.80, Large Flavoured latte - Hazelnut - 2.85, Regular Speciality Tea - Green - 1.30, Regular Red Label tea - 1.20, Large Smoothies - Berry Beautiful - 2.50",11.65,CARD,6110265638696717
09/07/2024 09:06,Uppingham,Francis Fetzer,Large Smoothies - Berry Beautiful - 2.50,2.5,CARD,3244355637876109
09/07/2024 09:07,Uppingham,Robert Hasselman,"Large Cortado - 2.35, Large Cortado - 2.35",4.7,CARD,2787985119598407
09/07/2024 09:08,Uppingham,Lillian Stein,"Large Speciality Tea - Green - 1.60, Large Flavoured hot chocolate - Vanilla - 2.90, Regular Red Label tea - 1.20",5.7,CARD,7712244309649625
09/07/2024 09:09,Uppingham,Andrew Ruch,Regular Mocha - 2.30,2.3,CASH,
09/07/2024 09:10,Uppingham,Arthur Schoof,"Large Speciality Tea - Green - 1.60, Large Speciality Tea - Peppermint - 1.60, Regular Smoothies - Berry Beautiful - 2.00",5.2,CARD,3418390408034597
09/07/2024 09:11,Uppingham,Louis Zoutte,Large Speciality Tea - Green - 1.60,1.6,CARD,9892200356579705
09/07/2024 09:12,Uppingham,Patricia Evans,"Large Mocha - 2.70, Regular Mocha - 2.30, Large Smoothies - Berry Beautiful - 2.50",7.5,CARD,9404086521252164
09/07/2024 09:13,Uppingham,Dennis Edwards,Large Flavoured latte - Hazelnut - 2.85,2.85,CARD,5245076891880147
09/07/2024 09:14,Uppingham,Kathryn Glaze,"Large Smoothies - Berry Beautiful - 2.50, Regular Mocha - 2.30",4.8,CASH,
09/07/2024 09:15,Uppingham,Nina Jones,"Large Red Label tea - 1.80, Regular Speciality Tea - Peppermint - 1.30, Large Smoothies - Berry Beautiful - 2.50",5.6,CARD,1517409235723796
09/07/2024 09:16,Uppingham,Judith Hong,Large Speciality Tea - Green - 1.60,1.6,CASH,
09/07/2024 09:17,Uppingham,Virginia Davis,Regular Flavoured latte - Hazelnut - 2.55,2.55,CASH,
09/07/2024 09:18,Uppingham,Steven Knight,"Regular Mocha - 2.30, Large Red Label tea - 1.80, Large Flavoured hot chocolate - Vanilla - 2.90, Regular Red Label tea - 1.20",8.2,CASH,
09/07/2024 09:19,Uppingham,Jennifer Denger,"Large Hot chocolate - 2.90, Regular Hot chocolate - 2.20",5.1,CARD,8943210101470057
09/07/2024 09:20,Uppingham,Louise Hoey,Large Red Label tea - 1.80,1.8,CASH,
09/07/2024 09:21,Uppingham,Maritza Miller,"Large Flavoured latte - Hazelnut - 2.85, Large Hot chocolate - 2.90, Regular Hot chocolate - 2.20, Regular Cortado - 2.05",10.0,CARD,3697305397317394
09/07/2024 09:22,Uppingham,Mary Dixon,"Large Hot chocolate - 2.90, Regular Hot chocolate - 2.20, Regular Hot chocolate - 2.20, Large Speciality Tea - Green - 1.60, Large Flavoured latte - Hazelnut - 2.85",11.75,CARD,8272450773793393
09/07/2024 09:23,Uppingham,Aaron Langer,"Regular Speciality Tea - Peppermint - 1.30, Regular Flavoured latte - Caramel - 2.55, Regular Flavoured latte - Hazelnut - 2.55, Large Speciality Tea - Green - 1.60",8.0,CARD,1082301668416479
09/07/2024 09:24,Uppingham,Tiffany Madeiros,"Large Smoothies - Berry Beautiful - 2.50, Large Speciality Tea - Peppermint - 1.60, Regular Mocha - 2.30, Regular Hot chocolate - 2.20, Large Speciality Tea - Green - 1.60, Large Hot chocolate - 2.90",13.1,CARD,7621488945764999
09/07/2024 09:25,Uppingham,Krystal Morrison,"Large Flavoured latte - Caramel - 2.85, Large Flavoured latte - Hazelnut - 2.85",5.7,CARD,4450357642081687
09/07/2024 09:26,Uppingham,Kimberly Junke,Regular Flavoured latte - Hazelnut - 2.55,2.55,CARD,3408919277386165
09/07/2024 09:27,Uppingham,Shelley Hudson,"Large Smoothies - Berry Beautiful - 2.50, Regular Hot chocolate - 2.20, Large Cortado - 2.35, Regular Mocha - 2.30, Regular Smoothies - Berry Beautiful - 2.00",11.35,CASH,
09/07/2024 09:28,Uppingham,Gary Maldonado,"Regular Mocha - 2.30, Large Speciality Tea - Peppermint - 1.60, Large Cortado - 2.35, Large Speciality Tea - Peppermint - 1.60",7.85,CASH,
09/07/2024 09:29,Uppingham,Linda Horne,"Large Cortado - 2.35, Regular Flavoured latte - Hazelnut - 2.55, Large Speciality Tea - Peppermint - 1.60, Regular Speciality Tea - Green - 1.30, Large Cortado - 2.35",10.15,CASH,
09/07/2024 09:30,Uppingham,Kenneth Perez,"Large Speciality Tea - Peppermint - 1.60, Large Red Label tea - 1.80",3.4,CARD,8740731493762781
09/07/2024 09:31,Uppingham,Katy Hardman,"Large Flavoured hot chocolate - Vanilla - 2.90, Large Hot chocolate - 2.90, Large Red Label tea - 1.80, Regular Cortado - 2.05",9.65,CARD,4936058231923618
09/07/2024 09:32,Uppingham,Margarita Freeman,Large Speciality Tea - Peppermint - 1.60,1.6,CARD,5082625793637590
09/07/2024 09:33,Uppingham,Richard Griswold,"Regular Red Label tea - 1.20, Large Cortado - 2.35",3.55,CARD,2180881071471723
09/07/2024 09:34,Uppingham,Gloria Mitchell,"Large Mocha - 2.70, Large Mocha - 2.70",5.4,CARD,4767702377392619
09/07/2024 09:35,Uppingham,Michelle Ruiz,Regular Smoothies - Berry Beautiful - 2.00,2.0,CASH,
09/07/2024 09:36,Uppingham,Teresa Ferrer,Regular Speciality Tea - Peppermint - 1.30,1.3,CARD,4759230947650120
09/07/2024 09:37,Uppingham,Teddy Gendron,Regular Red Label tea - 1.20,1.2,CASH,
09/07/2024 09:38,Uppingham,Carol Walker,Regular Speciality Tea - Green - 1.30,1.3,CARD,2433033888665781
09/07/2024 09:39,Uppingham,Lucinda Broe,"Regular Cortado - 2.05, Regular Mocha - 2.30, Large Speciality Tea - Green - 1.60",5.95,CASH,
09/07/2024 09:40,Uppingham,Joseph Steward,"Large Speciality Tea - Green - 1.60, Large Smoothies - Berry Beautiful - 2.50, Regular Red Label tea - 1.20, Large Hot chocolate - 2.90, Regular Red Label tea - 1.20, Large Smoothies - Berry Beautiful - 2.50",11.9,CARD,2344557576392209
09/07/2024 09:41,Uppingham,Theodora Moore,Large Cortado - 2.35,2.35,CARD,1614820810939187
09/07/2024 09:42,Uppingham,James Parks,"Large Hot chocolate - 2.90, Large Hot chocolate - 2.90",5.8,CASH,
09/07/2024 09:43,Uppingham,Donald Satmary,"Large Speciality Tea - Peppermint - 1.60, Large Speciality Tea - Green - 1.60",3.2,CARD,4502938467382508
09/07/2024 09:44,Uppingham,Edward Ramsey,"Regular Speciality Tea - Green - 1.30, Regular Hot chocolate - 2.20",3.5,CARD,9730352901036310
09/07/2024 09:45,Uppingham,Glenda Jackson,"Regular Red Label tea - 1.20, Large Smoothies - Berry Beautiful - 2.50, Large Speciality Tea - Peppermint - 1.60, Regular Smoothies - Berry Beautiful - 2.00",7.3,CARD,2850668411580430
09/07/2024 09:46,Uppingham,Ernest Lee,"Regular Hot chocolate - 2.20, Regular Hot chocolate - 2.20, Large Speciality Tea - Peppermint - 1.60",6.0,CASH,
09/07/2024 09:47,Uppingham,Imogene Carpenter,"Large Speciality Tea - Peppermint - 1.60, Large Red Label tea - 1.80, Large Speciality Tea - Green - 1.60, Regular Cortado - 2.05",7.05,CARD,7800841030332407
09/07/2024 09:48,Uppingham,Jackie Sparks,"Regular Red Label tea - 1.20, Large Red Label tea - 1.80",3.0,CASH,
09/07/2024 09:49,Uppingham,Denna Dew,"Large Flavoured hot chocolate - Vanilla - 2.90, Large Red Label tea - 1.80",4.7,CARD,7857460168770207
09/07/2024 09:50,Uppingham,Jerald Weiss,Large Smoothies - Berry Beautiful - 2.50,2.5,CARD,3291024130730103
09/07/2024 09:51,Uppingham,Marguerite Chism,Large Hot chocolate - 2.90,2.9,CASH,
09/07/2024 09:52,Uppingham,Mervin Barnes,"Large Hot chocolate - 2.90, Large Flavoured latte - Hazelnut - 2.85, Regular Flavoured latte - Caramel - 2.55, Regular Flavoured hot chocolate - Vanilla - 2.60, Large Flavoured latte - Caramel - 2.85, Regular Mocha - 2.30",16.05,CARD,5615111033293927
09/07/2024 09:53,Uppingham,Dennis Kotterna,"Regular Flavoured latte - Hazelnut - 2.55, Large Speciality Tea - Peppermint - 1.60",4.15,CARD,5411238945930420
09/07/2024 09:54,Uppingham,Arlene Barich,"Regular Red Label tea - 1.20, Regular Flavoured latte - Caramel - 2.55, Regular Speciality Tea - Green - 1.30, Large Smoothies - Berry Beautiful - 2.50, Regular Flavoured latte - Caramel - 2.55, Large Red Label tea - 1.80",11.9,CARD,2228994981977374
09/07/2024 09:55,Uppingham,Wayne Wallace,"Regular Flavoured latte - Caramel - 2.55, Large Red Label tea - 1.80, Regular Mocha - 2.30",6.65,CARD,4527441079325384
09/07/2024 09:56,Uppingham,Darren Mager,"Regular Red Label tea - 1.20, Large Flavoured latte - Hazelnut - 2.85",4.05,CASH,
09/07/2024 09:57,Uppingham,Dessie Kosiba,"Large Flavoured latte - Hazelnut - 2.85, Large Speciality Tea - Peppermint - 1.60, Large Cortado - 2.35, Regular Hot chocolate - 2.20",9.0,CARD,6612062890348341
09/07/2024 09:58,Uppingham,Daniel White,"Regular Speciality Tea - Green - 1.30, Large Smoothies - Berry Beautiful - 2.50, Regular Speciality Tea - Peppermint - 1.30, Large Flavoured latte - Hazelnut - 2.85",7.95,CASH,
09/07/2024 09:59,Uppingham,Brian Fox,"Regular Hot chocolate - 2.20, Large Cortado - 2.35",4.55,CASH,
09/07/2024 10:01,Uppingham,Tom Bright,"Regular Red Label tea - 1.20, Regular Speciality Tea - Green - 1.30, Large Flavoured latte - Hazelnut - 2.85",5.35,CARD,3195315999524606
09/07/2024 10:02,Uppingham,Sarah Beard,"Regular Red Label tea - 1.20, Regular Flavoured latte - Caramel - 2.55",3.75,CARD,1648475308311353
09/07/2024 10:03,Uppingham,John Frost,Large Smoothies - Berry Beautiful - 2.50,2.5,CARD,1323395142651770
09/07/2024 10:04,Uppingham,Emily Alleyne,Large Flavoured hot chocolate - Vanilla - 2.90,2.9,CARD,8134295325571853
09/07/2024 10:06,Uppingham,Charles Cornwell,"Regular Red Label tea - 1.20, Large Flavoured hot chocolate - Vanilla - 2.90",4.1,CARD,4119070183132709
09/07/2024 10:07,Uppingham,Keith Nasta,Regular Mocha - 2.30,2.3,CARD,4790815156413854
09/07/2024 10:08,Uppingham,Jim Ontiveros,"Large Flavoured latte - Hazelnut - 2.85, Regular Red Label tea - 1.20, Regular Speciality Tea - Green - 1.30, Regular Hot chocolate - 2.20, Large Hot chocolate - 2.90, Regular Flavoured latte - Hazelnut - 2.55",13.0,CARD,5434562198819822
09/07/2024 10:09,Uppingham,Phil Blahnik,"Large Flavoured latte - Hazelnut - 2.85, Regular Flavoured latte - Caramel - 2.55",5.4,CASH,
09/07/2024 10:11,Uppingham,Latoya Sheehy,Large Smoothies - Berry Beautiful - 2.50,2.5,CASH,
09/07/2024 10:12,Uppingham,Diana Rodriquez,"Large Cortado - 2.35, Regular Cortado - 2.05",4.4,CARD,8455614546108608
09/07/2024 10:13,Uppingham,Mika Gonzales,"Regular Flavoured latte - Caramel - 2.55, Regular Speciality Tea - Peppermint - 1.30",3.85,CARD,6139017646354472
09/07/2024 10:14,Uppingham,Vicki Hughes,Regular Smoothies - Berry Beautiful - 2.00,2.0,CASH,
09/07/2024 10:16,Uppingham,Brandon Walton,"Large Flavoured latte - Hazelnut - 2.85, Large Smoothies - Berry Beautiful - 2.50",5.35,CARD,4826832533944670
09/07/2024 10:17,Uppingham,Barbara Stovall,"Regular Flavoured hot chocolate - Vanilla - 2.60, Large Flavoured latte - Caramel - 2.85, Large Smoothies - Berry Beautiful - 2.50",7.95,CARD,6175027470268670
09/07/2024 10:18,Uppingham,Peter Auld,"Large Flavoured latte - Hazelnut - 2.85, Large Hot chocolate - 2.90, Regular Speciality Tea - Peppermint - 1.30",7.05,CASH,
09/07/2024 10:19,Uppingham,Jeffrey Delmonte,"Regular Flavoured latte - Caramel - 2.55, Large Speciality Tea - Green - 1.60, Regular Cortado - 2.05, Large Speciality Tea - Peppermint - 1.60, Regular Flavoured latte - Caramel - 2.55, Regular Flavoured latte - Caramel - 2.55",12.9,CARD,2242170118526195
09/07/2024 10:21,Uppingham,Vickie Oritz,"Regular Speciality Tea - Green - 1.30, Large Flavoured latte - Hazelnut - 2.85",4.15,CASH,
09/07/2024 10:22,Uppingham,Garry Backman,"Large Flavoured hot chocolate - Vanilla - 2.90, Regular Flavoured hot chocolate - Vanilla - 2.60, Regular Cortado - 2.05",7.55,CARD,5467829477117554
09/07/2024 10:23,Uppingham,Heather Leung,"Regular Hot chocolate - 2.20, Large Cortado - 2.35, Large Speciality Tea - Green - 1.60",6.15,CARD,8859887836951277
09/07/2024 10:24,Uppingham,Brian Williams,"Large Speciality Tea - Peppermint - 1.60, Regular Red Label tea - 1.20, Regular Speciality Tea - Green - 1.30",4.1,CARD,5740690664350702
09/07/2024 10:26,Uppingham,Paul Lang,"Large Flavoured hot chocolate - Vanilla - 2.90, Regular Flavoured latte - Hazelnut - 2.55",5.45,CARD,3190972039279818
09/07/2024 10:27,Uppingham,Joe Smith,"Large Flavoured latte - Caramel - 2.85, Large Flavoured latte - Caramel - 2.85, Regular Flavoured latte - Caramel - 2.55",8.25,CARD,1910237694530860
09/07/2024 10:28,Uppingham,John Matlock,"Regular Speciality Tea - Green - 1.30, Large Speciality Tea - Peppermint - 1.60, Large Hot chocolate - 2.90, Regular Flavoured latte - Hazelnut - 2.55, Large Speciality Tea - Green - 1.60",9.95,CARD,3325794721148483
09/07/2024 10:29,Uppingham,Elizabeth Schutte,"Large Mocha - 2.70, Regular Flavoured latte - Hazelnut - 2.55, Large Speciality Tea - Green - 1.60",6.85,CARD,4834769988754865
09/07/2024 10:31,Uppingham,Erica Panter,"Regular Mocha - 2.30, Large Red Label tea - 1.80",4.1,CARD,5877416620536336
09/07/2024 10:32,Uppingham,Anthony Reeves,"Regular Cortado - 2.05, Regular Red Label tea - 1.20",3.25,CASH,
09/07/2024 10:33,Uppingham,Aaron Gallaway,"Large Cortado - 2.35, Large Speciality Tea - Peppermint - 1.60",3.95,CARD,1381128950460184
09/07/2024 10:34,Uppingham,Rosalyn Wright,"Large Flavoured latte - Hazelnut - 2.85, Regular Smoothies - Berry Beautiful - 2.00, Large Mocha - 2.70",7.55,CARD,6486403485103178
09/07/2024 10:36,Uppingham,Carol Perna,"Regular Mocha - 2.30, Regular Speciality Tea - Green - 1.30, Regular Speciality Tea - Peppermint - 1.30, Regular Red Label tea - 1.20, Large Cortado - 2.35",8.45,CASH,
09/07/2024 10:37,Uppingham,Sharon Hoffman,"Large Flavoured latte - Caramel - 2.85, Large Speciality Tea - Peppermint - 1.60, Regular Flavoured latte - Hazelnut - 2.55",7.0,CARD,7899638255639500
09/07/2024 10:38,Uppingham,Opal Burkley,Large Flavoured latte - Hazelnut - 2.85,2.85,CASH,
09/07/2024 10:39,Uppingham,Daniel Hulbert,"Regular Red Label tea - 1.20, Large Speciality Tea - Green - 1.60, Large Flavoured latte - Hazelnut - 2.85, Regular Hot chocolate - 2.20, Large Speciality Tea - Green - 1.60, Large Mocha - 2.70",12.15,CARD,9308090163604964
09/07/2024 10:41,Uppingham,Brent Murray,"Regular Mocha - 2.30, Regular Flavoured latte - Hazelnut - 2.55",4.85,CARD,6891472078430092
09/07/2024 10:42,Uppingham,Walter Claggett,"Regular Cortado - 2.05, Large Flavoured latte - Hazelnut - 2.85, Regular Flavoured latte - Caramel - 2.55, Large Flavoured hot chocolate - Vanilla - 2.90",10.35,CARD,8092485376431105
09/07/2024 10:43,Uppingham,Latisha Howard,"Large Speciality Tea - Green - 1.60, Large Speciality Tea - Green - 1.60, Regular Flavoured latte - Hazelnut - 2.55, Regular Flavoured latte - Caramel - 2.55",8.3,CARD,8637549679150814
09/07/2024 10:44,Uppingham,Rodney Jenkins,"Regular Cortado - 2.05, Regular Red Label tea - 1.20, Regular Mocha - 2.30, Regular Speciality Tea - Green - 1.30, Large Hot chocolate - 2.90",9.75,CARD,1538915798283981
09/07/2024 10:46,Uppingham,Hattie Allen,"Large Mocha - 2.70, Regular Flavoured latte - Caramel - 2.55, Large Hot chocolate - 2.90, Regular Flavoured latte - Caramel - 2.55, Regular Flavoured latte - Hazelnut - 2.55",13.25,CARD,9666672582666148
09/07/2024 10:47,Uppingham,Felix Bryant,"Large Hot chocolate - 2.90, Large Smoothies - Berry Beautiful - 2.50, Regular Flavoured latte - Hazelnut - 2.55",7.95,CARD,7453205430766078
09/07/2024 10:48,Uppingham,Alan Prahl,"Large Red Label tea - 1.80, Regular Speciality Tea - Peppermint - 1.30",3.1,CASH,
09/07/2024 10:49,Uppingham,Frankie Smith,Regular Flavoured latte - Hazelnut - 2.55,2.55,CARD,8068196876605286
09/07/2024 10:51,Uppingham,Jeremy Montoya,"Regular Red Label tea - 1.20, Regular Red Label tea - 1.20, Regular Hot chocolate - 2.20",4.6,CASH,
09/07/2024 10:52,Uppingham,Daniel Martin,"Regular Mocha - 2.30, Large Flavoured hot chocolate - Vanilla - 2.90, Regular Cortado - 2.05, Large Cortado - 2.35",9.6,CARD,4191328057168324
09/07/2024 10:53,Uppingham,Tony Mcfarland,Large Hot chocolate - 2.90,2.9,CARD,2525804875302678
09/07/2024 10:54,Uppingham,Robert Brumit,"Large Red Label tea - 1.80, Regular Flavoured latte - Caramel - 2.55",4.35,CARD,9790327109302458
09/07/2024 10:56,Uppingham,John Bowles,"Large Red Label tea - 1.80, Regular Flavoured latte - Hazelnut - 2.55",4.35,CARD,2438977071913770
09/07/2024 10:57,Uppingham,Jason Grantham,"Large Mocha - 2.70, Regular Flavoured hot chocolate - Vanilla - 2.60, Large Speciality Tea - Green - 1.60, Regular Flavoured hot chocolate - Vanilla - 2.60, Large Hot chocolate - 2.90",12.4,CARD,6715279438898141
09/07/2024 10:58,Uppingham,Delois Schmidt,"Large Speciality Tea - Green - 1.60, Regular Smoothies - Berry Beautiful - 2.00, Large Flavoured latte - Caramel - 2.85, Regular Flavoured hot chocolate - Vanilla - 2.60",9.05,CARD,8111517048592477
09/07/2024 10:59,Uppingham,Dena Bowser,"Regular Red Label tea - 1.20, Regular Speciality Tea - Peppermint - 1.30",2.5,CARD,5277888218518885
09/07/2024 11:01,Uppingham,Steve Gjertsen,"Large Smoothies - Berry Beautiful - 2.50, Regular Flavoured hot chocolate - Vanilla - 2.60, Regular Hot chocolate - 2.20",7.3,CARD,5002500169586243
09/07/2024 11:03,Uppingham,John Latham,"Large Mocha - 2.70, Regular Hot chocolate - 2.20, Regular Speciality Tea - Green - 1.30, Large Cortado - 2.35, Regular Flavoured hot chocolate - Vanilla - 2.60",11.15,CARD,7900492853000896
09/07/2024 11:05,Uppingham,Mildred Hughes,Large Hot chocolate - 2.90,2.9,CARD,2791481415469526
09/07/2024 11:07,Uppingham,Melissa Johnson,"Regular Red Label tea - 1.20, Regular Speciality Tea - Green - 1.30, Large Speciality Tea - Green - 1.60, Regular Cortado - 2.05, Large Red Label tea - 1.80",7.95,CASH,
09/07/2024 11:09,Uppingham,Melvin Key,"Large Red Label tea - 1.80, Regular Speciality Tea - Green - 1.30, Large Smoothies - Berry Beautiful - 2.50",5.6,CASH,
09/07/2024 11:11,Uppingham,Richard Irish,Large Speciality Tea - Green - 1.60,1.6,CARD,7191084095950782
09/07/2024 11:13,Uppingham,Willie Ferguson,"Regular Smoothies - Berry Beautiful - 2.00, Large Hot chocolate - 2.90, Regular Hot chocolate - 2.20, Regular Speciality Tea - Green - 1.30, Large Red Label tea - 1.80, Large Flavoured hot chocolate - Vanilla - 2.90",13.1,CARD,6423335454050001
09/07/2024 11:15,Uppingham,Dorothy Barta,"Large Hot chocolate - 2.90, Regular Flavoured hot chocolate - Vanilla - 2.60, Regular Speciality Tea - Peppermint - 1.30",6.8,CASH,
09/07/2024 11:17,Uppingham,Terri Thomson,Large Flavoured latte - Caramel - 2.85,2.85,CASH,
09/07/2024 11:19,Uppingham,William Hampson,"Regular Smoothies - Berry Beautiful - 2.00, Regular Red Label tea - 1.20, Regular Mocha - 2.30, Large Mocha - 2.70, Large Hot chocolate - 2.90, Regular Smoothies - Berry Beautiful - 2.00",13.1,CARD,7454390046812132
09/07/2024 11:21,Uppingham,Jason Panther,"Large Speciality Tea - Green - 1.60, Large Speciality Tea - Green - 1.60, Regular Speciality Tea - Green - 1.30, Large Hot chocolate - 2.90",7.4,CARD,6150226096232027
09/07/2024 11:23,Uppingham,Michael Enos,"Regular Flavoured latte - Hazelnut - 2.55, Regular Speciality Tea - Green - 1.30",3.85,CARD,8201030923076809
09/07/2024 11:25,Uppingham,Samuel Prater,"Regular Flavoured hot chocolate - Vanilla - 2.60, Large Flavoured latte - Hazelnut - 2.85, Regular Flavoured hot chocolate - Vanilla - 2.60, Large Speciality Tea - Green - 1.60, Regular Mocha - 2.30, Large Red Label tea - 1.80",13.75,CASH,
09/07/2024 11:27,Uppingham,Kenneth Ruiz,"Large Speciality Tea - Green - 1.60, Regular Red Label tea - 1.20",2.8,CASH,
09/07/2024 11:29,Uppingham,Robert Smith,"Large Flavoured hot chocolate - Vanilla - 2.90, Regular Cortado - 2.05, Regular Smoothies - Berry Beautiful - 2.00, Regular Speciality Tea - Green - 1.30, Large Flavoured latte - Hazelnut - 2.85",11.1,CARD,4755940309799669
09/07/2024 11:31,Uppingham,Lorraine Buxton,Large Smoothies - Berry Beautiful - 2.50,2.5,CARD,2634255871879465
09/07/2024 11:33,Uppingham,Dolores Sellers,"Regular Smoothies - Berry Beautiful - 2.00, Large Speciality Tea - Peppermint - 1.60",3.6,CARD,9493103879688003
09/07/2024 11:35,Uppingham,Basil Stein,"Regular Flavoured latte - Hazelnut - 2.55, Large Cortado - 2.35",4.9,CARD,2811451664481178
09/07/2024 11:37,Uppingham,Lilian Granger,Large Speciality Tea - Peppermint - 1.60,1.6,CARD,3764318427303560
09/07/2024 11:39,Uppingham,Krista Pena,"Large Hot chocolate - 2.90, Large Flavoured hot chocolate - Vanilla - 2.90",5.8,CARD,1603305568313134
09/07/2024 11:41,Uppingham,James Wiggins,"Regular Speciality Tea - Peppermint - 1.30, Regular Flavoured latte - Hazelnut - 2.55",3.85,CARD,4840337575509937
09/07/2024 11:43,Uppingham,Alta Underwood,"Large Speciality Tea - Peppermint - 1.60, Regular Speciality Tea - Green - 1.30, Regular Flavoured hot chocolate - Vanilla - 2.60",5.5,CASH,
09/07/2024 11:45,Uppingham,Ethel Johannes,"Large Flavoured hot chocolate - Vanilla - 2.90, Regular Flavoured latte - Hazelnut - 2.55, Regular Flavoured latte - Caramel - 2.55",8.0,CARD,3909573131777005
09/07/2024 11:47,Uppingham,Eric Kyung,Large Flavoured latte - Hazelnut - 2.85,2.85,CARD,1837279008504239
09/07/2024 11:49,Uppingham,Gloria Vest,"Regular Mocha - 2.30, Regular Speciality Tea - Green - 1.30, Large Flavoured hot chocolate - Vanilla - 2.90, Regular Flavoured latte - Hazelnut - 2.55, Large Flavoured latte - Hazelnut - 2.85",11.9,CARD,9409723101595537
09/07/2024 11:51,Uppingham,Martha Fitzgerald,"Regular Mocha - 2.30, Regular Flavoured latte - Hazelnut - 2.55, Large Speciality Tea - Peppermint - 1.60",6.45,CARD,6674156380830104
09/07/2024 11:53,Uppingham,Robert Voeks,"Large Hot chocolate - 2.90, Regular Hot chocolate - 2.20",5.1,CARD,8216737699278712
09/07/2024 11:55,Uppingham,Shirley Beaudoin,Large Mocha - 2.70,2.7,CARD,9674940144965174
09/07/2024 11:57,Uppingham,Freida Kendig,"Large Flavoured latte - Hazelnut - 2.85, Regular Red Label tea - 1.20",4.05,CASH,
09/07/2024 11:59,Uppingham,Robert Gardiner,"Large Speciality Tea - Green - 1.60, Large Red Label tea - 1.80, Regular Flavoured hot chocolate - Vanilla - 2.60",6.0,CASH,
09/07/2024 12:01,Uppingham,Eva Addison,Regular Smoothies - Berry Beautiful - 2.00,2.0,CARD,7341215145625473
09/07/2024 12:04,Uppingham,Keith Boyd,"Regular Flavoured latte - Hazelnut - 2.55, Regular Speciality Tea - Peppermint - 1.30, Regular Flavoured latte - Caramel - 2.55, Large Mocha - 2.70, Regular Cortado - 2.05",11.15,CARD,1288682779141186
09/07/2024 12:07,Uppingham,Nicholas Thomas,"Large Mocha - 2.70, Regular Cortado - 2.05",4.75,CARD,3256929635245895
09/07/2024 12:10,Uppingham,Cynthia Parks,"Regular Mocha - 2.30, Regular Speciality Tea - Green - 1.30, Large Mocha - 2.70",6.3,CARD,4076725288887068
09/07/2024 12:13,Uppingham,Melissa Ehrhart,"Regular Flavoured latte - Caramel - 2.55, Large Flavoured latte - Hazelnut - 2.85, Large Flavoured hot chocolate - Vanilla - 2.90",8.3,CARD,3541756516170901
09/07/2024 12:16,Uppingham,Rodney Nelson,Large Flavoured latte - Hazelnut - 2.85,2.85,CARD,1476598336098508
09/07/2024 12:19,Uppingham,William Bright,"Regular Flavoured latte - Caramel - 2.55, Regular Smoothies - Berry Beautiful - 2.00",4.55,CARD,7068083103072589
09/07/2024 12:23,Uppingham,Anita Paulson,"Large Flavoured latte - Hazelnut - 2.85, Regular Flavoured hot chocolate - Vanilla - 2.60, Large Cortado - 2.35, Large Speciality Tea - Peppermint - 1.60, Regular Speciality Tea - Green - 1.30",10.7,CASH,
09/07/2024 12:26,Uppingham,Luis Lee,Regular Mocha - 2.30,2.3,CARD,8888594174699884
09/07/2024 12:29,Uppingham,Michael Bethel,"Regular Speciality Tea - Green - 1.30, Large Red Label tea - 1.80",3.1,CASH,
09/07/2024 12:32,Uppingham,Victor Ward,"Large Cortado - 2.35, Large Speciality Tea - Green - 1.60, Regular Flavoured latte - Hazelnut - 2.55, Large Red Label tea - 1.80",8.3,CARD,9872613418322503
09/07/2024 12:35,Uppingham,Nilda Cunningham,"Large Flavoured latte - Hazelnut - 2.85, Regular Flavoured latte - Hazelnut - 2.55, Regular Hot chocolate - 2.20",7.6,CARD,7239969230930058
09/07/2024 12:38,Uppingham,Gary Janney,"Large Speciality Tea - Green - 1.60, Large Flavoured hot chocolate - Vanilla - 2.90, Regular Smoothies - Berry Beautiful - 2.00, Regular Smoothies - Berry Beautiful - 2.00, Large Mocha - 2.70",11.2,CARD,7124194376252056
09/07/2024 12:41,Uppingham,Marcia Villegas,Regular Flavoured hot chocolate - Vanilla - 2.60,2.6,CASH,
09/07/2024 12:45,Uppingham,Morris Vanauken,"Regular Red Label tea - 1.20, Regular Red Label tea - 1.20, Large Red Label tea - 1.80, Large Speciality Tea - Peppermint - 1.60",5.8,CARD,5958497800928872
09/07/2024 12:48,Uppingham,John Tuck,Regular Smoothies - Berry Beautiful - 2.00,2.0,CARD,3906050521931770
09/07/2024 12:51,Uppingham,Carey Kennedy,"Large Flavoured hot chocolate - Vanilla - 2.90, Regular Smoothies - Berry Beautiful - 2.00, Regular Mocha - 2.30, Large Flavoured latte - Caramel - 2.85",10.05,CARD,1743151770794628
09/07/2024 12:54,Uppingham,Charles Henderson,Large Smoothies - Berry Beautiful - 2.50,2.5,CARD,9370693074250995
09/07/2024 12:57,Uppingham,Linda Rocha,"Regular Flavoured latte - Caramel - 2.55, Regular Smoothies - Berry Beautiful - 2.00",4.55,CASH,
09/07/2024 13:00,Uppingham,Manuel Falconio,Large Flavoured hot chocolate - Vanilla - 2.90,2.9,CASH,
09/07/2024 13:02,Uppingham,Leonard Heinbach,"Large Flavoured latte - Caramel - 2.85, Regular Hot chocolate - 2.20, Large Flavoured latte - Caramel - 2.85",7.9,CASH,
09/07/2024 13:04,Uppingham,Jonathon Ford,"Large Smoothies - Berry Beautiful - 2.50, Regular Speciality Tea - Green - 1.30",3.8,CARD,8152897800554751
09/07/2024 13:06,Uppingham,Betty Boyett,Large Hot chocolate - 2.90,2.9,CARD,9216973058862294
09/07/2024 13:08,Uppingham,Alex Miller,"Large Red Label tea - 1.80, Regular Speciality Tea - Green - 1.30, Large Hot chocolate - 2.90, Large Mocha - 2.70",8.7,CASH,
09/07/2024 13:10,Uppingham,Lawrence Dolan,"Large Hot chocolate - 2.90, Large Speciality Tea - Green - 1.60, Regular Cortado - 2.05, Large Flavoured latte - Hazelnut - 2.85, Regular Flavoured latte - Caramel - 2.55",11.95,CASH,
09/07/2024 13:12,Uppingham,Beth Hill,Regular Flavoured latte - Hazelnut - 2.55,2.55,CASH,
09/07/2024 13:13,Uppingham,Rita Traylor,"Large Mocha - 2.70, Regular Speciality Tea - Green - 1.30, Large Cortado - 2.35, Regular Smoothies - Berry Beautiful - 2.00",8.35,CASH,
09/07/2024 13:15,Uppingham,Lester Chapman,"Regular Speciality Tea - Green - 1.30, Regular Speciality Tea - Green - 1.30",2.6,CASH,
09/07/2024 13:17,Uppingham,Todd Hetrick,"Regular Flavoured latte - Hazelnut - 2.55, Regular Hot chocolate - 2.20, Regular Smoothies - Berry Beautiful - 2.00",6.75,CARD,9715206055071697
09/07/2024 13:19,Uppingham,Bernice Dodd,"Large Flavoured latte - Hazelnut - 2.85, Large Red Label tea - 1.80",4.65,CARD,4240208997112288
09/07/2024 13:21,Uppingham,Carol Shoults,"Regular Speciality Tea - Peppermint - 1.30, Large Hot chocolate - 2.90, Large Flavoured latte - Hazelnut - 2.85, Regular Red Label tea - 1.20",8.25,CASH,
09/07/2024 13:23,Uppingham,Linda Lachiatto,"Regular Red Label tea - 1.20, Large Speciality Tea - Green - 1.60",2.8,CARD,1040734037029390
09/07/2024 13:25,Uppingham,Ronald Vega,Large Flavoured latte - Hazelnut - 2.85,2.85,CARD,7376865578849599
09/07/2024 13:26,Uppingham,Sheena Hudson,"Large Flavoured latte - Caramel - 2.85, Large Speciality Tea - Green - 1.60",4.45,CARD,3833455670824064
09/07/2024 13:28,Uppingham,Virginia Brokaw,"Regular Cortado - 2.05, Regular Speciality Tea - Peppermint - 1.30, Large Flavoured hot chocolate - Vanilla - 2.90, Large Cortado - 2.35",8.6,CARD,4338470847345939
09/07/2024 13:30,Uppingham,Sarah Norment,"Large Speciality Tea - Peppermint - 1.60, Large Hot chocolate - 2.90, Regular Red Label tea - 1.20",5.7,CARD,6930276003473356
09/07/2024 13:32,Uppingham,Daniel Costello,"Large Speciality Tea - Green - 1.60, Regular Speciality Tea - Peppermint - 1.30",2.9,CARD,7632731269692641
09/07/2024 13:34,Uppingham,Fannie Landers,"Large Flavoured latte - Caramel - 2.85, Large Flavoured latte - Hazelnut - 2.85, Regular Smoothies - Berry Beautiful - 2.00, Large Mocha - 2.70, Large Speciality Tea - Peppermint - 1.60",12.0,CASH,
09/07/2024 13:36,Uppingham,Bridgett Turner,Large Speciality Tea - Peppermint - 1.60,1.6,CARD,4914726633971622
09/07/2024 13:38,Uppingham,Lori Long,"Large Speciality Tea - Green - 1.60, Large Flavoured latte - Caramel - 2.85, Large Cortado - 2.35",6.8,CASH,
09/07/2024 13:40,Uppingham,Vera Blake,"Regular Flavoured latte - Hazelnut - 2.55, Large Smoothies - Berry Beautiful - 2.50",5.05,CASH,
09/07/2024 13:41,Uppingham,Michael Cox,"Regular Mocha - 2.30, Regular Speciality Tea - Peppermint - 1.30",3.6,CARD,3184890257113514
09/07/2024 13:43,Uppingham,Portia Hall,"Regular Hot chocolate - 2.20, Regular Speciality Tea - Peppermint - 1.30, Large Cortado - 2.35, Large Cortado - 2.35",8.2,CARD,2564745689619912
09/07/2024 13:45,Uppingham,Jane Brown,"Large Speciality Tea - Peppermint - 1.60, Large Mocha - 2.70, Large Flavoured latte - Caramel - 2.85, Regular Hot chocolate - 2.20",9.35,CARD,7123955233819969
09/07/2024 13:47,Uppingham,Estrella Salvemini,"Regular Speciality Tea - Peppermint - 1.30, Regular Speciality Tea - Green - 1.30",2.6,CARD,9170918514608889
09/07/2024 13:49,Uppingham,Wesley Moore,Large Hot chocolate - 2.90,2.9,CARD,7240477832545262
09/07/2024 13:51,Uppingham,Maria Lam,Regular Speciality Tea - Peppermint - 1.30,1.3,CASH,
09/07/2024 13:53,Uppingham,Antone Free,"Large Flavoured hot chocolate - Vanilla - 2.90, Regular Cortado - 2.05, Large Flavoured latte - Caramel - 2.85, Large Flavoured hot chocolate - Vanilla - 2.90, Large Speciality Tea - Peppermint - 1.60",12.3,CASH,
09/07/2024 13:54,Uppingham,Wendy Gibbons,"Regular Smoothies - Berry Beautiful - 2.00, Large Flavoured latte - Caramel - 2.85, Large Flavoured latte - Caramel - 2.85",7.7,CARD,2521292380273954
09/07/2024 13:56,Uppingham,Shannon Lecy,"Regular Hot chocolate - 2.20, Large Speciality Tea - Peppermint - 1.60",3.8,CARD,2030057789445902
09/07/2024 13:58,Uppingham,Doug Lesperance,"Regular Hot chocolate - 2.20, Regular Flavoured latte - Hazelnut - 2.55, Large Hot chocolate - 2.90",7.65,CARD,6484647718924322
09/07/2024 14:00,Uppingham,Bobbie Weston,"Regular Red Label tea - 1.20, Large Speciality Tea - Green - 1.60, Large Smoothies - Berry Beautiful - 2.50, Regular Mocha - 2.30",7.6,CARD,7702502009483863
09/07/2024 14:03,Uppingham,Ivan Sellers,"Large Flavoured latte - Hazelnut - 2.85, Regular Speciality Tea - Peppermint - 1.30, Regular Cortado - 2.05, Regular Mocha - 2.30, Large Mocha - 2.70",11.2,CASH,
09/07/2024 14:07,Uppingham,Robert Huff,Large Flavoured latte - Caramel - 2.85,2.85,CASH,
09/07/2024 14:10,Uppingham,Katherine Lunsford,Regular Flavoured latte - Caramel - 2.55,2.55,CASH,
09/07/2024 14:13,Uppingham,Jason Nicewander,Large Cortado - 2.35,2.35,CARD,1696485833542326
09/07/2024 14:17,Uppingham,Jackie Carrasquillo,"Large Cortado - 2.35, Regular Speciality Tea - Green - 1.30",3.65,CARD,3528780362256555
09/07/2024 14:20,Uppingham,Ray Gullett,"Regular Red Label tea - 1.20, Large Flavoured latte - Caramel - 2.85, Regular Flavoured latte - Caramel - 2.55",6.6,CARD,9063745639594045
09/07/2024 14:23,Uppingham,Jason Carney,"Large Flavoured latte - Caramel - 2.85, Large Speciality Tea - Green - 1.60, Large Hot chocolate - 2.90, Large Speciality Tea - Peppermint - 1.60",8.95,CARD,8264367052230382
09/07/2024 14:27,Uppingham,Vernice Murphy,"Regular Speciality Tea - Peppermint - 1.30, Regular Smoothies - Berry Beautiful - 2.00, Regular Flavoured latte - Hazelnut - 2.55, Regular Flavoured latte - Caramel - 2.55, Large Cortado - 2.35",10.75,CASH,
09/07/2024 14:30,Uppingham,Stella Hodgdon,"Large Flavoured hot chocolate - Vanilla - 2.90, Regular Mocha - 2.30",5.2,CARD,3516506392778027
09/07/2024 14:33,Uppingham,Greg Jackson,Large Flavoured latte - Hazelnut - 2.85,2.85,CARD,9835979926733575
09/07/2024 14:37,Uppingham,Jennifer Sullivan,"Regular Speciality Tea - Peppermint - 1.30, Regular Flavoured latte - Hazelnut - 2.55, Large Mocha - 2.70, Large Speciality Tea - Green - 1.60",8.15,CARD,5814846426246472
09/07/2024 14:40,Uppingham,Hazel Jennings,"Large Flavoured hot chocolate - Vanilla - 2.90, Large Flavoured hot chocolate - Vanilla - 2.90, Regular Speciality Tea - Peppermint - 1.30, Large Smoothies - Berry Beautiful - 2.50",9.6,CASH,
09/07/2024 14:43,Uppingham,Kevin Tomblin,"Large Red Label tea - 1.80, Large Flavoured latte - Caramel - 2.85, Large Speciality Tea - Peppermint - 1.60, Large Hot chocolate - 2.90, Large Cortado - 2.35",11.5,CARD,5074116591199731
09/07/2024 14:47,Uppingham,James Sak,"Regular Hot chocolate - 2.20, Regular Smoothies - Berry Beautiful - 2.00, Regular Hot chocolate - 2.20, Regular Hot chocolate - 2.20",8.6,CARD,9692849520228173
09/07/2024 14:50,Uppingham,Jeffrey Mckinney,"Regular Red Label tea - 1.20, Large Flavoured latte - Hazelnut - 2.85, Regular Flavoured latte - Caramel - 2.55",6.6,CASH,
09/07/2024 14:53,Uppingham,Mark Price,"Regular Red Label tea - 1.20, Large Mocha - 2.70",3.9,CASH,
09/07/2024 14:57,Uppingham,Christopher Haifley,Large Hot chocolate - 2.90,2.9,CARD,6190220558654031
09/07/2024 15:00,Uppingham,Roberto Graham,"Regular Cortado - 2.05, Large Mocha - 2.70, Large Speciality Tea - Peppermint - 1.60",6.35,CARD,7688645600033229
09/07/2024 15:03,Uppingham,Jacqueline Shear,"Large Speciality Tea - Peppermint - 1.60, Regular Cortado - 2.05",3.65,CASH,
09/07/2024 15:07,Uppingham,Jame Johnson,"Regular Flavoured latte - Caramel - 2.55, Regular Red Label tea - 1.20, Regular Flavoured hot chocolate - Vanilla - 2.60",6.35,CASH,
09/07/2024 15:10,Uppingham,Tiffany Farr,"Regular Cortado - 2.05, Large Mocha - 2.70, Large Mocha - 2.70, Large Mocha - 2.70, Regular Flavoured latte - Hazelnut - 2.55, Regular Speciality Tea - Green - 1.30",14.0,CARD,8309350864759228
09/07/2024 15:13,Uppingham,Ann Pittman,"Regular Speciality Tea - Peppermint - 1.30, Large Flavoured hot chocolate - Vanilla - 2.90, Large Flavoured latte - Caramel - 2.85",7.05,CARD,8578395287416871
09/07/2024 15:17,Uppingham,David Garber,Regular Flavoured latte - Hazelnut - 2.55,2.55,CASH,
09/07/2024 15:20,Uppingham,Charles Siddique,"Large Smoothies - Berry Beautiful - 2.50, Large Red Label tea - 1.80, Regular Cortado - 2.05",6.35,CARD,8071725782648553
09/07/2024 15:23,Uppingham,Samuel Hall,"Regular Speciality Tea - Green - 1.30, Regular Mocha - 2.30, Large Flavoured latte - Hazelnut - 2.85, Large Hot chocolate - 2.90",9.35,CARD,9417621884103174
09/07/2024 15:27,Uppingham,Tonya Goodwin,"Large Flavoured latte - Hazelnut - 2.85, Regular Speciality Tea - Green - 1.30",4.15,CASH,
09/07/2024 15:30,Uppingham,Mandy Goehner,"Regular Hot chocolate - 2.20, Large Speciality Tea - Green - 1.60, Large Speciality Tea - Peppermint - 1.60, Regular Hot chocolate - 2.20",7.6,CARD,2719012714664361
09/07/2024 15:33,Uppingham,Jeffrey Jordan,"Large Cortado - 2.35, Large Flavoured latte - Caramel - 2.85, Large Flavoured latte - Caramel - 2.85, Large Flavoured hot chocolate - Vanilla - 2.90, Regular Flavoured latte - Hazelnut - 2.55",13.5,CARD,1215569341578250
09/07/2024 15:37,Uppingham,Stephen Toth,"Large Hot chocolate - 2.90, Large Speciality Tea - Peppermint - 1.60, Regular Red Label tea - 1.20, Regular Smoothies - Berry Beautiful - 2.00, Large Flavoured hot chocolate - Vanilla - 2.90",10.6,CASH,
09/07/2024 15:40,Uppingham,Lynn Owens,"Regular Flavoured hot chocolate - Vanilla - 2.60, Large Mocha - 2.70, Regular Mocha - 2.30, Large Cortado - 2.35",9.95,CASH,
09/07/2024 15:43,Uppingham,Juan Russell,"Large Hot chocolate - 2.90, Large Speciality Tea - Green - 1.60, Large Cortado - 2.35, Regular Speciality Tea - Peppermint - 1.30, Regular Flavoured latte - Caramel - 2.55",10.7,CARD,1149466725875722
09/07/2024 15:47,Uppingham,Kathryn Cail,"Large Hot chocolate - 2.90, Regular Flavoured latte - Caramel - 2.55",5.45,CASH,
09/07/2024 15:50,Uppingham,Nora Cooper,"Regular Speciality Tea - Green - 1.30, Regular Red Label tea - 1.20",2.5,CARD,9271391573000060
09/07/2024 15:53,Uppingham,Raymond Gonzales,"Regular Red Label tea - 1.20, Large Red Label tea - 1.80, Large Hot chocolate - 2.90, Regular Flavoured latte - Hazelnut - 2.55",8.45,CASH,
09/07/2024 15:57,Uppingham,Israel Rosemond,"Large Red Label tea - 1.80, Regular Speciality Tea - Green - 1.30, Large Hot chocolate - 2.90",6.0,CASH,
09/07/2024 16:00,Uppingham,Frank Bastidas,"Regular Mocha - 2.30, Large Cortado - 2.35, Large Hot chocolate - 2.90, Large Red Label tea - 1.80",9.35,CARD,7969580683239420
09/07/2024 16:02,Uppingham,Ernest Harrison,Large Smoothies - Berry Beautiful - 2.50,2.5,CARD,1295197934639585
09/07/2024 16:04,Uppingham,Richard Welch,Large Red Label tea - 1.80,1.8,CASH,
09/07/2024 16:05,Uppingham,Angela Worrell,"Regular Speciality Tea - Peppermint - 1.30, Large Speciality Tea - Peppermint - 1.60, Regular Smoothies - Berry Beautiful - 2.00",4.9,CARD,4571298890103568
09/07/2024 16:07,Uppingham,Estela Carlson,"Regular Speciality Tea - Green - 1.30, Regular Red Label tea - 1.20, Regular Flavoured latte - Caramel - 2.55",5.05,CASH,
09/07/2024 16:09,Uppingham,Monica Bentson,"Regular Flavoured latte - Hazelnut - 2.55, Regular Mocha - 2.30, Large Hot chocolate - 2.90, Regular Flavoured latte - Hazelnut - 2.55",10.3,CARD,9647956152955873
09/07/2024 16:11,Uppingham,Amanda Downing,"Large Flavoured latte - Caramel - 2.85, Regular Flavoured latte - Hazelnut - 2.55, Large Smoothies - Berry Beautiful - 2.50, Regular Speciality Tea - Green - 1.30, Large Red Label tea - 1.80, Regular Flavoured latte - Caramel - 2.55",13.55,CARD,9844949596640019
09/07/2024 16:12,Uppingham,Carla Walker,"Large Flavoured hot chocolate - Vanilla - 2.90, Large Speciality Tea - Peppermint - 1.60, Large Mocha - 2.70, Large Speciality Tea - Green - 1.60",8.8,CARD,4300593444055736
09/07/2024 16:14,Uppingham,Dennis Doyon,"Large Cortado - 2.35, Large Flavoured latte - Hazelnut - 2.85",5.2,CARD,1313303847220864
09/07/2024 16:16,Uppingham,Dennis Elumbaugh,Large Flavoured hot chocolate - Vanilla - 2.90,2.9,CARD,7062553566364259
09/07/2024 16:18,Uppingham,David Master,Regular Smoothies - Berry Beautiful - 2.00,2.0,CARD,6580279612166077
09/07/2024 16:19,Uppingham,Carol Morse,"Regular Speciality Tea - Peppermint - 1.30, Regular Flavoured latte - Hazelnut - 2.55, Regular Cortado - 2.05, Large Flavoured latte - Hazelnut - 2.85",8.75,CARD,6854983517878233
09/07/2024 16:21,Uppingham,Glenn Trela,Regular Flavoured latte - Caramel - 2.55,2.55,CARD,2275166750116979
09/07/2024 16:23,Uppingham,Edward Douglas,"Large Cortado - 2.35, Regular Flavoured latte - Caramel - 2.55, Large Flavoured hot chocolate - Vanilla - 2.90",7.8,CARD,8159619449521357
09/07/2024 16:25,Uppingham,Rosemary Odell,"Regular Speciality Tea - Green - 1.30, Large Smoothies - Berry Beautiful - 2.50",3.8,CASH,
09/07/2024 16:26,Uppingham,Timothy Magallon,"Large Speciality Tea - Green - 1.60, Large Mocha - 2.70, Large Smoothies - Berry Beautiful - 2.50",6.8,CASH,
09/07/2024 16:28,Uppingham,Robert Gilbert,"Large Cortado - 2.35, Regular Flavoured latte - Hazelnut - 2.55, Regular Hot chocolate - 2.20, Large Speciality Tea - Peppermint - 1.60, Regular Smoothies - Berry Beautiful - 2.00, Regular Flavoured hot chocolate - Vanilla - 2.60",13.3,CARD,4706109903887912
09/07/2024 16:30,Uppingham,Lisa Steier,Regular Flavoured latte - Hazelnut - 2.55,2.55,CASH,
09/07/2024 16:32,Uppingham,Sadie Dotson,"Regular Cortado - 2.05, Large Hot chocolate - 2.90",4.95,CARD,5041091397487938
09/07/2024 16:33,Uppingham,Wesley Jackson,Regular Red Label tea - 1.20,1.2,CASH,
09/07/2024 16:35,Uppingham,Valerie Tennies,"Regular Speciality Tea - Green - 1.30, Large Flavoured latte - Hazelnut - 2.85, Large Smoothies - Berry Beautiful - 2.50",6.65,CARD,8479928254153073
09/07/2024 16:37,Uppingham,Wilber Claypoole,"Regular Speciality Tea - Green - 1.30, Regular Mocha - 2.30, Regular Flavoured hot chocolate - Vanilla - 2.60, Regular Red Label tea - 1.20",7.4,CARD,6511266766461532
09/07/2024 16:39,Uppingham,Charles Miller,"Regular Speciality Tea - Green - 1.30, Regular Red Label tea - 1.20, Regular Smoothies - Berry Beautiful - 2.00, Large Flavoured latte - Caramel - 2.85",7.35,CARD,3097196254759853
09/07/2024 16:41,Uppingham,Ramonita Osmun,Large Hot chocolate - 2.90,2.9,CASH,
09/07/2024 16:42,Uppingham,Dorothy Moman,"Regular Mocha - 2.30, Regular Flavoured latte - Caramel - 2.55",4.85,CARD,9555168439722875
09/07/2024 16:44,Uppingham,Marlon Conner,"Regular Smoothies - Berry Beautiful - 2.00, Regular Mocha - 2.30, Regular Flavoured latte - Hazelnut - 2.55",6.85,CARD,6805348921056802
09/07/2024 16:46,Uppingham,Stephen Fairman,Large Hot chocolate - 2.90,2.9,CASH,
09/07/2024 16:48,Uppingham,Debbie Anastasiades,Large Mocha - 2.70,2.7,CARD,4055523056920139
09/07/2024 16:49,Uppingham,Sadie Bishop,"Regular Flavoured latte - Hazelnut - 2.55, Regular Cortado - 2.05",4.6,CASH,
09/07/2024 16:51,Uppingham,Michele Mack,Large Speciality Tea - Green - 1.60,1.6,CARD,2241546412280876
09/07/2024 16:53,Uppingham,Leroy Brustmann,Large Smoothies - Berry Beautiful - 2.50,2.5,CASH,
09/07/2024 16:55,Uppingham,Irene Land,"Large Hot chocolate - 2.90, Large Smoothies - Berry Beautiful - 2.50, Regular Mocha - 2.30, Large Speciality Tea - Peppermint - 1.60, Regular Flavoured latte - Caramel - 2.55",11.85,CASH,
09/07/2024 16:56,Uppingham,Jaime Toro,"Regular Flavoured hot chocolate - Vanilla - 2.60, Large Hot chocolate - 2.90",5.5,CARD,9665862410801365
09/07/2024 16:58,Uppingham,Leslie Lang,"Large Cortado - 2.35, Large Mocha - 2.70, Large Cortado - 2.35, Regular Speciality Tea - Peppermint - 1.30, Regular Flavoured latte - Hazelnut - 2.55",11.25,CASH,
