05/07/2024 09:00,Chesterfield,Michael Elliott,"Regular Latte - 2.15, Regular Latte - 2.15",4.3,CARD,8737321787049326
05/07/2024 09:02,Chesterfield,Lori Jones,Regular Flavoured latte - Hazelnut - 2.55,2.55,CARD,5839526578254836
05/07/2024 09:04,Chesterfield,Sheila White,"Large Flavoured iced latte - Hazelnut - 3.25, Large Flat white - 2.45, Large Latte - 2.45, Large Flavoured iced latte - Hazelnut - 3.25",11.4,CARD,3819032618512193
05/07/2024 09:06,Chesterfield,Barbara Seaberry,"Regular Flat white - 2.15, Large Flavoured latte - Hazelnut - 2.85, Large Latte - 2.45",7.45,CARD,9424808039823927
05/07/2024 09:08,Chesterfield,William Shetler,"Large Flavoured iced latte - Vanilla - 3.25, Large Flavoured latte - Hazelnut - 2.85",6.1,CARD,3801167596865263
05/07/2024 09:10,Chesterfield,Patricia Witcher,"Regular Flavoured iced latte - Hazelnut - 2.75, Large Flavoured iced latte - Caramel - 3.25",6.0,CASH,
05/07/2024 09:12,Chesterfield,Helen Cloer,"Large Flavoured iced latte - Hazelnut - 3.25, Regular Flavoured iced latte - Hazelnut - 2.75",6.0,CARD,5879045192194345
05/07/2024 09:14,Chesterfield,Pauline Barry,"Large Flat white - 2.45, Regular Flavoured latte - Hazelnut - 2.55",5.0,CASH,
05/07/2024 09:17,Chesterfield,Christopher Teegarden,Large Flavoured iced latte - Caramel - 3.25,3.25,CARD,8160103699163457
05/07/2024 09:19,Chesterfield,Robert Mcgrath,"Large Flavoured iced latte - Hazelnut - 3.25, Regular Flat white - 2.15, Large Flat white - 2.45",7.85,CARD,8771810527688492
05/07/2024 09:21,Chesterfield,Patricia Howard,"Large Flat white - 2.45, Large Flavoured latte - Hazelnut - 2.85",5.3,CARD,1044784023883211
05/07/2024 09:23,Chesterfield,Horace Bush,"Regular Flavoured iced latte - Vanilla - 2.75, Large Flavoured iced latte - Vanilla - 3.25, Large Flavoured iced latte - Hazelnut - 3.25, Large Flavoured latte - Hazelnut - 2.85, Large Flat white - 2.45",14.55,CASH,
05/07/2024 09:25,Chesterfield,Nichelle Compton,"Regular Flavoured iced latte - Vanilla - 2.75, Large Flat white - 2.45, Large Flavoured iced latte - Caramel - 3.25",8.45,CARD,3592263958651896
05/07/2024 09:27,Chesterfield,Raymond Mcdonald,"Regular Flavoured iced latte - Caramel - 2.75, Large Flat white - 2.45, Large Latte - 2.45, Large Flat white - 2.45, Large Flavoured iced latte - Vanilla - 3.25, Regular Flavoured iced latte - Caramel - 2.75",16.1,CASH,
05/07/2024 09:29,Chesterfield,Ida Maddox,Large Flat white - 2.45,2.45,CARD,4577862436723726
05/07/2024 09:32,Chesterfield,James Cox,Regular Flavoured iced latte - Caramel - 2.75,2.75,CARD,1828648953367647
05/07/2024 09:34,Chesterfield,David Asam,"Regular Flavoured latte - Hazelnut - 2.55, Large Flat white - 2.45, Large Latte - 2.45",7.45,CARD,7465673006590862
05/07/2024 09:36,Chesterfield,Amanda Tello,Regular Flavoured latte - Hazelnut - 2.55,2.55,CASH,
05/07/2024 09:38,Chesterfield,Florence Deaner,Large Flavoured iced latte - Hazelnut - 3.25,3.25,CASH,
05/07/2024 09:40,Chesterfield,Michael Burke,"Regular Flavoured iced latte - Caramel - 2.75, Regular Flavoured iced latte - Hazelnut - 2.75, Regular Flavoured iced latte - Vanilla - 2.75, Large Flavoured iced latte - Hazelnut - 3.25, Regular Latte - 2.15, Large Flat white - 2.45",16.1,CARD,1068255524656843
05/07/2024 09:42,Chesterfield,George Sanchez,Regular Flavoured iced latte - Vanilla - 2.75,2.75,CARD,7406701721402911
05/07/2024 09:44,Chesterfield,Vicky Bartlett,Regular Flat white - 2.15,2.15,CARD,3538110687008247
05/07/2024 09:46,Chesterfield,Doris Mandujano,Regular Flavoured iced latte - Hazelnut - 2.75,2.75,CARD,2872561689322450
05/07/2024 09:49,Chesterfield,Jeffrey Davenport,"Large Flavoured latte - Hazelnut - 2.85, Large Flat white - 2.45, Large Flavoured latte - Hazelnut - 2.85, Regular Flavoured iced latte - Vanilla - 2.75",10.9,CARD,2672813128598266
05/07/2024 09:51,Chesterfield,Jonathan Daigle,"Large Flat white - 2.45, Regular Flavoured iced latte - Caramel - 2.75, Large Latte - 2.45, Large Flavoured iced latte - Vanilla - 3.25, Regular Flavoured iced latte - Hazelnut - 2.75",13.65,CASH,
05/07/2024 09:53,Chesterfield,Amos Weems,"Large Flavoured iced latte - Caramel - 3.25, Large Flavoured iced latte - Vanilla - 3.25",6.5,CASH,
05/07/2024 09:55,Chesterfield,Nikki Nelson,"Regular Latte - 2.15, Regular Flavoured latte - Hazelnut - 2.55, Large Flat white - 2.45",7.15,CARD,5054495416296372
05/07/2024 09:57,Chesterfield,Humberto Bretz,"Large Flavoured iced latte - Vanilla - 3.25, Regular Flavoured latte - Hazelnut - 2.55, Large Flavoured latte - Hazelnut - 2.85, Regular Flavoured latte - Hazelnut - 2.55, Large Latte - 2.45, Large Flavoured iced latte - Caramel - 3.25",16.9,CASH,
05/07/2024 09:59,Chesterfield,Hortensia Pisano,Large Flavoured iced latte - Vanilla - 3.25,3.25,CARD,1961575555257475
05/07/2024 10:01,Chesterfield,Michael Honor,"Regular Flavoured latte - Hazelnut - 2.55, Regular Flavoured iced latte - Vanilla - 2.75",5.3,CARD,2112365125887588
05/07/2024 10:02,Chesterfield,Anthony Taylor,"Large Flavoured iced latte - Vanilla - 3.25, Regular Flavoured iced latte - Hazelnut - 2.75, Large Flavoured iced latte - Caramel - 3.25",9.25,CASH,
05/07/2024 10:03,Chesterfield,Aurora Eatmon,Regular Flavoured iced latte - Hazelnut - 2.75,2.75,CARD,7664362796155161
05/07/2024 10:04,Chesterfield,Allison Lall,"Regular Flavoured iced latte - Vanilla - 2.75, Regular Latte - 2.15",4.9,CARD,6926333629591104
05/07/2024 10:05,Chesterfield,Margaret Sheldon,"Large Flavoured iced latte - Caramel - 3.25, Large Flavoured iced latte - Caramel - 3.25, Regular Flavoured latte - Hazelnut - 2.55, Regular Flavoured latte - Hazelnut - 2.55",11.6,CASH,
05/07/2024 10:06,Chesterfield,Pamela Hopson,"Large Flat white - 2.45, Large Flavoured iced latte - Hazelnut - 3.25, Regular Flavoured iced latte - Hazelnut - 2.75, Large Flavoured iced latte - Caramel - 3.25",11.7,CARD,8507482592020243
05/07/2024 10:07,Chesterfield,Lisa Hester,Regular Flavoured iced latte - Vanilla - 2.75,2.75,CARD,6782668619329857
05/07/2024 10:08,Chesterfield,Rebecca Dahlgren,"Large Flavoured latte - Hazelnut - 2.85, Regular Flavoured iced latte - Hazelnut - 2.75",5.6,CARD,3257450049277047
05/07/2024 10:09,Chesterfield,John Shewmaker,"Large Flavoured iced latte - Hazelnut - 3.25, Regular Flavoured latte - Hazelnut - 2.55",5.8,CARD,2171963087357233
05/07/2024 10:10,Chesterfield,James Molinaro,"Large Flavoured iced latte - Caramel - 3.25, Regular Latte - 2.15",5.4,CARD,8502305053377667
05/07/2024 10:11,Chesterfield,Donnie Paige,Large Flavoured iced latte - Caramel - 3.25,3.25,CASH,
05/07/2024 10:12,Chesterfield,Marina Cayton,"Large Flavoured latte - Hazelnut - 2.85, Large Flat white - 2.45, Regular Flat white - 2.15",7.45,CARD,2175440338555643
05/07/2024 10:13,Chesterfield,Jeffrey Mccabe,Regular Flat white - 2.15,2.15,CARD,3732274561082053
05/07/2024 10:14,Chesterfield,Sam Waits,"Large Flat white - 2.45, Large Flat white - 2.45, Large Flavoured iced latte - Hazelnut - 3.25, Large Flavoured latte - Hazelnut - 2.85, Large Flavoured latte - Hazelnut - 2.85",13.85,CARD,2962109556024970
05/07/2024 10:15,Chesterfield,Yolanda Burns,"Large Flavoured iced latte - Caramel - 3.25, Regular Latte - 2.15, Regular Flavoured iced latte - Caramel - 2.75",8.15,CARD,8319745985000801
05/07/2024 10:16,Chesterfield,Clarence Northup,"Large Flavoured iced latte - Caramel - 3.25, Large Flavoured iced latte - Caramel - 3.25, Regular Latte - 2.15",8.65,CASH,
05/07/2024 10:17,Chesterfield,Deborah Burks,"Large Flavoured iced latte - Hazelnut - 3.25, Regular Latte - 2.15, Regular Flavoured iced latte - Caramel - 2.75",8.15,CARD,6939111026100531
05/07/2024 10:18,Chesterfield,John Cooper,"Regular Flavoured iced latte - Vanilla - 2.75, Large Flavoured iced latte - Vanilla - 3.25, Large Flavoured latte - Hazelnut - 2.85, Regular Flavoured iced latte - Caramel - 2.75, Large Flavoured iced latte - Vanilla - 3.25, Large Flavoured latte - Hazelnut - 2.85",17.7,CASH,
05/07/2024 10:19,Chesterfield,Santa Lopez,Regular Flavoured iced latte - Caramel - 2.75,2.75,CARD,5756374401929101
05/07/2024 10:20,Chesterfield,Robert Kaua,"Large Latte - 2.45, Regular Flavoured latte - Hazelnut - 2.55",5.0,CARD,8156336594954308
05/07/2024 10:21,Chesterfield,Samantha Grimes,"Regular Latte - 2.15, Large Flavoured iced latte - Vanilla - 3.25, Regular Flat white - 2.15, Large Flavoured latte - Hazelnut - 2.85, Regular Latte - 2.15",12.55,CARD,5477529482299610
05/07/2024 10:22,Chesterfield,Luise Reynolds,"Regular Flavoured iced latte - Caramel - 2.75, Regular Flavoured iced latte - Hazelnut - 2.75, Large Flavoured iced latte - Caramel - 3.25",8.75,CARD,7690330344530754
05/07/2024 10:23,Chesterfield,Sergio Cornell,"Large Flavoured iced latte - Vanilla - 3.25, Regular Flavoured iced latte - Hazelnut - 2.75",6.0,CARD,5160487352378704
05/07/2024 10:24,Chesterfield,Micah Speigel,"Large Latte - 2.45, Large Latte - 2.45",4.9,CASH,
05/07/2024 10:25,Chesterfield,Charles Aguilar,Regular Flavoured iced latte - Vanilla - 2.75,2.75,CASH,
05/07/2024 10:26,Chesterfield,Erick Delrio,Large Flavoured iced latte - Hazelnut - 3.25,3.25,CARD,2593419805097111
05/07/2024 10:27,Chesterfield,Cassandra Mcdonald,"Large Latte - 2.45, Regular Flavoured iced latte - Caramel - 2.75",5.2,CARD,9665090214076409
05/07/2024 10:27,Chesterfield,Chris Smith,"Regular Latte - 2.15, Regular Flavoured iced latte - Caramel - 2.75, Regular Flavoured iced latte - Vanilla - 2.75, Large Flavoured latte - Hazelnut - 2.85",10.5,CARD,9371474660491806
05/07/2024 10:28,Chesterfield,Harold Smith,"Large Flavoured iced latte - Caramel - 3.25, Large Flat white - 2.45",5.7,CARD,3191329495703662
05/07/2024 10:29,Chesterfield,Marco Deering,"Regular Latte - 2.15, Regular Flat white - 2.15, Large Flavoured latte - Hazelnut - 2.85, Large Flat white - 2.45",9.6,CARD,5691063933128911
05/07/2024 10:30,Chesterfield,Holly Parker,Regular Flavoured iced latte - Vanilla - 2.75,2.75,CASH,
05/07/2024 10:31,Chesterfield,Lucy Harris,"Regular Flavoured iced latte - Caramel - 2.75, Large Flat white - 2.45",5.2,CARD,2453226535955449
05/07/2024 10:32,Chesterfield,Kimberly Bohnsack,"Regular Flavoured iced latte - Vanilla - 2.75, Regular Flat white - 2.15, Large Flat white - 2.45",7.35,CARD,1533952386005689
05/07/2024 10:33,Chesterfield,Frank Knowlton,"Regular Flavoured latte - Hazelnut - 2.55, Large Flavoured iced latte - Hazelnut - 3.25",5.8,CASH,
05/07/2024 10:34,Chesterfield,Clayton Craven,Regular Flavoured latte - Hazelnut - 2.55,2.55,CASH,
05/07/2024 10:35,Chesterfield,Martin Kimball,"Regular Flavoured iced latte - Hazelnut - 2.75, Large Flavoured iced latte - Vanilla - 3.25, Large Latte - 2.45, Regular Flat white - 2.15",10.6,CASH,
05/07/2024 10:36,Chesterfield,Walter Ramm,"Large Flat white - 2.45, Regular Flavoured iced latte - Vanilla - 2.75",5.2,CARD,8566087596868979
05/07/2024 10:37,Chesterfield,Myrtle Tate,"Large Latte - 2.45, Large Flavoured iced latte - Hazelnut - 3.25",5.7,CARD,1205849208725671
05/07/2024 10:38,Chesterfield,Carmen Creamer,"Large Flavoured iced latte - Caramel - 3.25, Large Flavoured iced latte - Vanilla - 3.25",6.5,CASH,
05/07/2024 10:39,Chesterfield,Lester Ingram,"Large Flavoured iced latte - Vanilla - 3.25, Regular Flavoured iced latte - Hazelnut - 2.75",6.0,CARD,9633972937950434
05/07/2024 10:40,Chesterfield,David Rahn,Regular Flavoured latte - Hazelnut - 2.55,2.55,CARD,8273701417284963
05/07/2024 10:41,Chesterfield,Katherine Karl,"Large Flavoured iced latte - Caramel - 3.25, Large Flavoured iced latte - Hazelnut - 3.25, Large Flavoured iced latte - Hazelnut - 3.25, Regular Flavoured iced latte - Vanilla - 2.75",12.5,CARD,9974180425425004
05/07/2024 10:42,Chesterfield,Nichol Anderson,Large Flat white - 2.45,2.45,CASH,
05/07/2024 10:43,Chesterfield,Kathryn Ward,"Regular Flavoured latte - Hazelnut - 2.55, Large Flavoured iced latte - Hazelnut - 3.25, Regular Flavoured iced latte - Hazelnut - 2.75",8.55,CARD,3561198443856169
05/07/2024 10:44,Chesterfield,Kerry Jones,"Large Flat white - 2.45, Regular Flat white - 2.15",4.6,CARD,3793201277143014
05/07/2024 10:45,Chesterfield,Armando Thixton,"Regular Flat white - 2.15, Regular Flavoured iced latte - Caramel - 2.75, Large Latte - 2.45",7.35,CASH,
05/07/2024 10:46,Chesterfield,Lucia Copeland,"Regular Flavoured iced latte - Vanilla - 2.75, Regular Flat white - 2.15",4.9,CARD,8970494030292482
05/07/2024 10:47,Chesterfield,Lisa Prattis,"Regular Flavoured iced latte - Caramel - 2.75, Regular Flavoured iced latte - Caramel - 2.75, Large Flavoured iced latte - Hazelnut - 3.25, Regular Flat white - 2.15",10.9,CARD,9983538388710333
05/07/2024 10:48,Chesterfield,Debbie Crocker,"Regular Flavoured iced latte - Hazelnut - 2.75, Large Flavoured iced latte - Hazelnut - 3.25, Regular Flat white - 2.15, Regular Flavoured iced latte - Hazelnut - 2.75",10.9,CARD,3271508507294303
05/07/2024 10:49,Chesterfield,Fred Zinke,"Regular Flat white - 2.15, Large Flavoured latte - Hazelnut - 2.85",5.0,CARD,7185305949054243
05/07/2024 10:50,Chesterfield,Joseph Wilson,Large Flavoured iced latte - Caramel - 3.25,3.25,CASH,
05/07/2024 10:51,Chesterfield,Rosa Socia,"Large Latte - 2.45, Regular Flavoured iced latte - Caramel - 2.75, Large Latte - 2.45, Regular Flavoured iced latte - Vanilla - 2.75, Regular Flavoured iced latte - Vanilla - 2.75, Large Flavoured iced latte - Vanilla - 3.25",16.4,CARD,9925434534349368
05/07/2024 10:52,Chesterfield,Barbara Turner,Regular Flat white - 2.15,2.15,CASH,
05/07/2024 10:53,Chesterfield,James Rugg,"Regular Flavoured iced latte - Vanilla - 2.75, Regular Flavoured iced latte - Caramel - 2.75, Large Flavoured iced latte - Caramel - 3.25",8.75,CARD,4861501738485073
05/07/2024 10:54,Chesterfield,John Turnbow,Large Flat white - 2.45,2.45,CARD,9369632856509422
05/07/2024 10:55,Chesterfield,Roy Johnson,"Regular Flavoured iced latte - Hazelnut - 2.75, Regular Flat white - 2.15, Regular Flavoured iced latte - Hazelnut - 2.75",7.65,CASH,
05/07/2024 10:56,Chesterfield,Carla Lewis,"Regular Flat white - 2.15, Regular Latte - 2.15, Large Latte - 2.45",6.75,CASH,
05/07/2024 10:56,Chesterfield,Ester Laws,Large Flavoured iced latte - Hazelnut - 3.25,3.25,CARD,7209071068840190
05/07/2024 10:57,Chesterfield,Robert Stewart,Large Flat white - 2.45,2.45,CASH,
05/07/2024 10:58,Chesterfield,Jerry Pope,"Regular Flavoured iced latte - Vanilla - 2.75, Regular Flavoured iced latte - Hazelnut - 2.75, Large Latte - 2.45",7.95,CARD,7279795411636380
05/07/2024 10:59,Chesterfield,Clifford Schulz,"Large Flavoured iced latte - Vanilla - 3.25, Regular Latte - 2.15",5.4,CASH,
05/07/2024 11:00,Chesterfield,Clara Mcgee,"Regular Flavoured iced latte - Hazelnut - 2.75, Large Flavoured iced latte - Hazelnut - 3.25",6.0,CASH,
05/07/2024 11:03,Chesterfield,Nicole Ortiz,"Regular Flat white - 2.15, Large Latte - 2.45, Large Flavoured iced latte - Vanilla - 3.25, Regular Flavoured iced latte - Caramel - 2.75, Large Latte - 2.45",13.05,CASH,
05/07/2024 11:06,Chesterfield,Ruby Pennington,"Large Flavoured iced latte - Caramel - 3.25, Regular Flat white - 2.15",5.4,CARD,8013005735798330
05/07/2024 11:08,Chesterfield,Doris Cola,Large Flavoured iced latte - Hazelnut - 3.25,3.25,CARD,4195471830620823
05/07/2024 11:11,Chesterfield,Darrell Walker,"Large Flavoured iced latte - Hazelnut - 3.25, Large Flavoured iced latte - Caramel - 3.25, Large Flavoured latte - Hazelnut - 2.85",9.35,CASH,
05/07/2024 11:13,Chesterfield,Donna Boyd,"Large Flavoured latte - Hazelnut - 2.85, Large Flavoured iced latte - Vanilla - 3.25",6.1,CARD,2500786407267852
05/07/2024 11:16,Chesterfield,Dana Krull,"Regular Flavoured iced latte - Caramel - 2.75, Large Latte - 2.45, Large Flat white - 2.45, Regular Latte - 2.15",9.8,CASH,
05/07/2024 11:19,Chesterfield,Katherine Young,"Regular Latte - 2.15, Large Flavoured iced latte - Vanilla - 3.25, Regular Flavoured latte - Hazelnut - 2.55, Regular Latte - 2.15",10.1,CASH,
05/07/2024 11:21,Chesterfield,Krystal Luckett,"Large Flat white - 2.45, Regular Flat white - 2.15",4.6,CASH,
05/07/2024 11:24,Chesterfield,Vivian Hill,Large Flavoured iced latte - Caramel - 3.25,3.25,CASH,
05/07/2024 11:26,Chesterfield,Judy Suarez,"Large Flavoured iced latte - Vanilla - 3.25, Regular Flat white - 2.15, Regular Flat white - 2.15, Large Flavoured iced latte - Caramel - 3.25",10.8,CARD,8030187023356606
05/07/2024 11:29,Chesterfield,Lisa Greer,"Regular Flavoured iced latte - Vanilla - 2.75, Large Flat white - 2.45, Large Flavoured iced latte - Hazelnut - 3.25, Large Flavoured iced latte - Hazelnut - 3.25, Regular Flat white - 2.15",13.85,CARD,1365930516379678
05/07/2024 11:32,Chesterfield,Brian Harlow,"Regular Flavoured iced latte - Hazelnut - 2.75, Regular Flat white - 2.15, Large Flavoured iced latte - Hazelnut - 3.25",8.15,CARD,7980724169477934
05/07/2024 11:34,Chesterfield,Alfred Boehm,"Large Latte - 2.45, Regular Latte - 2.15, Large Flat white - 2.45, Regular Flat white - 2.15, Regular Flavoured iced latte - Vanilla - 2.75, Large Flavoured iced latte - Caramel - 3.25",15.2,CASH,
05/07/2024 11:37,Chesterfield,Sheila Taylor,"Regular Flavoured latte - Hazelnut - 2.55, Regular Flavoured iced latte - Caramel - 2.75, Large Flavoured latte - Hazelnut - 2.85, Large Flat white - 2.45",10.6,CARD,6315024275487399
05/07/2024 11:39,Chesterfield,Randy Walker,Large Flavoured iced latte - Hazelnut - 3.25,3.25,CARD,8202746445912833
05/07/2024 11:42,Chesterfield,Amanda Davis,"Large Flat white - 2.45, Regular Flat white - 2.15, Large Flavoured iced latte - Vanilla - 3.25, Large Flavoured iced latte - Hazelnut - 3.25",11.1,CASH,
05/07/2024 11:45,Chesterfield,Leland Boudreaux,Large Flat white - 2.45,2.45,CARD,8911012359981202
05/07/2024 11:47,Chesterfield,Harry Truong,Regular Flat white - 2.15,2.15,CARD,2280418825797392
05/07/2024 11:50,Chesterfield,Lee Eubanks,"Large Flavoured iced latte - Caramel - 3.25, Large Latte - 2.45, Regular Latte - 2.15",7.85,CARD,7889750238120943
05/07/2024 11:52,Chesterfield,Antonio Ramos,"Large Flavoured iced latte - Caramel - 3.25, Large Flavoured latte - Hazelnut - 2.85, Regular Flavoured iced latte - Caramel - 2.75, Regular Flat white - 2.15, Regular Flavoured iced latte - Hazelnut - 2.75",13.75,CARD,1023205742155371
05/07/2024 11:55,Chesterfield,Dwayne Richard,Large Flavoured iced latte - Caramel - 3.25,3.25,CASH,
05/07/2024 11:58,Chesterfield,Matilde Swift,Large Flavoured iced latte - Hazelnut - 3.25,3.25,CARD,1661770604878684
05/07/2024 12:00,Chesterfield,Joann Ping,"Regular Flavoured iced latte - Hazelnut - 2.75, Large Flavoured latte - Hazelnut - 2.85",5.6,CARD,5199341932550138
05/07/2024 12:05,Chesterfield,Kathy Wilson,"Large Flat white - 2.45, Regular Flavoured iced latte - Caramel - 2.75",5.2,CARD,2795295578427373
05/07/2024 12:09,Chesterfield,Ryan Burkhart,"Regular Flavoured iced latte - Vanilla - 2.75, Large Flavoured iced latte - Vanilla - 3.25, Regular Flavoured iced latte - Hazelnut - 2.75",8.75,CARD,2172254904439825
05/07/2024 12:14,Chesterfield,Jorge Men,"Large Flavoured latte - Hazelnut - 2.85, Large Flat white - 2.45, Regular Flavoured iced latte - Caramel - 2.75, Regular Latte - 2.15",10.2,CASH,
05/07/2024 12:19,Chesterfield,Richard Mulloy,"Large Flat white - 2.45, Large Flavoured iced latte - Caramel - 3.25, Regular Flat white - 2.15, Large Flavoured iced latte - Vanilla - 3.25, Large Flavoured iced latte - Caramel - 3.25",14.35,CARD,4799473473300994
05/07/2024 12:23,Chesterfield,Brad Richer,"Large Flavoured iced latte - Vanilla - 3.25, Regular Flavoured latte - Hazelnut - 2.55",5.8,CASH,
05/07/2024 12:28,Chesterfield,Robin Friend,Regular Flavoured latte - Hazelnut - 2.55,2.55,CARD,7973659133382740
05/07/2024 12:32,Chesterfield,Marilyn Farmer,"Large Flavoured iced latte - Caramel - 3.25, Large Flavoured iced latte - Vanilla - 3.25, Large Flavoured iced latte - Caramel - 3.25, Large Flat white - 2.45, Regular Latte - 2.15",14.35,CASH,
05/07/2024 12:37,Chesterfield,John Stevenson,"Large Flavoured iced latte - Caramel - 3.25, Large Latte - 2.45, Regular Flavoured iced latte - Hazelnut - 2.75",8.45,CASH,
05/07/2024 12:42,Chesterfield,Rita Smith,Large Flat white - 2.45,2.45,CARD,1053702555265659
05/07/2024 12:46,Chesterfield,William Grace,"Regular Flat white - 2.15, Large Latte - 2.45, Regular Flavoured iced latte - Caramel - 2.75, Large Flat white - 2.45",9.8,CARD,2842660036583827
05/07/2024 12:51,Chesterfield,Jerry Stevens,"Regular Flat white - 2.15, Large Flavoured iced latte - Hazelnut - 3.25, Regular Latte - 2.15",7.55,CARD,1078128840843799
05/07/2024 12:55,Chesterfield,Milo White,"Regular Latte - 2.15, Regular Flavoured iced latte - Hazelnut - 2.75, Large Latte - 2.45",7.35,CARD,1711625899995813
05/07/2024 13:00,Chesterfield,Chaya Tseng,"Regular Flavoured iced latte - Hazelnut - 2.75, Regular Flat white - 2.15, Regular Flavoured iced latte - Caramel - 2.75, Large Flat white - 2.45, Large Flavoured latte - Hazelnut - 2.85, Large Flavoured latte - Hazelnut - 2.85",15.8,CARD,3606851669381764
05/07/2024 13:02,Chesterfield,Brandon Garza,"Large Flavoured iced latte - Vanilla - 3.25, Large Flavoured iced latte - Vanilla - 3.25",6.5,CASH,
05/07/2024 13:04,Chesterfield,Lora Glover,"Large Flavoured iced latte - Vanilla - 3.25, Regular Flat white - 2.15, Regular Flavoured iced latte - Vanilla - 2.75, Regular Flavoured iced latte - Hazelnut - 2.75",10.9,CASH,
05/07/2024 13:06,Chesterfield,Leigh Almaguer,"Large Latte - 2.45, Regular Flat white - 2.15, Large Flat white - 2.45, Large Flavoured latte - Hazelnut - 2.85",9.9,CARD,7108454786797717
05/07/2024 13:08,Chesterfield,Mildred Egge,"Large Flavoured iced latte - Hazelnut - 3.25, Large Flavoured iced latte - Vanilla - 3.25, Regular Flat white - 2.15",8.65,CARD,5349687618281301
05/07/2024 13:10,Chesterfield,Enrique Carver,Large Flat white - 2.45,2.45,CARD,3074770440594246
05/07/2024 13:12,Chesterfield,Rita Welsh,"Regular Flavoured latte - Hazelnut - 2.55, Regular Flavoured latte - Hazelnut - 2.55, Large Flavoured latte - Hazelnut - 2.85",7.95,CARD,8387095056103931
05/07/2024 13:15,Chesterfield,Bonnie Nobel,"Regular Flat white - 2.15, Regular Flavoured iced latte - Caramel - 2.75",4.9,CARD,1343110975033774
05/07/2024 13:17,Chesterfield,Michael Pruzansky,"Large Flavoured iced latte - Hazelnut - 3.25, Regular Flavoured iced latte - Vanilla - 2.75, Regular Latte - 2.15, Regular Flavoured iced latte - Caramel - 2.75, Regular Flavoured iced latte - Hazelnut - 2.75",13.65,CARD,4236325132029851
05/07/2024 13:19,Chesterfield,Mildred Ellis,"Large Flavoured iced latte - Caramel - 3.25, Large Flat white - 2.45, Regular Flavoured iced latte - Hazelnut - 2.75",8.45,CARD,4413819366805554
05/07/2024 13:21,Chesterfield,John Evans,"Large Flavoured iced latte - Hazelnut - 3.25, Large Flavoured iced latte - Caramel - 3.25",6.5,CASH,
05/07/2024 13:23,Chesterfield,William Vega,"Regular Flavoured iced latte - Hazelnut - 2.75, Regular Flat white - 2.15, Regular Flavoured iced latte - Hazelnut - 2.75",7.65,CARD,8700841421043139
05/07/2024 13:25,Chesterfield,Gretchen Woodard,"Regular Latte - 2.15, Regular Latte - 2.15",4.3,CASH,
05/07/2024 13:27,Chesterfield,Stephania Carroll,Regular Flat white - 2.15,2.15,CARD,7844804580128983
05/07/2024 13:29,Chesterfield,Rachel Courtwright,"Large Flavoured iced latte - Caramel - 3.25, Regular Flavoured iced latte - Vanilla - 2.75, Regular Flavoured iced latte - Caramel - 2.75, Regular Flavoured iced latte - Caramel - 2.75, Regular Flavoured iced latte - Hazelnut - 2.75, Regular Flavoured iced latte - Caramel - 2.75",17.0,CARD,3260828859339267
05/07/2024 13:31,Chesterfield,Nettie Speer,"Regular Flat white - 2.15, Large Flavoured iced latte - Caramel - 3.25, Large Flavoured iced latte - Vanilla - 3.25",8.65,CASH,
05/07/2024 13:33,Chesterfield,Stephanie Mcmillian,"Large Flat white - 2.45, Regular Flat white - 2.15",4.6,CASH,
05/07/2024 13:35,Chesterfield,Ryan Simmonds,"Large Flavoured iced latte - Hazelnut - 3.25, Regular Latte - 2.15",5.4,CARD,8352010543484890
05/07/2024 13:37,Chesterfield,Margaret Brown,"Large Flavoured iced latte - Hazelnut - 3.25, Large Flavoured latte - Hazelnut - 2.85",6.1,CARD,2676442237930795
05/07/2024 13:39,Chesterfield,Larry Singleton,Regular Flavoured iced latte - Hazelnut - 2.75,2.75,CASH,
05/07/2024 13:41,Chesterfield,Tessa Brewer,"Large Flavoured iced latte - Caramel - 3.25, Regular Flavoured iced latte - Vanilla - 2.75",6.0,CASH,
05/07/2024 13:43,Chesterfield,Eva Foote,Large Flavoured iced latte - Vanilla - 3.25,3.25,CARD,9603960608843498
05/07/2024 13:46,Chesterfield,Dudley Baker,"Large Flat white - 2.45, Large Flavoured iced latte - Hazelnut - 3.25, Regular Flat white - 2.15, Large Flat white - 2.45, Regular Flavoured iced latte - Vanilla - 2.75, Regular Flavoured latte - Hazelnut - 2.55",15.6,CARD,6622612105027705
05/07/2024 13:48,Chesterfield,Christian Mosier,"Large Flavoured iced latte - Hazelnut - 3.25, Large Flavoured iced latte - Vanilla - 3.25, Regular Flavoured iced latte - Vanilla - 2.75",9.25,CARD,2566462392913628
05/07/2024 13:50,Chesterfield,Betty Mehta,Large Flat white - 2.45,2.45,CARD,1304514148713910
05/07/2024 13:52,Chesterfield,Brenda Murdy,"Large Flavoured iced latte - Hazelnut - 3.25, Regular Flavoured iced latte - Hazelnut - 2.75, Regular Latte - 2.15",8.15,CASH,
05/07/2024 13:54,Chesterfield,Sheldon Drake,"Regular Flavoured latte - Hazelnut - 2.55, Large Flavoured iced latte - Caramel - 3.25, Large Flavoured iced latte - Caramel - 3.25, Large Flavoured latte - Hazelnut - 2.85",11.9,CARD,1650490481709063
05/07/2024 13:56,Chesterfield,Daryl Hackney,"Large Latte - 2.45, Large Flavoured iced latte - Caramel - 3.25, Large Flavoured iced latte - Hazelnut - 3.25",8.95,CARD,4910580650971679
05/07/2024 13:58,Chesterfield,Tasha Solomon,"Large Flavoured iced latte - Caramel - 3.25, Regular Flavoured iced latte - Vanilla - 2.75",6.0,CASH,
05/07/2024 14:00,Chesterfield,Melissa Jordan,"Regular Flat white - 2.15, Large Latte - 2.45, Regular Flavoured iced latte - Vanilla - 2.75, Regular Flavoured iced latte - Hazelnut - 2.75, Large Flavoured iced latte - Vanilla - 3.25",13.35,CARD,3550326148900669
05/07/2024 14:01,Chesterfield,Mary Bermudes,"Large Flavoured iced latte - Hazelnut - 3.25, Regular Flavoured latte - Hazelnut - 2.55",5.8,CARD,3385679840952650
05/07/2024 14:03,Chesterfield,Myrtle Gullo,"Large Latte - 2.45, Large Flavoured latte - Hazelnut - 2.85, Regular Flavoured iced latte - Hazelnut - 2.75, Regular Flat white - 2.15, Large Flat white - 2.45, Regular Latte - 2.15",14.8,CARD,2675716026105757
05/07/2024 14:04,Chesterfield,Amy Gabriele,Large Flavoured iced latte - Caramel - 3.25,3.25,CARD,3351807721204787
05/07/2024 14:05,Chesterfield,Ronald Edens,"Large Latte - 2.45, Regular Flavoured iced latte - Caramel - 2.75, Large Latte - 2.45, Regular Flavoured iced latte - Caramel - 2.75, Large Flat white - 2.45, Regular Flat white - 2.15",15.0,CARD,6906224732610760
05/07/2024 14:06,Chesterfield,Bruce Parsons,"Large Latte - 2.45, Large Latte - 2.45",4.9,CARD,3864567017909453
05/07/2024 14:08,Chesterfield,Robert Hacker,"Large Latte - 2.45, Regular Flavoured iced latte - Hazelnut - 2.75, Large Flavoured iced latte - Caramel - 3.25",8.45,CASH,
05/07/2024 14:09,Chesterfield,Corey Moster,"Large Flavoured iced latte - Hazelnut - 3.25, Regular Latte - 2.15",5.4,CARD,4576776757251346
05/07/2024 14:10,Chesterfield,Hazel Jarrett,"Regular Flavoured latte - Hazelnut - 2.55, Large Flat white - 2.45, Regular Flavoured iced latte - Caramel - 2.75, Regular Flat white - 2.15, Large Flat white - 2.45, Regular Flavoured iced latte - Caramel - 2.75",15.1,CARD,2623633977815516
05/07/2024 14:11,Chesterfield,Lori Martini,Regular Flavoured iced latte - Vanilla - 2.75,2.75,CARD,6126087689896185
05/07/2024 14:13,Chesterfield,Letisha Perkins,Regular Flat white - 2.15,2.15,CARD,4735583614659216
05/07/2024 14:14,Chesterfield,Sharon Steiner,"Regular Flavoured iced latte - Vanilla - 2.75, Regular Latte - 2.15, Large Flavoured iced latte - Vanilla - 3.25, Regular Latte - 2.15",10.3,CARD,1041777412476497
05/07/2024 14:15,Chesterfield,Joe Norman,"Regular Flat white - 2.15, Large Latte - 2.45",4.6,CARD,3867775940309012
05/07/2024 14:16,Chesterfield,Larry Nichols,"Regular Flavoured iced latte - Hazelnut - 2.75, Large Flavoured latte - Hazelnut - 2.85, Large Flat white - 2.45, Regular Latte - 2.15",10.2,CARD,5303111594844278
05/07/2024 14:18,Chesterfield,Adam Moody,Regular Flavoured iced latte - Hazelnut - 2.75,2.75,CARD,5269922681842505
05/07/2024 14:19,Chesterfield,Norma King,"Regular Latte - 2.15, Regular Flat white - 2.15, Large Flavoured iced latte - Caramel - 3.25, Regular Latte - 2.15",9.7,CARD,1810635605805906
05/07/2024 14:20,Chesterfield,Miriam Chidester,"Regular Latte - 2.15, Regular Flavoured iced latte - Caramel - 2.75, Regular Flavoured iced latte - Caramel - 2.75, Large Flavoured iced latte - Caramel - 3.25",10.9,CARD,2500081370495684
05/07/2024 14:22,Chesterfield,Lorrie Gaier,"Regular Flat white - 2.15, Large Flavoured latte - Hazelnut - 2.85, Large Flavoured latte - Hazelnut - 2.85, Regular Latte - 2.15, Large Latte - 2.45",12.45,CARD,6946830539381730
05/07/2024 14:23,Chesterfield,Shannon Johnson,"Large Flavoured iced latte - Vanilla - 3.25, Regular Flat white - 2.15, Large Flavoured iced latte - Caramel - 3.25",8.65,CARD,8866763629192316
05/07/2024 14:24,Chesterfield,Robert Haley,"Regular Flavoured iced latte - Caramel - 2.75, Regular Flavoured iced latte - Hazelnut - 2.75",5.5,CARD,3800301433845009
05/07/2024 14:25,Chesterfield,Evelyn Herzog,"Large Flavoured iced latte - Hazelnut - 3.25, Large Flavoured iced latte - Vanilla - 3.25",6.5,CARD,6424193679911203
05/07/2024 14:27,Chesterfield,Brandon Bowling,"Regular Flavoured latte - Hazelnut - 2.55, Large Flat white - 2.45, Regular Flat white - 2.15",7.15,CARD,7826171402985100
05/07/2024 14:28,Chesterfield,Mary Garner,Regular Flavoured latte - Hazelnut - 2.55,2.55,CARD,4188397339938462
05/07/2024 14:29,Chesterfield,Mary Kountz,"Large Flavoured iced latte - Vanilla - 3.25, Large Latte - 2.45",5.7,CASH,
05/07/2024 14:30,Chesterfield,Lucille Wagner,Large Flavoured iced latte - Hazelnut - 3.25,3.25,CARD,8483690114580458
05/07/2024 14:32,Chesterfield,Steven Bradley,"Regular Flavoured iced latte - Hazelnut - 2.75, Large Latte - 2.45, Regular Flavoured iced latte - Vanilla - 2.75",7.95,CARD,6104005003485582
05/07/2024 14:33,Chesterfield,Misty Stahl,Regular Flavoured latte - Hazelnut - 2.55,2.55,CARD,7774448693787560
05/07/2024 14:34,Chesterfield,Robert Calderon,"Regular Flavoured iced latte - Caramel - 2.75, Regular Flavoured iced latte - Caramel - 2.75, Regular Latte - 2.15, Large Latte - 2.45, Large Flavoured iced latte - Hazelnut - 3.25, Regular Flat white - 2.15",15.5,CARD,3985432224575620
05/07/2024 14:35,Chesterfield,Mary Olson,"Large Flavoured iced latte - Vanilla - 3.25, Regular Latte - 2.15, Regular Flat white - 2.15",7.55,CARD,3808913634085442
05/07/2024 14:37,Chesterfield,Larry Hayes,"Regular Flat white - 2.15, Large Flavoured iced latte - Vanilla - 3.25",5.4,CASH,
05/07/2024 14:38,Chesterfield,Ann Moore,"Regular Flavoured latte - Hazelnut - 2.55, Large Flavoured iced latte - Caramel - 3.25, Large Flavoured latte - Hazelnut - 2.85, Large Flavoured iced latte - Hazelnut - 3.25, Regular Flat white - 2.15",14.05,CARD,5338898336644765
05/07/2024 14:39,Chesterfield,Nicholas Obrien,"Regular Flavoured iced latte - Hazelnut - 2.75, Regular Flavoured iced latte - Caramel - 2.75, Large Latte - 2.45",7.95,CARD,1004457643488804
05/07/2024 14:41,Chesterfield,James Ramirez,"Regular Flavoured iced latte - Hazelnut - 2.75, Regular Flavoured iced latte - Caramel - 2.75, Large Flavoured iced latte - Vanilla - 3.25, Large Flat white - 2.45",11.2,CARD,1431376881682762
05/07/2024 14:42,Chesterfield,Claudette Ruffin,"Regular Flavoured latte - Hazelnut - 2.55, Regular Flat white - 2.15, Large Flat white - 2.45, Regular Flavoured iced latte - Caramel - 2.75",9.9,CARD,5585708199485306
05/07/2024 14:43,Chesterfield,Scott Garza,"Regular Latte - 2.15, Large Flavoured iced latte - Hazelnut - 3.25, Regular Flavoured iced latte - Vanilla - 2.75",8.15,CASH,
05/07/2024 14:44,Chesterfield,John Thompson,"Large Flavoured iced latte - Caramel - 3.25, Large Flavoured iced latte - Hazelnut - 3.25, Regular Flavoured iced latte - Caramel - 2.75, Regular Flavoured iced latte - Caramel - 2.75",12.0,CARD,5529135498073025
05/07/2024 14:46,Chesterfield,Anne Perez,Large Latte - 2.45,2.45,CARD,6200334305993573
05/07/2024 14:47,Chesterfield,Mary Ware,Regular Flavoured iced latte - Hazelnut - 2.75,2.75,CASH,
05/07/2024 14:48,Chesterfield,Beverly Fitzgerald,"Large Latte - 2.45, Regular Flavoured iced latte - Hazelnut - 2.75, Regular Flavoured iced latte - Hazelnut - 2.75",7.95,CARD,9147717610053963
05/07/2024 14:49,Chesterfield,Amy Vasquez,"Regular Flat white - 2.15, Large Flavoured latte - Hazelnut - 2.85",5.0,CASH,
05/07/2024 14:51,Chesterfield,Richard Mott,"Large Flavoured iced latte - Vanilla - 3.25, Regular Flat white - 2.15",5.4,CARD,7070595263044994
05/07/2024 14:52,Chesterfield,Jennifer Petty,Large Latte - 2.45,2.45,CARD,7706934932916169
05/07/2024 14:53,Chesterfield,Harold Kercheval,"Regular Flavoured iced latte - Hazelnut - 2.75, Regular Flavoured latte - Hazelnut - 2.55, Large Latte - 2.45",7.75,CASH,
05/07/2024 14:54,Chesterfield,Spencer Birch,"Regular Flavoured iced latte - Caramel - 2.75, Regular Flavoured latte - Hazelnut - 2.55, Regular Latte - 2.15, Large Flavoured iced latte - Caramel - 3.25",10.7,CARD,9223136851908242
05/07/2024 14:56,Chesterfield,Sara Battles,"Regular Flat white - 2.15, Large Flavoured iced latte - Vanilla - 3.25, Large Flavoured latte - Hazelnut - 2.85, Regular Flavoured latte - Hazelnut - 2.55, Regular Flavoured latte - Hazelnut - 2.55, Regular Flat white - 2.15",15.5,CARD,3898027883466456
05/07/2024 14:57,Chesterfield,Donald Carter,"Regular Flavoured iced latte - Vanilla - 2.75, Large Flat white - 2.45",5.2,CARD,3979580268669359
05/07/2024 14:58,Chesterfield,Alison Apana,"Regular Latte - 2.15, Large Flavoured iced latte - Vanilla - 3.25",5.4,CARD,9841016630161463
05/07/2024 15:00,Chesterfield,Michael Gentry,"Large Flavoured iced latte - Hazelnut - 3.25, Regular Flavoured iced latte - Hazelnut - 2.75",6.0,CARD,7301410185121594
05/07/2024 15:01,Chesterfield,Leigh Tada,"Regular Latte - 2.15, Regular Flavoured iced latte - Hazelnut - 2.75",4.9,CARD,3047754474007718
05/07/2024 15:02,Chesterfield,George Williams,Regular Flavoured iced latte - Vanilla - 2.75,2.75,CASH,
05/07/2024 15:03,Chesterfield,Matthew Mosby,"Large Flat white - 2.45, Large Flat white - 2.45, Regular Latte - 2.15",7.05,CARD,6298526487394193
05/07/2024 15:05,Chesterfield,Bobby Joyner,Large Flavoured iced latte - Vanilla - 3.25,3.25,CARD,7249784482016907
05/07/2024 15:06,Chesterfield,Billie Whitener,"Regular Flavoured iced latte - Caramel - 2.75, Large Flavoured iced latte - Caramel - 3.25, Large Flat white - 2.45, Regular Flavoured iced latte - Hazelnut - 2.75, Large Flavoured latte - Hazelnut - 2.85",14.05,CARD,3980240639381535
05/07/2024 15:07,Chesterfield,Monica Patterson,"Regular Flavoured iced latte - Vanilla - 2.75, Large Flavoured iced latte - Hazelnut - 3.25, Large Flavoured latte - Hazelnut - 2.85, Regular Flavoured latte - Hazelnut - 2.55",11.4,CASH,
05/07/2024 15:08,Chesterfield,Joseph Terry,"Large Flat white - 2.45, Regular Flavoured iced latte - Vanilla - 2.75",5.2,CARD,4336515724331960
05/07/2024 15:10,Chesterfield,Eric Tavares,"Large Flat white - 2.45, Regular Flavoured latte - Hazelnut - 2.55, Regular Flavoured iced latte - Caramel - 2.75, Large Latte - 2.45, Large Flat white - 2.45, Regular Flavoured latte - Hazelnut - 2.55",15.2,CARD,2718850519271024
05/07/2024 15:11,Chesterfield,William Kukauskas,"Regular Flavoured latte - Hazelnut - 2.55, Large Flavoured latte - Hazelnut - 2.85, Regular Flat white - 2.15",7.55,CARD,4889030069335802
05/07/2024 15:12,Chesterfield,Jay Hema,"Large Flavoured iced latte - Hazelnut - 3.25, Regular Flavoured iced latte - Caramel - 2.75, Regular Flavoured latte - Hazelnut - 2.55, Large Latte - 2.45",11.0,CASH,
05/07/2024 15:13,Chesterfield,Judith Quintana,"Regular Flavoured iced latte - Hazelnut - 2.75, Large Flavoured iced latte - Hazelnut - 3.25",6.0,CARD,9165023990661757
05/07/2024 15:15,Chesterfield,Maggie Pigott,"Large Latte - 2.45, Large Flavoured iced latte - Vanilla - 3.25, Large Flavoured latte - Hazelnut - 2.85, Large Flavoured iced latte - Caramel - 3.25",11.8,CARD,1720135167744923
05/07/2024 15:16,Chesterfield,Mary Rowe,Large Latte - 2.45,2.45,CASH,
05/07/2024 15:17,Chesterfield,Marsha Klumpp,Large Flat white - 2.45,2.45,CARD,7051428913969797
05/07/2024 15:18,Chesterfield,Sharon Ross,"Regular Flavoured iced latte - Hazelnut - 2.75, Large Flavoured iced latte - Hazelnut - 3.25, Large Latte - 2.45",8.45,CARD,2087507642450365
05/07/2024 15:20,Chesterfield,Margaret Rock,"Large Latte - 2.45, Regular Flavoured iced latte - Vanilla - 2.75, Large Flavoured iced latte - Caramel - 3.25, Regular Flavoured iced latte - Vanilla - 2.75",11.2,CARD,9770360422025263
05/07/2024 15:21,Chesterfield,Alisha Boggs,Large Flavoured latte - Hazelnut - 2.85,2.85,CASH,
05/07/2024 15:22,Chesterfield,Kimberly Fletcher,"Large Latte - 2.45, Regular Flavoured iced latte - Caramel - 2.75, Regular Flavoured iced latte - Hazelnut - 2.75, Regular Flat white - 2.15, Regular Flavoured latte - Hazelnut - 2.55",12.65,CARD,7408026935987108
05/07/2024 15:23,Chesterfield,Melissa Campbell,"Large Flavoured latte - Hazelnut - 2.85, Large Flavoured iced latte - Hazelnut - 3.25, Large Flavoured iced latte - Hazelnut - 3.25",9.35,CARD,5963075998106859
05/07/2024 15:25,Chesterfield,Charles Lipman,Regular Flavoured iced latte - Hazelnut - 2.75,2.75,CARD,5310340160096631
05/07/2024 15:26,Chesterfield,Angela Wingard,Large Flavoured latte - Hazelnut - 2.85,2.85,CARD,7863939981764930
05/07/2024 15:27,Chesterfield,Nicholas Weaver,Regular Flavoured iced latte - Hazelnut - 2.75,2.75,CARD,7280193038255110
05/07/2024 15:28,Chesterfield,David Carrico,Regular Flavoured iced latte - Vanilla - 2.75,2.75,CARD,5583689322339228
05/07/2024 15:30,Chesterfield,Henry Powell,"Regular Flavoured iced latte - Vanilla - 2.75, Large Flat white - 2.45, Regular Flat white - 2.15",7.35,CARD,9422737091298041
05/07/2024 15:31,Chesterfield,Marylin Brown,"Regular Flavoured iced latte - Caramel - 2.75, Regular Flavoured iced latte - Caramel - 2.75, Regular Flavoured iced latte - Hazelnut - 2.75",8.25,CARD,4625199845318279
05/07/2024 15:32,Chesterfield,Karen Mccall,"Regular Latte - 2.15, Regular Flat white - 2.15, Regular Latte - 2.15, Regular Latte - 2.15",8.6,CARD,3326641565534320
05/07/2024 15:33,Chesterfield,Marie Lopez,"Regular Flat white - 2.15, Regular Flavoured iced latte - Hazelnut - 2.75",4.9,CARD,8854957228155862
05/07/2024 15:35,Chesterfield,Gayla Avalos,Regular Latte - 2.15,2.15,CARD,6730236070199565
05/07/2024 15:36,Chesterfield,Patrick Hickman,"Regular Latte - 2.15, Large Latte - 2.45, Large Flat white - 2.45, Regular Flavoured iced latte - Hazelnut - 2.75, Regular Flavoured iced latte - Hazelnut - 2.75, Regular Flavoured iced latte - Hazelnut - 2.75",15.3,CARD,9927534652171633
05/07/2024 15:37,Chesterfield,Timothy Nez,"Large Flavoured iced latte - Hazelnut - 3.25, Regular Flavoured iced latte - Hazelnut - 2.75, Regular Flavoured iced latte - Caramel - 2.75",8.75,CARD,2157339728924939
05/07/2024 15:38,Chesterfield,Shirley Malec,"Regular Flat white - 2.15, Regular Latte - 2.15, Regular Flavoured iced latte - Caramel - 2.75, Regular Flavoured latte - Hazelnut - 2.55, Large Flavoured iced latte - Caramel - 3.25, Regular Flavoured iced latte - Hazelnut - 2.75",15.6,CARD,4370061334919995
05/07/2024 15:40,Chesterfield,Kimberly Manno,"Regular Flat white - 2.15, Large Flavoured latte - Hazelnut - 2.85",5.0,CARD,9648481778523186
05/07/2024 15:41,Chesterfield,Marvin Nichols,"Regular Flavoured iced latte - Caramel - 2.75, Regular Flavoured iced latte - Hazelnut - 2.75",5.5,CARD,6259699748618684
05/07/2024 15:42,Chesterfield,Michael Paget,Regular Flavoured iced latte - Vanilla - 2.75,2.75,CARD,6846744871920063
05/07/2024 15:43,Chesterfield,Katie Holman,"Large Flavoured iced latte - Vanilla - 3.25, Large Latte - 2.45, Regular Flavoured latte - Hazelnut - 2.55",8.25,CASH,
05/07/2024 15:45,Chesterfield,Laura Coleman,"Large Flat white - 2.45, Large Flavoured latte - Hazelnut - 2.85, Regular Flavoured iced latte - Hazelnut - 2.75, Large Flavoured iced latte - Caramel - 3.25",11.3,CASH,
05/07/2024 15:46,Chesterfield,Albert Hull,Large Flavoured iced latte - Caramel - 3.25,3.25,CARD,1352255628055109
05/07/2024 15:47,Chesterfield,Kerri Grabe,"Regular Flavoured latte - Hazelnut - 2.55, Large Flavoured iced latte - Caramel - 3.25, Large Latte - 2.45",8.25,CASH,
05/07/2024 15:48,Chesterfield,William Pua,"Regular Flavoured iced latte - Caramel - 2.75, Regular Flavoured latte - Hazelnut - 2.55, Regular Latte - 2.15, Regular Latte - 2.15",9.6,CARD,7383396197947930
05/07/2024 15:50,Chesterfield,Glenn Bibbs,Large Flavoured iced latte - Hazelnut - 3.25,3.25,CARD,4326644971421502
05/07/2024 15:51,Chesterfield,Amber Santiago,"Regular Latte - 2.15, Regular Flavoured iced latte - Vanilla - 2.75, Large Flavoured iced latte - Hazelnut - 3.25, Regular Flavoured iced latte - Vanilla - 2.75, Regular Flavoured iced latte - Caramel - 2.75",13.65,CARD,3432269766329150
05/07/2024 15:52,Chesterfield,Annette Conner,"Large Flat white - 2.45, Regular Flavoured iced latte - Vanilla - 2.75",5.2,CARD,3524366333901341
05/07/2024 15:53,Chesterfield,Candice Vang,"Regular Flavoured latte - Hazelnut - 2.55, Large Flavoured iced latte - Caramel - 3.25",5.8,CARD,9589835602849462
05/07/2024 15:55,Chesterfield,Mary Dannunzio,"Regular Flavoured iced latte - Caramel - 2.75, Large Flat white - 2.45, Regular Flavoured iced latte - Hazelnut - 2.75, Regular Flat white - 2.15, Regular Flavoured iced latte - Caramel - 2.75",12.85,CARD,2652011267263995
05/07/2024 15:56,Chesterfield,John Danley,Regular Flavoured latte - Hazelnut - 2.55,2.55,CARD,2314237940964066
05/07/2024 15:57,Chesterfield,Christopher Herndon,"Regular Flat white - 2.15, Large Flavoured iced latte - Hazelnut - 3.25",5.4,CASH,
05/07/2024 15:58,Chesterfield,Leo Rogers,Regular Flavoured latte - Hazelnut - 2.55,2.55,CARD,4911594258770053
05/07/2024 16:00,Chesterfield,Lavenia Vanhamlin,Regular Flavoured iced latte - Caramel - 2.75,2.75,CARD,7600522014305949
05/07/2024 16:03,Chesterfield,Marty Horne,Large Flat white - 2.45,2.45,CARD,8691599361634233
05/07/2024 16:07,Chesterfield,Wilfredo Croes,"Regular Flavoured latte - Hazelnut - 2.55, Large Flavoured iced latte - Hazelnut - 3.25",5.8,CARD,4252402762029718
05/07/2024 16:10,Chesterfield,Delores Ladd,"Regular Flavoured iced latte - Hazelnut - 2.75, Regular Latte - 2.15, Regular Latte - 2.15, Large Flavoured latte - Hazelnut - 2.85, Large Flavoured iced latte - Vanilla - 3.25",13.15,CARD,3426187378758619
05/07/2024 16:14,Chesterfield,Herman Brown,"Regular Flavoured iced latte - Hazelnut - 2.75, Regular Flavoured iced latte - Hazelnut - 2.75, Large Latte - 2.45, Regular Latte - 2.15, Large Flavoured iced latte - Vanilla - 3.25",13.35,CARD,7681517301585683
05/07/2024 16:17,Chesterfield,Blanche Becerra,"Large Flavoured iced latte - Vanilla - 3.25, Large Flat white - 2.45",5.7,CASH,
05/07/2024 16:21,Chesterfield,Calvin Lane,Regular Flavoured iced latte - Hazelnut - 2.75,2.75,CASH,
05/07/2024 16:24,Chesterfield,William Briggs,"Regular Flavoured iced latte - Hazelnut - 2.75, Regular Flat white - 2.15, Regular Flavoured iced latte - Caramel - 2.75",7.65,CARD,6395147701623785
05/07/2024 16:28,Chesterfield,Dorothy Webber,"Large Flat white - 2.45, Large Flavoured latte - Hazelnut - 2.85",5.3,CASH,
05/07/2024 16:31,Chesterfield,Eric Steffenhagen,"Regular Flat white - 2.15, Large Flavoured iced latte - Hazelnut - 3.25",5.4,CARD,9441268247238581
05/07/2024 16:35,Chesterfield,Kevin Battaglia,Large Flavoured iced latte - Hazelnut - 3.25,3.25,CASH,
05/07/2024 16:38,Chesterfield,Lilli Connolly,"Regular Flavoured iced latte - Hazelnut - 2.75, Regular Flavoured iced latte - Caramel - 2.75, Regular Latte - 2.15",7.65,CARD,6255764568253438
05/07/2024 16:42,Chesterfield,Kathryn Estrada,Large Flavoured iced latte - Caramel - 3.25,3.25,CARD,8742092729306422
05/07/2024 16:45,Chesterfield,Sean Johnson,"Regular Flavoured iced latte - Caramel - 2.75, Large Flavoured iced latte - Vanilla - 3.25, Large Latte - 2.45, Regular Flavoured iced latte - Vanilla - 2.75",11.2,CARD,5085038399897524
05/07/2024 16:49,Chesterfield,Tamara Fejes,"Large Flavoured latte - Hazelnut - 2.85, Regular Latte - 2.15, Large Flavoured latte - Hazelnut - 2.85",7.85,CARD,5271021036181854
05/07/2024 16:52,Chesterfield,Evelyn Pina,"Large Latte - 2.45, Regular Flavoured iced latte - Caramel - 2.75, Large Flat white - 2.45, Large Flat white - 2.45, Large Flat white - 2.45, Regular Flavoured iced latte - Vanilla - 2.75",15.3,CASH,
05/07/2024 16:56,Chesterfield,Kathryn Pearce,Regular Flavoured iced latte - Hazelnut - 2.75,2.75,CASH,
05/07/2024 16:59,Chesterfield,Charles Gould,"Regular Flavoured iced latte - Vanilla - 2.75, Regular Flat white - 2.15",4.9,CARD,6952627571853727
