05/07/2024 09:00,Leeds,Florinda Walker,"Regular Hot Chocolate - 1.40, Large Speciality Tea - English breakfast - 1.60, Regular Chai latte - 2.30",5.3,CARD,6604916807331836
05/07/2024 09:01,Leeds,Donald Wigington,"Regular Chai latte - 2.30, Regular Filter coffee - 1.50, Large Speciality Tea - English breakfast - 1.60, Large Chai latte - 2.60",8.0,CARD,1358436714682531
05/07/2024 09:03,Leeds,Terrance Mcneal,"Regular Speciality Tea - English breakfast - 1.30, Large Iced americano - 2.50",3.8,CASH,
05/07/2024 09:04,Leeds,Richard Crowden,"Regular Filter coffee - 1.50, Regular Chai latte - 2.30",3.8,CARD,3837169455249207
05/07/2024 09:06,Leeds,Richard Golay,Large Chai latte - 2.60,2.6,CARD,2022122098361240
05/07/2024 09:08,Leeds,Victor Burks,"Regular Filter coffee - 1.50, Regular Filter coffee - 1.50, Regular Iced americano - 2.15, Regular Speciality Tea - English breakfast - 1.30",6.45,CARD,4902767889437505
05/07/2024 09:09,Leeds,Mark Brown,Large Iced americano - 2.50,2.5,CARD,8089378511524975
05/07/2024 09:11,Leeds,Lora Davis,"Large Speciality Tea - English breakfast - 1.60, Large Iced americano - 2.50",4.1,CARD,3007466428678556
05/07/2024 09:12,Leeds,Frederick Darden,Regular Hot Chocolate - 1.40,1.4,CARD,5620860068621922
05/07/2024 09:14,Leeds,Robert Odonnell,"Large Filter coffee - 1.80, Regular Speciality Tea - English breakfast - 1.30, Regular Hot Chocolate - 1.40",4.5,CARD,3993237497976119
05/07/2024 09:16,Leeds,Ashleigh Roberts,"Regular Chai latte - 2.30, Large Chai latte - 2.60, Large Filter coffee - 1.80, Regular Filter coffee - 1.50, Large Speciality Tea - English breakfast - 1.60, Large Filter coffee - 1.80",11.6,CARD,5515696218361769
05/07/2024 09:17,Leeds,Sonia Niemann,"Regular Iced americano - 2.15, Large Iced americano - 2.50, Large Chai latte - 2.60, Large Iced americano - 2.50",9.75,CARD,6806032002924222
05/07/2024 09:19,Leeds,Benjamin Adamson,"Large Iced americano - 2.50, Large Chai latte - 2.60",5.1,CARD,9708790152228282
05/07/2024 09:21,Leeds,Tamika Mahoney,Regular Filter coffee - 1.50,1.5,CARD,7959432561309799
05/07/2024 09:22,Leeds,John Summers,Regular Chai latte - 2.30,2.3,CARD,4674894761568772
05/07/2024 09:24,Leeds,Keeley Luther,"Regular Chai latte - 2.30, Regular Filter coffee - 1.50, Regular Iced americano - 2.15, Large Chai latte - 2.60",8.55,CASH,
05/07/2024 09:25,Leeds,John Brown,"Regular Hot Chocolate - 1.40, Large Hot Chocolate - 1.70",3.1,CARD,6605391568872853
05/07/2024 09:27,Leeds,Amanda Bronson,"Regular Chai latte - 2.30, Large Chai latte - 2.60",4.9,CARD,7023705428079018
05/07/2024 09:29,Leeds,Brandy May,"Regular Hot Chocolate - 1.40, Large Filter coffee - 1.80",3.2,CASH,
05/07/2024 09:30,Leeds,Diana Langone,Regular Speciality Tea - English breakfast - 1.30,1.3,CARD,1668661001075207
05/07/2024 09:32,Leeds,Peter Ho,"Large Chai latte - 2.60, Large Chai latte - 2.60, Large Chai latte - 2.60, Large Filter coffee - 1.80",9.6,CARD,9112712206286376
05/07/2024 09:33,Leeds,Patricia Davis,Regular Speciality Tea - English breakfast - 1.30,1.3,CARD,6430854276257794
05/07/2024 09:35,Leeds,Rodney Kawamoto,Regular Chai latte - 2.30,2.3,CASH,
05/07/2024 09:37,Leeds,Merrill Bennett,"Large Chai latte - 2.60, Large Iced americano - 2.50, Large Filter coffee - 1.80, Large Hot Chocolate - 1.70",8.6,CARD,5116134795024984
05/07/2024 09:38,Leeds,Jean Williams,Regular Filter coffee - 1.50,1.5,CASH,
05/07/2024 09:40,Leeds,Ashley Keene,Regular Iced americano - 2.15,2.15,CARD,5475495910073055
05/07/2024 09:42,Leeds,Dan Prince,"Large Hot Chocolate - 1.70, Large Speciality Tea - English breakfast - 1.60, Regular Filter coffee - 1.50",4.8,CARD,4730867493917013
05/07/2024 09:43,Leeds,Ray Becker,"Large Iced americano - 2.50, Large Iced americano - 2.50",5.0,CARD,9614306804800923
05/07/2024 09:45,Leeds,Linda Rosemond,"Large Filter coffee - 1.80, Regular Speciality Tea - English breakfast - 1.30",3.1,CARD,8161934669973298
05/07/2024 09:46,Leeds,Clarence Jacinto,"Regular Filter coffee - 1.50, Large Chai latte - 2.60, Large Chai latte - 2.60",6.7,CASH,
05/07/2024 09:48,Leeds,Donald Houseal,"Large Chai latte - 2.60, Regular Filter coffee - 1.50, Large Filter coffee - 1.80",5.9,CARD,3435673805163987
05/07/2024 09:50,Leeds,Kathy Mercado,Regular Filter coffee - 1.50,1.5,CARD,4475093480851376
05/07/2024 09:51,Leeds,Justin Matthews,"Large Iced americano - 2.50, Large Speciality Tea - English breakfast - 1.60, Large Chai latte - 2.60, Regular Filter coffee - 1.50, Regular Speciality Tea - English breakfast - 1.30",9.5,CASH,
05/07/2024 09:53,Leeds,Darlene Bugg,"Large Hot Chocolate - 1.70, Large Chai latte - 2.60",4.3,CARD,4271477520167688
05/07/2024 09:54,Leeds,Stephanie Worstell,"Regular Chai latte - 2.30, Regular Speciality Tea - English breakfast - 1.30",3.6,CARD,8169820221936897
05/07/2024 09:56,Leeds,Jeremiah Marshall,"Regular Hot Chocolate - 1.40, Large Hot Chocolate - 1.70, Regular Chai latte - 2.30, Regular Chai latte - 2.30",7.7,CARD,1219350532006004
05/07/2024 09:58,Leeds,Lloyd Dougherty,Regular Hot Chocolate - 1.40,1.4,CASH,
05/07/2024 09:59,Leeds,Ronald An,Large Speciality Tea - English breakfast - 1.60,1.6,CASH,
05/07/2024 10:01,Leeds,Blake Tune,"Regular Iced americano - 2.15, Regular Chai latte - 2.30",4.45,CASH,
05/07/2024 10:02,Leeds,Steven Martel,"Regular Hot Chocolate - 1.40, Large Speciality Tea - English breakfast - 1.60, Large Filter coffee - 1.80, Large Hot Chocolate - 1.70",6.5,CARD,2244988330062692
05/07/2024 10:03,Leeds,Christine Stewart,"Large Hot Chocolate - 1.70, Large Speciality Tea - English breakfast - 1.60, Large Filter coffee - 1.80, Regular Iced americano - 2.15",7.25,CARD,3522468057331484
05/07/2024 10:04,Leeds,Tracy Soto,"Large Iced americano - 2.50, Large Hot Chocolate - 1.70",4.2,CASH,
05/07/2024 10:05,Leeds,Deborah Street,"Regular Hot Chocolate - 1.40, Regular Hot Chocolate - 1.40, Regular Hot Chocolate - 1.40",4.2,CARD,3466318263527697
05/07/2024 10:06,Leeds,Kayla Mcquillen,"Large Filter coffee - 1.80, Large Iced americano - 2.50, Large Speciality Tea - English breakfast - 1.60",5.9,CARD,7527990772790224
05/07/2024 10:07,Leeds,Jacqueline Browning,"Large Iced americano - 2.50, Large Iced americano - 2.50, Large Hot Chocolate - 1.70, Large Chai latte - 2.60",9.3,CASH,
05/07/2024 10:08,Leeds,Lillian Jones,"Regular Chai latte - 2.30, Regular Hot Chocolate - 1.40, Regular Filter coffee - 1.50, Large Iced americano - 2.50",7.7,CASH,
05/07/2024 10:09,Leeds,Judy Moore,Regular Hot Chocolate - 1.40,1.4,CARD,2723204187311733
05/07/2024 10:11,Leeds,John Glen,Regular Filter coffee - 1.50,1.5,CARD,2678006908710250
05/07/2024 10:12,Leeds,Wayne Sturm,"Regular Hot Chocolate - 1.40, Regular Iced americano - 2.15, Large Iced americano - 2.50, Regular Filter coffee - 1.50",7.55,CARD,7195233932915897
05/07/2024 10:13,Leeds,Sybil Satterfield,Large Speciality Tea - English breakfast - 1.60,1.6,CASH,
05/07/2024 10:14,Leeds,Natalie Gilligan,"Large Hot Chocolate - 1.70, Regular Chai latte - 2.30, Large Iced americano - 2.50, Large Filter coffee - 1.80, Large Chai latte - 2.60, Regular Speciality Tea - English breakfast - 1.30",12.2,CARD,7021913696908564
05/07/2024 10:15,Leeds,William Ballard,"Large Filter coffee - 1.80, Regular Hot Chocolate - 1.40",3.2,CARD,7216264693693186
05/07/2024 10:16,Leeds,Eric Beaudreault,"Large Filter coffee - 1.80, Large Speciality Tea - English breakfast - 1.60, Regular Hot Chocolate - 1.40, Large Chai latte - 2.60, Regular Iced americano - 2.15",9.55,CARD,1298435580427040
05/07/2024 10:17,Leeds,Stephen Betterman,"Regular Filter coffee - 1.50, Regular Speciality Tea - English breakfast - 1.30",2.8,CASH,
05/07/2024 10:18,Leeds,Donna Macchiaroli,Regular Chai latte - 2.30,2.3,CARD,2756906491650484
05/07/2024 10:19,Leeds,Jeffrey Hayes,"Regular Chai latte - 2.30, Regular Filter coffee - 1.50, Large Speciality Tea - English breakfast - 1.60, Large Hot Chocolate - 1.70",7.1,CASH,
05/07/2024 10:20,Leeds,Kathleen Brasil,"Regular Hot Chocolate - 1.40, Regular Hot Chocolate - 1.40",2.8,CARD,8351416633395962
05/07/2024 10:21,Leeds,Shaun Perry,"Regular Speciality Tea - English breakfast - 1.30, Large Hot Chocolate - 1.70, Large Hot Chocolate - 1.70",4.7,CARD,8726687772308986
05/07/2024 10:22,Leeds,Dave Billinghurst,"Large Speciality Tea - English breakfast - 1.60, Regular Iced americano - 2.15",3.75,CASH,
05/07/2024 10:23,Leeds,Joella Johnston,"Large Chai latte - 2.60, Large Filter coffee - 1.80, Regular Hot Chocolate - 1.40, Regular Hot Chocolate - 1.40, Large Hot Chocolate - 1.70",8.9,CARD,6543729835528883
05/07/2024 10:24,Leeds,Andrew Deal,"Regular Hot Chocolate - 1.40, Large Filter coffee - 1.80",3.2,CASH,
05/07/2024 10:25,Leeds,Martha Long,"Regular Hot Chocolate - 1.40, Large Filter coffee - 1.80, Regular Chai latte - 2.30, Regular Iced americano - 2.15",7.65,CASH,
05/07/2024 10:27,Leeds,Michael Steffee,Regular Iced americano - 2.15,2.15,CARD,5721393325674908
05/07/2024 10:28,Leeds,Paula Hall,"Regular Chai latte - 2.30, Large Iced americano - 2.50, Large Filter coffee - 1.80, Large Filter coffee - 1.80",8.4,CARD,8920049963131097
05/07/2024 10:29,Leeds,Curtis Amann,"Regular Chai latte - 2.30, Large Filter coffee - 1.80, Regular Speciality Tea - English breakfast - 1.30, Large Filter coffee - 1.80, Large Hot Chocolate - 1.70",8.9,CARD,4277502635291258
05/07/2024 10:30,Leeds,Sarah Mcbain,"Regular Hot Chocolate - 1.40, Large Filter coffee - 1.80",3.2,CASH,
05/07/2024 10:31,Leeds,Tracy Griffith,"Large Hot Chocolate - 1.70, Regular Hot Chocolate - 1.40",3.1,CASH,
05/07/2024 10:32,Leeds,Christopher Rosenthal,Large Filter coffee - 1.80,1.8,CASH,
05/07/2024 10:33,Leeds,Linda Atkinson,"Regular Hot Chocolate - 1.40, Large Filter coffee - 1.80, Large Iced americano - 2.50",5.7,CARD,1996087816788129
05/07/2024 10:34,Leeds,Clara Ellis,Large Chai latte - 2.60,2.6,CARD,8272782046899872
05/07/2024 10:35,Leeds,Edward Mcgranor,"Regular Iced americano - 2.15, Regular Hot Chocolate - 1.40, Regular Chai latte - 2.30, Large Filter coffee - 1.80",7.65,CARD,6004902102799933
05/07/2024 10:36,Leeds,Lisa Clagon,"Regular Hot Chocolate - 1.40, Regular Chai latte - 2.30, Large Hot Chocolate - 1.70",5.4,CARD,3801306455030998
05/07/2024 10:37,Leeds,Marcia Smith,"Large Filter coffee - 1.80, Large Iced americano - 2.50, Large Speciality Tea - English breakfast - 1.60, Regular Speciality Tea - English breakfast - 1.30, Large Chai latte - 2.60",9.8,CARD,1906660411365424
05/07/2024 10:38,Leeds,Jane Jordan,"Regular Hot Chocolate - 1.40, Regular Chai latte - 2.30, Large Hot Chocolate - 1.70, Regular Filter coffee - 1.50, Regular Chai latte - 2.30",9.2,CASH,
05/07/2024 10:39,Leeds,Roger English,Regular Hot Chocolate - 1.40,1.4,CARD,5271180264053274
05/07/2024 10:40,Leeds,Frank Robertson,Large Iced americano - 2.50,2.5,CARD,8027604177067160
05/07/2024 10:41,Leeds,David Tallerico,"Regular Hot Chocolate - 1.40, Regular Filter coffee - 1.50, Regular Filter coffee - 1.50, Regular Filter coffee - 1.50, Large Iced americano - 2.50",8.4,CASH,
05/07/2024 10:43,Leeds,Luis Garcia,"Large Filter coffee - 1.80, Large Chai latte - 2.60, Regular Iced americano - 2.15, Regular Speciality Tea - English breakfast - 1.30",7.85,CASH,
05/07/2024 10:44,Leeds,Charles Fisher,Regular Iced americano - 2.15,2.15,CASH,
05/07/2024 10:45,Leeds,Jeffrey Guillen,"Regular Speciality Tea - English breakfast - 1.30, Large Speciality Tea - English breakfast - 1.60, Large Filter coffee - 1.80",4.7,CARD,9639340083521887
05/07/2024 10:46,Leeds,Shawn Collins,"Large Iced americano - 2.50, Large Hot Chocolate - 1.70, Large Chai latte - 2.60, Regular Iced americano - 2.15, Large Speciality Tea - English breakfast - 1.60, Large Iced americano - 2.50",13.05,CASH,
05/07/2024 10:47,Leeds,Michael Lanzetta,"Large Chai latte - 2.60, Large Speciality Tea - English breakfast - 1.60, Regular Filter coffee - 1.50",5.7,CASH,
05/07/2024 10:48,Leeds,Kathleen Ojala,Regular Chai latte - 2.30,2.3,CASH,
05/07/2024 10:49,Leeds,Darlene Balasco,"Regular Filter coffee - 1.50, Large Chai latte - 2.60, Large Filter coffee - 1.80",5.9,CARD,6497772245878901
05/07/2024 10:50,Leeds,Monique Beekman,"Large Speciality Tea - English breakfast - 1.60, Regular Chai latte - 2.30, Regular Iced americano - 2.15, Regular Hot Chocolate - 1.40",7.45,CASH,
05/07/2024 10:51,Leeds,Walter Bibbins,"Regular Chai latte - 2.30, Regular Hot Chocolate - 1.40, Regular Hot Chocolate - 1.40, Large Speciality Tea - English breakfast - 1.60",6.7,CARD,3950344647581834
05/07/2024 10:52,Leeds,Keith Richard,Large Speciality Tea - English breakfast - 1.60,1.6,CARD,1533774318367248
05/07/2024 10:53,Leeds,Kelly Boaz,"Regular Chai latte - 2.30, Regular Filter coffee - 1.50, Regular Hot Chocolate - 1.40",5.2,CARD,1574849342941157
05/07/2024 10:54,Leeds,Lawrence Johnson,"Regular Filter coffee - 1.50, Large Iced americano - 2.50, Regular Speciality Tea - English breakfast - 1.30, Regular Chai latte - 2.30, Large Speciality Tea - English breakfast - 1.60, Large Chai latte - 2.60",11.8,CASH,
05/07/2024 10:55,Leeds,Erin Kohler,"Regular Filter coffee - 1.50, Regular Speciality Tea - English breakfast - 1.30",2.8,CARD,7014647407968216
05/07/2024 10:56,Leeds,Shoshana Mcdonell,"Large Speciality Tea - English breakfast - 1.60, Large Chai latte - 2.60, Regular Chai latte - 2.30, Large Hot Chocolate - 1.70, Large Speciality Tea - English breakfast - 1.60",9.8,CASH,
05/07/2024 10:57,Leeds,Juanita Flott,Regular Chai latte - 2.30,2.3,CARD,2158692090419704
05/07/2024 10:59,Leeds,Anita Slough,"Regular Filter coffee - 1.50, Large Filter coffee - 1.80",3.3,CARD,9052428957403422
05/07/2024 11:00,Leeds,James Clawson,Large Hot Chocolate - 1.70,1.7,CARD,1938504070975288
05/07/2024 11:04,Leeds,Melody Wagner,"Regular Iced americano - 2.15, Large Speciality Tea - English breakfast - 1.60, Large Iced americano - 2.50, Large Hot Chocolate - 1.70, Large Filter coffee - 1.80",9.75,CARD,9244587708888549
05/07/2024 11:08,Leeds,Tonya Massey,"Regular Hot Chocolate - 1.40, Regular Chai latte - 2.30",3.7,CARD,5472892932911634
05/07/2024 11:12,Leeds,Robert Cagle,"Regular Iced americano - 2.15, Large Filter coffee - 1.80, Regular Iced americano - 2.15",6.1,CARD,1019795018937712
05/07/2024 11:16,Leeds,Beverley Guedjian,"Large Chai latte - 2.60, Regular Filter coffee - 1.50",4.1,CASH,
05/07/2024 11:20,Leeds,Michael Arellano,Regular Filter coffee - 1.50,1.5,CARD,7873136846624235
05/07/2024 11:24,Leeds,Charles Leech,"Large Speciality Tea - English breakfast - 1.60, Large Chai latte - 2.60",4.2,CARD,5367432562173225
05/07/2024 11:28,Leeds,Nicole Kuttner,"Large Chai latte - 2.60, Regular Chai latte - 2.30, Large Filter coffee - 1.80",6.7,CASH,
05/07/2024 11:32,Leeds,Martha Warner,Large Filter coffee - 1.80,1.8,CASH,
05/07/2024 11:36,Leeds,Deborah Collier,Regular Filter coffee - 1.50,1.5,CARD,3838579557822399
05/07/2024 11:40,Leeds,John Cashion,"Regular Iced americano - 2.15, Large Hot Chocolate - 1.70",3.85,CASH,
05/07/2024 11:44,Leeds,Amy Palmer,"Regular Speciality Tea - English breakfast - 1.30, Large Hot Chocolate - 1.70, Regular Chai latte - 2.30",5.3,CARD,3705031956629344
05/07/2024 11:48,Leeds,Joseph Matthai,"Large Hot Chocolate - 1.70, Large Filter coffee - 1.80, Regular Hot Chocolate - 1.40, Large Filter coffee - 1.80",6.7,CARD,3775769583440414
05/07/2024 11:52,Leeds,Sylvester Estrada,"Regular Iced americano - 2.15, Regular Filter coffee - 1.50, Large Iced americano - 2.50",6.15,CARD,4877030143015794
05/07/2024 11:56,Leeds,Fernando Douglas,"Large Filter coffee - 1.80, Large Hot Chocolate - 1.70, Large Filter coffee - 1.80, Regular Hot Chocolate - 1.40",6.7,CARD,7598239443302779
05/07/2024 12:00,Leeds,Thomas Allison,Large Hot Chocolate - 1.70,1.7,CARD,3976177071131443
05/07/2024 12:01,Leeds,Carol Becerra,"Large Hot Chocolate - 1.70, Regular Filter coffee - 1.50, Regular Filter coffee - 1.50, Regular Iced americano - 2.15",6.85,CASH,
05/07/2024 12:03,Leeds,Hannah Kong,Large Chai latte - 2.60,2.6,CARD,9303819312915171
05/07/2024 12:05,Leeds,Gilberto Bare,"Regular Hot Chocolate - 1.40, Regular Chai latte - 2.30, Large Hot Chocolate - 1.70, Large Filter coffee - 1.80, Regular Chai latte - 2.30",9.5,CARD,1734844142463028
05/07/2024 12:06,Leeds,Linda Bramblett,"Regular Speciality Tea - English breakfast - 1.30, Large Filter coffee - 1.80, Large Iced americano - 2.50, Regular Hot Chocolate - 1.40, Regular Iced americano - 2.15",9.15,CARD,6097947534648562
05/07/2024 12:08,Leeds,Doris Mcdonald,Regular Chai latte - 2.30,2.3,CASH,
05/07/2024 12:10,Leeds,Maria Collins,"Large Chai latte - 2.60, Regular Iced americano - 2.15, Large Filter coffee - 1.80, Regular Filter coffee - 1.50",8.05,CARD,7606571977213085
05/07/2024 12:11,Leeds,Peter Caldwell,Regular Chai latte - 2.30,2.3,CASH,
05/07/2024 12:13,Leeds,Sharon Dove,"Large Hot Chocolate - 1.70, Large Iced americano - 2.50, Large Iced americano - 2.50, Large Filter coffee - 1.80, Regular Chai latte - 2.30",10.8,CARD,6300596778030638
05/07/2024 12:15,Leeds,Keven Godwin,"Regular Chai latte - 2.30, Large Iced americano - 2.50, Large Speciality Tea - English breakfast - 1.60, Large Filter coffee - 1.80",8.2,CARD,4469125637585315
05/07/2024 12:16,Leeds,Laura Elam,"Large Hot Chocolate - 1.70, Regular Speciality Tea - English breakfast - 1.30, Regular Hot Chocolate - 1.40, Regular Chai latte - 2.30, Regular Chai latte - 2.30",9.0,CASH,
05/07/2024 12:18,Leeds,Stacey Mejia,Regular Chai latte - 2.30,2.3,CASH,
05/07/2024 12:20,Leeds,Janet Williams,"Large Filter coffee - 1.80, Regular Filter coffee - 1.50, Regular Filter coffee - 1.50, Regular Chai latte - 2.30",7.1,CARD,4186989766134925
05/07/2024 12:21,Leeds,Megan Cruice,"Regular Chai latte - 2.30, Large Iced americano - 2.50, Regular Iced americano - 2.15, Large Chai latte - 2.60, Large Iced americano - 2.50",12.05,CARD,7068236844561461
05/07/2024 12:23,Leeds,Kristen Bennett,"Large Filter coffee - 1.80, Large Iced americano - 2.50, Large Iced americano - 2.50",6.8,CARD,2999346628741510
05/07/2024 12:25,Leeds,Richard Neely,"Regular Filter coffee - 1.50, Regular Filter coffee - 1.50, Regular Chai latte - 2.30",5.3,CARD,4142724050772225
05/07/2024 12:26,Leeds,Wendy Kaszynski,"Large Hot Chocolate - 1.70, Large Speciality Tea - English breakfast - 1.60, Regular Chai latte - 2.30",5.6,CASH,
05/07/2024 12:28,Leeds,Judith January,"Regular Filter coffee - 1.50, Large Chai latte - 2.60, Large Filter coffee - 1.80",5.9,CARD,3193121278208595
05/07/2024 12:30,Leeds,Gregory Madrigal,"Regular Iced americano - 2.15, Large Iced americano - 2.50, Large Filter coffee - 1.80",6.45,CARD,3210319620160126
05/07/2024 12:31,Leeds,Gloria Mills,"Regular Speciality Tea - English breakfast - 1.30, Large Filter coffee - 1.80, Large Iced americano - 2.50",5.6,CARD,6342196366883638
05/07/2024 12:33,Leeds,Richard Silva,"Large Chai latte - 2.60, Regular Iced americano - 2.15, Large Iced americano - 2.50, Large Speciality Tea - English breakfast - 1.60, Large Chai latte - 2.60",11.45,CARD,3574441183409886
05/07/2024 12:35,Leeds,Kathleen Mcrae,"Regular Chai latte - 2.30, Large Speciality Tea - English breakfast - 1.60",3.9,CARD,1886538064132131
05/07/2024 12:36,Leeds,Viola Flores,"Large Filter coffee - 1.80, Regular Iced americano - 2.15",3.95,CARD,2427626922748208
05/07/2024 12:38,Leeds,William Routzahn,"Large Iced americano - 2.50, Large Chai latte - 2.60, Large Speciality Tea - English breakfast - 1.60",6.7,CARD,6010694726290860
05/07/2024 12:40,Leeds,Celeste Wampler,"Large Iced americano - 2.50, Large Chai latte - 2.60",5.1,CARD,2364409103841317
05/07/2024 12:41,Leeds,Ernesto Sanchez,"Regular Iced americano - 2.15, Regular Speciality Tea - English breakfast - 1.30, Regular Chai latte - 2.30, Large Speciality Tea - English breakfast - 1.60, Large Hot Chocolate - 1.70, Regular Iced americano - 2.15",11.2,CARD,4929553241352485
05/07/2024 12:43,Leeds,Duane Johnson,"Regular Chai latte - 2.30, Large Hot Chocolate - 1.70, Large Speciality Tea - English breakfast - 1.60, Regular Chai latte - 2.30",7.9,CARD,9529913393907230
05/07/2024 12:45,Leeds,Shawn Young,"Regular Filter coffee - 1.50, Large Speciality Tea - English breakfast - 1.60",3.1,CARD,4912929340642527
05/07/2024 12:46,Leeds,Anna Miller,Large Chai latte - 2.60,2.6,CARD,1833037892769822
05/07/2024 12:48,Leeds,Robert Sircy,"Large Iced americano - 2.50, Large Chai latte - 2.60",5.1,CARD,4776356183527815
05/07/2024 12:50,Leeds,Harry Snerling,Large Chai latte - 2.60,2.6,CARD,5134161705597890
05/07/2024 12:51,Leeds,Ryan Pointer,Regular Iced americano - 2.15,2.15,CARD,9747501964289741
05/07/2024 12:53,Leeds,Les Shaffer,Regular Filter coffee - 1.50,1.5,CARD,7801728909458936
05/07/2024 12:55,Leeds,Noel Githens,"Regular Chai latte - 2.30, Large Chai latte - 2.60, Large Chai latte - 2.60",7.5,CARD,3018600581595104
05/07/2024 12:56,Leeds,James Mallett,"Large Speciality Tea - English breakfast - 1.60, Regular Filter coffee - 1.50, Regular Chai latte - 2.30, Regular Hot Chocolate - 1.40",6.8,CASH,
05/07/2024 12:58,Leeds,Jarrod Riggie,"Large Chai latte - 2.60, Large Filter coffee - 1.80",4.4,CARD,2981590033364751
05/07/2024 13:00,Leeds,Brad Choi,"Large Iced americano - 2.50, Large Chai latte - 2.60",5.1,CARD,1042544104479935
05/07/2024 13:00,Leeds,William Horton,"Regular Chai latte - 2.30, Large Speciality Tea - English breakfast - 1.60, Large Speciality Tea - English breakfast - 1.60, Large Hot Chocolate - 1.70",7.2,CARD,6718342422069074
05/07/2024 13:01,Leeds,Walter Ley,"Large Iced americano - 2.50, Regular Speciality Tea - English breakfast - 1.30",3.8,CARD,1964128437964825
05/07/2024 13:02,Leeds,Anthony Bellefeuille,"Large Speciality Tea - English breakfast - 1.60, Large Filter coffee - 1.80, Regular Speciality Tea - English breakfast - 1.30, Regular Iced americano - 2.15, Large Hot Chocolate - 1.70, Large Hot Chocolate - 1.70",10.25,CARD,5562231946153422
05/07/2024 13:03,Leeds,Roberta Duncan,"Large Iced americano - 2.50, Regular Iced americano - 2.15",4.65,CARD,9132589936844485
05/07/2024 13:04,Leeds,Stephanie Branch,"Large Iced americano - 2.50, Large Iced americano - 2.50, Large Chai latte - 2.60",7.6,CARD,4669684463513309
05/07/2024 13:05,Leeds,Robyn Jones,"Large Speciality Tea - English breakfast - 1.60, Large Iced americano - 2.50, Regular Chai latte - 2.30",6.4,CARD,8737912332146858
05/07/2024 13:05,Leeds,Larry Hinton,"Large Chai latte - 2.60, Large Iced americano - 2.50, Large Speciality Tea - English breakfast - 1.60, Large Chai latte - 2.60, Large Filter coffee - 1.80, Large Filter coffee - 1.80",12.9,CASH,
05/07/2024 13:06,Leeds,Tammy Sanchez,"Regular Hot Chocolate - 1.40, Regular Speciality Tea - English breakfast - 1.30, Regular Chai latte - 2.30, Regular Filter coffee - 1.50, Large Filter coffee - 1.80, Large Filter coffee - 1.80",10.1,CARD,1314070931527144
05/07/2024 13:07,Leeds,Jennine Grev,"Large Filter coffee - 1.80, Large Hot Chocolate - 1.70",3.5,CARD,9796744056691386
05/07/2024 13:08,Leeds,Thomas Wilborn,"Regular Iced americano - 2.15, Regular Hot Chocolate - 1.40, Large Speciality Tea - English breakfast - 1.60",5.15,CARD,9096925115521231
05/07/2024 13:09,Leeds,Leah Harris,"Large Filter coffee - 1.80, Large Chai latte - 2.60, Large Filter coffee - 1.80, Large Hot Chocolate - 1.70, Large Iced americano - 2.50, Large Filter coffee - 1.80",12.2,CARD,2851509153351411
05/07/2024 13:10,Leeds,Melvin Bell,"Large Hot Chocolate - 1.70, Large Filter coffee - 1.80, Regular Iced americano - 2.15, Large Chai latte - 2.60",8.25,CARD,8305067647166651
05/07/2024 13:10,Leeds,Walter Moreland,"Regular Filter coffee - 1.50, Large Chai latte - 2.60, Large Filter coffee - 1.80",5.9,CARD,1711638015156594
05/07/2024 13:11,Leeds,Keith Berry,"Regular Filter coffee - 1.50, Regular Iced americano - 2.15, Regular Iced americano - 2.15",5.8,CASH,
05/07/2024 13:12,Leeds,Vernon Canipe,Large Iced americano - 2.50,2.5,CARD,4558563113400179
05/07/2024 13:13,Leeds,Raymond Hutchingson,"Regular Iced americano - 2.15, Regular Speciality Tea - English breakfast - 1.30",3.45,CASH,
05/07/2024 13:14,Leeds,Cindy Mejia,"Regular Iced americano - 2.15, Regular Speciality Tea - English breakfast - 1.30, Large Hot Chocolate - 1.70, Regular Filter coffee - 1.50, Large Hot Chocolate - 1.70",8.35,CASH,
05/07/2024 13:15,Leeds,Mildred Groth,"Regular Filter coffee - 1.50, Regular Filter coffee - 1.50, Regular Chai latte - 2.30, Large Speciality Tea - English breakfast - 1.60",6.9,CARD,1953194813924330
05/07/2024 13:15,Leeds,Sean Canady,"Regular Filter coffee - 1.50, Large Chai latte - 2.60",4.1,CARD,3791687945433112
05/07/2024 13:16,Leeds,Audrey Roes,"Large Chai latte - 2.60, Regular Speciality Tea - English breakfast - 1.30, Large Filter coffee - 1.80, Regular Speciality Tea - English breakfast - 1.30",7.0,CARD,3828031893298081
05/07/2024 13:17,Leeds,Nigel Newsome,"Large Chai latte - 2.60, Large Filter coffee - 1.80",4.4,CARD,4295597487669560
05/07/2024 13:18,Leeds,Jose Douglas,"Regular Filter coffee - 1.50, Regular Iced americano - 2.15, Large Iced americano - 2.50, Regular Chai latte - 2.30",8.45,CARD,5204828796069805
05/07/2024 13:19,Leeds,Kari Tharp,"Large Filter coffee - 1.80, Large Chai latte - 2.60",4.4,CARD,3913363966631293
05/07/2024 13:20,Leeds,Stephanie Walker,"Regular Chai latte - 2.30, Regular Speciality Tea - English breakfast - 1.30, Large Filter coffee - 1.80, Regular Iced americano - 2.15, Regular Iced americano - 2.15",9.7,CASH,
05/07/2024 13:20,Leeds,Joanna Lingo,Large Filter coffee - 1.80,1.8,CASH,
05/07/2024 13:21,Leeds,Robert Dowty,"Large Hot Chocolate - 1.70, Large Speciality Tea - English breakfast - 1.60, Large Chai latte - 2.60, Regular Filter coffee - 1.50",7.4,CASH,
05/07/2024 13:22,Leeds,Angela Munn,"Large Hot Chocolate - 1.70, Regular Filter coffee - 1.50, Large Chai latte - 2.60, Regular Chai latte - 2.30, Large Filter coffee - 1.80, Large Hot Chocolate - 1.70",11.6,CASH,
05/07/2024 13:23,Leeds,Rodney Sayre,"Large Speciality Tea - English breakfast - 1.60, Large Filter coffee - 1.80",3.4,CASH,
05/07/2024 13:24,Leeds,Thomas Frank,Large Iced americano - 2.50,2.5,CARD,3941734806180530
05/07/2024 13:25,Leeds,Laura Bernard,"Regular Hot Chocolate - 1.40, Regular Filter coffee - 1.50, Large Hot Chocolate - 1.70",4.6,CASH,
05/07/2024 13:25,Leeds,Tara Thomas,"Large Speciality Tea - English breakfast - 1.60, Regular Iced americano - 2.15, Regular Chai latte - 2.30",6.05,CARD,3060946793500065
05/07/2024 13:26,Leeds,Michael Dupre,"Large Chai latte - 2.60, Regular Iced americano - 2.15, Regular Iced americano - 2.15",6.9,CASH,
05/07/2024 13:27,Leeds,Karen Houston,"Regular Chai latte - 2.30, Regular Filter coffee - 1.50",3.8,CARD,6672509084236264
05/07/2024 13:28,Leeds,Benita Denton,"Regular Chai latte - 2.30, Large Filter coffee - 1.80, Regular Iced americano - 2.15",6.25,CARD,3303623204119833
05/07/2024 13:29,Leeds,Bobbie Tyler,"Regular Iced americano - 2.15, Regular Hot Chocolate - 1.40",3.55,CASH,
05/07/2024 13:30,Leeds,Barbara Bradney,"Regular Chai latte - 2.30, Large Chai latte - 2.60",4.9,CASH,
05/07/2024 13:30,Leeds,Mary Pater,"Regular Speciality Tea - English breakfast - 1.30, Large Filter coffee - 1.80, Large Filter coffee - 1.80, Regular Filter coffee - 1.50",6.4,CASH,
05/07/2024 13:31,Leeds,Donna Bishop,"Regular Iced americano - 2.15, Regular Chai latte - 2.30, Regular Chai latte - 2.30, Large Chai latte - 2.60, Regular Filter coffee - 1.50, Large Chai latte - 2.60",13.45,CARD,9757775464156609
05/07/2024 13:32,Leeds,Belinda Whisler,Regular Hot Chocolate - 1.40,1.4,CARD,2544719769974267
05/07/2024 13:33,Leeds,Matthew Crayton,"Regular Iced americano - 2.15, Regular Iced americano - 2.15, Large Chai latte - 2.60, Regular Iced americano - 2.15, Large Speciality Tea - English breakfast - 1.60",10.65,CARD,3512128199568481
05/07/2024 13:34,Leeds,Maria Mcphail,"Regular Filter coffee - 1.50, Regular Filter coffee - 1.50, Large Chai latte - 2.60",5.6,CASH,
05/07/2024 13:35,Leeds,Shannon Christenson,"Large Chai latte - 2.60, Regular Speciality Tea - English breakfast - 1.30, Large Hot Chocolate - 1.70, Regular Filter coffee - 1.50",7.1,CARD,3843694084166515
05/07/2024 13:35,Leeds,Monica Britt,Large Hot Chocolate - 1.70,1.7,CASH,
05/07/2024 13:36,Leeds,Michael Gossett,Regular Hot Chocolate - 1.40,1.4,CARD,6315201912436446
05/07/2024 13:37,Leeds,Nickolas Castano,Large Speciality Tea - English breakfast - 1.60,1.6,CARD,7999893246087597
05/07/2024 13:38,Leeds,Cleveland Jones,"Regular Iced americano - 2.15, Regular Chai latte - 2.30, Regular Speciality Tea - English breakfast - 1.30, Regular Speciality Tea - English breakfast - 1.30, Large Speciality Tea - English breakfast - 1.60, Regular Filter coffee - 1.50",10.15,CARD,5797604550136067
05/07/2024 13:39,Leeds,Marci Hawkins,"Large Iced americano - 2.50, Regular Speciality Tea - English breakfast - 1.30, Large Filter coffee - 1.80, Regular Filter coffee - 1.50",7.1,CASH,
05/07/2024 13:40,Leeds,Maribel Ferry,"Large Chai latte - 2.60, Large Filter coffee - 1.80",4.4,CARD,8392691935814108
05/07/2024 13:40,Leeds,Robert Soares,Regular Filter coffee - 1.50,1.5,CARD,1485003414165302
05/07/2024 13:41,Leeds,Darla Mustafa,"Large Chai latte - 2.60, Regular Hot Chocolate - 1.40, Large Filter coffee - 1.80, Regular Chai latte - 2.30, Regular Chai latte - 2.30, Regular Chai latte - 2.30",12.7,CARD,5213783041457375
05/07/2024 13:42,Leeds,Gigi Wright,"Large Iced americano - 2.50, Regular Filter coffee - 1.50, Regular Chai latte - 2.30, Regular Chai latte - 2.30",8.6,CARD,8846188345175016
05/07/2024 13:43,Leeds,Bruce Woods,"Regular Filter coffee - 1.50, Regular Chai latte - 2.30, Large Hot Chocolate - 1.70, Regular Filter coffee - 1.50",7.0,CARD,6979280798036843
05/07/2024 13:44,Leeds,David Hutton,"Regular Speciality Tea - English breakfast - 1.30, Large Hot Chocolate - 1.70, Regular Chai latte - 2.30",5.3,CARD,8065420496907632
05/07/2024 13:45,Leeds,Cynthia Robinson,"Regular Filter coffee - 1.50, Large Speciality Tea - English breakfast - 1.60",3.1,CARD,1098509612288172
05/07/2024 13:45,Leeds,Christopher Wasmer,"Large Filter coffee - 1.80, Large Chai latte - 2.60",4.4,CARD,5952392654005688
05/07/2024 13:46,Leeds,Patsy White,Large Filter coffee - 1.80,1.8,CARD,6644432166081804
05/07/2024 13:47,Leeds,Marian Stewart,Large Iced americano - 2.50,2.5,CASH,
05/07/2024 13:48,Leeds,Margaret Carranza,Large Iced americano - 2.50,2.5,CARD,5914144341197632
05/07/2024 13:49,Leeds,Joseph Solis,"Large Chai latte - 2.60, Regular Chai latte - 2.30, Large Chai latte - 2.60, Large Speciality Tea - English breakfast - 1.60",9.1,CARD,9665555267361386
05/07/2024 13:50,Leeds,Caroline Hardy,Regular Filter coffee - 1.50,1.5,CARD,9602072198423642
05/07/2024 13:50,Leeds,Bernard Corbitt,"Large Filter coffee - 1.80, Regular Chai latte - 2.30, Large Filter coffee - 1.80",5.9,CARD,8233624866723034
05/07/2024 13:51,Leeds,James Gaines,"Large Speciality Tea - English breakfast - 1.60, Large Filter coffee - 1.80",3.4,CARD,8638351456092678
05/07/2024 13:52,Leeds,Barbara Venegas,Regular Chai latte - 2.30,2.3,CARD,7204688878169391
05/07/2024 13:53,Leeds,William Creighton,"Large Speciality Tea - English breakfast - 1.60, Regular Chai latte - 2.30, Large Speciality Tea - English breakfast - 1.60, Large Hot Chocolate - 1.70, Regular Hot Chocolate - 1.40",8.6,CARD,3694090137968310
05/07/2024 13:54,Leeds,Margaret Mcclain,"Regular Chai latte - 2.30, Regular Hot Chocolate - 1.40",3.7,CARD,4728193045622158
05/07/2024 13:55,Leeds,Diane Sheffield,"Regular Hot Chocolate - 1.40, Large Iced americano - 2.50",3.9,CARD,5341818219508315
05/07/2024 13:55,Leeds,Robert Campbell,"Large Iced americano - 2.50, Regular Filter coffee - 1.50",4.0,CASH,
05/07/2024 13:56,Leeds,Mark Priolo,"Regular Iced americano - 2.15, Regular Filter coffee - 1.50, Regular Chai latte - 2.30, Regular Iced americano - 2.15",8.1,CARD,9384475217509455
05/07/2024 13:57,Leeds,Thomas Willis,Regular Chai latte - 2.30,2.3,CARD,1755102464405487
05/07/2024 13:58,Leeds,Barbara Freeney,Regular Filter coffee - 1.50,1.5,CARD,8447834810620924
05/07/2024 13:59,Leeds,Daniel Davis,"Large Speciality Tea - English breakfast - 1.60, Large Filter coffee - 1.80, Regular Chai latte - 2.30, Large Hot Chocolate - 1.70",7.4,CASH,
05/07/2024 14:00,Leeds,Dan Charles,"Regular Speciality Tea - English breakfast - 1.30, Regular Iced americano - 2.15",3.45,CARD,7139630600715651
05/07/2024 14:01,Leeds,Charles Woodward,"Large Filter coffee - 1.80, Regular Hot Chocolate - 1.40",3.2,CARD,7652369069702799
05/07/2024 14:02,Leeds,Alan Hyldahl,"Large Filter coffee - 1.80, Regular Filter coffee - 1.50, Large Chai latte - 2.60, Large Iced americano - 2.50, Large Speciality Tea - English breakfast - 1.60",10.0,CARD,3133800781936841
05/07/2024 14:02,Leeds,Diane Wray,"Regular Chai latte - 2.30, Regular Hot Chocolate - 1.40, Regular Chai latte - 2.30, Large Hot Chocolate - 1.70, Regular Iced americano - 2.15, Large Speciality Tea - English breakfast - 1.60",11.45,CARD,4789586337649516
05/07/2024 14:03,Leeds,Jason Irwin,"Regular Filter coffee - 1.50, Regular Filter coffee - 1.50, Large Speciality Tea - English breakfast - 1.60, Regular Filter coffee - 1.50",6.1,CARD,6930955386173894
05/07/2024 14:04,Leeds,Jon Overbay,"Large Chai latte - 2.60, Regular Hot Chocolate - 1.40, Large Speciality Tea - English breakfast - 1.60",5.6,CARD,7427242214085796
05/07/2024 14:05,Leeds,Ellen Myrick,"Large Hot Chocolate - 1.70, Large Filter coffee - 1.80",3.5,CARD,1965377470105244
05/07/2024 14:06,Leeds,Frank Mova,"Large Iced americano - 2.50, Large Hot Chocolate - 1.70, Regular Speciality Tea - English breakfast - 1.30, Large Speciality Tea - English breakfast - 1.60",7.1,CARD,9032919091398138
05/07/2024 14:07,Leeds,Christine Facundo,"Regular Filter coffee - 1.50, Large Chai latte - 2.60",4.1,CASH,
05/07/2024 14:08,Leeds,Frank Channell,"Regular Chai latte - 2.30, Regular Hot Chocolate - 1.40, Regular Chai latte - 2.30",6.0,CARD,9028523319192369
05/07/2024 14:09,Leeds,Kenneth Griffith,"Regular Filter coffee - 1.50, Regular Chai latte - 2.30, Regular Iced americano - 2.15, Large Chai latte - 2.60, Large Chai latte - 2.60",11.15,CARD,9700911837471396
05/07/2024 14:10,Leeds,Geneva Sturgeon,Large Iced americano - 2.50,2.5,CARD,7832012264607086
05/07/2024 14:11,Leeds,David Garbarino,"Regular Hot Chocolate - 1.40, Regular Hot Chocolate - 1.40, Large Speciality Tea - English breakfast - 1.60",4.4,CARD,5510684394061386
05/07/2024 14:12,Leeds,Felix Green,"Large Hot Chocolate - 1.70, Regular Hot Chocolate - 1.40",3.1,CASH,
05/07/2024 14:13,Leeds,Dwayne Pierce,"Regular Chai latte - 2.30, Regular Hot Chocolate - 1.40, Regular Iced americano - 2.15, Large Hot Chocolate - 1.70",7.55,CARD,4924502804231261
05/07/2024 14:14,Leeds,John Shanholtzer,"Regular Filter coffee - 1.50, Large Speciality Tea - English breakfast - 1.60, Large Hot Chocolate - 1.70",4.8,CASH,
05/07/2024 14:15,Leeds,John Morgan,"Regular Speciality Tea - English breakfast - 1.30, Large Filter coffee - 1.80, Regular Hot Chocolate - 1.40",4.5,CARD,9181657850957821
05/07/2024 14:16,Leeds,Amanda Moore,Regular Hot Chocolate - 1.40,1.4,CARD,9008635441848460
05/07/2024 14:17,Leeds,Keith Spitzer,"Regular Hot Chocolate - 1.40, Large Filter coffee - 1.80, Regular Chai latte - 2.30, Large Filter coffee - 1.80, Large Chai latte - 2.60",9.9,CARD,7513454982464592
05/07/2024 14:18,Leeds,Altagracia Cron,"Regular Chai latte - 2.30, Regular Filter coffee - 1.50",3.8,CASH,
05/07/2024 14:19,Leeds,Katherine Look,Regular Speciality Tea - English breakfast - 1.30,1.3,CARD,7104519309761571
05/07/2024 14:20,Leeds,Johnnie Miranda,"Regular Hot Chocolate - 1.40, Regular Hot Chocolate - 1.40, Large Filter coffee - 1.80, Large Chai latte - 2.60",7.2,CASH,
05/07/2024 14:21,Leeds,Christopher Johnson,"Regular Filter coffee - 1.50, Large Chai latte - 2.60, Large Iced americano - 2.50, Large Hot Chocolate - 1.70",8.3,CARD,5344548423912736
05/07/2024 14:21,Leeds,Katherine Davidson,"Regular Chai latte - 2.30, Large Hot Chocolate - 1.70, Regular Filter coffee - 1.50, Regular Filter coffee - 1.50, Large Iced americano - 2.50",9.5,CARD,1191719641040069
05/07/2024 14:22,Leeds,Anna Price,"Large Iced americano - 2.50, Regular Chai latte - 2.30, Large Filter coffee - 1.80, Regular Chai latte - 2.30",8.9,CASH,
05/07/2024 14:23,Leeds,Barbara Guignard,Regular Chai latte - 2.30,2.3,CARD,8229789083016141
05/07/2024 14:24,Leeds,Jess Wallace,"Regular Chai latte - 2.30, Regular Hot Chocolate - 1.40, Large Iced americano - 2.50, Regular Hot Chocolate - 1.40, Large Chai latte - 2.60",10.2,CASH,
05/07/2024 14:25,Leeds,Omar Kelley,"Large Chai latte - 2.60, Regular Chai latte - 2.30, Regular Hot Chocolate - 1.40",6.3,CASH,
05/07/2024 14:26,Leeds,Viola Locklear,"Large Chai latte - 2.60, Regular Chai latte - 2.30, Large Speciality Tea - English breakfast - 1.60",6.5,CARD,5615021312481339
05/07/2024 14:27,Leeds,Margaret Cunningham,"Large Chai latte - 2.60, Large Filter coffee - 1.80",4.4,CARD,8171363705580537
05/07/2024 14:28,Leeds,Beatrice Novotny,"Large Speciality Tea - English breakfast - 1.60, Regular Chai latte - 2.30, Regular Filter coffee - 1.50, Regular Filter coffee - 1.50",6.9,CARD,2809124197901980
05/07/2024 14:29,Leeds,Marjorie Zettlemoyer,Large Filter coffee - 1.80,1.8,CARD,5240684420639753
05/07/2024 14:30,Leeds,Lorraine Martinez,Regular Hot Chocolate - 1.40,1.4,CARD,7980265073103572
05/07/2024 14:31,Leeds,Helen Jensen,"Large Chai latte - 2.60, Large Hot Chocolate - 1.70, Regular Chai latte - 2.30",6.6,CARD,3455529956476991
05/07/2024 14:32,Leeds,Wilson Walters,"Large Iced americano - 2.50, Regular Filter coffee - 1.50, Large Speciality Tea - English breakfast - 1.60, Regular Hot Chocolate - 1.40",7.0,CARD,9781287835405159
05/07/2024 14:33,Leeds,Monica Stevens,"Large Filter coffee - 1.80, Regular Chai latte - 2.30, Large Speciality Tea - English breakfast - 1.60, Regular Iced americano - 2.15, Large Filter coffee - 1.80, Regular Chai latte - 2.30",11.95,CARD,3209580088348853
05/07/2024 14:34,Leeds,Nora Pimentel,"Regular Hot Chocolate - 1.40, Large Filter coffee - 1.80, Regular Speciality Tea - English breakfast - 1.30",4.5,CASH,
05/07/2024 14:35,Leeds,Kimberly Meggs,"Large Filter coffee - 1.80, Large Speciality Tea - English breakfast - 1.60",3.4,CARD,4001421607026764
05/07/2024 14:36,Leeds,Donald Kochevar,Regular Filter coffee - 1.50,1.5,CARD,6479238967222860
05/07/2024 14:37,Leeds,Tammy Jones,"Large Filter coffee - 1.80, Large Chai latte - 2.60",4.4,CASH,
05/07/2024 14:38,Leeds,Shante Ward,"Large Speciality Tea - English breakfast - 1.60, Regular Chai latte - 2.30, Regular Filter coffee - 1.50, Regular Speciality Tea - English breakfast - 1.30, Regular Chai latte - 2.30",9.0,CARD,8983782548360245
05/07/2024 14:39,Leeds,Laurie Osborne,"Regular Filter coffee - 1.50, Regular Iced americano - 2.15",3.65,CARD,8043430413094300
05/07/2024 14:40,Leeds,Geneva Jansen,"Regular Speciality Tea - English breakfast - 1.30, Large Iced americano - 2.50, Regular Hot Chocolate - 1.40, Regular Filter coffee - 1.50",6.7,CARD,9816687903666927
05/07/2024 14:40,Leeds,Susan Thomsen,"Large Hot Chocolate - 1.70, Large Speciality Tea - English breakfast - 1.60",3.3,CARD,8081660267871323
05/07/2024 14:41,Leeds,Lamar Allen,"Regular Chai latte - 2.30, Regular Iced americano - 2.15, Regular Chai latte - 2.30",6.75,CASH,
05/07/2024 14:42,Leeds,Tanya Elkins,"Large Filter coffee - 1.80, Large Chai latte - 2.60, Large Speciality Tea - English breakfast - 1.60",6.0,CARD,9566957060629475
05/07/2024 14:43,Leeds,Duncan Schwartz,"Large Filter coffee - 1.80, Regular Iced americano - 2.15, Regular Chai latte - 2.30",6.25,CASH,
05/07/2024 14:44,Leeds,Juan Kuzma,Regular Chai latte - 2.30,2.3,CASH,
05/07/2024 14:45,Leeds,Stacey Miller,"Large Hot Chocolate - 1.70, Regular Iced americano - 2.15",3.85,CARD,5771045380008442
05/07/2024 14:46,Leeds,Tammy Miniard,"Large Hot Chocolate - 1.70, Regular Speciality Tea - English breakfast - 1.30, Regular Iced americano - 2.15, Regular Filter coffee - 1.50",6.65,CARD,7638184641801322
05/07/2024 14:47,Leeds,Jessica Sewell,"Regular Chai latte - 2.30, Regular Speciality Tea - English breakfast - 1.30, Large Iced americano - 2.50, Regular Filter coffee - 1.50, Regular Chai latte - 2.30",9.9,CARD,5751537767657569
05/07/2024 14:48,Leeds,Mark Talbott,"Large Chai latte - 2.60, Large Hot Chocolate - 1.70, Large Speciality Tea - English breakfast - 1.60, Large Chai latte - 2.60, Large Chai latte - 2.60, Large Hot Chocolate - 1.70",12.8,CARD,1964104301282943
05/07/2024 14:49,Leeds,Ronald Swanhart,"Large Speciality Tea - English breakfast - 1.60, Large Chai latte - 2.60, Regular Chai latte - 2.30, Large Iced americano - 2.50, Large Speciality Tea - English breakfast - 1.60, Large Speciality Tea - English breakfast - 1.60",12.2,CARD,5892111205504927
05/07/2024 14:50,Leeds,Amanda Jamieson,"Regular Chai latte - 2.30, Regular Iced americano - 2.15, Large Speciality Tea - English breakfast - 1.60",6.05,CASH,
05/07/2024 14:51,Leeds,Mildred Piper,"Regular Hot Chocolate - 1.40, Large Chai latte - 2.60, Large Speciality Tea - English breakfast - 1.60, Regular Hot Chocolate - 1.40",7.0,CASH,
05/07/2024 14:52,Leeds,Danny Kindt,Large Speciality Tea - English breakfast - 1.60,1.6,CASH,
05/07/2024 14:53,Leeds,Fred Goebel,"Large Filter coffee - 1.80, Regular Speciality Tea - English breakfast - 1.30, Regular Iced americano - 2.15, Large Iced americano - 2.50",7.75,CARD,9889064226853924
05/07/2024 14:54,Leeds,Homer Schenkel,"Regular Iced americano - 2.15, Regular Chai latte - 2.30, Regular Filter coffee - 1.50",5.95,CASH,
05/07/2024 14:55,Leeds,Joseph Sanders,"Large Chai latte - 2.60, Regular Chai latte - 2.30, Large Chai latte - 2.60",7.5,CARD,3334747073991564
05/07/2024 14:56,Leeds,Alicia Flowers,"Regular Iced americano - 2.15, Regular Hot Chocolate - 1.40",3.55,CARD,9192383777165721
05/07/2024 14:57,Leeds,Willis Culpepper,"Regular Iced americano - 2.15, Large Hot Chocolate - 1.70, Large Speciality Tea - English breakfast - 1.60",5.45,CASH,
05/07/2024 14:58,Leeds,Jay Smith,"Regular Iced americano - 2.15, Large Speciality Tea - English breakfast - 1.60, Large Speciality Tea - English breakfast - 1.60",5.35,CARD,2963130718485101
05/07/2024 14:59,Leeds,Fred Orlando,"Regular Hot Chocolate - 1.40, Regular Speciality Tea - English breakfast - 1.30, Large Chai latte - 2.60, Large Filter coffee - 1.80",7.1,CASH,
05/07/2024 14:59,Leeds,Isa Jones,"Regular Speciality Tea - English breakfast - 1.30, Large Filter coffee - 1.80, Large Hot Chocolate - 1.70, Regular Filter coffee - 1.50, Large Filter coffee - 1.80",8.1,CARD,4875016026333559
05/07/2024 15:00,Leeds,Doris Cox,"Large Iced americano - 2.50, Regular Hot Chocolate - 1.40, Regular Chai latte - 2.30, Large Hot Chocolate - 1.70, Large Filter coffee - 1.80",9.7,CASH,
05/07/2024 15:01,Leeds,Mary Ridenour,"Regular Chai latte - 2.30, Regular Hot Chocolate - 1.40",3.7,CARD,4029390103401357
05/07/2024 15:02,Leeds,Michael Chilton,"Regular Chai latte - 2.30, Large Hot Chocolate - 1.70, Large Hot Chocolate - 1.70, Regular Iced americano - 2.15, Large Filter coffee - 1.80",9.65,CARD,4732509779958107
05/07/2024 15:03,Leeds,Laverne Goebel,"Regular Chai latte - 2.30, Large Filter coffee - 1.80, Regular Chai latte - 2.30",6.4,CARD,2123403056471435
05/07/2024 15:04,Leeds,Manuel Carlisle,"Regular Filter coffee - 1.50, Large Hot Chocolate - 1.70",3.2,CARD,8744164785069492
05/07/2024 15:05,Leeds,Vanessa Garcia,Large Chai latte - 2.60,2.6,CARD,2536877710086699
05/07/2024 15:06,Leeds,Martha Johnson,"Large Speciality Tea - English breakfast - 1.60, Large Speciality Tea - English breakfast - 1.60",3.2,CARD,6729404826459142
05/07/2024 15:07,Leeds,Karon Klein,Regular Chai latte - 2.30,2.3,CARD,9971102723574946
05/07/2024 15:07,Leeds,Robert Burroughs,"Regular Filter coffee - 1.50, Large Speciality Tea - English breakfast - 1.60",3.1,CARD,9602057176925862
05/07/2024 15:08,Leeds,Sheldon Burnham,"Regular Hot Chocolate - 1.40, Regular Hot Chocolate - 1.40",2.8,CASH,
05/07/2024 15:09,Leeds,Robert Cardona,"Large Speciality Tea - English breakfast - 1.60, Regular Iced americano - 2.15",3.75,CARD,2182442430020606
05/07/2024 15:10,Leeds,Jami Rodriguez,"Regular Filter coffee - 1.50, Large Chai latte - 2.60, Regular Hot Chocolate - 1.40",5.5,CARD,1391810400619559
05/07/2024 15:11,Leeds,Michael Yates,"Large Chai latte - 2.60, Regular Iced americano - 2.15, Large Speciality Tea - English breakfast - 1.60, Large Chai latte - 2.60, Large Iced americano - 2.50",11.45,CASH,
05/07/2024 15:12,Leeds,Danny Eng,"Regular Hot Chocolate - 1.40, Regular Iced americano - 2.15, Large Filter coffee - 1.80, Large Filter coffee - 1.80",7.15,CARD,4924518168089355
05/07/2024 15:13,Leeds,Mary Foote,"Regular Filter coffee - 1.50, Large Filter coffee - 1.80",3.3,CARD,5966521094950211
05/07/2024 15:14,Leeds,Karen Grant,"Large Speciality Tea - English breakfast - 1.60, Regular Iced americano - 2.15, Regular Filter coffee - 1.50",5.25,CASH,
05/07/2024 15:14,Leeds,Peter Chase,Large Hot Chocolate - 1.70,1.7,CASH,
05/07/2024 15:15,Leeds,Carolyn Bangert,"Large Speciality Tea - English breakfast - 1.60, Regular Speciality Tea - English breakfast - 1.30",2.9,CARD,8504926272868708
05/07/2024 15:16,Leeds,Garrett Griggs,"Regular Hot Chocolate - 1.40, Large Iced americano - 2.50, Regular Filter coffee - 1.50, Regular Chai latte - 2.30, Regular Hot Chocolate - 1.40",9.1,CASH,
05/07/2024 15:17,Leeds,Kristi Wood,"Regular Chai latte - 2.30, Large Speciality Tea - English breakfast - 1.60, Large Filter coffee - 1.80, Large Chai latte - 2.60, Large Iced americano - 2.50",10.8,CARD,5827247172306940
05/07/2024 15:18,Leeds,Shanda Rivas,"Regular Chai latte - 2.30, Large Hot Chocolate - 1.70, Large Filter coffee - 1.80, Regular Chai latte - 2.30",8.1,CASH,
05/07/2024 15:19,Leeds,Betty Tomlinson,"Regular Filter coffee - 1.50, Regular Iced americano - 2.15, Regular Chai latte - 2.30",5.95,CARD,3492511255034105
05/07/2024 15:20,Leeds,Joanne Partida,"Regular Hot Chocolate - 1.40, Large Chai latte - 2.60",4.0,CARD,1738497996476702
05/07/2024 15:21,Leeds,Jacqueline Angelo,"Regular Filter coffee - 1.50, Large Filter coffee - 1.80",3.3,CARD,1475830159029913
05/07/2024 15:22,Leeds,Helen Cross,"Large Speciality Tea - English breakfast - 1.60, Regular Iced americano - 2.15, Regular Filter coffee - 1.50, Large Filter coffee - 1.80, Regular Filter coffee - 1.50",8.55,CARD,3096953634603814
05/07/2024 15:22,Leeds,Kenneth Bryant,"Regular Filter coffee - 1.50, Large Chai latte - 2.60, Regular Filter coffee - 1.50, Large Chai latte - 2.60",8.2,CASH,
05/07/2024 15:23,Leeds,Esther Renova,"Large Speciality Tea - English breakfast - 1.60, Large Speciality Tea - English breakfast - 1.60",3.2,CASH,
05/07/2024 15:24,Leeds,Darlene Hill,"Regular Hot Chocolate - 1.40, Large Chai latte - 2.60, Regular Filter coffee - 1.50",5.5,CASH,
05/07/2024 15:25,Leeds,Marion White,"Large Hot Chocolate - 1.70, Regular Chai latte - 2.30, Large Iced americano - 2.50, Large Filter coffee - 1.80",8.3,CARD,9335384511839499
05/07/2024 15:26,Leeds,Donald Decker,Large Speciality Tea - English breakfast - 1.60,1.6,CASH,
05/07/2024 15:27,Leeds,Sherry Spence,"Regular Iced americano - 2.15, Large Hot Chocolate - 1.70, Large Hot Chocolate - 1.70, Regular Filter coffee - 1.50",7.05,CASH,
05/07/2024 15:28,Leeds,Ralph Benner,"Large Iced americano - 2.50, Regular Iced americano - 2.15",4.65,CASH,
05/07/2024 15:29,Leeds,Margaret Reyes,"Large Chai latte - 2.60, Regular Filter coffee - 1.50, Regular Chai latte - 2.30, Large Filter coffee - 1.80, Regular Speciality Tea - English breakfast - 1.30, Regular Iced americano - 2.15",11.65,CASH,
05/07/2024 15:29,Leeds,Tina Trahan,Regular Filter coffee - 1.50,1.5,CARD,9382193928337908
05/07/2024 15:30,Leeds,Taryn Bono,"Large Chai latte - 2.60, Large Chai latte - 2.60, Large Filter coffee - 1.80, Regular Speciality Tea - English breakfast - 1.30",8.3,CASH,
05/07/2024 15:31,Leeds,Clinton Diaz,Large Iced americano - 2.50,2.5,CASH,
05/07/2024 15:32,Leeds,Alicia Thompson,"Regular Filter coffee - 1.50, Regular Filter coffee - 1.50, Regular Chai latte - 2.30, Large Hot Chocolate - 1.70, Regular Hot Chocolate - 1.40",8.4,CARD,5703516778437267
05/07/2024 15:33,Leeds,Kenneth Diaz,"Large Speciality Tea - English breakfast - 1.60, Regular Hot Chocolate - 1.40",3.0,CARD,3388049897933962
05/07/2024 15:34,Leeds,Gertrude May,"Regular Speciality Tea - English breakfast - 1.30, Regular Speciality Tea - English breakfast - 1.30, Regular Chai latte - 2.30, Large Hot Chocolate - 1.70, Regular Filter coffee - 1.50",8.1,CARD,1777115474281812
05/07/2024 15:35,Leeds,Joanne Drewry,"Regular Chai latte - 2.30, Regular Speciality Tea - English breakfast - 1.30",3.6,CASH,
05/07/2024 15:36,Leeds,Stephen Goodman,"Regular Iced americano - 2.15, Regular Chai latte - 2.30",4.45,CARD,2310111307525433
05/07/2024 15:36,Leeds,James Miller,"Regular Chai latte - 2.30, Large Chai latte - 2.60, Large Speciality Tea - English breakfast - 1.60, Regular Iced americano - 2.15, Large Iced americano - 2.50",11.15,CARD,9583320506066112
05/07/2024 15:37,Leeds,Pamela Utter,Regular Filter coffee - 1.50,1.5,CASH,
05/07/2024 15:38,Leeds,Casey Campbell,"Regular Speciality Tea - English breakfast - 1.30, Regular Iced americano - 2.15",3.45,CARD,9404025890734152
05/07/2024 15:39,Leeds,Steve Turner,Large Chai latte - 2.60,2.6,CARD,6047960963643937
05/07/2024 15:40,Leeds,Angela Copeland,Regular Hot Chocolate - 1.40,1.4,CASH,
05/07/2024 15:41,Leeds,Leah Doutt,"Regular Iced americano - 2.15, Large Filter coffee - 1.80",3.95,CARD,8587786228092151
05/07/2024 15:42,Leeds,Linda Cruz,"Large Hot Chocolate - 1.70, Regular Hot Chocolate - 1.40",3.1,CARD,4680234824194596
05/07/2024 15:43,Leeds,Louis Breckenridge,Large Filter coffee - 1.80,1.8,CASH,
05/07/2024 15:44,Leeds,Greg Luke,"Regular Hot Chocolate - 1.40, Regular Speciality Tea - English breakfast - 1.30, Large Iced americano - 2.50",5.2,CASH,
05/07/2024 15:44,Leeds,Samuel Jones,"Large Chai latte - 2.60, Regular Hot Chocolate - 1.40, Regular Iced americano - 2.15",6.15,CASH,
05/07/2024 15:45,Leeds,Steven Oconnor,Large Speciality Tea - English breakfast - 1.60,1.6,CASH,
05/07/2024 15:46,Leeds,Patrice Locklear,Large Hot Chocolate - 1.70,1.7,CASH,
05/07/2024 15:47,Leeds,Margery Richards,"Regular Chai latte - 2.30, Regular Hot Chocolate - 1.40",3.7,CARD,7575436185987020
05/07/2024 15:48,Leeds,Rachel Wilson,"Large Iced americano - 2.50, Large Chai latte - 2.60, Regular Filter coffee - 1.50, Regular Iced americano - 2.15",8.75,CARD,5474595687150151
05/07/2024 15:49,Leeds,Lowell Loreto,"Large Speciality Tea - English breakfast - 1.60, Large Speciality Tea - English breakfast - 1.60, Large Filter coffee - 1.80, Large Filter coffee - 1.80, Large Chai latte - 2.60",9.4,CARD,2626893871982960
05/07/2024 15:50,Leeds,Maude Dowdy,Large Iced americano - 2.50,2.5,CARD,8012672348716101
05/07/2024 15:51,Leeds,Mary Sneed,"Regular Iced americano - 2.15, Large Filter coffee - 1.80, Large Hot Chocolate - 1.70, Large Chai latte - 2.60",8.25,CARD,8704540653783210
05/07/2024 15:51,Leeds,Kelley Jackson,"Large Filter coffee - 1.80, Large Hot Chocolate - 1.70, Regular Iced americano - 2.15, Regular Iced americano - 2.15",7.8,CARD,5856399799614050
05/07/2024 15:52,Leeds,Clifford Tran,"Regular Iced americano - 2.15, Regular Hot Chocolate - 1.40",3.55,CARD,4889966452271479
05/07/2024 15:53,Leeds,Connie Handy,"Regular Filter coffee - 1.50, Regular Filter coffee - 1.50, Large Chai latte - 2.60, Regular Filter coffee - 1.50",7.1,CASH,
05/07/2024 15:54,Leeds,Kathleen Richardson,"Large Chai latte - 2.60, Regular Iced americano - 2.15",4.75,CASH,
05/07/2024 15:55,Leeds,Dorothy Stephens,Large Iced americano - 2.50,2.5,CASH,
05/07/2024 15:56,Leeds,Carolyn Aitken,Large Filter coffee - 1.80,1.8,CARD,6506776819230771
05/07/2024 15:57,Leeds,William Jones,"Large Speciality Tea - English breakfast - 1.60, Large Hot Chocolate - 1.70",3.3,CARD,2399243097471937
05/07/2024 15:58,Leeds,Aaron Valdez,Large Speciality Tea - English breakfast - 1.60,1.6,CASH,
05/07/2024 15:58,Leeds,Glenn Gard,"Large Chai latte - 2.60, Regular Speciality Tea - English breakfast - 1.30, Large Chai latte - 2.60",6.5,CARD,1920062705889699
05/07/2024 15:59,Leeds,John Banuelos,"Regular Speciality Tea - English breakfast - 1.30, Regular Hot Chocolate - 1.40, Regular Filter coffee - 1.50",4.2,CASH,
05/07/2024 16:00,Leeds,Julius Vantassel,"Regular Filter coffee - 1.50, Regular Chai latte - 2.30",3.8,CASH,
05/07/2024 16:02,Leeds,Patricia Connel,"Large Filter coffee - 1.80, Large Iced americano - 2.50",4.3,CASH,
05/07/2024 16:04,Leeds,Charles Parsons,Large Speciality Tea - English breakfast - 1.60,1.6,CARD,5456025612638098
05/07/2024 16:05,Leeds,Frank Wilson,Large Chai latte - 2.60,2.6,CASH,
05/07/2024 16:07,Leeds,Christie Wright,Regular Speciality Tea - English breakfast - 1.30,1.3,CASH,
05/07/2024 16:09,Leeds,Esperanza Hunt,"Large Chai latte - 2.60, Regular Chai latte - 2.30, Large Filter coffee - 1.80, Regular Hot Chocolate - 1.40",8.1,CARD,5705619256175982
05/07/2024 16:11,Leeds,Nancy Jones,"Regular Iced americano - 2.15, Large Speciality Tea - English breakfast - 1.60, Large Iced americano - 2.50",6.25,CARD,2475114683811807
05/07/2024 16:13,Leeds,Vernon Miller,Regular Filter coffee - 1.50,1.5,CASH,
05/07/2024 16:14,Leeds,Luis Golden,"Large Filter coffee - 1.80, Large Chai latte - 2.60, Regular Iced americano - 2.15, Large Filter coffee - 1.80",8.35,CARD,9034860753268675
05/07/2024 16:16,Leeds,Mary Nunez,"Regular Speciality Tea - English breakfast - 1.30, Regular Filter coffee - 1.50",2.8,CARD,8754115911508164
05/07/2024 16:18,Leeds,Christopher Roberts,"Regular Chai latte - 2.30, Large Chai latte - 2.60, Large Iced americano - 2.50",7.4,CARD,6112734110123384
05/07/2024 16:20,Leeds,Elaine Lewis,"Regular Speciality Tea - English breakfast - 1.30, Large Speciality Tea - English breakfast - 1.60, Regular Filter coffee - 1.50, Large Filter coffee - 1.80",6.2,CARD,3056601374771489
05/07/2024 16:21,Leeds,William Sellers,"Regular Speciality Tea - English breakfast - 1.30, Regular Hot Chocolate - 1.40, Large Iced americano - 2.50, Regular Iced americano - 2.15, Regular Filter coffee - 1.50",8.85,CARD,5988700950933443
05/07/2024 16:23,Leeds,Whitney Horton,Large Hot Chocolate - 1.70,1.7,CASH,
05/07/2024 16:25,Leeds,Jennifer Ball,"Regular Hot Chocolate - 1.40, Regular Filter coffee - 1.50, Large Iced americano - 2.50",5.4,CASH,
05/07/2024 16:27,Leeds,Kathryn Fields,"Large Hot Chocolate - 1.70, Regular Filter coffee - 1.50, Large Filter coffee - 1.80, Regular Chai latte - 2.30, Large Speciality Tea - English breakfast - 1.60",8.9,CASH,
05/07/2024 16:28,Leeds,Dora Baker,Regular Filter coffee - 1.50,1.5,CASH,
05/07/2024 16:30,Leeds,Terry Musich,"Regular Speciality Tea - English breakfast - 1.30, Regular Chai latte - 2.30, Large Speciality Tea - English breakfast - 1.60, Large Speciality Tea - English breakfast - 1.60",6.8,CARD,7048942025845922
05/07/2024 16:32,Leeds,Sharon Guthrie,"Regular Hot Chocolate - 1.40, Regular Filter coffee - 1.50, Large Hot Chocolate - 1.70",4.6,CARD,6389887608194830
05/07/2024 16:34,Leeds,Tamera Hocking,Regular Speciality Tea - English breakfast - 1.30,1.3,CARD,3579222397169834
05/07/2024 16:35,Leeds,Nancy Virgo,"Regular Filter coffee - 1.50, Large Speciality Tea - English breakfast - 1.60, Large Iced americano - 2.50, Regular Iced americano - 2.15, Large Iced americano - 2.50, Regular Speciality Tea - English breakfast - 1.30",11.55,CARD,1449239061948690
05/07/2024 16:37,Leeds,David Fisch,Large Filter coffee - 1.80,1.8,CARD,3579575478698197
05/07/2024 16:39,Leeds,Rowena Mathews,Regular Chai latte - 2.30,2.3,CASH,
05/07/2024 16:41,Leeds,Kenneth Melton,"Regular Filter coffee - 1.50, Large Filter coffee - 1.80, Regular Hot Chocolate - 1.40",4.7,CARD,7249982892340294
05/07/2024 16:42,Leeds,Lori Turner,"Large Iced americano - 2.50, Regular Hot Chocolate - 1.40",3.9,CARD,7979828676634373
05/07/2024 16:44,Leeds,Elaine Ambrose,"Large Chai latte - 2.60, Large Filter coffee - 1.80",4.4,CARD,6180042794132392
05/07/2024 16:46,Leeds,Regina Johnson,"Regular Filter coffee - 1.50, Large Chai latte - 2.60, Large Filter coffee - 1.80",5.9,CASH,
05/07/2024 16:48,Leeds,Kevin Bartos,"Large Iced americano - 2.50, Regular Hot Chocolate - 1.40",3.9,CARD,3526622534533341
05/07/2024 16:50,Leeds,Richard Johnson,"Regular Filter coffee - 1.50, Large Speciality Tea - English breakfast - 1.60, Regular Hot Chocolate - 1.40",4.5,CARD,5772105595911683
05/07/2024 16:51,Leeds,Barbara Townsand,"Regular Hot Chocolate - 1.40, Large Filter coffee - 1.80, Large Iced americano - 2.50",5.7,CARD,7866117507971921
05/07/2024 16:53,Leeds,Andrew Karsten,Regular Speciality Tea - English breakfast - 1.30,1.3,CASH,
05/07/2024 16:55,Leeds,Sidney Nelson,"Regular Hot Chocolate - 1.40, Large Chai latte - 2.60",4.0,CASH,
05/07/2024 16:57,Leeds,Jennifer Eichenberger,"Regular Filter coffee - 1.50, Regular Hot Chocolate - 1.40, Regular Chai latte - 2.30, Large Iced americano - 2.50, Large Filter coffee - 1.80, Regular Chai latte - 2.30",11.8,CARD,2859914586315412
05/07/2024 16:58,Leeds,Oliver Potts,"Large Filter coffee - 1.80, Regular Filter coffee - 1.50, Regular Hot Chocolate - 1.40, Regular Hot Chocolate - 1.40, Regular Hot Chocolate - 1.40",7.5,CARD,9062453152437398
