05/07/2024 08:00,London Brixton,Nancy Wilcher,Large Speciality Tea - Earl Grey - 1.60,1.6,CASH,
05/07/2024 08:00,London Brixton,Charlotte Cordova,Regular Smoothies - Carrot Kick - 2.00,2.0,CARD,5998207695879241
05/07/2024 08:01,London Brixton,Lawrence Wachtel,"Large Smoothies - Carrot Kick - 2.50, Regular Cappuccino - 2.15, Regular Smoothies - Glowing Greens - 2.00",6.65,CARD,9615684540722417
05/07/2024 08:02,London Brixton,Carl Sosa,"Regular Smoothies - Glowing Greens - 2.00, Large Cappuccino - 2.45, Large Iced americano - 2.50, Large Iced americano - 2.50",9.45,CASH,
05/07/2024 08:03,London Brixton,Joel Gutierrez,"Large Iced americano - 2.50, Regular Smoothies - Glowing Greens - 2.00, Regular Smoothies - Glowing Greens - 2.00",6.5,CARD,2780293134546267
05/07/2024 08:04,London Brixton,Terry Johnson,"Regular Smoothies - Glowing Greens - 2.00, Regular Speciality Tea - Earl Grey - 1.30, Regular Smoothies - Carrot Kick - 2.00, Large Espresso - 1.80",7.1,CASH,
05/07/2024 08:05,London Brixton,Richard Evans,"Large Espresso - 1.80, Regular Frappes - Strawberries & Cream - 2.75, Regular Espresso - 1.50, Regular Speciality Tea - Earl Grey - 1.30",7.35,CARD,8870780763943122
05/07/2024 08:06,London Brixton,Elizabeth Calhoun,"Regular Cappuccino - 2.15, Large Speciality Tea - Earl Grey - 1.60, Large Speciality Tea - Earl Grey - 1.60, Regular Hot chocolate - 2.20, Large Hot chocolate - 2.90",10.45,CASH,
05/07/2024 08:07,London Brixton,Thelma Pruiett,"Large Hot chocolate - 2.90, Regular Speciality Tea - Earl Grey - 1.30, Large Iced americano - 2.50",6.7,CASH,
05/07/2024 08:08,London Brixton,Lamont Gaudio,Large Cappuccino - 2.45,2.45,CARD,2373609840057266
05/07/2024 08:09,London Brixton,Larry Gardner,Regular Speciality Tea - Earl Grey - 1.30,1.3,CARD,2554580572591345
05/07/2024 08:10,London Brixton,Elaine Figueroa,"Large Speciality Tea - Earl Grey - 1.60, Regular Smoothies - Glowing Greens - 2.00",3.6,CARD,2758523199761663
05/07/2024 08:11,London Brixton,George Robertson,"Regular Frappes - Strawberries & Cream - 2.75, Regular Iced americano - 2.15, Regular Frappes - Strawberries & Cream - 2.75",7.65,CASH,
05/07/2024 08:12,London Brixton,Michael Milton,"Regular Iced americano - 2.15, Regular Iced americano - 2.15",4.3,CARD,9751555438231507
05/07/2024 08:13,London Brixton,Troy Park,"Large Iced americano - 2.50, Regular Iced americano - 2.15",4.65,CARD,8386479313074413
05/07/2024 08:14,London Brixton,Edith Feazel,"Large Hot chocolate - 2.90, Regular Smoothies - Glowing Greens - 2.00",4.9,CARD,5741584405892547
05/07/2024 08:15,London Brixton,Paul Delay,"Regular Iced americano - 2.15, Large Iced americano - 2.50, Large Cappuccino - 2.45, Regular Speciality Tea - Earl Grey - 1.30",8.4,CASH,
05/07/2024 08:16,London Brixton,Elbert Curnutte,"Regular Smoothies - Glowing Greens - 2.00, Regular Speciality Tea - Earl Grey - 1.30, Large Smoothies - Glowing Greens - 2.50",5.8,CASH,
05/07/2024 08:17,London Brixton,Abraham Frazier,"Large Cappuccino - 2.45, Regular Frappes - Strawberries & Cream - 2.75",5.2,CASH,
05/07/2024 08:18,London Brixton,Lori Alcantar,"Regular Smoothies - Glowing Greens - 2.00, Large Speciality Tea - Earl Grey - 1.60, Large Cappuccino - 2.45",6.05,CASH,
05/07/2024 08:19,London Brixton,Mildred Smith,"Regular Cappuccino - 2.15, Regular Smoothies - Carrot Kick - 2.00, Large Smoothies - Carrot Kick - 2.50, Large Espresso - 1.80",8.45,CASH,
05/07/2024 08:20,London Brixton,Erik Brown,Large Iced americano - 2.50,2.5,CARD,8156843865199172
05/07/2024 08:21,London Brixton,David Iwanowski,"Large Smoothies - Glowing Greens - 2.50, Regular Smoothies - Carrot Kick - 2.00, Large Smoothies - Glowing Greens - 2.50, Regular Iced americano - 2.15, Regular Frappes - Strawberries & Cream - 2.75",11.9,CARD,4213865326424831
05/07/2024 08:22,London Brixton,Patricia Perez,Regular Frappes - Strawberries & Cream - 2.75,2.75,CARD,9465414339461680
05/07/2024 08:23,London Brixton,Randall Rodriguez,"Large Smoothies - Carrot Kick - 2.50, Large Iced americano - 2.50, Large Iced americano - 2.50",7.5,CARD,8491701954427491
05/07/2024 08:24,London Brixton,Mike Zhang,"Large Espresso - 1.80, Large Hot chocolate - 2.90, Large Smoothies - Carrot Kick - 2.50",7.2,CARD,9897937077567255
05/07/2024 08:25,London Brixton,Donald Figueroa,"Large Speciality Tea - Earl Grey - 1.60, Large Cappuccino - 2.45, Large Speciality Tea - Earl Grey - 1.60, Regular Hot chocolate - 2.20, Large Smoothies - Carrot Kick - 2.50, Large Iced americano - 2.50",12.85,CARD,1619577581775133
05/07/2024 08:26,London Brixton,Christopher Brooks,Regular Iced americano - 2.15,2.15,CARD,2096022555225957
05/07/2024 08:27,London Brixton,Catherine Williams,"Large Speciality Tea - Earl Grey - 1.60, Large Espresso - 1.80, Regular Cappuccino - 2.15, Large Iced americano - 2.50, Regular Iced americano - 2.15",10.2,CASH,
05/07/2024 08:28,London Brixton,John Todd,"Large Espresso - 1.80, Regular Frappes - Strawberries & Cream - 2.75, Large Smoothies - Glowing Greens - 2.50, Large Frappes - Strawberries & Cream - 3.25",10.3,CASH,
05/07/2024 08:29,London Brixton,Edward Perrington,Large Iced americano - 2.50,2.5,CASH,
05/07/2024 08:30,London Brixton,Dominic Mclaughlin,"Large Smoothies - Glowing Greens - 2.50, Regular Speciality Tea - Earl Grey - 1.30, Regular Hot chocolate - 2.20",6.0,CARD,3105474307598088
05/07/2024 08:31,London Brixton,Leo Butcher,"Large Smoothies - Glowing Greens - 2.50, Regular Iced americano - 2.15",4.65,CARD,5914737368439283
05/07/2024 08:32,London Brixton,Kay Donaldson,Large Iced americano - 2.50,2.5,CARD,8743505391682624
05/07/2024 08:33,London Brixton,Lisa Brown,"Large Hot chocolate - 2.90, Large Smoothies - Glowing Greens - 2.50, Large Smoothies - Glowing Greens - 2.50",7.9,CARD,3933661410039678
05/07/2024 08:34,London Brixton,Charlotte Clay,Large Speciality Tea - Earl Grey - 1.60,1.6,CARD,5874389266126983
05/07/2024 08:35,London Brixton,Helen Hunt,"Regular Smoothies - Carrot Kick - 2.00, Large Speciality Tea - Earl Grey - 1.60, Regular Espresso - 1.50, Regular Cappuccino - 2.15, Regular Smoothies - Carrot Kick - 2.00, Regular Frappes - Strawberries & Cream - 2.75",12.0,CARD,5688599724258492
05/07/2024 08:36,London Brixton,Maria Goya,Regular Cappuccino - 2.15,2.15,CARD,6624284798279217
05/07/2024 08:37,London Brixton,Juanita Sims,"Regular Iced americano - 2.15, Regular Speciality Tea - Earl Grey - 1.30",3.45,CARD,7987431450353098
05/07/2024 08:38,London Brixton,Lisa Torres,"Regular Hot chocolate - 2.20, Regular Smoothies - Glowing Greens - 2.00, Large Iced americano - 2.50",6.7,CASH,
05/07/2024 08:39,London Brixton,Catherine Williams,"Large Smoothies - Glowing Greens - 2.50, Large Hot chocolate - 2.90, Large Cappuccino - 2.45, Large Speciality Tea - Earl Grey - 1.60, Regular Iced americano - 2.15",11.6,CARD,8419547995914276
05/07/2024 08:40,London Brixton,Albert Deanda,"Large Cappuccino - 2.45, Large Cappuccino - 2.45",4.9,CASH,
05/07/2024 08:41,London Brixton,Nina Jelinek,"Large Frappes - Strawberries & Cream - 3.25, Large Smoothies - Carrot Kick - 2.50, Regular Espresso - 1.50",7.25,CARD,7202934906170700
05/07/2024 08:42,London Brixton,William Bell,Large Frappes - Strawberries & Cream - 3.25,3.25,CARD,9793867883466209
05/07/2024 08:43,London Brixton,Dianna Langford,Regular Speciality Tea - Earl Grey - 1.30,1.3,CARD,9573558565550639
05/07/2024 08:44,London Brixton,Michael Waters,"Regular Espresso - 1.50, Regular Frappes - Strawberries & Cream - 2.75",4.25,CARD,6276846867341167
05/07/2024 08:45,London Brixton,Cody Wilkowitz,"Regular Smoothies - Glowing Greens - 2.00, Large Cappuccino - 2.45",4.45,CARD,7508934366396121
05/07/2024 08:46,London Brixton,Paula Beaufort,"Large Espresso - 1.80, Large Cappuccino - 2.45, Regular Hot chocolate - 2.20, Regular Speciality Tea - Earl Grey - 1.30, Large Iced americano - 2.50",10.25,CASH,
05/07/2024 08:47,London Brixton,Megan Rico,"Regular Frappes - Strawberries & Cream - 2.75, Regular Iced americano - 2.15, Regular Speciality Tea - Earl Grey - 1.30, Regular Espresso - 1.50, Large Cappuccino - 2.45",10.15,CASH,
05/07/2024 08:48,London Brixton,Homer Senecal,"Regular Smoothies - Carrot Kick - 2.00, Regular Speciality Tea - Earl Grey - 1.30, Large Iced americano - 2.50, Regular Speciality Tea - Earl Grey - 1.30",7.1,CASH,
05/07/2024 08:49,London Brixton,Francis Nester,"Large Smoothies - Glowing Greens - 2.50, Large Smoothies - Carrot Kick - 2.50",5.0,CASH,
05/07/2024 08:50,London Brixton,Ruth Rogers,"Large Smoothies - Glowing Greens - 2.50, Regular Espresso - 1.50, Large Hot chocolate - 2.90, Regular Iced americano - 2.15, Large Speciality Tea - Earl Grey - 1.60",10.65,CASH,
05/07/2024 08:51,London Brixton,Rebecca Stanley,"Regular Cappuccino - 2.15, Regular Cappuccino - 2.15, Regular Hot chocolate - 2.20, Regular Smoothies - Carrot Kick - 2.00, Regular Frappes - Strawberries & Cream - 2.75, Large Smoothies - Carrot Kick - 2.50",13.75,CARD,5585153434575869
05/07/2024 08:52,London Brixton,Linda Howard,Large Iced americano - 2.50,2.5,CASH,
05/07/2024 08:53,London Brixton,Linda Myers,"Large Smoothies - Carrot Kick - 2.50, Regular Espresso - 1.50",4.0,CARD,2945780992645779
05/07/2024 08:54,London Brixton,Russell Mccasland,"Large Iced americano - 2.50, Regular Frappes - Strawberries & Cream - 2.75, Large Iced americano - 2.50, Large Speciality Tea - Earl Grey - 1.60, Regular Espresso - 1.50",10.85,CARD,2875571641527402
05/07/2024 08:55,London Brixton,Kevin Kuhn,"Regular Espresso - 1.50, Large Cappuccino - 2.45",3.95,CARD,7406688542677796
05/07/2024 08:56,London Brixton,Manuel Ramey,Large Smoothies - Glowing Greens - 2.50,2.5,CARD,9054453990614075
05/07/2024 08:57,London Brixton,Michael Sadler,"Large Smoothies - Glowing Greens - 2.50, Large Smoothies - Carrot Kick - 2.50, Regular Speciality Tea - Earl Grey - 1.30",6.3,CARD,8255813497195850
05/07/2024 08:58,London Brixton,Kristina Kurtz,"Large Espresso - 1.80, Large Iced americano - 2.50",4.3,CARD,8526911415628310
05/07/2024 08:59,London Brixton,Daniel Brymer,"Large Cappuccino - 2.45, Regular Espresso - 1.50, Regular Frappes - Strawberries & Cream - 2.75, Large Iced americano - 2.50",9.2,CARD,5919443047121027
05/07/2024 08:59,London Brixton,Josef Balmos,"Large Cappuccino - 2.45, Regular Cappuccino - 2.15, Regular Speciality Tea - Earl Grey - 1.30, Large Speciality Tea - Earl Grey - 1.60, Regular Frappes - Strawberries & Cream - 2.75, Large Hot chocolate - 2.90",13.15,CARD,5625518294429417
05/07/2024 09:00,London Brixton,Elizabeth Rosenbaum,"Regular Cappuccino - 2.15, Large Espresso - 1.80",3.95,CARD,7774754530070482
05/07/2024 09:02,London Brixton,Harry Elliott,"Regular Iced americano - 2.15, Regular Espresso - 1.50",3.65,CASH,
05/07/2024 09:03,London Brixton,David Sorell,"Large Hot chocolate - 2.90, Regular Smoothies - Glowing Greens - 2.00, Regular Hot chocolate - 2.20",7.1,CARD,4428577009660309
05/07/2024 09:04,London Brixton,Mario Bassett,"Regular Smoothies - Glowing Greens - 2.00, Regular Hot chocolate - 2.20, Large Smoothies - Glowing Greens - 2.50",6.7,CASH,
05/07/2024 09:05,London Brixton,Cindy Sala,"Large Smoothies - Glowing Greens - 2.50, Large Hot chocolate - 2.90",5.4,CASH,
05/07/2024 09:06,London Brixton,Clifford Carpenter,"Regular Hot chocolate - 2.20, Large Smoothies - Glowing Greens - 2.50, Regular Cappuccino - 2.15, Regular Speciality Tea - Earl Grey - 1.30",8.15,CASH,
05/07/2024 09:07,London Brixton,Logan Miller,"Large Espresso - 1.80, Regular Iced americano - 2.15, Large Hot chocolate - 2.90, Regular Hot chocolate - 2.20, Regular Iced americano - 2.15",11.2,CARD,9275840817847822
05/07/2024 09:09,London Brixton,Eugenia Terry,"Large Iced americano - 2.50, Large Smoothies - Carrot Kick - 2.50",5.0,CARD,5094715369877726
05/07/2024 09:10,London Brixton,Jeffrey Miller,Large Espresso - 1.80,1.8,CARD,3093331803484407
05/07/2024 09:11,London Brixton,Richard Lutz,"Large Iced americano - 2.50, Large Speciality Tea - Earl Grey - 1.60",4.1,CARD,1502136680649422
05/07/2024 09:12,London Brixton,Dora Lingbeek,"Regular Smoothies - Carrot Kick - 2.00, Large Hot chocolate - 2.90",4.9,CARD,8146336510627513
05/07/2024 09:13,London Brixton,Elizabeth Badillo,Large Espresso - 1.80,1.8,CARD,8418779341546575
05/07/2024 09:14,London Brixton,Brandon Gullion,"Regular Smoothies - Glowing Greens - 2.00, Large Smoothies - Carrot Kick - 2.50, Large Cappuccino - 2.45",6.95,CARD,5477984651365725
05/07/2024 09:16,London Brixton,David Miller,"Large Hot chocolate - 2.90, Large Hot chocolate - 2.90, Large Smoothies - Carrot Kick - 2.50, Large Speciality Tea - Earl Grey - 1.60, Large Smoothies - Glowing Greens - 2.50, Regular Hot chocolate - 2.20",14.6,CARD,7230885679023283
05/07/2024 09:17,London Brixton,Latisha Brown,"Large Espresso - 1.80, Large Espresso - 1.80",3.6,CARD,7959814606379719
05/07/2024 09:18,London Brixton,Sheryl Ghan,"Large Speciality Tea - Earl Grey - 1.60, Large Smoothies - Glowing Greens - 2.50, Large Iced americano - 2.50, Regular Smoothies - Glowing Greens - 2.00",8.6,CARD,6216769474254547
05/07/2024 09:19,London Brixton,Queen Lee,"Regular Smoothies - Carrot Kick - 2.00, Large Speciality Tea - Earl Grey - 1.60, Regular Iced americano - 2.15, Regular Frappes - Strawberries & Cream - 2.75",8.5,CASH,
05/07/2024 09:20,London Brixton,Michael Morgan,"Regular Frappes - Strawberries & Cream - 2.75, Large Smoothies - Carrot Kick - 2.50, Regular Espresso - 1.50, Regular Smoothies - Glowing Greens - 2.00, Large Hot chocolate - 2.90",11.65,CARD,5404212963214434
05/07/2024 09:21,London Brixton,Glenn Frahm,"Large Cappuccino - 2.45, Regular Espresso - 1.50, Regular Speciality Tea - Earl Grey - 1.30",5.25,CARD,3310609608820034
05/07/2024 09:23,London Brixton,Christopher Zien,"Regular Speciality Tea - Earl Grey - 1.30, Regular Espresso - 1.50, Large Cappuccino - 2.45",5.25,CASH,
05/07/2024 09:24,London Brixton,Michael Womack,"Regular Speciality Tea - Earl Grey - 1.30, Large Hot chocolate - 2.90, Large Cappuccino - 2.45",6.65,CARD,1252644108518975
05/07/2024 09:25,London Brixton,Lottie Conerly,"Regular Hot chocolate - 2.20, Large Espresso - 1.80",4.0,CASH,
05/07/2024 09:26,London Brixton,Lia Walker,"Large Smoothies - Glowing Greens - 2.50, Large Iced americano - 2.50",5.0,CARD,2863136366358505
05/07/2024 09:27,London Brixton,Alexander Gardner,"Regular Smoothies - Glowing Greens - 2.00, Large Speciality Tea - Earl Grey - 1.60, Regular Speciality Tea - Earl Grey - 1.30, Large Hot chocolate - 2.90",7.8,CARD,4196518114604170
05/07/2024 09:28,London Brixton,Ronald Resendez,"Large Iced americano - 2.50, Large Iced americano - 2.50, Large Frappes - Strawberries & Cream - 3.25, Regular Speciality Tea - Earl Grey - 1.30",9.55,CARD,6115326801207262
05/07/2024 09:30,London Brixton,Michael Chauvin,"Large Iced americano - 2.50, Regular Hot chocolate - 2.20, Large Smoothies - Glowing Greens - 2.50",7.2,CASH,
05/07/2024 09:31,London Brixton,Larry Salazar,"Large Cappuccino - 2.45, Large Speciality Tea - Earl Grey - 1.60, Regular Speciality Tea - Earl Grey - 1.30, Regular Smoothies - Glowing Greens - 2.00",7.35,CASH,
05/07/2024 09:32,London Brixton,Louise Mendez,"Large Espresso - 1.80, Regular Hot chocolate - 2.20, Regular Espresso - 1.50",5.5,CARD,7591884954686120
05/07/2024 09:33,London Brixton,Robert Brown,"Large Smoothies - Carrot Kick - 2.50, Regular Smoothies - Glowing Greens - 2.00",4.5,CASH,
05/07/2024 09:34,London Brixton,Ann Guess,"Regular Hot chocolate - 2.20, Large Smoothies - Glowing Greens - 2.50, Large Frappes - Strawberries & Cream - 3.25, Regular Hot chocolate - 2.20, Regular Smoothies - Glowing Greens - 2.00",12.15,CARD,7959690271323187
05/07/2024 09:35,London Brixton,Charles Gallardo,"Large Smoothies - Glowing Greens - 2.50, Large Smoothies - Glowing Greens - 2.50, Large Cappuccino - 2.45, Large Cappuccino - 2.45",9.9,CARD,6637357131517104
05/07/2024 09:37,London Brixton,Margaret Cram,"Regular Espresso - 1.50, Regular Smoothies - Carrot Kick - 2.00",3.5,CARD,8910245437441997
05/07/2024 09:38,London Brixton,Thomas Perry,"Regular Hot chocolate - 2.20, Large Speciality Tea - Earl Grey - 1.60",3.8,CARD,7021042139590775
05/07/2024 09:39,London Brixton,Barbara Czelusniak,"Large Iced americano - 2.50, Regular Speciality Tea - Earl Grey - 1.30, Large Iced americano - 2.50",6.3,CASH,
05/07/2024 09:40,London Brixton,Mark Mallia,"Regular Frappes - Strawberries & Cream - 2.75, Regular Frappes - Strawberries & Cream - 2.75",5.5,CARD,8651232338898511
05/07/2024 09:41,London Brixton,Diana Duran,Large Smoothies - Glowing Greens - 2.50,2.5,CARD,6015696688577566
05/07/2024 09:42,London Brixton,Teresa Perrin,Large Cappuccino - 2.45,2.45,CARD,2835943154964911
05/07/2024 09:44,London Brixton,Melissa Weber,"Regular Iced americano - 2.15, Regular Frappes - Strawberries & Cream - 2.75, Large Frappes - Strawberries & Cream - 3.25, Regular Smoothies - Carrot Kick - 2.00, Large Espresso - 1.80",11.95,CARD,9562913352431330
05/07/2024 09:45,London Brixton,Everett Bowles,Regular Smoothies - Glowing Greens - 2.00,2.0,CASH,
05/07/2024 09:46,London Brixton,Christine Richardson,"Large Hot chocolate - 2.90, Large Speciality Tea - Earl Grey - 1.60",4.5,CARD,8366733929612029
05/07/2024 09:47,London Brixton,Doris Williams,Large Cappuccino - 2.45,2.45,CARD,5161442721408719
05/07/2024 09:48,London Brixton,Deborah Mccarter,"Regular Smoothies - Glowing Greens - 2.00, Large Iced americano - 2.50, Regular Cappuccino - 2.15, Regular Smoothies - Carrot Kick - 2.00",8.65,CASH,
05/07/2024 09:49,London Brixton,Herman Winslow,"Large Smoothies - Carrot Kick - 2.50, Regular Speciality Tea - Earl Grey - 1.30",3.8,CASH,
05/07/2024 09:51,London Brixton,Ruby Mcadory,"Large Smoothies - Carrot Kick - 2.50, Large Speciality Tea - Earl Grey - 1.60",4.1,CARD,1628157954217097
05/07/2024 09:52,London Brixton,Eldon Scott,"Large Frappes - Strawberries & Cream - 3.25, Large Smoothies - Glowing Greens - 2.50, Large Frappes - Strawberries & Cream - 3.25, Regular Hot chocolate - 2.20, Large Speciality Tea - Earl Grey - 1.60",12.8,CASH,
05/07/2024 09:53,London Brixton,Allie Zvorsky,"Large Frappes - Strawberries & Cream - 3.25, Large Smoothies - Glowing Greens - 2.50, Regular Smoothies - Glowing Greens - 2.00",7.75,CARD,5103495678251618
05/07/2024 09:54,London Brixton,Douglas Nelson,"Regular Smoothies - Carrot Kick - 2.00, Large Frappes - Strawberries & Cream - 3.25",5.25,CARD,9119291868270102
05/07/2024 09:55,London Brixton,Pam Dickens,Large Cappuccino - 2.45,2.45,CARD,1816076313922228
05/07/2024 09:56,London Brixton,Sona Feinstein,"Regular Smoothies - Carrot Kick - 2.00, Large Frappes - Strawberries & Cream - 3.25, Large Frappes - Strawberries & Cream - 3.25, Large Smoothies - Glowing Greens - 2.50, Large Hot chocolate - 2.90",13.9,CARD,5779006151028555
05/07/2024 09:58,London Brixton,Edwin Shabazz,"Large Hot chocolate - 2.90, Large Iced americano - 2.50, Regular Iced americano - 2.15, Regular Espresso - 1.50",9.05,CARD,4890780985316856
05/07/2024 09:59,London Brixton,Matthew Moore,"Large Frappes - Strawberries & Cream - 3.25, Large Smoothies - Glowing Greens - 2.50, Large Speciality Tea - Earl Grey - 1.60",7.35,CARD,7603763681877875
05/07/2024 10:00,London Brixton,Joyce Morris,"Large Iced americano - 2.50, Large Cappuccino - 2.45, Large Speciality Tea - Earl Grey - 1.60, Large Iced americano - 2.50",9.05,CASH,
05/07/2024 10:01,London Brixton,Maurice Bellamy,"Regular Smoothies - Carrot Kick - 2.00, Large Smoothies - Glowing Greens - 2.50",4.5,CARD,9928980662831904
05/07/2024 10:02,London Brixton,John Stanley,Large Hot chocolate - 2.90,2.9,CARD,4711527292584215
05/07/2024 10:03,London Brixton,Ethel Jarman,"Large Speciality Tea - Earl Grey - 1.60, Regular Espresso - 1.50, Large Espresso - 1.80, Regular Speciality Tea - Earl Grey - 1.30",6.2,CARD,6272907007999028
05/07/2024 10:05,London Brixton,Michelle Ford,"Regular Iced americano - 2.15, Large Hot chocolate - 2.90",5.05,CARD,1630773016080289
05/07/2024 10:06,London Brixton,Arthur Bryant,"Large Iced americano - 2.50, Large Hot chocolate - 2.90, Large Frappes - Strawberries & Cream - 3.25, Large Speciality Tea - Earl Grey - 1.60, Large Hot chocolate - 2.90",13.15,CARD,3043021742210425
05/07/2024 10:07,London Brixton,Eric Back,"Large Smoothies - Carrot Kick - 2.50, Large Smoothies - Carrot Kick - 2.50",5.0,CARD,2966489279668767
05/07/2024 10:08,London Brixton,Jack Coker,"Regular Smoothies - Carrot Kick - 2.00, Regular Espresso - 1.50, Regular Smoothies - Glowing Greens - 2.00",5.5,CASH,
05/07/2024 10:09,London Brixton,Roy Spears,"Large Smoothies - Glowing Greens - 2.50, Large Speciality Tea - Earl Grey - 1.60, Regular Smoothies - Glowing Greens - 2.00, Large Speciality Tea - Earl Grey - 1.60, Regular Frappes - Strawberries & Cream - 2.75",10.45,CARD,5104009388774700
05/07/2024 10:10,London Brixton,Michael Brubaker,Large Hot chocolate - 2.90,2.9,CARD,6619911816973640
05/07/2024 10:12,London Brixton,Donald Steele,"Regular Frappes - Strawberries & Cream - 2.75, Regular Iced americano - 2.15, Regular Speciality Tea - Earl Grey - 1.30",6.2,CARD,4413513353303363
05/07/2024 10:13,London Brixton,Corinne Hull,Large Hot chocolate - 2.90,2.9,CASH,
05/07/2024 10:14,London Brixton,Vicki Spivey,"Regular Speciality Tea - Earl Grey - 1.30, Regular Smoothies - Glowing Greens - 2.00, Large Smoothies - Glowing Greens - 2.50, Regular Espresso - 1.50",7.3,CARD,5679111682379513
05/07/2024 10:15,London Brixton,Deborah Lumpkin,"Large Speciality Tea - Earl Grey - 1.60, Large Frappes - Strawberries & Cream - 3.25, Regular Frappes - Strawberries & Cream - 2.75, Large Frappes - Strawberries & Cream - 3.25, Regular Speciality Tea - Earl Grey - 1.30",12.15,CARD,5752219149716624
05/07/2024 10:16,London Brixton,William Daughtry,Regular Speciality Tea - Earl Grey - 1.30,1.3,CARD,5094850668440450
05/07/2024 10:17,London Brixton,Larry Siple,"Regular Smoothies - Carrot Kick - 2.00, Large Hot chocolate - 2.90",4.9,CARD,2665940864430511
05/07/2024 10:19,London Brixton,Alice Barrientos,"Regular Iced americano - 2.15, Large Frappes - Strawberries & Cream - 3.25",5.4,CARD,9570687903633924
05/07/2024 10:20,London Brixton,Kristen Lowe,"Large Cappuccino - 2.45, Regular Frappes - Strawberries & Cream - 2.75",5.2,CARD,4919243518298187
05/07/2024 10:21,London Brixton,Sherry Harrison,"Regular Smoothies - Glowing Greens - 2.00, Large Smoothies - Glowing Greens - 2.50, Regular Smoothies - Carrot Kick - 2.00, Regular Frappes - Strawberries & Cream - 2.75",9.25,CARD,4073303441053603
05/07/2024 10:22,London Brixton,Christopher Juariqui,"Large Frappes - Strawberries & Cream - 3.25, Large Iced americano - 2.50, Regular Smoothies - Carrot Kick - 2.00, Regular Espresso - 1.50, Large Cappuccino - 2.45",11.7,CARD,9991604530044412
05/07/2024 10:23,London Brixton,James Gambrell,"Regular Cappuccino - 2.15, Regular Frappes - Strawberries & Cream - 2.75",4.9,CASH,
05/07/2024 10:24,London Brixton,Roger Stuart,"Large Smoothies - Glowing Greens - 2.50, Large Cappuccino - 2.45, Regular Hot chocolate - 2.20",7.15,CARD,6289689635328594
05/07/2024 10:26,London Brixton,Deborah Quinones,"Regular Espresso - 1.50, Regular Iced americano - 2.15, Regular Iced americano - 2.15, Large Smoothies - Carrot Kick - 2.50, Large Hot chocolate - 2.90",11.2,CASH,
05/07/2024 10:27,London Brixton,Rory Spears,"Large Frappes - Strawberries & Cream - 3.25, Large Smoothies - Glowing Greens - 2.50, Large Cappuccino - 2.45",8.2,CASH,
05/07/2024 10:28,London Brixton,Michelle Briggeman,Regular Speciality Tea - Earl Grey - 1.30,1.3,CASH,
05/07/2024 10:29,London Brixton,Kristina Lambert,"Regular Frappes - Strawberries & Cream - 2.75, Regular Frappes - Strawberries & Cream - 2.75, Large Speciality Tea - Earl Grey - 1.60",7.1,CASH,
05/07/2024 10:30,London Brixton,Albert Dorsey,"Large Smoothies - Glowing Greens - 2.50, Regular Espresso - 1.50",4.0,CARD,3742517656993196
05/07/2024 10:31,London Brixton,Paul Gomes,"Regular Speciality Tea - Earl Grey - 1.30, Large Smoothies - Glowing Greens - 2.50, Regular Iced americano - 2.15, Regular Iced americano - 2.15, Regular Smoothies - Glowing Greens - 2.00, Large Frappes - Strawberries & Cream - 3.25",13.35,CARD,8486113363883989
05/07/2024 10:33,London Brixton,Jeffery Lee,Large Cappuccino - 2.45,2.45,CARD,8557884254827009
05/07/2024 10:34,London Brixton,Tammy Ballard,"Regular Smoothies - Carrot Kick - 2.00, Large Speciality Tea - Earl Grey - 1.60",3.6,CASH,
05/07/2024 10:35,London Brixton,Ronald Mester,"Regular Cappuccino - 2.15, Large Speciality Tea - Earl Grey - 1.60, Regular Speciality Tea - Earl Grey - 1.30",5.05,CARD,3596641533550069
05/07/2024 10:36,London Brixton,Sherry Knudsen,"Regular Smoothies - Carrot Kick - 2.00, Regular Iced americano - 2.15, Large Speciality Tea - Earl Grey - 1.60, Large Cappuccino - 2.45",8.2,CARD,8961418736562942
05/07/2024 10:37,London Brixton,Catherine Bates,"Large Smoothies - Glowing Greens - 2.50, Large Iced americano - 2.50, Regular Espresso - 1.50",6.5,CARD,9388476885868330
05/07/2024 10:38,London Brixton,Carl Graham,Regular Smoothies - Glowing Greens - 2.00,2.0,CARD,9657791127711051
05/07/2024 10:40,London Brixton,Joey Greaves,"Regular Smoothies - Glowing Greens - 2.00, Large Smoothies - Glowing Greens - 2.50, Large Smoothies - Glowing Greens - 2.50",7.0,CARD,1265083427651421
05/07/2024 10:41,London Brixton,John Singleton,"Regular Iced americano - 2.15, Large Speciality Tea - Earl Grey - 1.60, Regular Iced americano - 2.15",5.9,CARD,5006984512770718
05/07/2024 10:42,London Brixton,Patricia Jeffers,"Large Cappuccino - 2.45, Large Smoothies - Glowing Greens - 2.50, Large Iced americano - 2.50, Large Espresso - 1.80, Regular Cappuccino - 2.15, Regular Hot chocolate - 2.20",13.6,CARD,1891865989416574
05/07/2024 10:43,London Brixton,Jean Allen,Large Cappuccino - 2.45,2.45,CARD,1949851840529426
05/07/2024 10:44,London Brixton,Ryan Johnson,"Large Frappes - Strawberries & Cream - 3.25, Regular Smoothies - Glowing Greens - 2.00",5.25,CASH,
05/07/2024 10:45,London Brixton,Eric Marchitto,"Regular Iced americano - 2.15, Large Iced americano - 2.50, Large Hot chocolate - 2.90",7.55,CARD,5159228980825837
05/07/2024 10:47,London Brixton,Shirley Burton,"Large Speciality Tea - Earl Grey - 1.60, Regular Frappes - Strawberries & Cream - 2.75, Large Iced americano - 2.50",6.85,CARD,2114864988769470
05/07/2024 10:48,London Brixton,Michelle Stancill,Regular Frappes - Strawberries & Cream - 2.75,2.75,CARD,6531072511035067
05/07/2024 10:49,London Brixton,Kelly Hash,Large Smoothies - Carrot Kick - 2.50,2.5,CARD,9920103681394071
05/07/2024 10:50,London Brixton,John Wooden,Large Smoothies - Glowing Greens - 2.50,2.5,CARD,5646780722572642
05/07/2024 10:51,London Brixton,Eugene Clark,"Large Speciality Tea - Earl Grey - 1.60, Regular Espresso - 1.50, Large Smoothies - Carrot Kick - 2.50, Large Smoothies - Carrot Kick - 2.50, Large Espresso - 1.80",9.9,CARD,1329754400507768
05/07/2024 10:52,London Brixton,Ronny Laing,Regular Iced americano - 2.15,2.15,CARD,3451872038594407
05/07/2024 10:54,London Brixton,John Doak,"Regular Iced americano - 2.15, Regular Iced americano - 2.15, Regular Iced americano - 2.15, Large Espresso - 1.80, Large Smoothies - Glowing Greens - 2.50",10.75,CARD,2470978790024385
05/07/2024 10:55,London Brixton,John Daniels,"Large Frappes - Strawberries & Cream - 3.25, Large Espresso - 1.80, Large Smoothies - Carrot Kick - 2.50, Regular Smoothies - Glowing Greens - 2.00",9.55,CARD,4538088284740678
05/07/2024 10:56,London Brixton,Darryl Young,"Large Hot chocolate - 2.90, Large Hot chocolate - 2.90, Regular Smoothies - Glowing Greens - 2.00, Large Iced americano - 2.50, Large Smoothies - Carrot Kick - 2.50",12.8,CARD,4128121369701984
05/07/2024 10:57,London Brixton,Manuela Riley,"Large Smoothies - Glowing Greens - 2.50, Large Cappuccino - 2.45",4.95,CARD,3718758704966124
05/07/2024 10:58,London Brixton,Robert Dennis,"Large Speciality Tea - Earl Grey - 1.60, Large Smoothies - Glowing Greens - 2.50",4.1,CASH,
05/07/2024 10:59,London Brixton,Maria Duran,"Large Smoothies - Glowing Greens - 2.50, Regular Smoothies - Glowing Greens - 2.00, Large Espresso - 1.80, Large Speciality Tea - Earl Grey - 1.60",7.9,CARD,1836408989659131
05/07/2024 11:01,London Brixton,Vilma Hoffman,"Large Iced americano - 2.50, Large Espresso - 1.80, Large Iced americano - 2.50, Regular Frappes - Strawberries & Cream - 2.75",9.55,CARD,4757364625301091
05/07/2024 11:03,London Brixton,Fernando Creed,"Regular Frappes - Strawberries & Cream - 2.75, Regular Iced americano - 2.15, Large Speciality Tea - Earl Grey - 1.60",6.5,CARD,8630225349003806
05/07/2024 11:04,London Brixton,Lon Lopez,Large Iced americano - 2.50,2.5,CARD,3883883046719150
05/07/2024 11:06,London Brixton,Steven Heinrich,Regular Smoothies - Glowing Greens - 2.00,2.0,CARD,9982247765940591
05/07/2024 11:08,London Brixton,Stephen Antonio,"Large Espresso - 1.80, Large Smoothies - Carrot Kick - 2.50",4.3,CASH,
05/07/2024 11:10,London Brixton,Philip Norman,"Large Speciality Tea - Earl Grey - 1.60, Regular Iced americano - 2.15",3.75,CARD,3937245768994612
05/07/2024 11:12,London Brixton,Charlene Augustine,"Large Iced americano - 2.50, Regular Espresso - 1.50",4.0,CARD,7027396924377501
05/07/2024 11:14,London Brixton,Norman Miller,Large Speciality Tea - Earl Grey - 1.60,1.6,CARD,8402711899700452
05/07/2024 11:16,London Brixton,Andrew Retchless,"Large Espresso - 1.80, Regular Espresso - 1.50, Large Espresso - 1.80, Large Speciality Tea - Earl Grey - 1.60",6.7,CARD,7701777408621253
05/07/2024 11:17,London Brixton,Alease Theriot,Large Smoothies - Glowing Greens - 2.50,2.5,CARD,1075542259395089
05/07/2024 11:19,London Brixton,Brian Kemp,"Large Cappuccino - 2.45, Regular Espresso - 1.50",3.95,CARD,1883499517178744
05/07/2024 11:21,London Brixton,Tona Edwards,Regular Speciality Tea - Earl Grey - 1.30,1.3,CARD,6453140176164474
05/07/2024 11:23,London Brixton,Brian Lane,"Regular Espresso - 1.50, Large Iced americano - 2.50, Regular Smoothies - Glowing Greens - 2.00",6.0,CARD,9984548455015132
05/07/2024 11:25,London Brixton,Sergio Ortz,"Large Smoothies - Carrot Kick - 2.50, Regular Speciality Tea - Earl Grey - 1.30",3.8,CARD,4370911673159739
05/07/2024 11:27,London Brixton,Emily Sanchez,"Regular Frappes - Strawberries & Cream - 2.75, Large Hot chocolate - 2.90, Regular Smoothies - Glowing Greens - 2.00, Large Speciality Tea - Earl Grey - 1.60, Regular Iced americano - 2.15",11.4,CASH,
05/07/2024 11:29,London Brixton,Melinda Maughan,"Large Smoothies - Glowing Greens - 2.50, Large Cappuccino - 2.45",4.95,CARD,8748769249040179
05/07/2024 11:31,London Brixton,Mary Gramham,"Regular Iced americano - 2.15, Regular Smoothies - Carrot Kick - 2.00, Large Cappuccino - 2.45, Regular Frappes - Strawberries & Cream - 2.75",9.35,CARD,5908889871240482
05/07/2024 11:32,London Brixton,Tiffany Hammond,"Regular Espresso - 1.50, Large Speciality Tea - Earl Grey - 1.60, Regular Speciality Tea - Earl Grey - 1.30, Large Hot chocolate - 2.90, Regular Espresso - 1.50",8.8,CARD,3289486889748600
05/07/2024 11:34,London Brixton,Betty Vincent,"Regular Cappuccino - 2.15, Regular Iced americano - 2.15, Regular Smoothies - Carrot Kick - 2.00",6.3,CARD,1641688400605463
05/07/2024 11:36,London Brixton,Kimberly Woolbright,Regular Iced americano - 2.15,2.15,CARD,1388012197224789
05/07/2024 11:38,London Brixton,James Taylor,"Large Hot chocolate - 2.90, Large Speciality Tea - Earl Grey - 1.60, Regular Espresso - 1.50, Large Espresso - 1.80",7.8,CARD,5680362382806207
05/07/2024 11:40,London Brixton,David Crosby,"Large Speciality Tea - Earl Grey - 1.60, Large Smoothies - Carrot Kick - 2.50, Large Smoothies - Glowing Greens - 2.50",6.6,CASH,
05/07/2024 11:42,London Brixton,Alice Perry,"Regular Speciality Tea - Earl Grey - 1.30, Regular Frappes - Strawberries & Cream - 2.75, Regular Speciality Tea - Earl Grey - 1.30",5.35,CARD,2102646499286397
05/07/2024 11:44,London Brixton,Rick Martinez,Regular Speciality Tea - Earl Grey - 1.30,1.3,CARD,7486432478401031
05/07/2024 11:45,London Brixton,Christine Grimes,"Large Cappuccino - 2.45, Regular Smoothies - Carrot Kick - 2.00, Large Iced americano - 2.50, Regular Speciality Tea - Earl Grey - 1.30",8.25,CARD,5590469962390877
05/07/2024 11:47,London Brixton,Yasuko Maas,Large Cappuccino - 2.45,2.45,CARD,1020490249058895
05/07/2024 11:49,London Brixton,Nancy Bruce,"Large Frappes - Strawberries & Cream - 3.25, Regular Smoothies - Glowing Greens - 2.00, Regular Espresso - 1.50, Large Speciality Tea - Earl Grey - 1.60, Large Smoothies - Glowing Greens - 2.50, Regular Hot chocolate - 2.20",13.05,CARD,3034085856953674
05/07/2024 11:51,London Brixton,Robert Wilson,"Large Speciality Tea - Earl Grey - 1.60, Large Cappuccino - 2.45, Regular Speciality Tea - Earl Grey - 1.30",5.35,CARD,1511381463160416
05/07/2024 11:53,London Brixton,Dennis Sieja,"Regular Smoothies - Glowing Greens - 2.00, Large Frappes - Strawberries & Cream - 3.25",5.25,CARD,3228959235728441
05/07/2024 11:55,London Brixton,Johnnie Balducci,"Regular Hot chocolate - 2.20, Large Speciality Tea - Earl Grey - 1.60",3.8,CASH,
05/07/2024 11:57,London Brixton,Natalie Register,"Regular Speciality Tea - Earl Grey - 1.30, Large Smoothies - Carrot Kick - 2.50",3.8,CARD,2557135846262548
05/07/2024 11:59,London Brixton,Casey Collins,"Large Smoothies - Glowing Greens - 2.50, Regular Iced americano - 2.15",4.65,CARD,1956792243667934
05/07/2024 12:00,London Brixton,Lorraine Grossman,"Large Hot chocolate - 2.90, Regular Iced americano - 2.15, Regular Cappuccino - 2.15, Large Hot chocolate - 2.90, Regular Hot chocolate - 2.20",12.3,CARD,4344139861991662
05/07/2024 12:02,London Brixton,Sonja Vanburen,"Large Cappuccino - 2.45, Large Speciality Tea - Earl Grey - 1.60, Regular Hot chocolate - 2.20, Regular Iced americano - 2.15, Large Frappes - Strawberries & Cream - 3.25",11.65,CASH,
05/07/2024 12:04,London Brixton,Sally Couture,"Regular Hot chocolate - 2.20, Regular Frappes - Strawberries & Cream - 2.75, Regular Cappuccino - 2.15",7.1,CARD,4743324641708681
05/07/2024 12:06,London Brixton,Bert Baker,"Regular Smoothies - Carrot Kick - 2.00, Regular Speciality Tea - Earl Grey - 1.30",3.3,CARD,4547952897170453
05/07/2024 12:08,London Brixton,Shirley Brown,"Regular Hot chocolate - 2.20, Regular Speciality Tea - Earl Grey - 1.30",3.5,CARD,8692012497795935
05/07/2024 12:10,London Brixton,Angie Smith,"Regular Espresso - 1.50, Regular Cappuccino - 2.15, Large Frappes - Strawberries & Cream - 3.25, Regular Espresso - 1.50, Large Iced americano - 2.50",10.9,CARD,4951454489163834
05/07/2024 12:12,London Brixton,Clara Turner,"Large Hot chocolate - 2.90, Regular Cappuccino - 2.15, Regular Cappuccino - 2.15, Large Cappuccino - 2.45",9.65,CASH,
05/07/2024 12:14,London Brixton,May Smith,"Large Cappuccino - 2.45, Regular Speciality Tea - Earl Grey - 1.30, Regular Hot chocolate - 2.20",5.95,CARD,8702729533616506
05/07/2024 12:16,London Brixton,Bryan Miyake,"Large Iced americano - 2.50, Large Smoothies - Carrot Kick - 2.50, Large Iced americano - 2.50, Large Hot chocolate - 2.90",10.4,CASH,
05/07/2024 12:18,London Brixton,Kristine Greer,"Regular Iced americano - 2.15, Regular Smoothies - Carrot Kick - 2.00, Regular Iced americano - 2.15, Large Frappes - Strawberries & Cream - 3.25",9.55,CARD,2719086117734006
05/07/2024 12:20,London Brixton,Geoffrey Whetstone,"Large Iced americano - 2.50, Regular Espresso - 1.50",4.0,CARD,8680223669095055
05/07/2024 12:22,London Brixton,Deborah Conway,"Large Smoothies - Glowing Greens - 2.50, Large Iced americano - 2.50",5.0,CARD,9112573444655150
05/07/2024 12:24,London Brixton,Manuel Sargent,"Regular Espresso - 1.50, Regular Espresso - 1.50",3.0,CARD,4471123416257730
05/07/2024 12:26,London Brixton,Mary Lewis,"Large Frappes - Strawberries & Cream - 3.25, Large Espresso - 1.80, Regular Speciality Tea - Earl Grey - 1.30",6.35,CARD,5154571531724013
05/07/2024 12:27,London Brixton,Pamela Lofton,Large Cappuccino - 2.45,2.45,CARD,6240884827312040
05/07/2024 12:29,London Brixton,Sandra Small,"Regular Smoothies - Carrot Kick - 2.00, Large Espresso - 1.80, Large Speciality Tea - Earl Grey - 1.60, Large Hot chocolate - 2.90",8.3,CARD,1418565825733665
05/07/2024 12:31,London Brixton,Betty Medlock,"Regular Iced americano - 2.15, Large Smoothies - Carrot Kick - 2.50, Regular Smoothies - Glowing Greens - 2.00",6.65,CARD,9126545017644087
05/07/2024 12:33,London Brixton,Estela Barnes,"Large Smoothies - Glowing Greens - 2.50, Large Cappuccino - 2.45, Large Hot chocolate - 2.90, Large Iced americano - 2.50, Regular Speciality Tea - Earl Grey - 1.30, Large Hot chocolate - 2.90",14.55,CARD,6944145348185595
05/07/2024 12:35,London Brixton,Richard Phillips,Large Smoothies - Glowing Greens - 2.50,2.5,CASH,
05/07/2024 12:37,London Brixton,Stacey Ingram,"Regular Hot chocolate - 2.20, Large Cappuccino - 2.45, Large Espresso - 1.80, Large Smoothies - Glowing Greens - 2.50, Large Espresso - 1.80, Regular Smoothies - Glowing Greens - 2.00",12.75,CARD,3392107729347406
05/07/2024 12:39,London Brixton,Raymond Stenger,Regular Smoothies - Glowing Greens - 2.00,2.0,CASH,
05/07/2024 12:41,London Brixton,Marie Wolchesky,"Large Cappuccino - 2.45, Large Speciality Tea - Earl Grey - 1.60, Regular Speciality Tea - Earl Grey - 1.30",5.35,CARD,4171159072532995
05/07/2024 12:43,London Brixton,Dan Ellis,"Large Smoothies - Carrot Kick - 2.50, Regular Espresso - 1.50, Large Speciality Tea - Earl Grey - 1.60, Large Espresso - 1.80",7.4,CASH,
05/07/2024 12:45,London Brixton,Angela Wahlberg,Large Frappes - Strawberries & Cream - 3.25,3.25,CARD,5503490123242654
05/07/2024 12:47,London Brixton,Daniel Murphy,"Regular Smoothies - Glowing Greens - 2.00, Large Smoothies - Carrot Kick - 2.50",4.5,CARD,6911705099651232
05/07/2024 12:49,London Brixton,Vera Shapiro,"Large Smoothies - Carrot Kick - 2.50, Large Hot chocolate - 2.90, Regular Espresso - 1.50, Regular Speciality Tea - Earl Grey - 1.30, Large Iced americano - 2.50, Regular Speciality Tea - Earl Grey - 1.30",12.0,CARD,6867950694050240
05/07/2024 12:51,London Brixton,David Columbus,Large Espresso - 1.80,1.8,CARD,2839834390601092
05/07/2024 12:53,London Brixton,Ina Laskowski,"Large Speciality Tea - Earl Grey - 1.60, Regular Iced americano - 2.15, Regular Cappuccino - 2.15",5.9,CASH,
05/07/2024 12:55,London Brixton,Andy Novack,"Regular Smoothies - Carrot Kick - 2.00, Large Hot chocolate - 2.90",4.9,CASH,
05/07/2024 12:56,London Brixton,Cynthia Loske,"Regular Smoothies - Carrot Kick - 2.00, Regular Smoothies - Carrot Kick - 2.00, Regular Speciality Tea - Earl Grey - 1.30",5.3,CASH,
05/07/2024 12:58,London Brixton,Hattie Brewster,"Large Iced americano - 2.50, Regular Speciality Tea - Earl Grey - 1.30, Large Smoothies - Carrot Kick - 2.50",6.3,CARD,6834251961798769
05/07/2024 13:00,London Brixton,Javier Sykes,"Regular Hot chocolate - 2.20, Large Smoothies - Glowing Greens - 2.50, Large Smoothies - Glowing Greens - 2.50, Large Iced americano - 2.50",9.7,CASH,
05/07/2024 13:01,London Brixton,Juana Korn,"Regular Smoothies - Carrot Kick - 2.00, Large Hot chocolate - 2.90, Regular Espresso - 1.50, Large Espresso - 1.80",8.2,CASH,
05/07/2024 13:02,London Brixton,Susie Sturgis,"Large Cappuccino - 2.45, Large Speciality Tea - Earl Grey - 1.60, Regular Cappuccino - 2.15",6.2,CASH,
05/07/2024 13:03,London Brixton,Roland Clewell,"Large Frappes - Strawberries & Cream - 3.25, Regular Smoothies - Glowing Greens - 2.00, Regular Speciality Tea - Earl Grey - 1.30",6.55,CARD,9754024697526195
05/07/2024 13:04,London Brixton,Joanne Perie,"Regular Smoothies - Carrot Kick - 2.00, Large Speciality Tea - Earl Grey - 1.60, Regular Cappuccino - 2.15",5.75,CARD,7823142137141873
05/07/2024 13:05,London Brixton,Jesse Swofford,"Large Espresso - 1.80, Large Speciality Tea - Earl Grey - 1.60, Large Smoothies - Glowing Greens - 2.50",5.9,CARD,1700353553318355
05/07/2024 13:06,London Brixton,Raul Sanders,"Large Hot chocolate - 2.90, Regular Smoothies - Carrot Kick - 2.00",4.9,CARD,4724194788612338
05/07/2024 13:07,London Brixton,Myra Hart,"Large Iced americano - 2.50, Large Frappes - Strawberries & Cream - 3.25, Regular Iced americano - 2.15",7.9,CARD,4379008182515209
05/07/2024 13:08,London Brixton,Twyla Vida,"Large Smoothies - Glowing Greens - 2.50, Regular Iced americano - 2.15",4.65,CASH,
05/07/2024 13:09,London Brixton,Hilda Boyd,"Large Frappes - Strawberries & Cream - 3.25, Regular Hot chocolate - 2.20",5.45,CARD,3215688840147544
05/07/2024 13:09,London Brixton,Kelly French,Large Espresso - 1.80,1.8,CARD,8087997450800203
05/07/2024 13:10,London Brixton,Elise Krebs,"Large Hot chocolate - 2.90, Large Smoothies - Glowing Greens - 2.50, Large Smoothies - Glowing Greens - 2.50, Regular Cappuccino - 2.15, Regular Cappuccino - 2.15",12.2,CASH,
05/07/2024 13:11,London Brixton,William Leclaire,"Regular Cappuccino - 2.15, Regular Frappes - Strawberries & Cream - 2.75, Regular Smoothies - Carrot Kick - 2.00, Regular Cappuccino - 2.15, Regular Speciality Tea - Earl Grey - 1.30",10.35,CARD,6340609091944624
05/07/2024 13:12,London Brixton,David Miller,Regular Iced americano - 2.15,2.15,CARD,2712668025015928
05/07/2024 13:13,London Brixton,Donald Robinson,"Regular Speciality Tea - Earl Grey - 1.30, Large Smoothies - Glowing Greens - 2.50, Regular Cappuccino - 2.15, Large Frappes - Strawberries & Cream - 3.25",9.2,CASH,
05/07/2024 13:14,London Brixton,Sharon Thrasher,"Regular Speciality Tea - Earl Grey - 1.30, Regular Smoothies - Carrot Kick - 2.00, Large Smoothies - Glowing Greens - 2.50, Large Cappuccino - 2.45, Regular Espresso - 1.50, Regular Speciality Tea - Earl Grey - 1.30",11.05,CASH,
05/07/2024 13:15,London Brixton,Thomas Barnes,"Large Espresso - 1.80, Regular Smoothies - Carrot Kick - 2.00",3.8,CARD,7633449217442041
05/07/2024 13:16,London Brixton,Linda Allen,"Regular Smoothies - Carrot Kick - 2.00, Large Frappes - Strawberries & Cream - 3.25, Regular Espresso - 1.50, Large Smoothies - Carrot Kick - 2.50, Regular Speciality Tea - Earl Grey - 1.30",10.55,CARD,3894073656137200
05/07/2024 13:17,London Brixton,Brian White,"Large Smoothies - Glowing Greens - 2.50, Regular Frappes - Strawberries & Cream - 2.75, Regular Cappuccino - 2.15",7.4,CARD,8739579990675737
05/07/2024 13:18,London Brixton,Agnes English,"Regular Hot chocolate - 2.20, Regular Smoothies - Carrot Kick - 2.00, Regular Speciality Tea - Earl Grey - 1.30",5.5,CARD,5351781973389146
05/07/2024 13:19,London Brixton,Cynthia Constantine,"Regular Cappuccino - 2.15, Regular Iced americano - 2.15",4.3,CARD,9654850918270505
05/07/2024 13:20,London Brixton,Stephanie Schecter,"Regular Hot chocolate - 2.20, Large Iced americano - 2.50",4.7,CASH,
05/07/2024 13:20,London Brixton,Suzanne Young,Regular Cappuccino - 2.15,2.15,CARD,2437196144158689
05/07/2024 13:21,London Brixton,Erma Deslauriers,"Regular Frappes - Strawberries & Cream - 2.75, Large Frappes - Strawberries & Cream - 3.25",6.0,CARD,6062847466807048
05/07/2024 13:22,London Brixton,Curtis Musso,"Large Smoothies - Glowing Greens - 2.50, Large Smoothies - Glowing Greens - 2.50, Regular Cappuccino - 2.15",7.15,CASH,
05/07/2024 13:23,London Brixton,Beatrice Dawson,Regular Speciality Tea - Earl Grey - 1.30,1.3,CASH,
05/07/2024 13:24,London Brixton,David Young,Regular Speciality Tea - Earl Grey - 1.30,1.3,CARD,1877699565324642
05/07/2024 13:25,London Brixton,Abraham James,"Large Hot chocolate - 2.90, Large Iced americano - 2.50, Regular Smoothies - Carrot Kick - 2.00, Large Smoothies - Glowing Greens - 2.50",9.9,CARD,5790350581025401
05/07/2024 13:26,London Brixton,Michael Rodriguez,"Large Espresso - 1.80, Regular Smoothies - Glowing Greens - 2.00, Large Speciality Tea - Earl Grey - 1.60",5.4,CARD,5716754961015231
05/07/2024 13:27,London Brixton,David Transue,"Large Speciality Tea - Earl Grey - 1.60, Regular Frappes - Strawberries & Cream - 2.75, Large Speciality Tea - Earl Grey - 1.60, Large Frappes - Strawberries & Cream - 3.25",9.2,CARD,2335818964850391
05/07/2024 13:28,London Brixton,Terrance Clark,Regular Speciality Tea - Earl Grey - 1.30,1.3,CARD,3064160638748359
05/07/2024 13:29,London Brixton,Rose James,"Large Smoothies - Carrot Kick - 2.50, Large Frappes - Strawberries & Cream - 3.25",5.75,CASH,
05/07/2024 13:30,London Brixton,Latia Batchelor,"Regular Smoothies - Carrot Kick - 2.00, Regular Iced americano - 2.15",4.15,CARD,4638660523770571
05/07/2024 13:31,London Brixton,Earnest Clark,"Regular Cappuccino - 2.15, Regular Cappuccino - 2.15, Regular Smoothies - Carrot Kick - 2.00, Large Speciality Tea - Earl Grey - 1.60, Regular Espresso - 1.50, Regular Cappuccino - 2.15",11.55,CARD,8883525828017251
05/07/2024 13:31,London Brixton,Ruth Eller,"Regular Hot chocolate - 2.20, Regular Speciality Tea - Earl Grey - 1.30, Large Smoothies - Glowing Greens - 2.50, Regular Hot chocolate - 2.20",8.2,CARD,6693837724640561
05/07/2024 13:32,London Brixton,Susan Murray,"Large Iced americano - 2.50, Regular Smoothies - Glowing Greens - 2.00",4.5,CASH,
05/07/2024 13:33,London Brixton,Edward Valadez,"Large Frappes - Strawberries & Cream - 3.25, Large Frappes - Strawberries & Cream - 3.25, Large Hot chocolate - 2.90, Large Speciality Tea - Earl Grey - 1.60",11.0,CARD,5311145279775318
05/07/2024 13:34,London Brixton,Henry Wood,"Regular Hot chocolate - 2.20, Regular Frappes - Strawberries & Cream - 2.75, Large Espresso - 1.80, Large Espresso - 1.80, Regular Speciality Tea - Earl Grey - 1.30, Large Cappuccino - 2.45",12.3,CARD,2306842102321771
05/07/2024 13:35,London Brixton,Ernesto Taylor,"Regular Hot chocolate - 2.20, Large Smoothies - Carrot Kick - 2.50",4.7,CASH,
05/07/2024 13:36,London Brixton,Sarah Clayton,"Regular Smoothies - Carrot Kick - 2.00, Large Hot chocolate - 2.90, Regular Hot chocolate - 2.20, Regular Iced americano - 2.15",9.25,CARD,3151970198375166
05/07/2024 13:37,London Brixton,Raymond Sargent,"Large Cappuccino - 2.45, Large Speciality Tea - Earl Grey - 1.60, Regular Hot chocolate - 2.20",6.25,CARD,3599662949352318
05/07/2024 13:38,London Brixton,Porsha Nava,"Regular Smoothies - Carrot Kick - 2.00, Large Iced americano - 2.50, Large Smoothies - Carrot Kick - 2.50, Regular Speciality Tea - Earl Grey - 1.30, Regular Iced americano - 2.15",10.45,CARD,4410933554511965
05/07/2024 13:39,London Brixton,Donald Cook,Regular Smoothies - Carrot Kick - 2.00,2.0,CASH,
05/07/2024 13:40,London Brixton,Michael Croft,"Regular Smoothies - Glowing Greens - 2.00, Regular Hot chocolate - 2.20, Large Speciality Tea - Earl Grey - 1.60",5.8,CARD,9938262088714367
05/07/2024 13:41,London Brixton,Orlando Stubbs,"Regular Cappuccino - 2.15, Large Iced americano - 2.50",4.65,CARD,2439957907720780
05/07/2024 13:42,London Brixton,Alan Scorgie,"Large Hot chocolate - 2.90, Regular Smoothies - Glowing Greens - 2.00",4.9,CARD,6472735883260138
05/07/2024 13:42,London Brixton,Jame Weller,"Regular Espresso - 1.50, Regular Frappes - Strawberries & Cream - 2.75, Large Smoothies - Glowing Greens - 2.50, Regular Speciality Tea - Earl Grey - 1.30",8.05,CARD,3014712659052960
05/07/2024 13:43,London Brixton,Brian Garrett,"Regular Espresso - 1.50, Regular Cappuccino - 2.15, Large Espresso - 1.80",5.45,CARD,3162636672958180
05/07/2024 13:44,London Brixton,James Gharing,"Regular Cappuccino - 2.15, Large Smoothies - Glowing Greens - 2.50",4.65,CASH,
05/07/2024 13:45,London Brixton,Jeanette Johns,"Large Smoothies - Glowing Greens - 2.50, Large Speciality Tea - Earl Grey - 1.60, Regular Cappuccino - 2.15, Regular Hot chocolate - 2.20, Large Speciality Tea - Earl Grey - 1.60",10.05,CARD,2075093405517572
05/07/2024 13:46,London Brixton,Mary Legore,Large Espresso - 1.80,1.8,CARD,6468615040858825
05/07/2024 13:47,London Brixton,Margaret Kasten,"Large Smoothies - Carrot Kick - 2.50, Large Speciality Tea - Earl Grey - 1.60, Regular Hot chocolate - 2.20, Regular Hot chocolate - 2.20, Regular Hot chocolate - 2.20",10.7,CASH,
05/07/2024 13:48,London Brixton,James Bake,"Regular Hot chocolate - 2.20, Regular Speciality Tea - Earl Grey - 1.30, Regular Iced americano - 2.15, Large Smoothies - Carrot Kick - 2.50, Regular Frappes - Strawberries & Cream - 2.75, Regular Cappuccino - 2.15",13.05,CASH,
05/07/2024 13:49,London Brixton,Margaret Stracener,"Large Hot chocolate - 2.90, Large Cappuccino - 2.45, Regular Smoothies - Carrot Kick - 2.00, Large Iced americano - 2.50, Regular Hot chocolate - 2.20",12.05,CARD,3110324333130266
05/07/2024 13:50,London Brixton,Vernita Shetler,Regular Iced americano - 2.15,2.15,CARD,7479447643157462
05/07/2024 13:51,London Brixton,Kathy Hodge,"Regular Speciality Tea - Earl Grey - 1.30, Regular Iced americano - 2.15, Large Hot chocolate - 2.90, Regular Speciality Tea - Earl Grey - 1.30",7.65,CASH,
05/07/2024 13:52,London Brixton,Brian Fillmore,"Regular Cappuccino - 2.15, Regular Frappes - Strawberries & Cream - 2.75, Large Frappes - Strawberries & Cream - 3.25, Regular Iced americano - 2.15",10.3,CARD,2259099032110336
05/07/2024 13:53,London Brixton,Alice Loomis,Regular Espresso - 1.50,1.5,CARD,3616540200196556
05/07/2024 13:53,London Brixton,Judith Salisbury,"Regular Iced americano - 2.15, Large Iced americano - 2.50, Large Cappuccino - 2.45, Large Speciality Tea - Earl Grey - 1.60",8.7,CARD,3227552485733004
05/07/2024 13:54,London Brixton,Ed Fisher,"Large Smoothies - Glowing Greens - 2.50, Regular Smoothies - Carrot Kick - 2.00, Large Cappuccino - 2.45",6.95,CARD,1062297742141957
05/07/2024 13:55,London Brixton,Carl Thompson,"Regular Hot chocolate - 2.20, Large Smoothies - Glowing Greens - 2.50, Regular Iced americano - 2.15, Large Espresso - 1.80, Regular Speciality Tea - Earl Grey - 1.30",9.95,CARD,6908642448861903
05/07/2024 13:56,London Brixton,Bette Tzeremes,Regular Hot chocolate - 2.20,2.2,CARD,8385117538529890
05/07/2024 13:57,London Brixton,Leon Williams,"Large Espresso - 1.80, Regular Smoothies - Glowing Greens - 2.00, Regular Espresso - 1.50, Large Hot chocolate - 2.90, Regular Speciality Tea - Earl Grey - 1.30",9.5,CASH,
05/07/2024 13:58,London Brixton,Ruben Joseph,"Regular Iced americano - 2.15, Large Frappes - Strawberries & Cream - 3.25, Large Hot chocolate - 2.90, Regular Smoothies - Glowing Greens - 2.00",10.3,CARD,8648978397952922
05/07/2024 13:59,London Brixton,Steven Kamuda,"Large Smoothies - Carrot Kick - 2.50, Regular Espresso - 1.50, Large Iced americano - 2.50, Large Smoothies - Glowing Greens - 2.50",9.0,CARD,2841523561000701
05/07/2024 14:00,London Brixton,Janet Long,Large Speciality Tea - Earl Grey - 1.60,1.6,CARD,5984744741203039
05/07/2024 14:01,London Brixton,Julia Bruning,"Large Hot chocolate - 2.90, Large Cappuccino - 2.45, Regular Frappes - Strawberries & Cream - 2.75, Regular Cappuccino - 2.15",10.25,CASH,
05/07/2024 14:02,London Brixton,Peter Fredrick,"Regular Hot chocolate - 2.20, Large Espresso - 1.80",4.0,CASH,
05/07/2024 14:03,London Brixton,Jackie Peterson,"Regular Hot chocolate - 2.20, Large Espresso - 1.80, Regular Frappes - Strawberries & Cream - 2.75",6.75,CARD,9911684088464114
05/07/2024 14:04,London Brixton,Matthew Hatfield,"Large Smoothies - Glowing Greens - 2.50, Large Cappuccino - 2.45",4.95,CASH,
05/07/2024 14:05,London Brixton,William Parkman,"Large Iced americano - 2.50, Regular Smoothies - Carrot Kick - 2.00, Regular Smoothies - Glowing Greens - 2.00, Large Smoothies - Carrot Kick - 2.50, Large Smoothies - Glowing Greens - 2.50",11.5,CARD,9672161573237534
05/07/2024 14:06,London Brixton,Alisha Kelley,"Regular Speciality Tea - Earl Grey - 1.30, Large Frappes - Strawberries & Cream - 3.25, Regular Cappuccino - 2.15, Large Hot chocolate - 2.90",9.6,CARD,9774001003936855
05/07/2024 14:07,London Brixton,Dexter Dugger,Large Smoothies - Glowing Greens - 2.50,2.5,CASH,
05/07/2024 14:08,London Brixton,Joann Jones,"Large Smoothies - Carrot Kick - 2.50, Large Espresso - 1.80, Regular Iced americano - 2.15, Regular Hot chocolate - 2.20",8.65,CARD,1243682601681004
05/07/2024 14:09,London Brixton,Susan Bullock,"Regular Iced americano - 2.15, Regular Smoothies - Carrot Kick - 2.00, Regular Cappuccino - 2.15, Regular Espresso - 1.50, Large Frappes - Strawberries & Cream - 3.25",11.05,CARD,6321606441041466
05/07/2024 14:10,London Brixton,Mary Polit,"Large Cappuccino - 2.45, Large Hot chocolate - 2.90, Regular Hot chocolate - 2.20",7.55,CARD,3173552701759698
05/07/2024 14:11,London Brixton,Fannie Schmidt,"Regular Smoothies - Carrot Kick - 2.00, Large Frappes - Strawberries & Cream - 3.25, Large Cappuccino - 2.45, Large Frappes - Strawberries & Cream - 3.25",10.95,CARD,4618886439199253
05/07/2024 14:12,London Brixton,Edward Hillery,Regular Smoothies - Carrot Kick - 2.00,2.0,CASH,
05/07/2024 14:13,London Brixton,Delma Yuengling,Large Smoothies - Carrot Kick - 2.50,2.5,CARD,5526784638902374
05/07/2024 14:14,London Brixton,David Bingham,Regular Espresso - 1.50,1.5,CARD,1555141616967826
05/07/2024 14:15,London Brixton,Kristi Grubbs,"Regular Cappuccino - 2.15, Regular Hot chocolate - 2.20",4.35,CARD,3922251311403483
05/07/2024 14:16,London Brixton,Samantha Lane,"Large Cappuccino - 2.45, Large Iced americano - 2.50",4.95,CARD,8425089134461815
05/07/2024 14:17,London Brixton,Adam Domingo,"Large Frappes - Strawberries & Cream - 3.25, Large Hot chocolate - 2.90, Large Frappes - Strawberries & Cream - 3.25, Regular Smoothies - Glowing Greens - 2.00, Regular Speciality Tea - Earl Grey - 1.30, Large Iced americano - 2.50",15.2,CASH,
05/07/2024 14:18,London Brixton,Lynda Connors,"Large Espresso - 1.80, Regular Cappuccino - 2.15, Regular Espresso - 1.50, Large Espresso - 1.80, Regular Espresso - 1.50",8.75,CARD,7925073890265609
05/07/2024 14:19,London Brixton,Blake Baird,"Large Iced americano - 2.50, Large Smoothies - Carrot Kick - 2.50, Large Speciality Tea - Earl Grey - 1.60, Regular Smoothies - Carrot Kick - 2.00",8.6,CARD,3561644259597782
05/07/2024 14:20,London Brixton,Mary Rubio,"Regular Speciality Tea - Earl Grey - 1.30, Regular Frappes - Strawberries & Cream - 2.75, Large Espresso - 1.80",5.85,CASH,
05/07/2024 14:21,London Brixton,Richard Elbert,"Large Smoothies - Carrot Kick - 2.50, Large Speciality Tea - Earl Grey - 1.60",4.1,CARD,8933647167735676
05/07/2024 14:22,London Brixton,Blaine Rodriguez,"Large Smoothies - Carrot Kick - 2.50, Regular Smoothies - Carrot Kick - 2.00, Large Smoothies - Glowing Greens - 2.50",7.0,CARD,7527528701353803
05/07/2024 14:23,London Brixton,Marlene Opheim,"Regular Hot chocolate - 2.20, Large Hot chocolate - 2.90, Regular Hot chocolate - 2.20",7.3,CARD,1109973096999572
05/07/2024 14:23,London Brixton,Jimmy Washburn,Large Cappuccino - 2.45,2.45,CASH,
05/07/2024 14:24,London Brixton,Frances Mccormack,"Regular Iced americano - 2.15, Regular Speciality Tea - Earl Grey - 1.30, Regular Smoothies - Glowing Greens - 2.00, Regular Speciality Tea - Earl Grey - 1.30, Regular Iced americano - 2.15",8.9,CASH,
05/07/2024 14:25,London Brixton,Sergio Morsbach,Regular Speciality Tea - Earl Grey - 1.30,1.3,CARD,2796752059267114
05/07/2024 14:26,London Brixton,Claude Hill,"Large Speciality Tea - Earl Grey - 1.60, Regular Iced americano - 2.15",3.75,CARD,6643760544690254
05/07/2024 14:27,London Brixton,Sheila Sutphin,Large Speciality Tea - Earl Grey - 1.60,1.6,CARD,8113695642017515
05/07/2024 14:28,London Brixton,Charles King,"Large Iced americano - 2.50, Regular Hot chocolate - 2.20, Regular Frappes - Strawberries & Cream - 2.75, Large Espresso - 1.80",9.25,CARD,6166294737206515
05/07/2024 14:29,London Brixton,Lindsey Walker,Regular Speciality Tea - Earl Grey - 1.30,1.3,CARD,6479417892990843
05/07/2024 14:30,London Brixton,Nicholas Brown,"Regular Smoothies - Glowing Greens - 2.00, Large Speciality Tea - Earl Grey - 1.60",3.6,CARD,3132001312955600
05/07/2024 14:31,London Brixton,Anita Allen,"Regular Hot chocolate - 2.20, Large Iced americano - 2.50, Regular Cappuccino - 2.15, Regular Smoothies - Glowing Greens - 2.00, Regular Speciality Tea - Earl Grey - 1.30",10.15,CARD,9193199770502398
05/07/2024 14:32,London Brixton,Lessie Widmer,"Regular Frappes - Strawberries & Cream - 2.75, Large Cappuccino - 2.45",5.2,CARD,9842134851149662
05/07/2024 14:33,London Brixton,Jose Chamblee,"Regular Speciality Tea - Earl Grey - 1.30, Regular Smoothies - Carrot Kick - 2.00, Large Frappes - Strawberries & Cream - 3.25, Large Cappuccino - 2.45",9.0,CARD,1138443743218336
05/07/2024 14:34,London Brixton,Leslie Gomez,"Large Espresso - 1.80, Large Cappuccino - 2.45, Regular Iced americano - 2.15, Large Espresso - 1.80",8.2,CARD,5011982210503941
05/07/2024 14:35,London Brixton,Paul Richardson,Regular Cappuccino - 2.15,2.15,CARD,5090856570830631
05/07/2024 14:36,London Brixton,Harry Taliaferro,"Large Smoothies - Glowing Greens - 2.50, Large Hot chocolate - 2.90, Large Frappes - Strawberries & Cream - 3.25",8.65,CARD,2915697056389002
05/07/2024 14:37,London Brixton,Derek Lusk,"Large Smoothies - Carrot Kick - 2.50, Large Iced americano - 2.50",5.0,CARD,1801991937476222
05/07/2024 14:38,London Brixton,Luisa Gibbons,Regular Speciality Tea - Earl Grey - 1.30,1.3,CARD,7996637494264228
05/07/2024 14:39,London Brixton,David Bryant,"Large Smoothies - Glowing Greens - 2.50, Large Cappuccino - 2.45",4.95,CARD,4377524049734645
05/07/2024 14:40,London Brixton,Ronald Armijo,"Large Espresso - 1.80, Large Smoothies - Glowing Greens - 2.50, Large Frappes - Strawberries & Cream - 3.25, Regular Cappuccino - 2.15",9.7,CARD,3205125218038773
05/07/2024 14:41,London Brixton,Charles Smith,"Large Frappes - Strawberries & Cream - 3.25, Regular Smoothies - Glowing Greens - 2.00, Large Cappuccino - 2.45, Regular Smoothies - Carrot Kick - 2.00",9.7,CARD,9701431313932006
05/07/2024 14:42,London Brixton,Joanne Martinez,"Large Espresso - 1.80, Large Smoothies - Glowing Greens - 2.50, Regular Cappuccino - 2.15",6.45,CARD,9144526667497233
05/07/2024 14:43,London Brixton,Matthew George,"Large Smoothies - Glowing Greens - 2.50, Regular Speciality Tea - Earl Grey - 1.30, Regular Smoothies - Glowing Greens - 2.00, Regular Cappuccino - 2.15, Regular Espresso - 1.50, Regular Speciality Tea - Earl Grey - 1.30",10.75,CASH,
05/07/2024 14:44,London Brixton,Rebecca Teeter,"Large Espresso - 1.80, Large Cappuccino - 2.45, Regular Hot chocolate - 2.20, Regular Speciality Tea - Earl Grey - 1.30",7.75,CASH,
05/07/2024 14:45,London Brixton,Raul Gonzales,"Large Iced americano - 2.50, Large Espresso - 1.80, Regular Iced americano - 2.15",6.45,CARD,6665938267847049
05/07/2024 14:46,London Brixton,John Washington,"Large Speciality Tea - Earl Grey - 1.60, Regular Hot chocolate - 2.20, Regular Iced americano - 2.15",5.95,CASH,
05/07/2024 14:47,London Brixton,Summer Heling,"Regular Espresso - 1.50, Regular Iced americano - 2.15, Large Cappuccino - 2.45, Large Espresso - 1.80",7.9,CARD,8081204309450808
05/07/2024 14:48,London Brixton,Ashley Webre,"Regular Iced americano - 2.15, Large Smoothies - Glowing Greens - 2.50, Regular Smoothies - Carrot Kick - 2.00",6.65,CARD,1203192052733981
05/07/2024 14:49,London Brixton,Richard Tarvis,"Regular Cappuccino - 2.15, Regular Smoothies - Carrot Kick - 2.00, Regular Hot chocolate - 2.20, Large Hot chocolate - 2.90, Large Frappes - Strawberries & Cream - 3.25",12.5,CASH,
05/07/2024 14:50,London Brixton,Mark Ross,"Regular Smoothies - Glowing Greens - 2.00, Regular Hot chocolate - 2.20",4.2,CARD,4577327831547793
05/07/2024 14:51,London Brixton,Frank Mckemie,"Regular Cappuccino - 2.15, Large Espresso - 1.80",3.95,CARD,4931266585399651
05/07/2024 14:52,London Brixton,Ana Myron,"Regular Hot chocolate - 2.20, Regular Cappuccino - 2.15, Large Iced americano - 2.50, Large Iced americano - 2.50, Large Speciality Tea - Earl Grey - 1.60, Large Espresso - 1.80",12.75,CARD,3239464069610462
05/07/2024 14:53,London Brixton,Marcus Lewis,Large Smoothies - Glowing Greens - 2.50,2.5,CARD,6598721366103642
05/07/2024 14:54,London Brixton,Jacqueline Numbers,"Regular Smoothies - Glowing Greens - 2.00, Large Cappuccino - 2.45, Regular Iced americano - 2.15, Regular Hot chocolate - 2.20",8.8,CARD,1370303146906021
05/07/2024 14:55,London Brixton,Jerry Stoneburner,"Regular Frappes - Strawberries & Cream - 2.75, Large Speciality Tea - Earl Grey - 1.60",4.35,CARD,2416362409078558
05/07/2024 14:56,London Brixton,Georgia Dunaway,"Regular Hot chocolate - 2.20, Regular Hot chocolate - 2.20, Large Espresso - 1.80, Large Smoothies - Carrot Kick - 2.50, Large Smoothies - Glowing Greens - 2.50, Regular Smoothies - Glowing Greens - 2.00",13.2,CASH,
05/07/2024 14:57,London Brixton,Douglas York,Large Speciality Tea - Earl Grey - 1.60,1.6,CARD,3541953761379536
05/07/2024 14:58,London Brixton,Anthony Macleod,"Regular Cappuccino - 2.15, Regular Espresso - 1.50",3.65,CARD,3847866405160630
05/07/2024 14:59,London Brixton,Deborah Barrera,"Regular Smoothies - Glowing Greens - 2.00, Regular Cappuccino - 2.15, Large Cappuccino - 2.45",6.6,CARD,5253402374957175
05/07/2024 15:00,London Brixton,George Victor,"Large Smoothies - Carrot Kick - 2.50, Large Espresso - 1.80, Large Espresso - 1.80",6.1,CARD,2679488003929325
05/07/2024 15:02,London Brixton,Charles Baggett,"Regular Iced americano - 2.15, Large Hot chocolate - 2.90, Large Cappuccino - 2.45, Large Espresso - 1.80, Large Iced americano - 2.50, Regular Cappuccino - 2.15",13.95,CARD,6168519681904195
05/07/2024 15:03,London Brixton,Melvin Reimer,Large Smoothies - Glowing Greens - 2.50,2.5,CARD,8659180883224395
05/07/2024 15:05,London Brixton,David Przybyla,Large Smoothies - Glowing Greens - 2.50,2.5,CARD,6561365629534869
05/07/2024 15:07,London Brixton,Dorothy Self,"Large Frappes - Strawberries & Cream - 3.25, Large Frappes - Strawberries & Cream - 3.25",6.5,CASH,
05/07/2024 15:08,London Brixton,Karen James,"Regular Smoothies - Glowing Greens - 2.00, Regular Hot chocolate - 2.20, Large Speciality Tea - Earl Grey - 1.60, Large Smoothies - Glowing Greens - 2.50",8.3,CARD,5318800564633645
05/07/2024 15:10,London Brixton,Sharon Vrabel,"Large Speciality Tea - Earl Grey - 1.60, Regular Speciality Tea - Earl Grey - 1.30, Regular Cappuccino - 2.15, Regular Hot chocolate - 2.20",7.25,CASH,
05/07/2024 15:12,London Brixton,Jackie Trias,"Regular Iced americano - 2.15, Large Speciality Tea - Earl Grey - 1.60",3.75,CARD,9429968233656012
05/07/2024 15:13,London Brixton,Bobbie Davidson,Large Frappes - Strawberries & Cream - 3.25,3.25,CASH,
05/07/2024 15:15,London Brixton,Robert Mihm,"Regular Smoothies - Glowing Greens - 2.00, Large Iced americano - 2.50",4.5,CARD,1457650381787879
05/07/2024 15:17,London Brixton,Kimberly Greenwood,"Regular Frappes - Strawberries & Cream - 2.75, Large Iced americano - 2.50",5.25,CASH,
05/07/2024 15:19,London Brixton,Heather Schmidt,"Regular Speciality Tea - Earl Grey - 1.30, Large Frappes - Strawberries & Cream - 3.25",4.55,CASH,
05/07/2024 15:20,London Brixton,Kim Hsu,"Large Smoothies - Carrot Kick - 2.50, Regular Cappuccino - 2.15, Regular Smoothies - Carrot Kick - 2.00",6.65,CASH,
05/07/2024 15:22,London Brixton,Mary Thivierge,Large Cappuccino - 2.45,2.45,CARD,1508113769489384
05/07/2024 15:24,London Brixton,Raymond Williams,"Regular Smoothies - Glowing Greens - 2.00, Large Iced americano - 2.50",4.5,CASH,
05/07/2024 15:25,London Brixton,Ann Carter,"Large Hot chocolate - 2.90, Large Espresso - 1.80, Regular Smoothies - Glowing Greens - 2.00",6.7,CARD,1188181729968326
05/07/2024 15:27,London Brixton,Pedro Platt,"Large Hot chocolate - 2.90, Large Smoothies - Carrot Kick - 2.50",5.4,CARD,2182932281323177
05/07/2024 15:29,London Brixton,Lowell Pilcher,"Large Hot chocolate - 2.90, Large Frappes - Strawberries & Cream - 3.25",6.15,CASH,
05/07/2024 15:31,London Brixton,Mable Grubbs,"Large Frappes - Strawberries & Cream - 3.25, Regular Smoothies - Glowing Greens - 2.00, Regular Cappuccino - 2.15, Large Smoothies - Carrot Kick - 2.50",9.9,CASH,
05/07/2024 15:32,London Brixton,Ted Ernest,Large Speciality Tea - Earl Grey - 1.60,1.6,CASH,
05/07/2024 15:34,London Brixton,Autumn Buell,"Regular Iced americano - 2.15, Large Smoothies - Carrot Kick - 2.50, Regular Smoothies - Glowing Greens - 2.00, Large Speciality Tea - Earl Grey - 1.60",8.25,CASH,
05/07/2024 15:36,London Brixton,James Ray,Regular Speciality Tea - Earl Grey - 1.30,1.3,CARD,2800092978600907
05/07/2024 15:37,London Brixton,Walter Knutsen,Large Frappes - Strawberries & Cream - 3.25,3.25,CARD,2220807635937109
05/07/2024 15:39,London Brixton,Roger Blake,"Regular Speciality Tea - Earl Grey - 1.30, Large Speciality Tea - Earl Grey - 1.60, Regular Frappes - Strawberries & Cream - 2.75",5.65,CARD,1500428213108396
05/07/2024 15:41,London Brixton,Dennis Sweet,"Regular Speciality Tea - Earl Grey - 1.30, Large Smoothies - Carrot Kick - 2.50",3.8,CASH,
05/07/2024 15:42,London Brixton,Dane Sessions,"Large Smoothies - Carrot Kick - 2.50, Large Smoothies - Glowing Greens - 2.50",5.0,CASH,
05/07/2024 15:44,London Brixton,Fannie Ballard,Regular Iced americano - 2.15,2.15,CASH,
05/07/2024 15:46,London Brixton,Emelina Villalobos,Regular Speciality Tea - Earl Grey - 1.30,1.3,CARD,4478992474468178
05/07/2024 15:48,London Brixton,Virginia Poole,"Large Iced americano - 2.50, Regular Iced americano - 2.15, Regular Smoothies - Glowing Greens - 2.00",6.65,CARD,7886723966542129
05/07/2024 15:49,London Brixton,Alice Labbe,"Regular Hot chocolate - 2.20, Regular Espresso - 1.50, Large Smoothies - Glowing Greens - 2.50",6.2,CARD,4413690192946081
05/07/2024 15:51,London Brixton,Jackie William,Regular Speciality Tea - Earl Grey - 1.30,1.3,CARD,4694531208891734
05/07/2024 15:53,London Brixton,Cristina Underwood,"Regular Espresso - 1.50, Large Hot chocolate - 2.90",4.4,CARD,3314818789763170
05/07/2024 15:54,London Brixton,Edna Simmons,Large Smoothies - Carrot Kick - 2.50,2.5,CASH,
05/07/2024 15:56,London Brixton,Robyn Melendez,"Regular Hot chocolate - 2.20, Large Cappuccino - 2.45",4.65,CARD,7379142504181380
05/07/2024 15:58,London Brixton,Joy Walther,Large Smoothies - Glowing Greens - 2.50,2.5,CARD,5297207988932634
05/07/2024 16:00,London Brixton,Bernadette Cutler,"Large Iced americano - 2.50, Regular Frappes - Strawberries & Cream - 2.75",5.25,CARD,2138824454018657
05/07/2024 16:03,London Brixton,Heather Whitley,"Regular Espresso - 1.50, Regular Iced americano - 2.15",3.65,CASH,
05/07/2024 16:06,London Brixton,Paul Sanchez,"Regular Frappes - Strawberries & Cream - 2.75, Large Iced americano - 2.50",5.25,CASH,
05/07/2024 16:09,London Brixton,Ashley Chapman,"Regular Iced americano - 2.15, Regular Hot chocolate - 2.20",4.35,CARD,6217369369577686
05/07/2024 16:12,London Brixton,Shelly Bush,"Large Espresso - 1.80, Large Frappes - Strawberries & Cream - 3.25",5.05,CARD,2209219132285719
05/07/2024 16:15,London Brixton,Chris Goodman,"Large Speciality Tea - Earl Grey - 1.60, Large Espresso - 1.80, Large Iced americano - 2.50, Regular Hot chocolate - 2.20, Large Smoothies - Carrot Kick - 2.50, Regular Frappes - Strawberries & Cream - 2.75",13.35,CARD,5125948515039423
05/07/2024 16:18,London Brixton,Salvador Baca,Regular Iced americano - 2.15,2.15,CASH,
05/07/2024 16:22,London Brixton,William Martin,"Large Frappes - Strawberries & Cream - 3.25, Regular Frappes - Strawberries & Cream - 2.75, Large Hot chocolate - 2.90",8.9,CARD,8439786235544193
05/07/2024 16:25,London Brixton,Roger Lafleur,"Large Speciality Tea - Earl Grey - 1.60, Large Espresso - 1.80, Regular Cappuccino - 2.15, Large Espresso - 1.80",7.35,CARD,9616209846725395
05/07/2024 16:28,London Brixton,Van Desai,"Regular Iced americano - 2.15, Large Smoothies - Glowing Greens - 2.50, Large Speciality Tea - Earl Grey - 1.60, Large Frappes - Strawberries & Cream - 3.25, Regular Smoothies - Carrot Kick - 2.00",11.5,CASH,
05/07/2024 16:31,London Brixton,Kelly Sharkey,"Large Iced americano - 2.50, Large Smoothies - Carrot Kick - 2.50",5.0,CARD,4094501731735843
05/07/2024 16:34,London Brixton,Elizabeth Knowles,"Large Smoothies - Carrot Kick - 2.50, Large Smoothies - Glowing Greens - 2.50",5.0,CASH,
05/07/2024 16:37,London Brixton,Janet Snow,"Large Hot chocolate - 2.90, Regular Cappuccino - 2.15, Large Smoothies - Carrot Kick - 2.50",7.55,CARD,8839964198449098
05/07/2024 16:41,London Brixton,Diego Faulkner,Regular Smoothies - Glowing Greens - 2.00,2.0,CARD,1093516801704825
05/07/2024 16:44,London Brixton,Jody Howard,"Regular Hot chocolate - 2.20, Regular Smoothies - Carrot Kick - 2.00, Large Frappes - Strawberries & Cream - 3.25",7.45,CARD,8263709676782735
05/07/2024 16:47,London Brixton,Kris Outlaw,"Regular Smoothies - Glowing Greens - 2.00, Regular Espresso - 1.50, Regular Cappuccino - 2.15",5.65,CASH,
05/07/2024 16:50,London Brixton,Victoria Wetherell,"Large Smoothies - Glowing Greens - 2.50, Regular Cappuccino - 2.15, Regular Smoothies - Glowing Greens - 2.00, Large Smoothies - Glowing Greens - 2.50",9.15,CARD,1216073153237535
05/07/2024 16:53,London Brixton,Michael Smith,"Large Smoothies - Carrot Kick - 2.50, Regular Smoothies - Carrot Kick - 2.00, Regular Smoothies - Carrot Kick - 2.00",6.5,CARD,2649745336807533
05/07/2024 16:56,London Brixton,Cassandra Doney,"Large Smoothies - Carrot Kick - 2.50, Large Smoothies - Carrot Kick - 2.50, Regular Cappuccino - 2.15, Regular Smoothies - Carrot Kick - 2.00, Regular Iced americano - 2.15",11.3,CARD,6449892904424203
05/07/2024 16:59,London Brixton,Kayla Naber,"Large Hot chocolate - 2.90, Regular Cappuccino - 2.15",5.05,CASH,
05/07/2024 17:03,London Brixton,Joshua Benfield,"Regular Hot chocolate - 2.20, Large Hot chocolate - 2.90",5.1,CASH,
05/07/2024 17:05,London Brixton,Kenneth Crabill,"Regular Smoothies - Carrot Kick - 2.00, Large Smoothies - Carrot Kick - 2.50",4.5,CARD,2975298499124729
05/07/2024 17:07,London Brixton,Albert Starkey,"Large Smoothies - Carrot Kick - 2.50, Regular Frappes - Strawberries & Cream - 2.75",5.25,CARD,4784958499307605
05/07/2024 17:10,London Brixton,Rosamaria Sawyer,Regular Speciality Tea - Earl Grey - 1.30,1.3,CASH,
05/07/2024 17:12,London Brixton,Jane Johnson,Regular Speciality Tea - Earl Grey - 1.30,1.3,CASH,
05/07/2024 17:15,London Brixton,Joseph Painter,"Regular Hot chocolate - 2.20, Large Cappuccino - 2.45, Regular Speciality Tea - Earl Grey - 1.30, Large Smoothies - Glowing Greens - 2.50, Large Speciality Tea - Earl Grey - 1.60",10.05,CASH,
05/07/2024 17:17,London Brixton,Sarah Cannon,"Large Iced americano - 2.50, Large Espresso - 1.80, Regular Speciality Tea - Earl Grey - 1.30, Large Cappuccino - 2.45, Large Cappuccino - 2.45",10.5,CARD,9316429634468797
05/07/2024 17:19,London Brixton,Joyce Underdown,"Large Frappes - Strawberries & Cream - 3.25, Large Smoothies - Carrot Kick - 2.50, Large Smoothies - Glowing Greens - 2.50, Regular Speciality Tea - Earl Grey - 1.30, Large Iced americano - 2.50",12.05,CARD,8310189656624901
05/07/2024 17:22,London Brixton,Frances Smith,"Large Cappuccino - 2.45, Regular Iced americano - 2.15",4.6,CASH,
05/07/2024 17:24,London Brixton,Krista Colston,Large Speciality Tea - Earl Grey - 1.60,1.6,CARD,6969644427848006
05/07/2024 17:27,London Brixton,Benjamin Scott,"Regular Smoothies - Glowing Greens - 2.00, Regular Espresso - 1.50, Regular Espresso - 1.50, Large Smoothies - Glowing Greens - 2.50",7.5,CARD,1242621811830581
05/07/2024 17:29,London Brixton,Dennis Laird,"Large Smoothies - Glowing Greens - 2.50, Large Espresso - 1.80",4.3,CARD,4181229358420662
05/07/2024 17:31,London Brixton,Karen Parnell,"Large Espresso - 1.80, Regular Smoothies - Carrot Kick - 2.00",3.8,CARD,7996073474865419
05/07/2024 17:34,London Brixton,Marica Smith,"Regular Smoothies - Glowing Greens - 2.00, Large Smoothies - Glowing Greens - 2.50, Large Iced americano - 2.50",7.0,CARD,1070853936127599
05/07/2024 17:36,London Brixton,Melissa Givens,"Regular Hot chocolate - 2.20, Regular Smoothies - Glowing Greens - 2.00, Regular Speciality Tea - Earl Grey - 1.30",5.5,CARD,1298874070775755
05/07/2024 17:39,London Brixton,Theresa Mangano,Large Cappuccino - 2.45,2.45,CARD,8812758283582472
05/07/2024 17:41,London Brixton,Mary Mccray,Large Smoothies - Carrot Kick - 2.50,2.5,CASH,
05/07/2024 17:43,London Brixton,Terry Dannels,"Regular Speciality Tea - Earl Grey - 1.30, Regular Smoothies - Carrot Kick - 2.00, Regular Smoothies - Glowing Greens - 2.00, Large Speciality Tea - Earl Grey - 1.60, Large Hot chocolate - 2.90, Regular Smoothies - Carrot Kick - 2.00",11.8,CARD,5449935043817438
05/07/2024 17:46,London Brixton,Dorothy Azulay,"Regular Smoothies - Carrot Kick - 2.00, Regular Speciality Tea - Earl Grey - 1.30, Large Smoothies - Carrot Kick - 2.50, Regular Iced americano - 2.15",7.95,CARD,8827076304769637
05/07/2024 17:48,London Brixton,Verna Nelson,"Large Espresso - 1.80, Large Iced americano - 2.50, Large Cappuccino - 2.45, Large Speciality Tea - Earl Grey - 1.60, Regular Iced americano - 2.15",10.5,CARD,8356910098365062
05/07/2024 17:51,London Brixton,Gail Moore,"Large Speciality Tea - Earl Grey - 1.60, Large Hot chocolate - 2.90, Regular Hot chocolate - 2.20, Large Smoothies - Glowing Greens - 2.50",9.2,CASH,
05/07/2024 17:53,London Brixton,Tamara Oldham,Regular Iced americano - 2.15,2.15,CARD,6920627209260663
05/07/2024 17:55,London Brixton,Michael Gordon,"Large Smoothies - Carrot Kick - 2.50, Large Cappuccino - 2.45, Regular Frappes - Strawberries & Cream - 2.75, Large Smoothies - Glowing Greens - 2.50, Regular Espresso - 1.50",11.7,CARD,7088313738090645
05/07/2024 17:58,London Brixton,Evelyn Thacher,"Large Iced americano - 2.50, Regular Smoothies - Carrot Kick - 2.00, Regular Espresso - 1.50",6.0,CASH,
05/07/2024 18:00,London Brixton,Ida Ross,"Regular Cappuccino - 2.15, Regular Hot chocolate - 2.20, Large Espresso - 1.80",6.15,CASH,
05/07/2024 18:02,London Brixton,Chuck Deleo,Regular Frappes - Strawberries & Cream - 2.75,2.75,CASH,
05/07/2024 18:04,London Brixton,Yolanda Justen,"Large Smoothies - Glowing Greens - 2.50, Large Smoothies - Glowing Greens - 2.50, Regular Hot chocolate - 2.20, Large Smoothies - Glowing Greens - 2.50, Regular Smoothies - Carrot Kick - 2.00",11.7,CARD,3450628939233411
05/07/2024 18:07,London Brixton,Vickie Fogle,Regular Cappuccino - 2.15,2.15,CARD,5944627164828456
05/07/2024 18:09,London Brixton,Andrew Ward,"Regular Smoothies - Glowing Greens - 2.00, Large Smoothies - Glowing Greens - 2.50",4.5,CARD,6251427161108962
05/07/2024 18:11,London Brixton,Leigh Corcoran,Large Speciality Tea - Earl Grey - 1.60,1.6,CARD,6067159039976627
05/07/2024 18:13,London Brixton,Johnny Williford,"Large Cappuccino - 2.45, Large Hot chocolate - 2.90, Regular Espresso - 1.50, Regular Speciality Tea - Earl Grey - 1.30, Regular Espresso - 1.50",9.65,CARD,9965522563843532
05/07/2024 18:15,London Brixton,Claudia Coleman,Large Smoothies - Carrot Kick - 2.50,2.5,CASH,
05/07/2024 18:17,London Brixton,Terry Chong,"Large Iced americano - 2.50, Regular Iced americano - 2.15, Large Hot chocolate - 2.90, Regular Cappuccino - 2.15, Regular Espresso - 1.50",11.2,CARD,8905827498330650
05/07/2024 18:19,London Brixton,Sharon Smith,"Regular Hot chocolate - 2.20, Regular Smoothies - Glowing Greens - 2.00, Regular Smoothies - Carrot Kick - 2.00, Large Smoothies - Carrot Kick - 2.50, Large Cappuccino - 2.45, Large Speciality Tea - Earl Grey - 1.60",12.75,CASH,
05/07/2024 18:21,London Brixton,Rebecca Morgan,"Large Espresso - 1.80, Large Cappuccino - 2.45, Large Speciality Tea - Earl Grey - 1.60, Large Iced americano - 2.50",8.35,CARD,5459190478517682
05/07/2024 18:24,London Brixton,Andrew Drain,"Large Iced americano - 2.50, Regular Frappes - Strawberries & Cream - 2.75",5.25,CARD,1444583715357793
05/07/2024 18:26,London Brixton,Ali Henderson,"Large Hot chocolate - 2.90, Large Smoothies - Glowing Greens - 2.50, Regular Smoothies - Carrot Kick - 2.00",7.4,CARD,5517100734171053
05/07/2024 18:28,London Brixton,Helen Robinson,"Regular Espresso - 1.50, Regular Frappes - Strawberries & Cream - 2.75",4.25,CASH,
05/07/2024 18:30,London Brixton,Christina Hurst,"Large Frappes - Strawberries & Cream - 3.25, Large Smoothies - Glowing Greens - 2.50, Large Smoothies - Carrot Kick - 2.50, Regular Iced americano - 2.15",10.4,CARD,8248103079482371
05/07/2024 18:32,London Brixton,Bonnie Maldonado,Regular Cappuccino - 2.15,2.15,CARD,5047529653210121
05/07/2024 18:34,London Brixton,Johnny Renolds,Large Iced americano - 2.50,2.5,CARD,2241133998693650
05/07/2024 18:36,London Brixton,Hector Price,"Large Smoothies - Carrot Kick - 2.50, Regular Iced americano - 2.15, Large Smoothies - Glowing Greens - 2.50, Large Cappuccino - 2.45, Large Iced americano - 2.50",12.1,CARD,2442999538190057
05/07/2024 18:39,London Brixton,Eugene Spurlock,Regular Cappuccino - 2.15,2.15,CARD,8709100068729686
05/07/2024 18:41,London Brixton,Susana Whorley,Regular Iced americano - 2.15,2.15,CARD,6181262652155393
05/07/2024 18:43,London Brixton,Grace Emery,"Large Frappes - Strawberries & Cream - 3.25, Large Hot chocolate - 2.90, Large Smoothies - Carrot Kick - 2.50, Regular Smoothies - Glowing Greens - 2.00",10.65,CARD,1742231214537659
05/07/2024 18:45,London Brixton,Suzanne Emery,"Regular Speciality Tea - Earl Grey - 1.30, Large Hot chocolate - 2.90, Regular Smoothies - Glowing Greens - 2.00, Regular Smoothies - Glowing Greens - 2.00, Large Smoothies - Carrot Kick - 2.50",10.7,CARD,9264168175442157
05/07/2024 18:47,London Brixton,Irene Rybicki,"Large Speciality Tea - Earl Grey - 1.60, Large Smoothies - Glowing Greens - 2.50",4.1,CARD,5572139669154279
05/07/2024 18:49,London Brixton,Rita Conner,Large Frappes - Strawberries & Cream - 3.25,3.25,CARD,1894008841823567
05/07/2024 18:51,London Brixton,Jennifer Aust,Large Smoothies - Glowing Greens - 2.50,2.5,CARD,1686987094863793
05/07/2024 18:53,London Brixton,Lawrence Marchant,"Regular Smoothies - Glowing Greens - 2.00, Regular Frappes - Strawberries & Cream - 2.75",4.75,CARD,5437829437669877
05/07/2024 18:56,London Brixton,Mark Sims,"Large Espresso - 1.80, Regular Smoothies - Glowing Greens - 2.00",3.8,CARD,6093243702846863
05/07/2024 18:58,London Brixton,Jerome Moore,"Large Hot chocolate - 2.90, Regular Hot chocolate - 2.20, Regular Hot chocolate - 2.20",7.3,CARD,5407421208537744
05/07/2024 19:00,London Brixton,Jerry Trias,"Regular Cappuccino - 2.15, Regular Smoothies - Carrot Kick - 2.00",4.15,CARD,8506128845012940
05/07/2024 19:01,London Brixton,Jacqueline Venson,"Regular Iced americano - 2.15, Large Smoothies - Glowing Greens - 2.50",4.65,CARD,4497486758318306
05/07/2024 19:03,London Brixton,Sarah Lee,"Large Smoothies - Carrot Kick - 2.50, Regular Espresso - 1.50, Regular Cappuccino - 2.15, Large Frappes - Strawberries & Cream - 3.25, Regular Smoothies - Glowing Greens - 2.00",11.4,CARD,3141987089042308
05/07/2024 19:04,London Brixton,Veronica May,"Regular Espresso - 1.50, Large Iced americano - 2.50",4.0,CASH,
05/07/2024 19:05,London Brixton,Ollie Boutin,"Regular Hot chocolate - 2.20, Large Speciality Tea - Earl Grey - 1.60, Large Speciality Tea - Earl Grey - 1.60, Regular Smoothies - Carrot Kick - 2.00, Large Smoothies - Carrot Kick - 2.50",9.9,CARD,5067998541389979
05/07/2024 19:07,London Brixton,Henry Washington,"Regular Frappes - Strawberries & Cream - 2.75, Large Smoothies - Glowing Greens - 2.50, Large Smoothies - Glowing Greens - 2.50",7.75,CARD,8109112480267945
05/07/2024 19:08,London Brixton,Francisco Curl,Large Speciality Tea - Earl Grey - 1.60,1.6,CARD,7297476004321309
05/07/2024 19:09,London Brixton,Carolyn Conrad,Large Speciality Tea - Earl Grey - 1.60,1.6,CARD,4041525854857371
05/07/2024 19:11,London Brixton,Margaret Martin,Regular Iced americano - 2.15,2.15,CARD,7267225165805164
05/07/2024 19:12,London Brixton,Michael Morgan,"Regular Smoothies - Glowing Greens - 2.00, Large Smoothies - Glowing Greens - 2.50",4.5,CASH,
05/07/2024 19:13,London Brixton,Suzanna Dye,"Large Speciality Tea - Earl Grey - 1.60, Regular Cappuccino - 2.15, Regular Smoothies - Carrot Kick - 2.00, Large Hot chocolate - 2.90, Regular Iced americano - 2.15",10.8,CASH,
05/07/2024 19:15,London Brixton,William Crisp,"Regular Iced americano - 2.15, Large Cappuccino - 2.45",4.6,CARD,6005241558284254
05/07/2024 19:16,London Brixton,Alfred Carter,Large Espresso - 1.80,1.8,CARD,1539760014714020
05/07/2024 19:17,London Brixton,Gordon Cobb,Regular Iced americano - 2.15,2.15,CARD,5703632343477819
05/07/2024 19:19,London Brixton,David Knighten,"Regular Iced americano - 2.15, Large Speciality Tea - Earl Grey - 1.60, Large Smoothies - Glowing Greens - 2.50",6.25,CARD,5858134063737331
05/07/2024 19:20,London Brixton,Arlene Reposa,"Regular Iced americano - 2.15, Regular Cappuccino - 2.15, Regular Espresso - 1.50, Large Smoothies - Glowing Greens - 2.50, Regular Smoothies - Glowing Greens - 2.00",10.3,CARD,4817589061403560
05/07/2024 19:22,London Brixton,Mattie Casey,"Regular Smoothies - Carrot Kick - 2.00, Regular Speciality Tea - Earl Grey - 1.30",3.3,CASH,
05/07/2024 19:23,London Brixton,Juliann Chen,"Large Smoothies - Carrot Kick - 2.50, Large Smoothies - Glowing Greens - 2.50",5.0,CASH,
05/07/2024 19:24,London Brixton,Donald Thomas,"Large Iced americano - 2.50, Large Speciality Tea - Earl Grey - 1.60, Regular Frappes - Strawberries & Cream - 2.75",6.85,CARD,8745829547696706
05/07/2024 19:26,London Brixton,Wanda Gillespie,"Regular Hot chocolate - 2.20, Large Smoothies - Carrot Kick - 2.50, Large Espresso - 1.80, Regular Cappuccino - 2.15, Large Speciality Tea - Earl Grey - 1.60",10.25,CARD,8342023363139547
05/07/2024 19:27,London Brixton,Essie Minucci,"Regular Espresso - 1.50, Large Speciality Tea - Earl Grey - 1.60, Regular Iced americano - 2.15, Large Smoothies - Carrot Kick - 2.50, Regular Iced americano - 2.15",9.9,CARD,3967876631790056
05/07/2024 19:28,London Brixton,Lupe Morgan,Large Smoothies - Carrot Kick - 2.50,2.5,CASH,
05/07/2024 19:30,London Brixton,Julia Hickman,"Regular Hot chocolate - 2.20, Regular Espresso - 1.50, Large Smoothies - Carrot Kick - 2.50",6.2,CARD,1310739998468288
05/07/2024 19:31,London Brixton,Natalie Chau,Large Frappes - Strawberries & Cream - 3.25,3.25,CARD,6060274961998171
05/07/2024 19:32,London Brixton,Kenneth Quimby,"Regular Hot chocolate - 2.20, Regular Speciality Tea - Earl Grey - 1.30, Regular Cappuccino - 2.15",5.65,CARD,9645102644928021
05/07/2024 19:34,London Brixton,Cynthia Williams,"Regular Iced americano - 2.15, Regular Smoothies - Carrot Kick - 2.00, Large Hot chocolate - 2.90, Large Smoothies - Glowing Greens - 2.50, Regular Iced americano - 2.15",11.7,CARD,7780059825957449
05/07/2024 19:35,London Brixton,Norma Dessecker,"Large Frappes - Strawberries & Cream - 3.25, Large Iced americano - 2.50",5.75,CARD,3393943303519178
05/07/2024 19:36,London Brixton,Claudia Falkner,Regular Frappes - Strawberries & Cream - 2.75,2.75,CARD,8743372693075372
05/07/2024 19:38,London Brixton,Kandis Fitzgerald,Large Hot chocolate - 2.90,2.9,CARD,5558124387658272
05/07/2024 19:39,London Brixton,Man Clark,"Regular Cappuccino - 2.15, Regular Speciality Tea - Earl Grey - 1.30, Large Smoothies - Glowing Greens - 2.50, Regular Smoothies - Carrot Kick - 2.00, Large Speciality Tea - Earl Grey - 1.60, Large Espresso - 1.80",11.35,CARD,3831528560280747
05/07/2024 19:40,London Brixton,Dorothy Rice,"Regular Cappuccino - 2.15, Large Smoothies - Carrot Kick - 2.50, Regular Espresso - 1.50",6.15,CARD,6370829829458111
05/07/2024 19:42,London Brixton,Alice Loos,"Regular Smoothies - Glowing Greens - 2.00, Large Smoothies - Carrot Kick - 2.50, Regular Iced americano - 2.15, Regular Smoothies - Glowing Greens - 2.00, Regular Smoothies - Carrot Kick - 2.00",10.65,CASH,
05/07/2024 19:43,London Brixton,Robert Didonna,"Regular Espresso - 1.50, Regular Iced americano - 2.15, Large Speciality Tea - Earl Grey - 1.60, Large Smoothies - Glowing Greens - 2.50",7.75,CARD,5586960130159404
05/07/2024 19:44,London Brixton,Harold Wood,"Regular Speciality Tea - Earl Grey - 1.30, Regular Frappes - Strawberries & Cream - 2.75, Large Speciality Tea - Earl Grey - 1.60, Regular Smoothies - Carrot Kick - 2.00, Large Smoothies - Glowing Greens - 2.50",10.15,CARD,5566547750844117
05/07/2024 19:46,London Brixton,James Hooper,"Large Frappes - Strawberries & Cream - 3.25, Large Cappuccino - 2.45, Regular Cappuccino - 2.15, Large Speciality Tea - Earl Grey - 1.60",9.45,CARD,8246121486037964
05/07/2024 19:47,London Brixton,Irma Rice,"Large Frappes - Strawberries & Cream - 3.25, Large Iced americano - 2.50",5.75,CARD,1550067112878915
05/07/2024 19:49,London Brixton,Lois Smith,Large Espresso - 1.80,1.8,CASH,
05/07/2024 19:50,London Brixton,Henry Dierking,"Regular Smoothies - Glowing Greens - 2.00, Large Frappes - Strawberries & Cream - 3.25, Regular Smoothies - Carrot Kick - 2.00",7.25,CARD,2200116375132526
05/07/2024 19:51,London Brixton,Justin Moore,Regular Iced americano - 2.15,2.15,CARD,2158001099419140
05/07/2024 19:53,London Brixton,Richard Timmons,Large Cappuccino - 2.45,2.45,CARD,1485620797564432
05/07/2024 19:54,London Brixton,Elena Debaecke,"Large Cappuccino - 2.45, Large Hot chocolate - 2.90",5.35,CARD,4835320409696303
05/07/2024 19:55,London Brixton,Madeline White,Regular Smoothies - Glowing Greens - 2.00,2.0,CASH,
05/07/2024 19:57,London Brixton,Valentine Gray,"Large Smoothies - Carrot Kick - 2.50, Large Frappes - Strawberries & Cream - 3.25, Regular Smoothies - Glowing Greens - 2.00, Large Espresso - 1.80, Regular Cappuccino - 2.15",11.7,CARD,5874928241303887
05/07/2024 19:58,London Brixton,Jerry Christie,Large Frappes - Strawberries & Cream - 3.25,3.25,CASH,
05/07/2024 19:59,London Brixton,Charles Alvarez,Regular Frappes - Strawberries & Cream - 2.75,2.75,CARD,1214059454932360
05/07/2024 20:01,London Brixton,Leslie Eggimann,"Regular Smoothies - Carrot Kick - 2.00, Large Smoothies - Glowing Greens - 2.50, Regular Hot chocolate - 2.20, Large Smoothies - Glowing Greens - 2.50",9.2,CARD,8506227098783838
05/07/2024 20:03,London Brixton,Kristen Mccray,"Regular Frappes - Strawberries & Cream - 2.75, Large Speciality Tea - Earl Grey - 1.60",4.35,CASH,
05/07/2024 20:06,London Brixton,Joseph Horn,"Regular Frappes - Strawberries & Cream - 2.75, Regular Speciality Tea - Earl Grey - 1.30, Regular Hot chocolate - 2.20",6.25,CARD,8622245126320170
05/07/2024 20:08,London Brixton,Madelyn Wright,"Large Espresso - 1.80, Large Cappuccino - 2.45",4.25,CARD,9864407022265438
05/07/2024 20:10,London Brixton,Jeffrey Mcgill,Large Speciality Tea - Earl Grey - 1.60,1.6,CARD,9098695791551959
05/07/2024 20:13,London Brixton,Jane Silva,"Regular Speciality Tea - Earl Grey - 1.30, Large Smoothies - Glowing Greens - 2.50, Regular Cappuccino - 2.15, Regular Hot chocolate - 2.20",8.15,CASH,
05/07/2024 20:15,London Brixton,William Fleek,Large Smoothies - Carrot Kick - 2.50,2.5,CARD,6670851539708239
05/07/2024 20:18,London Brixton,Catherine Rau,"Large Iced americano - 2.50, Regular Frappes - Strawberries & Cream - 2.75, Large Smoothies - Carrot Kick - 2.50, Large Cappuccino - 2.45, Large Frappes - Strawberries & Cream - 3.25",13.45,CARD,2491925362077420
05/07/2024 20:20,London Brixton,Denise Sandigo,"Large Hot chocolate - 2.90, Large Frappes - Strawberries & Cream - 3.25, Regular Espresso - 1.50, Large Speciality Tea - Earl Grey - 1.60, Regular Iced americano - 2.15, Regular Espresso - 1.50",12.9,CARD,7113286189499888
05/07/2024 20:22,London Brixton,Johnnie Derossett,"Regular Cappuccino - 2.15, Regular Iced americano - 2.15",4.3,CARD,7958319740929046
05/07/2024 20:25,London Brixton,David Grover,"Large Frappes - Strawberries & Cream - 3.25, Regular Cappuccino - 2.15, Large Cappuccino - 2.45, Regular Iced americano - 2.15, Regular Espresso - 1.50",11.5,CASH,
05/07/2024 20:27,London Brixton,Donna Swanson,Regular Speciality Tea - Earl Grey - 1.30,1.3,CASH,
05/07/2024 20:30,London Brixton,Gerald Larson,"Regular Smoothies - Carrot Kick - 2.00, Regular Iced americano - 2.15, Regular Smoothies - Carrot Kick - 2.00",6.15,CARD,4683749209204526
05/07/2024 20:32,London Brixton,Alan Welch,"Large Smoothies - Glowing Greens - 2.50, Large Espresso - 1.80, Regular Cappuccino - 2.15, Large Cappuccino - 2.45",8.9,CARD,7668124260388594
05/07/2024 20:34,London Brixton,Martha Houston,"Regular Iced americano - 2.15, Large Smoothies - Glowing Greens - 2.50, Large Hot chocolate - 2.90",7.55,CARD,4545561516679441
05/07/2024 20:37,London Brixton,James Barr,"Large Cappuccino - 2.45, Large Cappuccino - 2.45, Regular Smoothies - Glowing Greens - 2.00",6.9,CARD,3879074166867344
05/07/2024 20:39,London Brixton,Mary Zacarias,Regular Speciality Tea - Earl Grey - 1.30,1.3,CARD,9839761851105221
05/07/2024 20:42,London Brixton,Stephanie Gonzalez,"Large Speciality Tea - Earl Grey - 1.60, Regular Hot chocolate - 2.20",3.8,CASH,
05/07/2024 20:44,London Brixton,Rex Hofer,"Regular Smoothies - Carrot Kick - 2.00, Large Espresso - 1.80, Regular Cappuccino - 2.15, Regular Iced americano - 2.15, Large Iced americano - 2.50, Large Cappuccino - 2.45",13.05,CASH,
05/07/2024 20:46,London Brixton,Shawn Bono,"Large Smoothies - Glowing Greens - 2.50, Regular Speciality Tea - Earl Grey - 1.30",3.8,CARD,2614066005704956
05/07/2024 20:49,London Brixton,Anna Barnes,"Large Hot chocolate - 2.90, Regular Speciality Tea - Earl Grey - 1.30, Regular Speciality Tea - Earl Grey - 1.30, Large Cappuccino - 2.45, Regular Hot chocolate - 2.20",10.15,CARD,6388484643814409
05/07/2024 20:51,London Brixton,Margaret Crenshaw,"Regular Hot chocolate - 2.20, Regular Speciality Tea - Earl Grey - 1.30, Regular Hot chocolate - 2.20, Regular Iced americano - 2.15",7.85,CASH,
05/07/2024 20:54,London Brixton,Bethel Lebrun,"Regular Frappes - Strawberries & Cream - 2.75, Regular Smoothies - Glowing Greens - 2.00, Regular Frappes - Strawberries & Cream - 2.75, Large Frappes - Strawberries & Cream - 3.25",10.75,CASH,
05/07/2024 20:56,London Brixton,Charles Brennan,"Large Smoothies - Glowing Greens - 2.50, Regular Hot chocolate - 2.20, Large Speciality Tea - Earl Grey - 1.60",6.3,CARD,7623984480700756
05/07/2024 20:58,London Brixton,Amy Reed,"Large Espresso - 1.80, Regular Cappuccino - 2.15, Large Cappuccino - 2.45, Regular Smoothies - Glowing Greens - 2.00",8.4,CARD,8305623789871703
