05/07/2024 09:00,London Soho,Andrew Rodriguez,Regular Speciality Tea - Camomile - 1.30,1.3,CARD,1224551692523739
05/07/2024 09:02,London Soho,Chung Heath,Large Speciality Tea - Camomile - 1.60,1.6,CASH,
05/07/2024 09:04,London Soho,Benjamin Glass,"Regular Frappes - Coffee - 2.75, Large Speciality Tea - Camomile - 1.60",4.35,CASH,
05/07/2024 09:06,London Soho,Kathleen Smith,"Regular Speciality Tea - Camomile - 1.30, Regular Frappes - Coffee - 2.75, Large Espresso - 1.80, Regular Speciality Tea - Camomile - 1.30",7.15,CARD,7912035277618351
05/07/2024 09:08,London Soho,Pauline Horton,Regular Frappes - Coffee - 2.75,2.75,CARD,4881359613409855
05/07/2024 09:10,London Soho,Earlean Miller,"Large Speciality Tea - Camomile - 1.60, Regular Espresso - 1.50, Regular Speciality Tea - Camomile - 1.30",4.4,CASH,
05/07/2024 09:12,London Soho,Joan Rael,"Large Frappes - Coffee - 3.25, Regular Frappes - Coffee - 2.75",6.0,CASH,
05/07/2024 09:14,London Soho,Jesse Reynoso,"Regular Speciality Tea - Camomile - 1.30, Large Frappes - Coffee - 3.25",4.55,CARD,6869777896270484
05/07/2024 09:16,London Soho,Brian Obrien,Large Speciality Tea - Camomile - 1.60,1.6,CASH,
05/07/2024 09:18,London Soho,Susan Ames,Large Speciality Tea - Camomile - 1.60,1.6,CARD,9027473864788108
05/07/2024 09:20,London Soho,Maxine Smith,"Large Frappes - Coffee - 3.25, Large Frappes - Coffee - 3.25, Large Speciality Tea - Camomile - 1.60",8.1,CARD,3412499636222098
05/07/2024 09:22,London Soho,Mario Lado,"Regular Frappes - Coffee - 2.75, Regular Frappes - Coffee - 2.75, Large Espresso - 1.80, Regular Espresso - 1.50",8.8,CASH,
05/07/2024 09:24,London Soho,Theresa Batun,Large Frappes - Coffee - 3.25,3.25,CARD,2342178873674138
05/07/2024 09:26,London Soho,Ernesto Tabb,Large Espresso - 1.80,1.8,CARD,3055818427233019
05/07/2024 09:28,London Soho,Richard Dicostanzo,"Large Espresso - 1.80, Regular Speciality Tea - Camomile - 1.30",3.1,CARD,7563799632765670
05/07/2024 09:30,London Soho,Mary Stafford,Regular Espresso - 1.50,1.5,CARD,7546980740304708
05/07/2024 09:32,London Soho,Christopher Berry,"Regular Frappes - Coffee - 2.75, Regular Espresso - 1.50, Regular Frappes - Coffee - 2.75",7.0,CARD,2862288047033973
05/07/2024 09:34,London Soho,Maria Wilson,"Large Espresso - 1.80, Regular Espresso - 1.50",3.3,CARD,8287280484427006
05/07/2024 09:36,London Soho,Austin Banks,Regular Espresso - 1.50,1.5,CARD,9902138478112548
05/07/2024 09:38,London Soho,Milton Olsen,"Regular Speciality Tea - Camomile - 1.30, Regular Speciality Tea - Camomile - 1.30",2.6,CARD,3929870316176269
05/07/2024 09:40,London Soho,Gary Cook,"Large Espresso - 1.80, Regular Frappes - Coffee - 2.75, Large Speciality Tea - Camomile - 1.60, Large Speciality Tea - Camomile - 1.60, Regular Frappes - Coffee - 2.75",10.5,CASH,
05/07/2024 09:42,London Soho,Simone Padilla,"Regular Speciality Tea - Camomile - 1.30, Regular Espresso - 1.50",2.8,CARD,8528790269105174
05/07/2024 09:44,London Soho,George Knight,Large Frappes - Coffee - 3.25,3.25,CASH,
05/07/2024 09:46,London Soho,Ronald Beaman,"Large Espresso - 1.80, Large Espresso - 1.80, Large Frappes - Coffee - 3.25, Large Frappes - Coffee - 3.25, Regular Espresso - 1.50, Regular Espresso - 1.50",13.1,CARD,7601912885603783
05/07/2024 09:48,London Soho,Marilyn Bourget,"Large Speciality Tea - Camomile - 1.60, Large Espresso - 1.80, Regular Espresso - 1.50, Regular Speciality Tea - Camomile - 1.30",6.2,CARD,5496153546950549
05/07/2024 09:50,London Soho,Terri Robinson,"Regular Frappes - Coffee - 2.75, Regular Espresso - 1.50",4.25,CARD,8100723448831552
05/07/2024 09:52,London Soho,Carol Odom,Regular Speciality Tea - Camomile - 1.30,1.3,CARD,7200779598680388
05/07/2024 09:54,London Soho,Mitchell Slama,"Large Espresso - 1.80, Regular Speciality Tea - Camomile - 1.30, Regular Frappes - Coffee - 2.75",5.85,CASH,
05/07/2024 09:56,London Soho,Guillermina Murray,"Large Espresso - 1.80, Regular Espresso - 1.50, Regular Espresso - 1.50, Regular Frappes - Coffee - 2.75",7.55,CASH,
05/07/2024 09:58,London Soho,Christopher Reyes,"Large Espresso - 1.80, Large Speciality Tea - Camomile - 1.60",3.4,CARD,2393364007464355
05/07/2024 10:00,London Soho,Tobi Vasquez,"Regular Frappes - Coffee - 2.75, Large Speciality Tea - Camomile - 1.60",4.35,CASH,
05/07/2024 10:02,London Soho,Scott Curtis,"Regular Frappes - Coffee - 2.75, Large Speciality Tea - Camomile - 1.60, Large Speciality Tea - Camomile - 1.60",5.95,CARD,2518075690615679
05/07/2024 10:04,London Soho,Alison Gross,"Large Frappes - Coffee - 3.25, Large Speciality Tea - Camomile - 1.60, Large Speciality Tea - Camomile - 1.60",6.45,CARD,8351044383947710
05/07/2024 10:06,London Soho,Christopher Tejera,"Regular Frappes - Coffee - 2.75, Regular Espresso - 1.50, Regular Espresso - 1.50",5.75,CASH,
05/07/2024 10:08,London Soho,Terry Crutchfield,"Regular Speciality Tea - Camomile - 1.30, Large Speciality Tea - Camomile - 1.60, Regular Frappes - Coffee - 2.75, Regular Espresso - 1.50, Regular Speciality Tea - Camomile - 1.30, Regular Frappes - Coffee - 2.75",11.2,CASH,
05/07/2024 10:10,London Soho,Tomas Thomas,"Large Speciality Tea - Camomile - 1.60, Large Espresso - 1.80, Regular Frappes - Coffee - 2.75",6.15,CASH,
05/07/2024 10:12,London Soho,Mona Spencer,Large Espresso - 1.80,1.8,CARD,2565807419488888
05/07/2024 10:14,London Soho,Nestor Owens,"Large Espresso - 1.80, Large Espresso - 1.80, Large Frappes - Coffee - 3.25",6.85,CARD,4554853209526230
05/07/2024 10:17,London Soho,John Dean,Regular Espresso - 1.50,1.5,CASH,
05/07/2024 10:19,London Soho,Keith Lockridge,Large Speciality Tea - Camomile - 1.60,1.6,CARD,8730373037393861
05/07/2024 10:21,London Soho,Angela Torres,"Large Frappes - Coffee - 3.25, Regular Speciality Tea - Camomile - 1.30, Large Speciality Tea - Camomile - 1.60, Regular Espresso - 1.50, Regular Speciality Tea - Camomile - 1.30",8.95,CARD,2876897547776965
05/07/2024 10:23,London Soho,Robin Nance,"Large Speciality Tea - Camomile - 1.60, Large Speciality Tea - Camomile - 1.60, Large Frappes - Coffee - 3.25",6.45,CARD,3228594282492918
05/07/2024 10:25,London Soho,Denise Battle,"Regular Frappes - Coffee - 2.75, Large Frappes - Coffee - 3.25, Large Frappes - Coffee - 3.25, Regular Frappes - Coffee - 2.75",12.0,CARD,4345774731842035
05/07/2024 10:27,London Soho,Harold Suh,"Regular Speciality Tea - Camomile - 1.30, Regular Espresso - 1.50, Regular Espresso - 1.50, Regular Speciality Tea - Camomile - 1.30",5.6,CARD,3140150457531243
05/07/2024 10:29,London Soho,Viola Hock,"Large Frappes - Coffee - 3.25, Large Speciality Tea - Camomile - 1.60, Large Speciality Tea - Camomile - 1.60",6.45,CARD,5641827281249003
05/07/2024 10:32,London Soho,Cedric Hansen,"Regular Speciality Tea - Camomile - 1.30, Regular Espresso - 1.50",2.8,CARD,1273417855048108
05/07/2024 10:34,London Soho,Jean Yates,Large Frappes - Coffee - 3.25,3.25,CARD,5412678537160463
05/07/2024 10:36,London Soho,Charles Desilva,Large Frappes - Coffee - 3.25,3.25,CARD,2447610582474698
05/07/2024 10:38,London Soho,Ray Gragg,"Large Espresso - 1.80, Large Frappes - Coffee - 3.25, Large Speciality Tea - Camomile - 1.60",6.65,CASH,
05/07/2024 10:40,London Soho,Angel Massengill,Large Espresso - 1.80,1.8,CASH,
05/07/2024 10:42,London Soho,Gloria Taylor,Regular Frappes - Coffee - 2.75,2.75,CARD,7709941421686015
05/07/2024 10:44,London Soho,Samuel Wallace,Regular Speciality Tea - Camomile - 1.30,1.3,CARD,8752325779230347
05/07/2024 10:46,London Soho,Leonard Hough,Regular Speciality Tea - Camomile - 1.30,1.3,CASH,
05/07/2024 10:49,London Soho,Evelyn Bapties,"Large Espresso - 1.80, Regular Speciality Tea - Camomile - 1.30, Large Speciality Tea - Camomile - 1.60, Large Speciality Tea - Camomile - 1.60",6.3,CARD,1741998223069082
05/07/2024 10:51,London Soho,Timothy Henderson,"Large Speciality Tea - Camomile - 1.60, Regular Speciality Tea - Camomile - 1.30",2.9,CARD,5345570867000464
05/07/2024 10:53,London Soho,Linda Bennett,"Large Speciality Tea - Camomile - 1.60, Regular Speciality Tea - Camomile - 1.30, Regular Espresso - 1.50",4.4,CARD,8821602094302454
05/07/2024 10:55,London Soho,James Kelleher,"Large Speciality Tea - Camomile - 1.60, Regular Espresso - 1.50, Large Espresso - 1.80, Regular Speciality Tea - Camomile - 1.30, Large Espresso - 1.80",8.0,CASH,
05/07/2024 10:57,London Soho,Glenn Green,"Regular Speciality Tea - Camomile - 1.30, Regular Frappes - Coffee - 2.75, Large Frappes - Coffee - 3.25, Regular Speciality Tea - Camomile - 1.30",8.6,CASH,
05/07/2024 10:59,London Soho,Barbar Foltz,"Regular Speciality Tea - Camomile - 1.30, Regular Espresso - 1.50",2.8,CARD,3190448361704739
05/07/2024 11:01,London Soho,Dorothy Devlin,"Large Speciality Tea - Camomile - 1.60, Large Speciality Tea - Camomile - 1.60, Regular Speciality Tea - Camomile - 1.30, Regular Speciality Tea - Camomile - 1.30, Large Espresso - 1.80",7.6,CARD,8469925673132104
05/07/2024 11:13,London Soho,Gail Hicks,"Regular Speciality Tea - Camomile - 1.30, Regular Frappes - Coffee - 2.75, Regular Espresso - 1.50, Regular Frappes - Coffee - 2.75, Large Espresso - 1.80",10.1,CARD,1542190415084093
05/07/2024 11:25,London Soho,Donna Marroquin,"Regular Espresso - 1.50, Large Speciality Tea - Camomile - 1.60",3.1,CARD,8779204338822345
05/07/2024 11:37,London Soho,Michael Carter,"Regular Speciality Tea - Camomile - 1.30, Large Frappes - Coffee - 3.25, Large Frappes - Coffee - 3.25, Regular Speciality Tea - Camomile - 1.30",9.1,CARD,8831835745032420
05/07/2024 11:49,London Soho,Sandra Hall,"Regular Speciality Tea - Camomile - 1.30, Regular Espresso - 1.50, Regular Frappes - Coffee - 2.75, Regular Speciality Tea - Camomile - 1.30, Regular Espresso - 1.50, Regular Speciality Tea - Camomile - 1.30",9.65,CASH,
05/07/2024 12:01,London Soho,David Solorio,"Regular Espresso - 1.50, Regular Espresso - 1.50",3.0,CASH,
05/07/2024 12:04,London Soho,Alfred Hoener,"Regular Espresso - 1.50, Regular Speciality Tea - Camomile - 1.30, Regular Frappes - Coffee - 2.75",5.55,CARD,2018420598010561
05/07/2024 12:06,London Soho,Jean Blalock,"Regular Espresso - 1.50, Regular Frappes - Coffee - 2.75, Regular Frappes - Coffee - 2.75",7.0,CARD,7843441461281497
05/07/2024 12:08,London Soho,Adam Tegeler,"Large Espresso - 1.80, Large Frappes - Coffee - 3.25, Regular Speciality Tea - Camomile - 1.30",6.35,CASH,
05/07/2024 12:10,London Soho,Nicole Arnold,"Large Speciality Tea - Camomile - 1.60, Large Frappes - Coffee - 3.25, Regular Speciality Tea - Camomile - 1.30",6.15,CARD,2456719780728464
05/07/2024 12:12,London Soho,Larry Rivers,Regular Speciality Tea - Camomile - 1.30,1.3,CASH,
05/07/2024 12:14,London Soho,Tina Lomboy,"Regular Frappes - Coffee - 2.75, Regular Speciality Tea - Camomile - 1.30, Large Espresso - 1.80",5.85,CARD,9732995255283127
05/07/2024 12:16,London Soho,Jean Elkins,"Large Frappes - Coffee - 3.25, Regular Speciality Tea - Camomile - 1.30",4.55,CARD,1692960744491412
05/07/2024 12:18,London Soho,Gregory Beasley,"Large Speciality Tea - Camomile - 1.60, Large Frappes - Coffee - 3.25, Large Speciality Tea - Camomile - 1.60, Large Speciality Tea - Camomile - 1.60, Large Frappes - Coffee - 3.25, Large Speciality Tea - Camomile - 1.60",12.9,CASH,
05/07/2024 12:21,London Soho,Tomasa Quintero,"Large Speciality Tea - Camomile - 1.60, Regular Speciality Tea - Camomile - 1.30, Large Espresso - 1.80, Regular Speciality Tea - Camomile - 1.30",6.0,CASH,
05/07/2024 12:23,London Soho,Richard Smith,"Regular Espresso - 1.50, Large Speciality Tea - Camomile - 1.60, Large Frappes - Coffee - 3.25, Large Espresso - 1.80, Regular Speciality Tea - Camomile - 1.30, Large Espresso - 1.80",11.25,CARD,9697723824153737
05/07/2024 12:25,London Soho,Sarah Caldwell,Large Espresso - 1.80,1.8,CARD,8248903165289177
05/07/2024 12:27,London Soho,Maria Lee,"Large Frappes - Coffee - 3.25, Large Espresso - 1.80",5.05,CARD,4147740441514296
05/07/2024 12:29,London Soho,William Heath,"Large Frappes - Coffee - 3.25, Large Frappes - Coffee - 3.25, Regular Espresso - 1.50, Large Speciality Tea - Camomile - 1.60",9.6,CARD,6792974691841993
05/07/2024 12:31,London Soho,Marina Marshall,"Regular Speciality Tea - Camomile - 1.30, Large Speciality Tea - Camomile - 1.60, Large Espresso - 1.80",4.7,CARD,4556623234073180
05/07/2024 12:33,London Soho,Kimberly Lapierre,"Regular Espresso - 1.50, Large Speciality Tea - Camomile - 1.60, Large Frappes - Coffee - 3.25",6.35,CARD,5858959338738272
05/07/2024 12:36,London Soho,Tim Wilder,"Large Espresso - 1.80, Regular Speciality Tea - Camomile - 1.30, Large Espresso - 1.80, Large Frappes - Coffee - 3.25",8.15,CARD,6767344784554672
05/07/2024 12:38,London Soho,Suzanne Austell,"Large Frappes - Coffee - 3.25, Large Frappes - Coffee - 3.25, Regular Espresso - 1.50, Large Frappes - Coffee - 3.25, Large Speciality Tea - Camomile - 1.60, Large Espresso - 1.80",14.65,CARD,4168589079382015
05/07/2024 12:40,London Soho,Leslie Crieghton,"Regular Speciality Tea - Camomile - 1.30, Large Speciality Tea - Camomile - 1.60, Regular Frappes - Coffee - 2.75",5.65,CARD,6295245242209952
05/07/2024 12:42,London Soho,Terrence Allen,"Large Speciality Tea - Camomile - 1.60, Large Speciality Tea - Camomile - 1.60",3.2,CASH,
05/07/2024 12:44,London Soho,John Palmer,"Regular Frappes - Coffee - 2.75, Regular Espresso - 1.50",4.25,CARD,3655182694543125
05/07/2024 12:46,London Soho,Patricia Mcguire,Large Frappes - Coffee - 3.25,3.25,CASH,
05/07/2024 12:48,London Soho,Eloise Daymude,"Large Espresso - 1.80, Regular Speciality Tea - Camomile - 1.30, Large Espresso - 1.80",4.9,CASH,
05/07/2024 12:50,London Soho,Kathryn Waitman,"Regular Frappes - Coffee - 2.75, Large Speciality Tea - Camomile - 1.60, Regular Espresso - 1.50",5.85,CASH,
05/07/2024 12:53,London Soho,David Groover,"Large Espresso - 1.80, Large Speciality Tea - Camomile - 1.60, Large Frappes - Coffee - 3.25, Large Espresso - 1.80, Large Frappes - Coffee - 3.25",11.7,CARD,6830675544410251
05/07/2024 12:55,London Soho,Sandra Washington,"Regular Espresso - 1.50, Large Espresso - 1.80, Regular Espresso - 1.50, Large Frappes - Coffee - 3.25, Regular Frappes - Coffee - 2.75, Regular Speciality Tea - Camomile - 1.30",12.1,CARD,4853047592251814
05/07/2024 12:57,London Soho,Kendrick Moore,"Large Speciality Tea - Camomile - 1.60, Large Speciality Tea - Camomile - 1.60, Regular Frappes - Coffee - 2.75",5.95,CARD,4716598362163891
05/07/2024 12:59,London Soho,Carolyn Centeno,"Large Espresso - 1.80, Regular Speciality Tea - Camomile - 1.30, Large Speciality Tea - Camomile - 1.60",4.7,CARD,4048889923930860
05/07/2024 13:01,London Soho,Bobby Vincent,"Regular Espresso - 1.50, Regular Frappes - Coffee - 2.75, Regular Frappes - Coffee - 2.75, Regular Speciality Tea - Camomile - 1.30, Large Espresso - 1.80, Large Speciality Tea - Camomile - 1.60",11.7,CARD,7600437184807625
05/07/2024 13:04,London Soho,Eva Crook,"Large Speciality Tea - Camomile - 1.60, Regular Frappes - Coffee - 2.75, Regular Speciality Tea - Camomile - 1.30, Large Espresso - 1.80",7.45,CASH,
05/07/2024 13:06,London Soho,Dorothy Pereyda,"Large Speciality Tea - Camomile - 1.60, Large Frappes - Coffee - 3.25, Regular Speciality Tea - Camomile - 1.30, Large Speciality Tea - Camomile - 1.60",7.75,CARD,6417476691204064
05/07/2024 13:09,London Soho,Phoebe Heard,"Regular Frappes - Coffee - 2.75, Large Speciality Tea - Camomile - 1.60",4.35,CARD,3120242780615678
05/07/2024 13:12,London Soho,William Thomas,Large Espresso - 1.80,1.8,CARD,1658363691584898
05/07/2024 13:14,London Soho,John Glover,"Large Speciality Tea - Camomile - 1.60, Large Speciality Tea - Camomile - 1.60",3.2,CARD,7276363744979541
05/07/2024 13:17,London Soho,Roland Gillis,"Regular Espresso - 1.50, Regular Espresso - 1.50, Large Frappes - Coffee - 3.25",6.25,CARD,3070913600532186
05/07/2024 13:19,London Soho,Christine Hall,"Regular Frappes - Coffee - 2.75, Regular Speciality Tea - Camomile - 1.30",4.05,CASH,
05/07/2024 13:22,London Soho,Luetta Bebee,"Regular Espresso - 1.50, Large Speciality Tea - Camomile - 1.60",3.1,CARD,2007359515596364
05/07/2024 13:25,London Soho,Rose Vizarro,"Large Speciality Tea - Camomile - 1.60, Large Speciality Tea - Camomile - 1.60",3.2,CASH,
05/07/2024 13:27,London Soho,Brenda Capps,"Regular Frappes - Coffee - 2.75, Regular Espresso - 1.50, Large Frappes - Coffee - 3.25",7.5,CARD,1968238382589532
05/07/2024 13:30,London Soho,Gertrude Starnes,"Large Espresso - 1.80, Large Frappes - Coffee - 3.25, Large Speciality Tea - Camomile - 1.60",6.65,CARD,7632186588923063
05/07/2024 13:32,London Soho,Stefanie Reza,"Large Speciality Tea - Camomile - 1.60, Large Speciality Tea - Camomile - 1.60",3.2,CARD,8620078452758308
05/07/2024 13:35,London Soho,Jeffrey Trover,"Regular Espresso - 1.50, Regular Frappes - Coffee - 2.75",4.25,CARD,1169252526296871
05/07/2024 13:38,London Soho,Earl Reynolds,"Regular Speciality Tea - Camomile - 1.30, Large Speciality Tea - Camomile - 1.60",2.9,CASH,
05/07/2024 13:40,London Soho,Judy Farquhar,"Large Speciality Tea - Camomile - 1.60, Regular Speciality Tea - Camomile - 1.30, Large Speciality Tea - Camomile - 1.60, Large Frappes - Coffee - 3.25, Regular Espresso - 1.50",9.25,CASH,
05/07/2024 13:43,London Soho,Efrain Marotta,"Large Frappes - Coffee - 3.25, Large Speciality Tea - Camomile - 1.60",4.85,CARD,5460583903929019
05/07/2024 13:45,London Soho,Jason Allen,"Large Frappes - Coffee - 3.25, Large Speciality Tea - Camomile - 1.60",4.85,CARD,7446491666706132
05/07/2024 13:48,London Soho,Anna Velasquez,"Regular Espresso - 1.50, Regular Speciality Tea - Camomile - 1.30",2.8,CASH,
05/07/2024 13:51,London Soho,Walter Delvecchio,Regular Espresso - 1.50,1.5,CARD,3526573058000343
05/07/2024 13:53,London Soho,Melinda Gilley,"Large Speciality Tea - Camomile - 1.60, Regular Speciality Tea - Camomile - 1.30, Large Frappes - Coffee - 3.25, Regular Espresso - 1.50",7.65,CARD,8743130077743454
05/07/2024 13:56,London Soho,Vincent Huber,Regular Speciality Tea - Camomile - 1.30,1.3,CARD,3303796208330155
05/07/2024 13:58,London Soho,Dina Shaw,"Regular Espresso - 1.50, Large Espresso - 1.80",3.3,CASH,
05/07/2024 14:01,London Soho,Beth Parker,Large Speciality Tea - Camomile - 1.60,1.6,CASH,
05/07/2024 14:02,London Soho,Helen Jackson,"Regular Espresso - 1.50, Regular Frappes - Coffee - 2.75",4.25,CARD,7697366806664050
05/07/2024 14:03,London Soho,Lora Shoup,Large Frappes - Coffee - 3.25,3.25,CARD,6047922611555958
05/07/2024 14:04,London Soho,Alex Donnelly,"Large Espresso - 1.80, Large Espresso - 1.80, Regular Frappes - Coffee - 2.75",6.35,CASH,
05/07/2024 14:05,London Soho,Steven Harris,Regular Frappes - Coffee - 2.75,2.75,CASH,
05/07/2024 14:05,London Soho,Madelaine Woods,"Large Speciality Tea - Camomile - 1.60, Large Espresso - 1.80, Large Speciality Tea - Camomile - 1.60",5.0,CARD,1161779972279754
05/07/2024 14:06,London Soho,Kylee Norris,"Large Frappes - Coffee - 3.25, Regular Speciality Tea - Camomile - 1.30",4.55,CASH,
05/07/2024 14:07,London Soho,Marc Morales,"Large Espresso - 1.80, Regular Frappes - Coffee - 2.75",4.55,CARD,5368554405702961
05/07/2024 14:08,London Soho,Mary Turner,"Regular Speciality Tea - Camomile - 1.30, Regular Frappes - Coffee - 2.75, Regular Frappes - Coffee - 2.75",6.8,CASH,
05/07/2024 14:09,London Soho,Robert Brandenburg,"Regular Espresso - 1.50, Large Speciality Tea - Camomile - 1.60, Large Espresso - 1.80",4.9,CARD,4971139884545039
05/07/2024 14:10,London Soho,Jonathan Wible,"Large Speciality Tea - Camomile - 1.60, Large Frappes - Coffee - 3.25, Large Espresso - 1.80",6.65,CARD,7072320348160303
05/07/2024 14:11,London Soho,Lloyd Brown,Large Espresso - 1.80,1.8,CARD,6115034630011799
05/07/2024 14:12,London Soho,Vikki Dupont,"Large Speciality Tea - Camomile - 1.60, Regular Espresso - 1.50, Regular Espresso - 1.50, Regular Espresso - 1.50",6.1,CARD,3409570750985206
05/07/2024 14:13,London Soho,Kenny White,"Large Frappes - Coffee - 3.25, Large Espresso - 1.80",5.05,CASH,
05/07/2024 14:14,London Soho,Rick Garnica,"Large Espresso - 1.80, Large Frappes - Coffee - 3.25, Regular Speciality Tea - Camomile - 1.30, Large Speciality Tea - Camomile - 1.60, Regular Espresso - 1.50, Large Frappes - Coffee - 3.25",12.7,CASH,
05/07/2024 14:15,London Soho,David Rogge,"Large Speciality Tea - Camomile - 1.60, Regular Frappes - Coffee - 2.75, Regular Espresso - 1.50, Regular Speciality Tea - Camomile - 1.30",7.15,CARD,4450693480208024
05/07/2024 14:16,London Soho,Carlos Sweeden,"Large Espresso - 1.80, Regular Espresso - 1.50",3.3,CARD,3478688066150688
05/07/2024 14:16,London Soho,Mary Johnson,Large Espresso - 1.80,1.8,CARD,4828180891463092
05/07/2024 14:17,London Soho,Janie Cooke,Regular Espresso - 1.50,1.5,CARD,1942035997447279
05/07/2024 14:18,London Soho,James Crislip,"Regular Speciality Tea - Camomile - 1.30, Regular Frappes - Coffee - 2.75, Regular Frappes - Coffee - 2.75, Regular Speciality Tea - Camomile - 1.30, Regular Speciality Tea - Camomile - 1.30",9.4,CARD,8340645064221913
05/07/2024 14:19,London Soho,Michael Xaimoungkhoun,Regular Speciality Tea - Camomile - 1.30,1.3,CASH,
05/07/2024 14:20,London Soho,Sharon White,"Large Frappes - Coffee - 3.25, Large Espresso - 1.80, Large Speciality Tea - Camomile - 1.60, Regular Espresso - 1.50",8.15,CARD,3540791393012864
05/07/2024 14:21,London Soho,Francisco Goodin,Regular Speciality Tea - Camomile - 1.30,1.3,CASH,
05/07/2024 14:22,London Soho,Marissa Kessel,"Large Frappes - Coffee - 3.25, Regular Frappes - Coffee - 2.75, Large Espresso - 1.80",7.8,CARD,2049285990048036
05/07/2024 14:23,London Soho,Tracey Taggart,"Large Espresso - 1.80, Regular Espresso - 1.50, Regular Speciality Tea - Camomile - 1.30",4.6,CASH,
05/07/2024 14:24,London Soho,Anthony Murillo,"Regular Frappes - Coffee - 2.75, Large Espresso - 1.80, Large Frappes - Coffee - 3.25, Large Speciality Tea - Camomile - 1.60, Regular Speciality Tea - Camomile - 1.30, Large Espresso - 1.80",12.5,CARD,8700956762311432
05/07/2024 14:25,London Soho,Tanya Lee,"Large Speciality Tea - Camomile - 1.60, Large Espresso - 1.80",3.4,CASH,
05/07/2024 14:26,London Soho,Bernadette Phillips,Regular Espresso - 1.50,1.5,CARD,5477919236960223
05/07/2024 14:27,London Soho,Romona Ortiz,"Regular Speciality Tea - Camomile - 1.30, Regular Frappes - Coffee - 2.75, Large Frappes - Coffee - 3.25",7.3,CARD,3568014983664197
05/07/2024 14:27,London Soho,Richard Pless,Large Speciality Tea - Camomile - 1.60,1.6,CARD,8586762232309689
05/07/2024 14:28,London Soho,Mark Beasley,"Large Speciality Tea - Camomile - 1.60, Regular Espresso - 1.50",3.1,CARD,7442904325488405
05/07/2024 14:29,London Soho,Travis Pelayo,"Large Frappes - Coffee - 3.25, Large Frappes - Coffee - 3.25, Large Frappes - Coffee - 3.25",9.75,CARD,1183817986848936
05/07/2024 14:30,London Soho,Sherry Hutt,"Regular Frappes - Coffee - 2.75, Large Speciality Tea - Camomile - 1.60, Large Frappes - Coffee - 3.25, Regular Espresso - 1.50",9.1,CARD,3403484480230075
05/07/2024 14:31,London Soho,Micheal Bowman,Large Speciality Tea - Camomile - 1.60,1.6,CASH,
05/07/2024 14:32,London Soho,Roger Mosley,"Large Speciality Tea - Camomile - 1.60, Regular Espresso - 1.50, Large Speciality Tea - Camomile - 1.60",4.7,CASH,
05/07/2024 14:33,London Soho,Timothy Asbill,"Large Frappes - Coffee - 3.25, Regular Frappes - Coffee - 2.75, Regular Frappes - Coffee - 2.75, Regular Speciality Tea - Camomile - 1.30, Regular Speciality Tea - Camomile - 1.30",11.35,CARD,5222169927523386
05/07/2024 14:34,London Soho,Mike Baker,Large Espresso - 1.80,1.8,CASH,
05/07/2024 14:35,London Soho,Joel Batiste,"Large Speciality Tea - Camomile - 1.60, Large Speciality Tea - Camomile - 1.60, Regular Espresso - 1.50",4.7,CARD,5785660336924779
05/07/2024 14:36,London Soho,Margaret Durham,Large Speciality Tea - Camomile - 1.60,1.6,CARD,4910138426022790
05/07/2024 14:37,London Soho,Olivia Savoy,"Regular Speciality Tea - Camomile - 1.30, Large Speciality Tea - Camomile - 1.60, Regular Espresso - 1.50, Large Speciality Tea - Camomile - 1.60, Large Frappes - Coffee - 3.25, Regular Frappes - Coffee - 2.75",12.0,CARD,6482826058523939
05/07/2024 14:38,London Soho,Kimberly Clune,"Large Speciality Tea - Camomile - 1.60, Large Espresso - 1.80, Regular Espresso - 1.50, Regular Frappes - Coffee - 2.75, Regular Frappes - Coffee - 2.75, Regular Espresso - 1.50",11.9,CARD,2589129927679421
05/07/2024 14:38,London Soho,Nita Wood,"Large Frappes - Coffee - 3.25, Regular Espresso - 1.50, Large Espresso - 1.80, Regular Espresso - 1.50, Regular Frappes - Coffee - 2.75, Regular Speciality Tea - Camomile - 1.30",12.1,CARD,2486944546493611
05/07/2024 14:39,London Soho,Mary Hansen,"Large Espresso - 1.80, Large Espresso - 1.80",3.6,CARD,8987684990328447
05/07/2024 14:40,London Soho,Ruben Molinaro,"Regular Speciality Tea - Camomile - 1.30, Regular Espresso - 1.50",2.8,CARD,3555065864901883
05/07/2024 14:41,London Soho,Cathy Riggs,"Large Frappes - Coffee - 3.25, Large Frappes - Coffee - 3.25",6.5,CARD,2512728910861974
05/07/2024 14:42,London Soho,Mary Adams,Regular Frappes - Coffee - 2.75,2.75,CARD,1064403912346309
05/07/2024 14:43,London Soho,Mary Avalos,Large Speciality Tea - Camomile - 1.60,1.6,CARD,9200916282771896
05/07/2024 14:44,London Soho,Richard Brown,"Large Frappes - Coffee - 3.25, Large Frappes - Coffee - 3.25, Regular Espresso - 1.50, Large Espresso - 1.80",9.8,CASH,
05/07/2024 14:45,London Soho,Wilma Elder,"Large Speciality Tea - Camomile - 1.60, Large Speciality Tea - Camomile - 1.60, Large Frappes - Coffee - 3.25, Regular Speciality Tea - Camomile - 1.30",7.75,CARD,4116008841553143
05/07/2024 14:46,London Soho,Richard Davis,Regular Speciality Tea - Camomile - 1.30,1.3,CARD,7619888749588146
05/07/2024 14:47,London Soho,Laura Ramos,"Regular Speciality Tea - Camomile - 1.30, Large Speciality Tea - Camomile - 1.60, Large Speciality Tea - Camomile - 1.60, Large Frappes - Coffee - 3.25",7.75,CARD,8736022566009405
05/07/2024 14:48,London Soho,Sidney Cagle,"Regular Espresso - 1.50, Regular Speciality Tea - Camomile - 1.30, Regular Espresso - 1.50, Regular Frappes - Coffee - 2.75, Large Speciality Tea - Camomile - 1.60",8.65,CASH,
05/07/2024 14:49,London Soho,Marisa Finn,"Regular Frappes - Coffee - 2.75, Large Speciality Tea - Camomile - 1.60, Large Espresso - 1.80",6.15,CARD,2048053397828667
05/07/2024 14:49,London Soho,Celeste Hill,"Regular Frappes - Coffee - 2.75, Large Frappes - Coffee - 3.25, Large Frappes - Coffee - 3.25, Regular Frappes - Coffee - 2.75, Regular Speciality Tea - Camomile - 1.30, Large Espresso - 1.80",15.1,CASH,
05/07/2024 14:50,London Soho,Daniel Staten,"Large Espresso - 1.80, Large Speciality Tea - Camomile - 1.60",3.4,CASH,
05/07/2024 14:51,London Soho,Margaret Miller,Large Speciality Tea - Camomile - 1.60,1.6,CASH,
05/07/2024 14:52,London Soho,Leola Garcia,"Regular Speciality Tea - Camomile - 1.30, Large Speciality Tea - Camomile - 1.60, Regular Frappes - Coffee - 2.75, Regular Frappes - Coffee - 2.75, Regular Espresso - 1.50",9.9,CARD,4037621962411697
05/07/2024 14:53,London Soho,Roger Thomas,"Regular Speciality Tea - Camomile - 1.30, Regular Espresso - 1.50, Regular Speciality Tea - Camomile - 1.30",4.1,CASH,
05/07/2024 14:54,London Soho,John Geffrard,Large Espresso - 1.80,1.8,CASH,
05/07/2024 14:55,London Soho,Jesse Whitehurst,"Large Espresso - 1.80, Large Espresso - 1.80, Large Frappes - Coffee - 3.25, Regular Espresso - 1.50",8.35,CARD,7255414601185783
05/07/2024 14:56,London Soho,Karen Lesh,Regular Espresso - 1.50,1.5,CARD,2111907298219807
05/07/2024 14:57,London Soho,Betsy Brown,Large Frappes - Coffee - 3.25,3.25,CARD,3661536956741966
05/07/2024 14:58,London Soho,Maria Mckinley,"Regular Frappes - Coffee - 2.75, Regular Espresso - 1.50",4.25,CARD,8068886963218181
05/07/2024 14:59,London Soho,Brenda Esposito,"Large Speciality Tea - Camomile - 1.60, Large Speciality Tea - Camomile - 1.60",3.2,CARD,5280734229928674
05/07/2024 15:00,London Soho,Edward Peterson,"Regular Frappes - Coffee - 2.75, Regular Frappes - Coffee - 2.75",5.5,CASH,
05/07/2024 15:02,London Soho,Robert Hollis,"Large Speciality Tea - Camomile - 1.60, Large Frappes - Coffee - 3.25, Large Speciality Tea - Camomile - 1.60",6.45,CARD,3720796111839593
05/07/2024 15:04,London Soho,Charlene Cabrera,"Regular Frappes - Coffee - 2.75, Regular Espresso - 1.50",4.25,CARD,1260230368544350
05/07/2024 15:06,London Soho,Kimberly Thorton,Large Frappes - Coffee - 3.25,3.25,CASH,
05/07/2024 15:09,London Soho,Steven Price,Regular Espresso - 1.50,1.5,CARD,5338472341322154
05/07/2024 15:11,London Soho,Sharon Oakes,"Large Speciality Tea - Camomile - 1.60, Large Espresso - 1.80, Regular Speciality Tea - Camomile - 1.30, Regular Frappes - Coffee - 2.75, Large Frappes - Coffee - 3.25",10.7,CASH,
05/07/2024 15:13,London Soho,Brian Kelly,"Regular Espresso - 1.50, Regular Speciality Tea - Camomile - 1.30, Large Espresso - 1.80",4.6,CARD,5067494804251588
05/07/2024 15:16,London Soho,Evelyn Payne,"Large Frappes - Coffee - 3.25, Regular Espresso - 1.50, Regular Speciality Tea - Camomile - 1.30, Large Speciality Tea - Camomile - 1.60, Regular Espresso - 1.50",9.15,CARD,4555325730773626
05/07/2024 15:18,London Soho,Jesse Snyder,Large Espresso - 1.80,1.8,CASH,
05/07/2024 15:20,London Soho,Alexandra Southard,"Regular Espresso - 1.50, Large Speciality Tea - Camomile - 1.60",3.1,CARD,9976578485422514
05/07/2024 15:23,London Soho,Kenneth Christofferso,"Large Espresso - 1.80, Regular Frappes - Coffee - 2.75, Large Frappes - Coffee - 3.25",7.8,CARD,2691502476868908
05/07/2024 15:25,London Soho,Christi Herndon,"Regular Espresso - 1.50, Large Speciality Tea - Camomile - 1.60, Large Speciality Tea - Camomile - 1.60, Regular Speciality Tea - Camomile - 1.30, Regular Espresso - 1.50",7.5,CASH,
05/07/2024 15:27,London Soho,Lillian Miller,"Large Frappes - Coffee - 3.25, Regular Espresso - 1.50, Large Frappes - Coffee - 3.25",8.0,CASH,
05/07/2024 15:29,London Soho,Emanuel Reisinger,Large Frappes - Coffee - 3.25,3.25,CARD,5750926355784950
05/07/2024 15:32,London Soho,Michael Young,Large Speciality Tea - Camomile - 1.60,1.6,CARD,2589639070829335
05/07/2024 15:34,London Soho,Bertha Evans,"Large Speciality Tea - Camomile - 1.60, Regular Frappes - Coffee - 2.75, Large Frappes - Coffee - 3.25",7.6,CARD,3036379142150193
05/07/2024 15:36,London Soho,Patrick Robinson,"Large Speciality Tea - Camomile - 1.60, Large Espresso - 1.80, Regular Speciality Tea - Camomile - 1.30, Regular Espresso - 1.50",6.2,CARD,8503877203304321
05/07/2024 15:39,London Soho,Kevin Park,Large Espresso - 1.80,1.8,CARD,7912218768935567
05/07/2024 15:41,London Soho,Sara Carpenter,Large Frappes - Coffee - 3.25,3.25,CARD,8005359734830210
05/07/2024 15:43,London Soho,Bill Bell,"Large Speciality Tea - Camomile - 1.60, Large Frappes - Coffee - 3.25, Regular Speciality Tea - Camomile - 1.30, Regular Frappes - Coffee - 2.75",8.9,CARD,1035109790333599
05/07/2024 15:46,London Soho,David Johnston,"Large Speciality Tea - Camomile - 1.60, Large Frappes - Coffee - 3.25, Regular Espresso - 1.50, Regular Speciality Tea - Camomile - 1.30",7.65,CASH,
05/07/2024 15:48,London Soho,Jean Dorsey,Large Frappes - Coffee - 3.25,3.25,CASH,
05/07/2024 15:50,London Soho,Jason Walker,"Regular Espresso - 1.50, Large Espresso - 1.80",3.3,CARD,2573683449484921
05/07/2024 15:52,London Soho,Sharon Williams,Large Frappes - Coffee - 3.25,3.25,CASH,
05/07/2024 15:55,London Soho,Judy Hughes,Large Frappes - Coffee - 3.25,3.25,CARD,2284285674106157
05/07/2024 15:57,London Soho,John Johnston,"Large Espresso - 1.80, Large Speciality Tea - Camomile - 1.60, Large Speciality Tea - Camomile - 1.60, Regular Frappes - Coffee - 2.75, Regular Speciality Tea - Camomile - 1.30",9.05,CASH,
05/07/2024 15:59,London Soho,Thelma Smith,Regular Frappes - Coffee - 2.75,2.75,CASH,
05/07/2024 16:02,London Soho,Marvin Saldivar,"Large Speciality Tea - Camomile - 1.60, Large Espresso - 1.80",3.4,CASH,
05/07/2024 16:04,London Soho,Alden Tye,"Large Frappes - Coffee - 3.25, Large Espresso - 1.80, Large Frappes - Coffee - 3.25, Regular Espresso - 1.50",9.8,CASH,
05/07/2024 16:06,London Soho,Janice Mccoy,"Large Speciality Tea - Camomile - 1.60, Regular Speciality Tea - Camomile - 1.30",2.9,CARD,5332010354078634
05/07/2024 16:09,London Soho,Domenic Campbell,Regular Frappes - Coffee - 2.75,2.75,CASH,
05/07/2024 16:11,London Soho,Lynne Pickerel,Regular Espresso - 1.50,1.5,CARD,3549243295765561
05/07/2024 16:13,London Soho,Charles Vogel,Large Speciality Tea - Camomile - 1.60,1.6,CARD,3555287052985380
05/07/2024 16:15,London Soho,Gloria Feliciano,"Large Espresso - 1.80, Large Speciality Tea - Camomile - 1.60",3.4,CARD,4206103400352643
05/07/2024 16:18,London Soho,Marna Lim,"Regular Frappes - Coffee - 2.75, Large Espresso - 1.80, Regular Frappes - Coffee - 2.75",7.3,CARD,6446977173251827
05/07/2024 16:20,London Soho,Agnes Burlingame,Large Espresso - 1.80,1.8,CASH,
05/07/2024 16:22,London Soho,Mary Walker,"Large Espresso - 1.80, Regular Espresso - 1.50, Large Speciality Tea - Camomile - 1.60, Large Speciality Tea - Camomile - 1.60, Regular Speciality Tea - Camomile - 1.30",7.8,CARD,3174828397727376
05/07/2024 16:25,London Soho,Fernando Kearse,"Large Speciality Tea - Camomile - 1.60, Large Espresso - 1.80, Large Frappes - Coffee - 3.25",6.65,CARD,8770416482534462
05/07/2024 16:27,London Soho,James Westervelt,"Regular Espresso - 1.50, Regular Speciality Tea - Camomile - 1.30",2.8,CARD,9425875780949212
05/07/2024 16:29,London Soho,Geraldo Brown,Regular Speciality Tea - Camomile - 1.30,1.3,CASH,
05/07/2024 16:32,London Soho,Katherine Ruiz,"Regular Speciality Tea - Camomile - 1.30, Large Speciality Tea - Camomile - 1.60, Large Frappes - Coffee - 3.25",6.15,CARD,6540566496403008
05/07/2024 16:34,London Soho,Libby Green,Large Frappes - Coffee - 3.25,3.25,CARD,2346889273304520
05/07/2024 16:36,London Soho,Eugene Brown,"Regular Espresso - 1.50, Regular Espresso - 1.50, Regular Frappes - Coffee - 2.75, Large Speciality Tea - Camomile - 1.60",7.35,CARD,4253618270695250
05/07/2024 16:38,London Soho,Benjamin Schwantes,Large Speciality Tea - Camomile - 1.60,1.6,CARD,4902206344388335
05/07/2024 16:41,London Soho,Nicky Baker,"Regular Frappes - Coffee - 2.75, Large Frappes - Coffee - 3.25",6.0,CARD,7776736386660768
05/07/2024 16:43,London Soho,Wesley Ortiz,"Regular Speciality Tea - Camomile - 1.30, Regular Espresso - 1.50, Large Speciality Tea - Camomile - 1.60, Large Speciality Tea - Camomile - 1.60",6.0,CARD,6946011351109017
05/07/2024 16:45,London Soho,Patrica Tarver,"Large Espresso - 1.80, Regular Espresso - 1.50, Large Espresso - 1.80, Large Speciality Tea - Camomile - 1.60, Large Speciality Tea - Camomile - 1.60",8.3,CARD,3505570334590784
05/07/2024 16:48,London Soho,Betsy Nitz,"Large Frappes - Coffee - 3.25, Regular Speciality Tea - Camomile - 1.30, Regular Espresso - 1.50, Regular Espresso - 1.50, Regular Espresso - 1.50",9.05,CARD,3481193780583680
05/07/2024 16:50,London Soho,Lara Menotti,"Large Speciality Tea - Camomile - 1.60, Large Speciality Tea - Camomile - 1.60, Large Frappes - Coffee - 3.25",6.45,CARD,8838533840435522
05/07/2024 16:52,London Soho,James Berning,Large Frappes - Coffee - 3.25,3.25,CASH,
05/07/2024 16:55,London Soho,Franklin Nicholson,"Large Speciality Tea - Camomile - 1.60, Regular Speciality Tea - Camomile - 1.30, Regular Espresso - 1.50",4.4,CARD,4209862365416989
05/07/2024 16:57,London Soho,Dustin Kale,"Regular Frappes - Coffee - 2.75, Large Frappes - Coffee - 3.25, Large Speciality Tea - Camomile - 1.60, Regular Frappes - Coffee - 2.75",10.35,CASH,
05/07/2024 16:59,London Soho,Jennifer Payne,Large Speciality Tea - Camomile - 1.60,1.6,CARD,2043704775063479
