05/07/2024 09:00,Longridge,Virginia Pierre,"Large Mocha - 2.70, Large Frappes - Strawberries & Cream - 3.25, Regular Mocha - 2.30, Regular Speciality Tea - Earl Grey - 1.30, Large Glass of milk - 1.10",10.65,CARD,3734156956329809
05/07/2024 09:01,Longridge,Lance Rivera,"Large Flavoured iced latte - Caramel - 3.25, Regular Flavoured iced latte - Caramel - 2.75, Large Flavoured iced latte - Caramel - 3.25, Regular Frappes - Strawberries & Cream - 2.75, Regular Flavoured iced latte - Caramel - 2.75",14.75,CARD,7739318236306774
05/07/2024 09:02,Longridge,Edward Bailey,"Large Mocha - 2.70, Regular Smoothies - Glowing Greens - 2.00, Large Flavoured iced latte - Caramel - 3.25, Large Mocha - 2.70, Large Frappes - Strawberries & Cream - 3.25",13.9,CARD,5001096625510522
05/07/2024 09:03,Longridge,Corey Marchant,Large Flavoured iced latte - Caramel - 3.25,3.25,CARD,9984989300071535
05/07/2024 09:04,Longridge,Clark Eddy,"Large Speciality Tea - Earl Grey - 1.60, Regular Flavoured iced latte - Caramel - 2.75",4.35,CASH,
05/07/2024 09:05,Longridge,Tina Payne,"Regular Smoothies - Glowing Greens - 2.00, Large Flavoured iced latte - Caramel - 3.25",5.25,CARD,7477615589484091
05/07/2024 09:06,Longridge,Joan Khan,"Regular Flavoured iced latte - Caramel - 2.75, Large Speciality Tea - Earl Grey - 1.60",4.35,CASH,
05/07/2024 09:07,Longridge,Lisa Moore,"Regular Glass of milk - 0.70, Regular Frappes - Strawberries & Cream - 2.75, Large Smoothies - Glowing Greens - 2.50, Large Mocha - 2.70",8.65,CARD,7424944351614813
05/07/2024 09:08,Longridge,Anitra Abernathy,Regular Smoothies - Glowing Greens - 2.00,2.0,CARD,5607305866973460
05/07/2024 09:09,Longridge,Steven Mclaughlin,"Regular Smoothies - Glowing Greens - 2.00, Regular Frappes - Strawberries & Cream - 2.75, Regular Frappes - Strawberries & Cream - 2.75, Regular Frappes - Strawberries & Cream - 2.75, Large Smoothies - Glowing Greens - 2.50",12.75,CARD,7181168829237609
05/07/2024 09:10,Longridge,Richard Mccurdy,"Regular Glass of milk - 0.70, Large Glass of milk - 1.10, Large Glass of milk - 1.10, Regular Speciality Tea - Earl Grey - 1.30",4.2,CARD,2159050135683339
05/07/2024 09:11,Longridge,William Primavera,"Regular Smoothies - Glowing Greens - 2.00, Large Mocha - 2.70, Large Flavoured iced latte - Caramel - 3.25, Large Frappes - Strawberries & Cream - 3.25, Regular Speciality Tea - Earl Grey - 1.30",12.5,CARD,3910620631293457
05/07/2024 09:13,Longridge,Daniel Miller,"Regular Frappes - Strawberries & Cream - 2.75, Large Glass of milk - 1.10, Large Speciality Tea - Earl Grey - 1.60, Regular Flavoured iced latte - Caramel - 2.75, Regular Frappes - Strawberries & Cream - 2.75",10.95,CARD,1015435877889461
05/07/2024 09:14,Longridge,Leroy Carroll,"Large Smoothies - Glowing Greens - 2.50, Regular Speciality Tea - Earl Grey - 1.30",3.8,CARD,5439369790848311
05/07/2024 09:15,Longridge,Bonnie Deshotel,"Regular Glass of milk - 0.70, Large Frappes - Strawberries & Cream - 3.25, Large Flavoured iced latte - Caramel - 3.25",7.2,CARD,7989725134048751
05/07/2024 09:16,Longridge,Katie Wood,"Regular Glass of milk - 0.70, Regular Mocha - 2.30, Large Frappes - Strawberries & Cream - 3.25, Regular Smoothies - Glowing Greens - 2.00",8.25,CARD,5177627203752079
05/07/2024 09:17,Longridge,Dana Johnson,Regular Mocha - 2.30,2.3,CASH,
05/07/2024 09:18,Longridge,Robert Schecter,"Large Flavoured iced latte - Caramel - 3.25, Large Smoothies - Glowing Greens - 2.50, Regular Frappes - Strawberries & Cream - 2.75, Regular Smoothies - Glowing Greens - 2.00, Regular Speciality Tea - Earl Grey - 1.30",11.8,CASH,
05/07/2024 09:19,Longridge,Jerry Leclair,"Regular Smoothies - Glowing Greens - 2.00, Large Flavoured iced latte - Caramel - 3.25, Large Flavoured iced latte - Caramel - 3.25, Regular Frappes - Strawberries & Cream - 2.75, Large Frappes - Strawberries & Cream - 3.25, Regular Mocha - 2.30",16.8,CARD,5166640686586506
05/07/2024 09:20,Longridge,Taylor Monaco,"Regular Speciality Tea - Earl Grey - 1.30, Regular Smoothies - Glowing Greens - 2.00",3.3,CARD,8898359556849993
05/07/2024 09:21,Longridge,Anita Corral,"Large Smoothies - Glowing Greens - 2.50, Regular Frappes - Strawberries & Cream - 2.75, Regular Flavoured iced latte - Caramel - 2.75, Large Mocha - 2.70",10.7,CASH,
05/07/2024 09:22,Longridge,Pedro Gilbert,"Large Flavoured iced latte - Caramel - 3.25, Large Speciality Tea - Earl Grey - 1.60",4.85,CARD,6628969731492351
05/07/2024 09:23,Longridge,Roger Aldridge,"Large Glass of milk - 1.10, Regular Frappes - Strawberries & Cream - 2.75, Regular Speciality Tea - Earl Grey - 1.30, Regular Flavoured iced latte - Caramel - 2.75",7.9,CASH,
05/07/2024 09:24,Longridge,Larry Wynn,"Large Frappes - Strawberries & Cream - 3.25, Large Mocha - 2.70, Regular Flavoured iced latte - Caramel - 2.75, Regular Frappes - Strawberries & Cream - 2.75, Large Speciality Tea - Earl Grey - 1.60",13.05,CASH,
05/07/2024 09:26,Longridge,Augusta Jimerez,"Regular Speciality Tea - Earl Grey - 1.30, Large Glass of milk - 1.10, Regular Frappes - Strawberries & Cream - 2.75, Large Frappes - Strawberries & Cream - 3.25",8.4,CARD,8205943004029982
05/07/2024 09:27,Longridge,Mark Bernard,Regular Flavoured iced latte - Caramel - 2.75,2.75,CARD,4648978886712807
05/07/2024 09:28,Longridge,Rose Fisher,"Regular Mocha - 2.30, Regular Flavoured iced latte - Caramel - 2.75, Large Smoothies - Glowing Greens - 2.50, Large Frappes - Strawberries & Cream - 3.25",10.8,CASH,
05/07/2024 09:29,Longridge,Boris Rivera,"Regular Smoothies - Glowing Greens - 2.00, Large Flavoured iced latte - Caramel - 3.25, Large Frappes - Strawberries & Cream - 3.25, Regular Smoothies - Glowing Greens - 2.00",10.5,CASH,
05/07/2024 09:30,Longridge,Shawn Howard,"Regular Glass of milk - 0.70, Regular Mocha - 2.30, Regular Speciality Tea - Earl Grey - 1.30",4.3,CASH,
05/07/2024 09:31,Longridge,Desiree Liang,"Regular Glass of milk - 0.70, Regular Smoothies - Glowing Greens - 2.00, Regular Smoothies - Glowing Greens - 2.00",4.7,CASH,
05/07/2024 09:32,Longridge,Mary Gordon,Regular Mocha - 2.30,2.3,CARD,6206598672635234
05/07/2024 09:33,Longridge,Steven Lucarelli,"Regular Flavoured iced latte - Caramel - 2.75, Large Speciality Tea - Earl Grey - 1.60",4.35,CARD,5314717853383201
05/07/2024 09:34,Longridge,Patricia Armenta,Regular Flavoured iced latte - Caramel - 2.75,2.75,CARD,1145888012547703
05/07/2024 09:35,Longridge,Joel Sprayberry,"Regular Flavoured iced latte - Caramel - 2.75, Regular Frappes - Strawberries & Cream - 2.75",5.5,CARD,3177606847939167
05/07/2024 09:36,Longridge,Tina Hanson,"Large Mocha - 2.70, Large Frappes - Strawberries & Cream - 3.25, Large Glass of milk - 1.10",7.05,CARD,4763435828024295
05/07/2024 09:37,Longridge,Alma Davis,"Regular Speciality Tea - Earl Grey - 1.30, Regular Speciality Tea - Earl Grey - 1.30",2.6,CARD,5372061134327315
05/07/2024 09:39,Longridge,David Rogers,Large Frappes - Strawberries & Cream - 3.25,3.25,CASH,
05/07/2024 09:40,Longridge,Johnny Dieball,"Large Mocha - 2.70, Regular Glass of milk - 0.70, Large Flavoured iced latte - Caramel - 3.25",6.65,CARD,7876389874922360
05/07/2024 09:41,Longridge,Rhonda Perez,Large Speciality Tea - Earl Grey - 1.60,1.6,CARD,7343801086880793
05/07/2024 09:42,Longridge,Sheridan Porter,Large Smoothies - Glowing Greens - 2.50,2.5,CARD,9846843570488460
05/07/2024 09:43,Longridge,Adam Baldon,"Large Mocha - 2.70, Regular Frappes - Strawberries & Cream - 2.75, Regular Speciality Tea - Earl Grey - 1.30",6.75,CASH,
05/07/2024 09:44,Longridge,Gaylord Tudor,"Large Frappes - Strawberries & Cream - 3.25, Regular Frappes - Strawberries & Cream - 2.75, Regular Flavoured iced latte - Caramel - 2.75, Regular Smoothies - Glowing Greens - 2.00, Regular Mocha - 2.30",13.05,CARD,2879745934368736
05/07/2024 09:45,Longridge,Nancy Kirkpatrick,"Large Flavoured iced latte - Caramel - 3.25, Regular Mocha - 2.30",5.55,CARD,7130883099562461
05/07/2024 09:46,Longridge,Melissa Snedeker,"Large Mocha - 2.70, Regular Glass of milk - 0.70, Large Mocha - 2.70, Regular Frappes - Strawberries & Cream - 2.75",8.85,CARD,5704830399350633
05/07/2024 09:47,Longridge,Ruth English,Large Flavoured iced latte - Caramel - 3.25,3.25,CARD,9730353905348890
05/07/2024 09:48,Longridge,James Owens,"Regular Flavoured iced latte - Caramel - 2.75, Large Frappes - Strawberries & Cream - 3.25, Regular Smoothies - Glowing Greens - 2.00, Regular Flavoured iced latte - Caramel - 2.75",10.75,CARD,7804733253318177
05/07/2024 09:49,Longridge,Christopher Faulkner,"Large Glass of milk - 1.10, Regular Frappes - Strawberries & Cream - 2.75, Large Frappes - Strawberries & Cream - 3.25",7.1,CARD,6156939047280798
05/07/2024 09:50,Longridge,Miranda Ponce,"Regular Flavoured iced latte - Caramel - 2.75, Regular Mocha - 2.30",5.05,CARD,5024745899284145
05/07/2024 09:52,Longridge,Neil Bangs,"Large Smoothies - Glowing Greens - 2.50, Large Frappes - Strawberries & Cream - 3.25, Large Glass of milk - 1.10",6.85,CARD,6015295121063779
05/07/2024 09:53,Longridge,John Jackson,Regular Frappes - Strawberries & Cream - 2.75,2.75,CASH,
05/07/2024 09:54,Longridge,David Simonson,Large Glass of milk - 1.10,1.1,CASH,
05/07/2024 09:55,Longridge,Tyler Weeks,"Regular Smoothies - Glowing Greens - 2.00, Regular Mocha - 2.30, Large Smoothies - Glowing Greens - 2.50",6.8,CARD,2496452932343707
05/07/2024 09:56,Longridge,Sara Bradshaw,Regular Mocha - 2.30,2.3,CASH,
05/07/2024 09:57,Longridge,Debra Mills,"Large Speciality Tea - Earl Grey - 1.60, Regular Smoothies - Glowing Greens - 2.00, Regular Smoothies - Glowing Greens - 2.00, Large Glass of milk - 1.10",6.7,CARD,8369277490401564
05/07/2024 09:58,Longridge,Natasha Jones,"Regular Smoothies - Glowing Greens - 2.00, Large Frappes - Strawberries & Cream - 3.25, Large Smoothies - Glowing Greens - 2.50, Regular Glass of milk - 0.70",8.45,CARD,7310862832397786
05/07/2024 09:59,Longridge,Jasper Norberg,"Large Flavoured iced latte - Caramel - 3.25, Large Speciality Tea - Earl Grey - 1.60",4.85,CASH,
05/07/2024 10:00,Longridge,Tyrone Mcbroom,"Regular Mocha - 2.30, Regular Frappes - Strawberries & Cream - 2.75, Regular Flavoured iced latte - Caramel - 2.75, Regular Smoothies - Glowing Greens - 2.00",9.8,CARD,4656781240801253
05/07/2024 10:03,Longridge,Erika Walker,"Large Mocha - 2.70, Regular Speciality Tea - Earl Grey - 1.30",4.0,CARD,3427981270342706
05/07/2024 10:06,Longridge,Marie Lingbeek,"Large Frappes - Strawberries & Cream - 3.25, Large Frappes - Strawberries & Cream - 3.25, Large Mocha - 2.70",9.2,CARD,5425117937100894
05/07/2024 10:10,Longridge,Mary Pratt,Regular Speciality Tea - Earl Grey - 1.30,1.3,CARD,3576084237163429
05/07/2024 10:13,Longridge,John Osorio,"Large Glass of milk - 1.10, Large Speciality Tea - Earl Grey - 1.60, Large Speciality Tea - Earl Grey - 1.60, Regular Speciality Tea - Earl Grey - 1.30",5.6,CARD,5070067550003912
05/07/2024 10:16,Longridge,Bart Schultz,"Large Frappes - Strawberries & Cream - 3.25, Large Speciality Tea - Earl Grey - 1.60, Large Speciality Tea - Earl Grey - 1.60, Large Speciality Tea - Earl Grey - 1.60",8.05,CASH,
05/07/2024 10:19,Longridge,Beatrice Marquez,"Regular Smoothies - Glowing Greens - 2.00, Regular Flavoured iced latte - Caramel - 2.75",4.75,CARD,7863258897377835
05/07/2024 10:22,Longridge,Shawn Seth,"Large Glass of milk - 1.10, Regular Flavoured iced latte - Caramel - 2.75, Regular Mocha - 2.30, Large Flavoured iced latte - Caramel - 3.25",9.4,CARD,3774271058506238
05/07/2024 10:25,Longridge,James Malone,"Large Flavoured iced latte - Caramel - 3.25, Regular Mocha - 2.30, Large Glass of milk - 1.10, Regular Frappes - Strawberries & Cream - 2.75",9.4,CARD,9762041866618794
05/07/2024 10:29,Longridge,Kimberly Goodwin,"Large Frappes - Strawberries & Cream - 3.25, Regular Flavoured iced latte - Caramel - 2.75, Large Speciality Tea - Earl Grey - 1.60",7.6,CARD,5596065046856263
05/07/2024 10:32,Longridge,Franklin Barrett,Regular Glass of milk - 0.70,0.7,CASH,
05/07/2024 10:35,Longridge,Harold Mcneal,"Large Mocha - 2.70, Large Smoothies - Glowing Greens - 2.50, Large Mocha - 2.70, Regular Frappes - Strawberries & Cream - 2.75",10.65,CASH,
05/07/2024 10:38,Longridge,Anthony Merkel,"Large Mocha - 2.70, Large Mocha - 2.70, Regular Speciality Tea - Earl Grey - 1.30, Regular Glass of milk - 0.70, Large Mocha - 2.70, Large Flavoured iced latte - Caramel - 3.25",13.35,CARD,8050084593734074
05/07/2024 10:41,Longridge,Lynda Thoms,"Regular Speciality Tea - Earl Grey - 1.30, Large Flavoured iced latte - Caramel - 3.25, Large Speciality Tea - Earl Grey - 1.60, Large Flavoured iced latte - Caramel - 3.25",9.4,CASH,
05/07/2024 10:44,Longridge,Cedric Schulman,Large Mocha - 2.70,2.7,CASH,
05/07/2024 10:47,Longridge,Wanda Brown,"Regular Flavoured iced latte - Caramel - 2.75, Large Mocha - 2.70, Regular Mocha - 2.30",7.75,CASH,
05/07/2024 10:51,Longridge,Janet Cornell,"Regular Frappes - Strawberries & Cream - 2.75, Regular Flavoured iced latte - Caramel - 2.75, Large Mocha - 2.70, Large Frappes - Strawberries & Cream - 3.25, Regular Frappes - Strawberries & Cream - 2.75, Large Flavoured iced latte - Caramel - 3.25",17.45,CARD,3456179875635566
05/07/2024 10:54,Longridge,Terence Metzler,"Regular Speciality Tea - Earl Grey - 1.30, Large Glass of milk - 1.10",2.4,CASH,
05/07/2024 10:57,Longridge,Gale Adams,"Regular Flavoured iced latte - Caramel - 2.75, Regular Flavoured iced latte - Caramel - 2.75, Regular Flavoured iced latte - Caramel - 2.75, Regular Smoothies - Glowing Greens - 2.00, Regular Smoothies - Glowing Greens - 2.00",12.25,CARD,9251971113525964
05/07/2024 11:00,Longridge,Richard Visick,"Large Frappes - Strawberries & Cream - 3.25, Regular Speciality Tea - Earl Grey - 1.30, Regular Frappes - Strawberries & Cream - 2.75, Large Flavoured iced latte - Caramel - 3.25, Regular Frappes - Strawberries & Cream - 2.75",13.3,CASH,
05/07/2024 11:08,Longridge,Leona Nett,"Large Smoothies - Glowing Greens - 2.50, Regular Mocha - 2.30, Large Frappes - Strawberries & Cream - 3.25",8.05,CARD,7404771633147748
05/07/2024 11:15,Longridge,Tyler Terry,"Large Mocha - 2.70, Large Frappes - Strawberries & Cream - 3.25, Large Speciality Tea - Earl Grey - 1.60, Regular Flavoured iced latte - Caramel - 2.75, Regular Speciality Tea - Earl Grey - 1.30, Large Mocha - 2.70",14.3,CARD,7796643883968741
05/07/2024 11:23,Longridge,Arnold Purifoy,Regular Frappes - Strawberries & Cream - 2.75,2.75,CASH,
05/07/2024 11:30,Longridge,Daniel Ramsey,"Large Speciality Tea - Earl Grey - 1.60, Large Glass of milk - 1.10, Large Smoothies - Glowing Greens - 2.50, Regular Frappes - Strawberries & Cream - 2.75, Regular Flavoured iced latte - Caramel - 2.75",10.7,CASH,
05/07/2024 11:38,Longridge,Jenny Felter,"Large Frappes - Strawberries & Cream - 3.25, Large Flavoured iced latte - Caramel - 3.25, Regular Frappes - Strawberries & Cream - 2.75, Large Frappes - Strawberries & Cream - 3.25",12.5,CARD,7392975440937158
05/07/2024 11:45,Longridge,Leilani Patrick,"Regular Smoothies - Glowing Greens - 2.00, Large Mocha - 2.70, Regular Glass of milk - 0.70, Regular Frappes - Strawberries & Cream - 2.75, Large Mocha - 2.70",10.85,CARD,9463586165753674
05/07/2024 11:53,Longridge,Stacy Milburn,"Large Mocha - 2.70, Regular Mocha - 2.30",5.0,CARD,8764111683507333
05/07/2024 12:00,Longridge,Jay Coelho,"Regular Mocha - 2.30, Large Frappes - Strawberries & Cream - 3.25, Regular Flavoured iced latte - Caramel - 2.75, Regular Mocha - 2.30, Large Frappes - Strawberries & Cream - 3.25",13.85,CARD,5569174530733528
05/07/2024 12:06,Longridge,Milton Harker,"Large Flavoured iced latte - Caramel - 3.25, Large Frappes - Strawberries & Cream - 3.25",6.5,CARD,1014983127254163
05/07/2024 12:12,Longridge,Wesley Elias,"Regular Flavoured iced latte - Caramel - 2.75, Large Flavoured iced latte - Caramel - 3.25, Regular Smoothies - Glowing Greens - 2.00, Regular Frappes - Strawberries & Cream - 2.75",10.75,CARD,9625677473005847
05/07/2024 12:18,Longridge,Paula Alas,"Large Speciality Tea - Earl Grey - 1.60, Large Frappes - Strawberries & Cream - 3.25",4.85,CARD,4302026569413610
05/07/2024 12:24,Longridge,Teresa Frye,"Regular Glass of milk - 0.70, Regular Smoothies - Glowing Greens - 2.00, Large Glass of milk - 1.10, Large Flavoured iced latte - Caramel - 3.25, Regular Mocha - 2.30",9.35,CASH,
05/07/2024 12:30,Longridge,Brian Wegman,"Regular Speciality Tea - Earl Grey - 1.30, Large Mocha - 2.70, Large Smoothies - Glowing Greens - 2.50",6.5,CARD,7722471357176035
05/07/2024 12:36,Longridge,Melvin Anderson,Regular Speciality Tea - Earl Grey - 1.30,1.3,CARD,6764777213134694
05/07/2024 12:42,Longridge,Jean Campbell,"Regular Glass of milk - 0.70, Regular Glass of milk - 0.70, Large Smoothies - Glowing Greens - 2.50, Regular Speciality Tea - Earl Grey - 1.30",5.2,CARD,1860372999576563
05/07/2024 12:48,Longridge,Ruth Adkison,"Regular Glass of milk - 0.70, Regular Flavoured iced latte - Caramel - 2.75, Regular Mocha - 2.30, Large Speciality Tea - Earl Grey - 1.60, Regular Frappes - Strawberries & Cream - 2.75",10.1,CARD,5712747519014588
05/07/2024 12:54,Longridge,Hans Coombs,"Large Speciality Tea - Earl Grey - 1.60, Regular Frappes - Strawberries & Cream - 2.75, Regular Mocha - 2.30",6.65,CARD,4160745757275230
05/07/2024 13:00,Longridge,David Weissgerber,"Regular Frappes - Strawberries & Cream - 2.75, Regular Mocha - 2.30",5.05,CARD,2714438514821327
05/07/2024 13:01,Longridge,Steven Pyle,"Large Flavoured iced latte - Caramel - 3.25, Regular Speciality Tea - Earl Grey - 1.30, Large Frappes - Strawberries & Cream - 3.25, Large Smoothies - Glowing Greens - 2.50",10.3,CARD,8551904520008984
05/07/2024 13:02,Longridge,Arturo Downer,"Regular Smoothies - Glowing Greens - 2.00, Regular Smoothies - Glowing Greens - 2.00, Large Mocha - 2.70, Regular Speciality Tea - Earl Grey - 1.30",8.0,CARD,3068482495038536
05/07/2024 13:03,Longridge,Cynthia Olivarez,"Large Frappes - Strawberries & Cream - 3.25, Large Mocha - 2.70, Regular Mocha - 2.30, Regular Flavoured iced latte - Caramel - 2.75",11.0,CASH,
05/07/2024 13:04,Longridge,Sherry Scurry,Regular Frappes - Strawberries & Cream - 2.75,2.75,CARD,1675622165956847
05/07/2024 13:05,Longridge,Alan Ogden,"Large Frappes - Strawberries & Cream - 3.25, Regular Speciality Tea - Earl Grey - 1.30, Regular Glass of milk - 0.70",5.25,CASH,
05/07/2024 13:06,Longridge,Richard Hicks,"Large Glass of milk - 1.10, Large Speciality Tea - Earl Grey - 1.60, Large Frappes - Strawberries & Cream - 3.25, Large Glass of milk - 1.10",7.05,CARD,4994399440424387
05/07/2024 13:07,Longridge,John Washington,"Regular Smoothies - Glowing Greens - 2.00, Regular Speciality Tea - Earl Grey - 1.30",3.3,CASH,
05/07/2024 13:08,Longridge,Debra Wright,"Regular Smoothies - Glowing Greens - 2.00, Large Flavoured iced latte - Caramel - 3.25, Large Glass of milk - 1.10, Large Mocha - 2.70",9.05,CARD,8275139301096528
05/07/2024 13:09,Longridge,Lawrence Dixon,"Regular Glass of milk - 0.70, Regular Frappes - Strawberries & Cream - 2.75",3.45,CARD,9379398327985979
05/07/2024 13:10,Longridge,Mary Byer,Large Speciality Tea - Earl Grey - 1.60,1.6,CARD,8211924929467510
05/07/2024 13:10,Longridge,Epifania Patch,Large Frappes - Strawberries & Cream - 3.25,3.25,CARD,1448309436814291
05/07/2024 13:11,Longridge,Louise Hunt,Regular Speciality Tea - Earl Grey - 1.30,1.3,CASH,
05/07/2024 13:12,Longridge,Jean Brown,"Large Smoothies - Glowing Greens - 2.50, Regular Speciality Tea - Earl Grey - 1.30",3.8,CARD,2034499080158443
05/07/2024 13:13,Longridge,Joanna Carmack,"Large Smoothies - Glowing Greens - 2.50, Regular Glass of milk - 0.70, Large Mocha - 2.70",5.9,CARD,4981506024441765
05/07/2024 13:14,Longridge,Michael Kingston,"Large Mocha - 2.70, Regular Flavoured iced latte - Caramel - 2.75, Regular Speciality Tea - Earl Grey - 1.30",6.75,CARD,5445700289837268
05/07/2024 13:15,Longridge,Celina Melton,"Regular Mocha - 2.30, Large Smoothies - Glowing Greens - 2.50, Regular Flavoured iced latte - Caramel - 2.75",7.55,CASH,
05/07/2024 13:16,Longridge,Bette Vangundy,"Large Glass of milk - 1.10, Regular Mocha - 2.30",3.4,CARD,1869546479257236
05/07/2024 13:17,Longridge,Tamara Kerr,"Large Smoothies - Glowing Greens - 2.50, Large Mocha - 2.70, Large Flavoured iced latte - Caramel - 3.25, Large Glass of milk - 1.10, Regular Smoothies - Glowing Greens - 2.00, Large Smoothies - Glowing Greens - 2.50",14.05,CARD,5814301788214930
05/07/2024 13:18,Longridge,Mary Ransom,"Regular Smoothies - Glowing Greens - 2.00, Regular Frappes - Strawberries & Cream - 2.75, Large Glass of milk - 1.10",5.85,CARD,6881700116770404
05/07/2024 13:19,Longridge,Dwayne Orf,"Regular Glass of milk - 0.70, Regular Flavoured iced latte - Caramel - 2.75, Large Smoothies - Glowing Greens - 2.50",5.95,CARD,1569315653286304
05/07/2024 13:20,Longridge,Steven Smith,"Large Glass of milk - 1.10, Large Frappes - Strawberries & Cream - 3.25",4.35,CARD,2534003440298017
05/07/2024 13:21,Longridge,Tammy Copper,"Regular Frappes - Strawberries & Cream - 2.75, Large Smoothies - Glowing Greens - 2.50, Regular Frappes - Strawberries & Cream - 2.75, Regular Frappes - Strawberries & Cream - 2.75, Regular Smoothies - Glowing Greens - 2.00",12.75,CARD,9372631962894923
05/07/2024 13:22,Longridge,Frances Irion,Large Smoothies - Glowing Greens - 2.50,2.5,CARD,4756415948744530
05/07/2024 13:23,Longridge,Beulah Michelotti,Regular Mocha - 2.30,2.3,CARD,4420643968487160
05/07/2024 13:24,Longridge,Kenneth Carter,"Large Mocha - 2.70, Large Flavoured iced latte - Caramel - 3.25, Large Speciality Tea - Earl Grey - 1.60",7.55,CARD,5386510340775506
05/07/2024 13:25,Longridge,Virginia Sasaki,Regular Frappes - Strawberries & Cream - 2.75,2.75,CASH,
05/07/2024 13:26,Longridge,Annie Sundermeyer,Regular Speciality Tea - Earl Grey - 1.30,1.3,CASH,
05/07/2024 13:27,Longridge,Nancy Albrecht,Large Mocha - 2.70,2.7,CARD,7002006553007043
05/07/2024 13:28,Longridge,Alicia Powers,"Regular Mocha - 2.30, Large Glass of milk - 1.10, Large Frappes - Strawberries & Cream - 3.25",6.65,CASH,
05/07/2024 13:29,Longridge,Melissa Wooden,"Large Mocha - 2.70, Large Flavoured iced latte - Caramel - 3.25, Regular Mocha - 2.30, Large Glass of milk - 1.10",9.35,CASH,
05/07/2024 13:29,Longridge,John Moser,"Regular Flavoured iced latte - Caramel - 2.75, Large Smoothies - Glowing Greens - 2.50",5.25,CARD,7931474779212140
05/07/2024 13:30,Longridge,Stan Hodges,"Large Smoothies - Glowing Greens - 2.50, Large Glass of milk - 1.10, Large Flavoured iced latte - Caramel - 3.25",6.85,CARD,8872087249994683
05/07/2024 13:31,Longridge,Mary Nicholson,"Large Smoothies - Glowing Greens - 2.50, Regular Speciality Tea - Earl Grey - 1.30, Regular Speciality Tea - Earl Grey - 1.30, Regular Speciality Tea - Earl Grey - 1.30, Large Flavoured iced latte - Caramel - 3.25, Large Smoothies - Glowing Greens - 2.50",12.15,CARD,7886269349867525
05/07/2024 13:32,Longridge,Charlotte Bitner,Regular Frappes - Strawberries & Cream - 2.75,2.75,CARD,1292088157482050
05/07/2024 13:33,Longridge,Ma Thompson,"Large Smoothies - Glowing Greens - 2.50, Regular Flavoured iced latte - Caramel - 2.75",5.25,CARD,2764043858998830
05/07/2024 13:34,Longridge,Gary Pat,"Large Smoothies - Glowing Greens - 2.50, Regular Frappes - Strawberries & Cream - 2.75",5.25,CARD,3929305458953930
05/07/2024 13:35,Longridge,Raina Bolar,"Large Smoothies - Glowing Greens - 2.50, Large Speciality Tea - Earl Grey - 1.60, Large Glass of milk - 1.10, Large Glass of milk - 1.10",6.3,CARD,5616986806565193
05/07/2024 13:36,Longridge,Elizabeth Williamson,"Regular Frappes - Strawberries & Cream - 2.75, Large Glass of milk - 1.10, Regular Glass of milk - 0.70, Large Frappes - Strawberries & Cream - 3.25",7.8,CASH,
05/07/2024 13:37,Longridge,Elsie Christmas,Large Smoothies - Glowing Greens - 2.50,2.5,CARD,9644394672701293
05/07/2024 13:38,Longridge,Katie Neal,"Regular Speciality Tea - Earl Grey - 1.30, Regular Speciality Tea - Earl Grey - 1.30, Regular Flavoured iced latte - Caramel - 2.75",5.35,CASH,
05/07/2024 13:39,Longridge,Richard Allen,"Regular Smoothies - Glowing Greens - 2.00, Regular Glass of milk - 0.70",2.7,CASH,
05/07/2024 13:40,Longridge,Ethel Jordan,"Regular Speciality Tea - Earl Grey - 1.30, Regular Speciality Tea - Earl Grey - 1.30, Regular Frappes - Strawberries & Cream - 2.75",5.35,CASH,
05/07/2024 13:41,Longridge,Constance Buettner,"Regular Flavoured iced latte - Caramel - 2.75, Regular Flavoured iced latte - Caramel - 2.75, Large Flavoured iced latte - Caramel - 3.25, Large Speciality Tea - Earl Grey - 1.60",10.35,CASH,
05/07/2024 13:42,Longridge,Seth Clark,"Large Flavoured iced latte - Caramel - 3.25, Regular Frappes - Strawberries & Cream - 2.75",6.0,CARD,8756417122927025
05/07/2024 13:43,Longridge,Alberto Walson,"Large Speciality Tea - Earl Grey - 1.60, Regular Frappes - Strawberries & Cream - 2.75",4.35,CARD,6976566779068625
05/07/2024 13:44,Longridge,Melody Reiter,"Large Mocha - 2.70, Regular Glass of milk - 0.70",3.4,CARD,7937409580815433
05/07/2024 13:45,Longridge,Bobby Smith,"Regular Mocha - 2.30, Regular Frappes - Strawberries & Cream - 2.75, Regular Mocha - 2.30, Regular Glass of milk - 0.70, Large Glass of milk - 1.10",9.15,CARD,4127349220142346
05/07/2024 13:46,Longridge,Tammie Sperdute,"Regular Frappes - Strawberries & Cream - 2.75, Regular Mocha - 2.30, Regular Glass of milk - 0.70, Large Speciality Tea - Earl Grey - 1.60",7.35,CASH,
05/07/2024 13:47,Longridge,Lynn Thompson,"Large Mocha - 2.70, Regular Frappes - Strawberries & Cream - 2.75, Large Mocha - 2.70, Large Frappes - Strawberries & Cream - 3.25",11.4,CARD,4543264391226633
05/07/2024 13:48,Longridge,Kurt Kelly,"Regular Speciality Tea - Earl Grey - 1.30, Large Mocha - 2.70, Large Glass of milk - 1.10, Large Flavoured iced latte - Caramel - 3.25, Large Flavoured iced latte - Caramel - 3.25, Regular Frappes - Strawberries & Cream - 2.75",14.35,CARD,3256578571901863
05/07/2024 13:48,Longridge,America Holford,"Large Speciality Tea - Earl Grey - 1.60, Regular Mocha - 2.30",3.9,CASH,
05/07/2024 13:49,Longridge,Kimberly Tipton,"Large Speciality Tea - Earl Grey - 1.60, Regular Smoothies - Glowing Greens - 2.00, Large Flavoured iced latte - Caramel - 3.25, Regular Mocha - 2.30, Large Flavoured iced latte - Caramel - 3.25, Large Smoothies - Glowing Greens - 2.50",14.9,CASH,
05/07/2024 13:50,Longridge,Patrick Thurston,"Regular Mocha - 2.30, Regular Smoothies - Glowing Greens - 2.00",4.3,CARD,4659546600215614
05/07/2024 13:51,Longridge,Mario Dwight,"Large Mocha - 2.70, Regular Flavoured iced latte - Caramel - 2.75, Regular Flavoured iced latte - Caramel - 2.75, Large Smoothies - Glowing Greens - 2.50, Large Flavoured iced latte - Caramel - 3.25",13.95,CASH,
05/07/2024 13:52,Longridge,Crystal Anderson,"Regular Flavoured iced latte - Caramel - 2.75, Regular Flavoured iced latte - Caramel - 2.75, Regular Speciality Tea - Earl Grey - 1.30, Regular Speciality Tea - Earl Grey - 1.30",8.1,CARD,6858416313664626
05/07/2024 13:53,Longridge,John Adams,"Regular Glass of milk - 0.70, Large Smoothies - Glowing Greens - 2.50",3.2,CASH,
05/07/2024 13:54,Longridge,Jung Vanhandel,Large Smoothies - Glowing Greens - 2.50,2.5,CARD,5339069069569110
05/07/2024 13:55,Longridge,Frank Scott,"Regular Flavoured iced latte - Caramel - 2.75, Regular Frappes - Strawberries & Cream - 2.75",5.5,CASH,
05/07/2024 13:56,Longridge,Genevieve Bennett,"Regular Flavoured iced latte - Caramel - 2.75, Regular Frappes - Strawberries & Cream - 2.75, Regular Smoothies - Glowing Greens - 2.00, Large Smoothies - Glowing Greens - 2.50, Regular Smoothies - Glowing Greens - 2.00",12.0,CARD,9607010656769885
05/07/2024 13:57,Longridge,Luella Ward,"Regular Glass of milk - 0.70, Large Frappes - Strawberries & Cream - 3.25, Large Smoothies - Glowing Greens - 2.50, Large Speciality Tea - Earl Grey - 1.60",8.05,CASH,
05/07/2024 13:58,Longridge,James Paris,Regular Glass of milk - 0.70,0.7,CARD,1528772770078216
05/07/2024 13:59,Longridge,Robert Wulff,"Regular Smoothies - Glowing Greens - 2.00, Large Flavoured iced latte - Caramel - 3.25, Regular Speciality Tea - Earl Grey - 1.30, Regular Glass of milk - 0.70, Regular Frappes - Strawberries & Cream - 2.75",10.0,CARD,6012819242411527
05/07/2024 14:00,Longridge,Sharon Thompson,"Large Glass of milk - 1.10, Large Mocha - 2.70, Large Frappes - Strawberries & Cream - 3.25",7.05,CARD,9746119775270043
05/07/2024 14:03,Longridge,James Ybarra,"Regular Frappes - Strawberries & Cream - 2.75, Large Mocha - 2.70, Regular Frappes - Strawberries & Cream - 2.75, Large Speciality Tea - Earl Grey - 1.60, Regular Glass of milk - 0.70, Large Smoothies - Glowing Greens - 2.50",13.0,CARD,3766538336031903
05/07/2024 14:06,Longridge,Harry John,"Regular Frappes - Strawberries & Cream - 2.75, Regular Speciality Tea - Earl Grey - 1.30, Regular Flavoured iced latte - Caramel - 2.75",6.8,CARD,7572520477968286
05/07/2024 14:09,Longridge,Gordon Suggs,"Large Frappes - Strawberries & Cream - 3.25, Regular Glass of milk - 0.70",3.95,CARD,6684623567411676
05/07/2024 14:12,Longridge,Annette Cunningham,"Regular Mocha - 2.30, Regular Frappes - Strawberries & Cream - 2.75, Large Flavoured iced latte - Caramel - 3.25",8.3,CARD,3038411581452552
05/07/2024 14:16,Longridge,William Barrows,"Large Speciality Tea - Earl Grey - 1.60, Large Mocha - 2.70, Regular Smoothies - Glowing Greens - 2.00, Regular Speciality Tea - Earl Grey - 1.30",7.6,CARD,7147476755120954
05/07/2024 14:19,Longridge,Daniel Gordon,"Regular Glass of milk - 0.70, Large Speciality Tea - Earl Grey - 1.60",2.3,CARD,4106302403939129
05/07/2024 14:22,Longridge,Connie Robson,"Large Smoothies - Glowing Greens - 2.50, Regular Frappes - Strawberries & Cream - 2.75, Large Glass of milk - 1.10, Regular Frappes - Strawberries & Cream - 2.75, Regular Flavoured iced latte - Caramel - 2.75",11.85,CARD,6611649388378997
05/07/2024 14:25,Longridge,Dan Chisam,"Large Flavoured iced latte - Caramel - 3.25, Regular Glass of milk - 0.70, Regular Mocha - 2.30, Large Frappes - Strawberries & Cream - 3.25, Large Flavoured iced latte - Caramel - 3.25",12.75,CASH,
05/07/2024 14:28,Longridge,Ronald Yost,"Regular Smoothies - Glowing Greens - 2.00, Large Smoothies - Glowing Greens - 2.50, Regular Speciality Tea - Earl Grey - 1.30, Large Glass of milk - 1.10, Regular Mocha - 2.30",9.2,CARD,1301178270818771
05/07/2024 14:31,Longridge,Lewis Harris,"Regular Smoothies - Glowing Greens - 2.00, Regular Mocha - 2.30, Regular Glass of milk - 0.70, Large Smoothies - Glowing Greens - 2.50",7.5,CARD,5987531681677703
05/07/2024 14:35,Longridge,Bernice Baker,Regular Mocha - 2.30,2.3,CASH,
05/07/2024 14:38,Longridge,Nancy Franklin,"Large Glass of milk - 1.10, Large Smoothies - Glowing Greens - 2.50, Large Frappes - Strawberries & Cream - 3.25, Regular Speciality Tea - Earl Grey - 1.30, Regular Flavoured iced latte - Caramel - 2.75, Regular Speciality Tea - Earl Grey - 1.30",12.2,CARD,6922295635451761
05/07/2024 14:41,Longridge,Troy Davis,Large Speciality Tea - Earl Grey - 1.60,1.6,CARD,5218020505901673
05/07/2024 14:44,Longridge,Janet Jensen,"Regular Frappes - Strawberries & Cream - 2.75, Large Frappes - Strawberries & Cream - 3.25, Regular Speciality Tea - Earl Grey - 1.30, Large Glass of milk - 1.10",8.4,CASH,
05/07/2024 14:47,Longridge,Janie Wright,"Large Frappes - Strawberries & Cream - 3.25, Large Flavoured iced latte - Caramel - 3.25",6.5,CARD,1090018219533521
05/07/2024 14:50,Longridge,Mary Gilliland,"Large Speciality Tea - Earl Grey - 1.60, Large Smoothies - Glowing Greens - 2.50",4.1,CARD,3878235492994601
05/07/2024 14:53,Longridge,Kathleen Gonzales,"Regular Frappes - Strawberries & Cream - 2.75, Regular Smoothies - Glowing Greens - 2.00",4.75,CARD,1563661886862815
05/07/2024 14:57,Longridge,Jimmie Jones,Large Frappes - Strawberries & Cream - 3.25,3.25,CARD,4501345848234454
05/07/2024 15:00,Longridge,Dorothy England,"Large Smoothies - Glowing Greens - 2.50, Regular Frappes - Strawberries & Cream - 2.75, Large Speciality Tea - Earl Grey - 1.60",6.85,CARD,4077909109750905
05/07/2024 15:01,Longridge,Latonya Jobe,"Large Frappes - Strawberries & Cream - 3.25, Regular Speciality Tea - Earl Grey - 1.30, Regular Frappes - Strawberries & Cream - 2.75",7.3,CASH,
05/07/2024 15:02,Longridge,Charles Cope,"Regular Flavoured iced latte - Caramel - 2.75, Regular Flavoured iced latte - Caramel - 2.75, Large Smoothies - Glowing Greens - 2.50, Regular Glass of milk - 0.70",8.7,CARD,9982172651002729
05/07/2024 15:03,Longridge,Dede Shannon,"Large Mocha - 2.70, Large Flavoured iced latte - Caramel - 3.25, Regular Flavoured iced latte - Caramel - 2.75",8.7,CARD,6795547131789433
05/07/2024 15:04,Longridge,Janet Griffith,"Large Smoothies - Glowing Greens - 2.50, Regular Flavoured iced latte - Caramel - 2.75, Regular Glass of milk - 0.70, Regular Smoothies - Glowing Greens - 2.00, Regular Mocha - 2.30",10.25,CASH,
05/07/2024 15:05,Longridge,Robert Mason,"Regular Smoothies - Glowing Greens - 2.00, Large Smoothies - Glowing Greens - 2.50, Large Mocha - 2.70",7.2,CARD,2713431512984341
05/07/2024 15:06,Longridge,Faye Howard,"Regular Flavoured iced latte - Caramel - 2.75, Large Smoothies - Glowing Greens - 2.50, Large Glass of milk - 1.10",6.35,CASH,
05/07/2024 15:07,Longridge,James Holding,"Regular Smoothies - Glowing Greens - 2.00, Large Flavoured iced latte - Caramel - 3.25, Large Mocha - 2.70, Regular Frappes - Strawberries & Cream - 2.75, Regular Mocha - 2.30, Regular Mocha - 2.30",15.3,CARD,3957566791118797
05/07/2024 15:08,Longridge,Ricky Ocasio,Regular Glass of milk - 0.70,0.7,CASH,
05/07/2024 15:09,Longridge,Jerry Goodfellow,Regular Glass of milk - 0.70,0.7,CARD,3166494027428536
05/07/2024 15:10,Longridge,Thelma Vincent,"Regular Flavoured iced latte - Caramel - 2.75, Regular Frappes - Strawberries & Cream - 2.75",5.5,CARD,2772395115689598
05/07/2024 15:11,Longridge,Adelaida Stanley,Large Smoothies - Glowing Greens - 2.50,2.5,CASH,
05/07/2024 15:12,Longridge,Ben Harrington,"Regular Smoothies - Glowing Greens - 2.00, Regular Glass of milk - 0.70",2.7,CARD,8988336901171283
05/07/2024 15:13,Longridge,Gina Meyer,Large Flavoured iced latte - Caramel - 3.25,3.25,CARD,2449617192102508
05/07/2024 15:14,Longridge,Angelo Brewer,"Regular Mocha - 2.30, Regular Mocha - 2.30, Large Mocha - 2.70",7.3,CARD,6761117244969370
05/07/2024 15:15,Longridge,Ray Caudle,Regular Frappes - Strawberries & Cream - 2.75,2.75,CASH,
05/07/2024 15:16,Longridge,Timothy Fitting,"Regular Frappes - Strawberries & Cream - 2.75, Regular Frappes - Strawberries & Cream - 2.75, Large Glass of milk - 1.10, Regular Mocha - 2.30",8.9,CARD,2355933001720686
05/07/2024 15:17,Longridge,Cathleen Williams,Regular Glass of milk - 0.70,0.7,CARD,5921277663437188
05/07/2024 15:18,Longridge,Salvador Erwin,"Regular Glass of milk - 0.70, Regular Frappes - Strawberries & Cream - 2.75",3.45,CARD,4076521139402640
05/07/2024 15:19,Longridge,James Daves,"Regular Frappes - Strawberries & Cream - 2.75, Regular Flavoured iced latte - Caramel - 2.75, Regular Mocha - 2.30, Large Smoothies - Glowing Greens - 2.50",10.3,CASH,
05/07/2024 15:20,Longridge,Steven Peters,Large Glass of milk - 1.10,1.1,CASH,
05/07/2024 15:21,Longridge,Angela Lafferty,Large Mocha - 2.70,2.7,CARD,2334964387945199
05/07/2024 15:22,Longridge,Charles Haygood,"Large Frappes - Strawberries & Cream - 3.25, Large Flavoured iced latte - Caramel - 3.25, Regular Glass of milk - 0.70",7.2,CASH,
05/07/2024 15:23,Longridge,Charles Hooper,Large Speciality Tea - Earl Grey - 1.60,1.6,CARD,5352540927843234
05/07/2024 15:25,Longridge,Thomas Webb,"Large Frappes - Strawberries & Cream - 3.25, Regular Glass of milk - 0.70, Large Speciality Tea - Earl Grey - 1.60, Regular Smoothies - Glowing Greens - 2.00, Large Speciality Tea - Earl Grey - 1.60",9.15,CARD,9701778507634622
05/07/2024 15:26,Longridge,Diana Cornelius,"Large Flavoured iced latte - Caramel - 3.25, Regular Speciality Tea - Earl Grey - 1.30",4.55,CARD,6557723745206304
05/07/2024 15:27,Longridge,Justin Payne,Regular Smoothies - Glowing Greens - 2.00,2.0,CARD,3401858593304121
05/07/2024 15:28,Longridge,George Randall,Regular Flavoured iced latte - Caramel - 2.75,2.75,CARD,4124613269584474
05/07/2024 15:29,Longridge,Brian Houle,"Large Speciality Tea - Earl Grey - 1.60, Large Flavoured iced latte - Caramel - 3.25, Regular Smoothies - Glowing Greens - 2.00",6.85,CARD,8219654081652040
05/07/2024 15:30,Longridge,Fernando Holman,Large Glass of milk - 1.10,1.1,CARD,2296425297150675
05/07/2024 15:31,Longridge,Laverne Fuller,"Regular Smoothies - Glowing Greens - 2.00, Regular Speciality Tea - Earl Grey - 1.30, Regular Flavoured iced latte - Caramel - 2.75",6.05,CARD,7475147794190518
05/07/2024 15:32,Longridge,Louis Alston,Large Speciality Tea - Earl Grey - 1.60,1.6,CASH,
05/07/2024 15:33,Longridge,Stephen Welder,"Large Flavoured iced latte - Caramel - 3.25, Large Flavoured iced latte - Caramel - 3.25, Large Frappes - Strawberries & Cream - 3.25",9.75,CARD,9971264430187996
05/07/2024 15:34,Longridge,Christine Steffes,"Regular Frappes - Strawberries & Cream - 2.75, Regular Mocha - 2.30",5.05,CARD,4811012473912080
05/07/2024 15:35,Longridge,Kristine Holton,"Regular Frappes - Strawberries & Cream - 2.75, Large Mocha - 2.70, Regular Frappes - Strawberries & Cream - 2.75, Regular Flavoured iced latte - Caramel - 2.75, Regular Frappes - Strawberries & Cream - 2.75",13.7,CARD,7013483728081654
05/07/2024 15:36,Longridge,Christopher Lara,Regular Smoothies - Glowing Greens - 2.00,2.0,CARD,1241674178813000
05/07/2024 15:37,Longridge,Esther Laurence,"Regular Smoothies - Glowing Greens - 2.00, Large Flavoured iced latte - Caramel - 3.25, Regular Mocha - 2.30, Large Flavoured iced latte - Caramel - 3.25, Regular Speciality Tea - Earl Grey - 1.30",12.1,CASH,
05/07/2024 15:38,Longridge,Peter Tyson,"Regular Frappes - Strawberries & Cream - 2.75, Regular Glass of milk - 0.70",3.45,CARD,8997267845538408
05/07/2024 15:39,Longridge,Peggy Ferrer,Regular Flavoured iced latte - Caramel - 2.75,2.75,CARD,4026663650808502
05/07/2024 15:40,Longridge,George Stackhouse,"Regular Mocha - 2.30, Large Flavoured iced latte - Caramel - 3.25",5.55,CARD,4510086942698495
05/07/2024 15:41,Longridge,Anthony Bassetti,"Large Smoothies - Glowing Greens - 2.50, Regular Frappes - Strawberries & Cream - 2.75, Large Smoothies - Glowing Greens - 2.50",7.75,CASH,
05/07/2024 15:42,Longridge,Steven Hall,"Large Frappes - Strawberries & Cream - 3.25, Large Flavoured iced latte - Caramel - 3.25, Regular Glass of milk - 0.70, Regular Speciality Tea - Earl Grey - 1.30",8.5,CARD,1560994125873724
05/07/2024 15:43,Longridge,Bernice Adams,"Regular Speciality Tea - Earl Grey - 1.30, Regular Frappes - Strawberries & Cream - 2.75",4.05,CARD,8735746146723104
05/07/2024 15:44,Longridge,Ryan Kinney,Regular Frappes - Strawberries & Cream - 2.75,2.75,CASH,
05/07/2024 15:45,Longridge,Paul Garcia,"Large Mocha - 2.70, Regular Frappes - Strawberries & Cream - 2.75, Large Frappes - Strawberries & Cream - 3.25, Regular Speciality Tea - Earl Grey - 1.30, Regular Flavoured iced latte - Caramel - 2.75",12.75,CARD,1353726061685881
05/07/2024 15:46,Longridge,Viola Hudspeth,"Large Mocha - 2.70, Large Glass of milk - 1.10, Regular Glass of milk - 0.70, Regular Flavoured iced latte - Caramel - 2.75, Regular Flavoured iced latte - Caramel - 2.75",10.0,CARD,7401900690452397
05/07/2024 15:47,Longridge,Julia Compo,Regular Flavoured iced latte - Caramel - 2.75,2.75,CARD,9007509222701561
05/07/2024 15:48,Longridge,Jessica Guffey,"Regular Smoothies - Glowing Greens - 2.00, Regular Flavoured iced latte - Caramel - 2.75",4.75,CARD,8340163496902067
05/07/2024 15:49,Longridge,Janice Pacheco,"Large Mocha - 2.70, Regular Frappes - Strawberries & Cream - 2.75, Regular Glass of milk - 0.70",6.15,CARD,2487977020496577
05/07/2024 15:50,Longridge,Molly Taylor,Regular Speciality Tea - Earl Grey - 1.30,1.3,CARD,2012423649766709
05/07/2024 15:51,Longridge,Sherry Collins,"Large Mocha - 2.70, Regular Glass of milk - 0.70, Regular Frappes - Strawberries & Cream - 2.75, Regular Mocha - 2.30",8.45,CASH,
05/07/2024 15:52,Longridge,Paulette Clos,Regular Frappes - Strawberries & Cream - 2.75,2.75,CARD,7607731353832350
05/07/2024 15:53,Longridge,Robert Gonzales,"Regular Speciality Tea - Earl Grey - 1.30, Regular Glass of milk - 0.70",2.0,CASH,
05/07/2024 15:54,Longridge,August Odonnell,"Regular Frappes - Strawberries & Cream - 2.75, Regular Speciality Tea - Earl Grey - 1.30, Regular Speciality Tea - Earl Grey - 1.30, Large Glass of milk - 1.10",6.45,CARD,8435204876727994
05/07/2024 15:56,Longridge,Maryann Baker,"Large Mocha - 2.70, Regular Glass of milk - 0.70, Regular Frappes - Strawberries & Cream - 2.75, Large Mocha - 2.70",8.85,CARD,8323159840089486
05/07/2024 15:57,Longridge,Karen Brown,"Regular Flavoured iced latte - Caramel - 2.75, Regular Frappes - Strawberries & Cream - 2.75, Large Flavoured iced latte - Caramel - 3.25",8.75,CARD,7860662416609635
05/07/2024 15:58,Longridge,Michael Sizemore,"Regular Frappes - Strawberries & Cream - 2.75, Regular Glass of milk - 0.70, Regular Mocha - 2.30, Large Glass of milk - 1.10, Large Flavoured iced latte - Caramel - 3.25, Regular Speciality Tea - Earl Grey - 1.30",11.4,CASH,
05/07/2024 15:59,Longridge,Lois Lara,"Regular Frappes - Strawberries & Cream - 2.75, Large Mocha - 2.70, Large Smoothies - Glowing Greens - 2.50",7.95,CARD,9288264104172748
05/07/2024 16:00,Longridge,Queen Petersen,"Large Smoothies - Glowing Greens - 2.50, Regular Smoothies - Glowing Greens - 2.00, Regular Speciality Tea - Earl Grey - 1.30, Large Flavoured iced latte - Caramel - 3.25",9.05,CASH,
05/07/2024 16:02,Longridge,Matthew Hatchett,Regular Mocha - 2.30,2.3,CASH,
05/07/2024 16:04,Longridge,Josefa Porter,"Large Glass of milk - 1.10, Large Smoothies - Glowing Greens - 2.50, Large Flavoured iced latte - Caramel - 3.25",6.85,CARD,7570659725396381
05/07/2024 16:06,Longridge,Preston Erickson,Large Mocha - 2.70,2.7,CARD,9734235179835040
05/07/2024 16:08,Longridge,Douglas Cramer,"Large Speciality Tea - Earl Grey - 1.60, Large Frappes - Strawberries & Cream - 3.25, Large Glass of milk - 1.10, Large Mocha - 2.70, Regular Speciality Tea - Earl Grey - 1.30, Large Speciality Tea - Earl Grey - 1.60",11.55,CARD,5741684829764706
05/07/2024 16:10,Longridge,Irene Thompson,"Large Glass of milk - 1.10, Large Flavoured iced latte - Caramel - 3.25, Regular Frappes - Strawberries & Cream - 2.75, Regular Mocha - 2.30",9.4,CARD,9748551627151476
05/07/2024 16:12,Longridge,Mark Zambrano,"Large Frappes - Strawberries & Cream - 3.25, Regular Smoothies - Glowing Greens - 2.00, Large Mocha - 2.70, Large Mocha - 2.70",10.65,CASH,
05/07/2024 16:14,Longridge,Daniel Stuart,"Large Speciality Tea - Earl Grey - 1.60, Large Mocha - 2.70, Regular Frappes - Strawberries & Cream - 2.75, Regular Frappes - Strawberries & Cream - 2.75",9.8,CARD,5838512221575846
05/07/2024 16:16,Longridge,Travis Hurley,"Regular Speciality Tea - Earl Grey - 1.30, Large Smoothies - Glowing Greens - 2.50, Large Mocha - 2.70, Regular Glass of milk - 0.70",7.2,CARD,3721260190473708
05/07/2024 16:18,Longridge,Jesse Reyes,"Regular Mocha - 2.30, Large Glass of milk - 1.10, Large Mocha - 2.70",6.1,CARD,3698324065230230
05/07/2024 16:20,Longridge,Lester Clendenen,"Large Speciality Tea - Earl Grey - 1.60, Large Speciality Tea - Earl Grey - 1.60, Regular Mocha - 2.30, Regular Mocha - 2.30, Regular Frappes - Strawberries & Cream - 2.75",10.55,CASH,
05/07/2024 16:22,Longridge,Lena Mcveigh,Large Mocha - 2.70,2.7,CASH,
05/07/2024 16:24,Longridge,Harold Fisher,"Large Frappes - Strawberries & Cream - 3.25, Large Speciality Tea - Earl Grey - 1.60, Large Frappes - Strawberries & Cream - 3.25, Large Flavoured iced latte - Caramel - 3.25",11.35,CARD,2329913302940139
05/07/2024 16:26,Longridge,James Weir,"Regular Frappes - Strawberries & Cream - 2.75, Regular Smoothies - Glowing Greens - 2.00, Regular Glass of milk - 0.70",5.45,CARD,7797875101125729
05/07/2024 16:28,Longridge,Margaret Espinoza,"Regular Smoothies - Glowing Greens - 2.00, Large Mocha - 2.70, Large Speciality Tea - Earl Grey - 1.60, Regular Glass of milk - 0.70, Large Speciality Tea - Earl Grey - 1.60",8.6,CARD,3392011181513263
05/07/2024 16:30,Longridge,Ronald Cole,"Regular Smoothies - Glowing Greens - 2.00, Regular Flavoured iced latte - Caramel - 2.75, Large Smoothies - Glowing Greens - 2.50, Regular Glass of milk - 0.70",7.95,CARD,1861117272415031
05/07/2024 16:32,Longridge,Edward Cisneros,"Large Glass of milk - 1.10, Large Mocha - 2.70, Regular Flavoured iced latte - Caramel - 2.75, Large Frappes - Strawberries & Cream - 3.25, Large Mocha - 2.70, Large Mocha - 2.70",15.2,CARD,9982747516211436
05/07/2024 16:34,Longridge,Arturo Henson,"Regular Mocha - 2.30, Large Smoothies - Glowing Greens - 2.50, Regular Flavoured iced latte - Caramel - 2.75",7.55,CARD,9855128255836352
05/07/2024 16:36,Longridge,Ana Smith,"Regular Speciality Tea - Earl Grey - 1.30, Regular Speciality Tea - Earl Grey - 1.30",2.6,CARD,5133766363089131
05/07/2024 16:38,Longridge,Sonia Evans,"Large Speciality Tea - Earl Grey - 1.60, Regular Flavoured iced latte - Caramel - 2.75",4.35,CARD,5770372677077836
05/07/2024 16:40,Longridge,Patsy Hicks,"Regular Frappes - Strawberries & Cream - 2.75, Regular Glass of milk - 0.70",3.45,CARD,5766784300873362
05/07/2024 16:42,Longridge,Lynn Brown,"Large Frappes - Strawberries & Cream - 3.25, Large Frappes - Strawberries & Cream - 3.25, Regular Speciality Tea - Earl Grey - 1.30, Large Smoothies - Glowing Greens - 2.50",10.3,CARD,5196536954580083
05/07/2024 16:44,Longridge,Annabelle Dillman,"Large Frappes - Strawberries & Cream - 3.25, Regular Flavoured iced latte - Caramel - 2.75, Regular Glass of milk - 0.70",6.7,CARD,5254683503755078
05/07/2024 16:46,Longridge,Pamela Bales,"Large Flavoured iced latte - Caramel - 3.25, Large Frappes - Strawberries & Cream - 3.25",6.5,CARD,8362249359539197
05/07/2024 16:48,Longridge,David Harvey,"Regular Flavoured iced latte - Caramel - 2.75, Regular Speciality Tea - Earl Grey - 1.30, Large Smoothies - Glowing Greens - 2.50, Large Speciality Tea - Earl Grey - 1.60",8.15,CASH,
05/07/2024 16:50,Longridge,Wm Menz,Large Glass of milk - 1.10,1.1,CASH,
05/07/2024 16:52,Longridge,Melissa Churchill,Large Speciality Tea - Earl Grey - 1.60,1.6,CASH,
05/07/2024 16:54,Longridge,Lonnie Doe,"Regular Smoothies - Glowing Greens - 2.00, Regular Frappes - Strawberries & Cream - 2.75, Large Smoothies - Glowing Greens - 2.50, Regular Mocha - 2.30",9.55,CARD,5823817858536895
05/07/2024 16:56,Longridge,Thomas Mcleod,Regular Mocha - 2.30,2.3,CARD,2332339851130274
05/07/2024 16:58,Longridge,Rosa Schlueter,Large Mocha - 2.70,2.7,CARD,5703519977254141
