03/07/2024 09:00,Birmingham,Micheal Enderle,Large Speciality Tea - Camomile - 1.60,1.6,CASH,
03/07/2024 09:03,Birmingham,Robert Starr,"Large Red Label tea - 1.80, Regular Cortado - 2.05, Large Flavoured hot chocolate - Caramel - 2.90",6.75,CARD,6537073012283499
03/07/2024 09:06,Birmingham,Elias Coffey,"Large Chai latte - 2.60, Large Speciality Tea - Camomile - 1.60, Regular Red Label tea - 1.20",5.4,CARD,7152708067134048
03/07/2024 09:09,Birmingham,Drew Dennis,Regular Cortado - 2.05,2.05,CARD,9709135979885542
03/07/2024 09:12,Birmingham,Myron Harris,"Regular Speciality Tea - English breakfast - 1.30, Regular Flavoured hot chocolate - Caramel - 2.60",3.9,CASH,
03/07/2024 09:15,Birmingham,Katherine Ellis,Regular Cortado - 2.05,2.05,CASH,
03/07/2024 09:18,Birmingham,Johnny Lawrence,Large Flavoured hot chocolate - Caramel - 2.90,2.9,CARD,9042542857942571
03/07/2024 09:22,Birmingham,Michele Amaya,"Large Red Label tea - 1.80, Large Red Label tea - 1.80, Regular Cortado - 2.05, Large Speciality Tea - Camomile - 1.60",7.25,CARD,2280175913395313
03/07/2024 09:25,Birmingham,Lindsay Jackson,"Regular Cortado - 2.05, Regular Speciality Tea - Camomile - 1.30, Large Red Label tea - 1.80",5.15,CASH,
03/07/2024 09:28,Birmingham,Clifford Loggins,"Regular Speciality Tea - English breakfast - 1.30, Regular Speciality Tea - English breakfast - 1.30, Regular Speciality Tea - Camomile - 1.30, Large Speciality Tea - English breakfast - 1.60, Large Chai latte - 2.60, Large Flavoured hot chocolate - Caramel - 2.90",11.0,CARD,6413562521817751
03/07/2024 09:31,Birmingham,Carmen Melendez,"Large Flavoured hot chocolate - Caramel - 2.90, Large Flavoured hot chocolate - Caramel - 2.90, Large Chai latte - 2.60",8.4,CARD,9553467068967123
03/07/2024 09:34,Birmingham,Frank Thompson,"Regular Speciality Tea - English breakfast - 1.30, Large Flavoured hot chocolate - Caramel - 2.90",4.2,CARD,1701200242719074
03/07/2024 09:37,Birmingham,Donnetta Oliver,"Regular Red Label tea - 1.20, Regular Cortado - 2.05, Large Speciality Tea - Camomile - 1.60",4.85,CARD,7084429811004253
03/07/2024 09:40,Birmingham,Tameka Conner,"Regular Cortado - 2.05, Large Chai latte - 2.60",4.65,CARD,1608527941380150
03/07/2024 09:44,Birmingham,Todd Rennels,"Regular Cortado - 2.05, Regular Flavoured hot chocolate - Caramel - 2.60, Regular Cortado - 2.05, Large Red Label tea - 1.80",8.5,CARD,7013561567011579
03/07/2024 09:47,Birmingham,Jack Sarro,"Large Red Label tea - 1.80, Regular Chai latte - 2.30",4.1,CARD,4398311540698660
03/07/2024 09:50,Birmingham,Donna Snively,"Large Chai latte - 2.60, Large Red Label tea - 1.80",4.4,CASH,
03/07/2024 09:53,Birmingham,Gary Jacobson,Regular Chai latte - 2.30,2.3,CASH,
03/07/2024 09:56,Birmingham,Kurt Hall,"Regular Chai latte - 2.30, Regular Cortado - 2.05",4.35,CARD,3741341827856790
03/07/2024 09:59,Birmingham,Kimberly Mcclelland,"Regular Cortado - 2.05, Large Speciality Tea - English breakfast - 1.60, Large Speciality Tea - English breakfast - 1.60, Large Flavoured hot chocolate - Caramel - 2.90, Large Flavoured hot chocolate - Caramel - 2.90",11.05,CARD,7671190343305766
03/07/2024 10:03,Birmingham,Sherri Brown,"Large Speciality Tea - English breakfast - 1.60, Large Red Label tea - 1.80, Large Red Label tea - 1.80, Regular Speciality Tea - Camomile - 1.30",6.5,CARD,6262835524183188
03/07/2024 10:04,Birmingham,Kyle Barger,"Regular Chai latte - 2.30, Large Cortado - 2.35",4.65,CARD,3901471458947503
03/07/2024 10:06,Birmingham,Sheri Rinker,"Regular Cortado - 2.05, Large Flavoured hot chocolate - Caramel - 2.90, Large Cortado - 2.35, Large Flavoured hot chocolate - Caramel - 2.90, Regular Speciality Tea - English breakfast - 1.30",11.5,CASH,
03/07/2024 10:07,Birmingham,Carolyn Murray,"Regular Speciality Tea - Camomile - 1.30, Large Flavoured hot chocolate - Caramel - 2.90, Large Flavoured hot chocolate - Caramel - 2.90",7.1,CARD,6138955873613370
03/07/2024 10:09,Birmingham,Joseph Collings,"Large Cortado - 2.35, Regular Speciality Tea - Camomile - 1.30, Regular Cortado - 2.05",5.7,CARD,5523294702794771
03/07/2024 10:10,Birmingham,Dolores Alexander,Regular Chai latte - 2.30,2.3,CARD,5173107122712790
03/07/2024 10:12,Birmingham,Jacinto Knapp,"Regular Red Label tea - 1.20, Regular Speciality Tea - English breakfast - 1.30",2.5,CARD,4196803459030449
03/07/2024 10:13,Birmingham,Jennifer Reyna,"Regular Flavoured hot chocolate - Caramel - 2.60, Large Speciality Tea - Camomile - 1.60, Large Speciality Tea - English breakfast - 1.60",5.8,CARD,1530538816053711
03/07/2024 10:15,Birmingham,Kimberly Darnell,"Large Speciality Tea - Camomile - 1.60, Large Red Label tea - 1.80",3.4,CARD,4137697591433524
03/07/2024 10:16,Birmingham,Deborah Gilbert,Regular Speciality Tea - Camomile - 1.30,1.3,CARD,1361285764127146
03/07/2024 10:18,Birmingham,George Falls,"Large Cortado - 2.35, Large Red Label tea - 1.80",4.15,CASH,
03/07/2024 10:19,Birmingham,Kimberly Boyce,"Large Cortado - 2.35, Regular Cortado - 2.05",4.4,CARD,5204347440589175
03/07/2024 10:21,Birmingham,Velda Summers,"Large Chai latte - 2.60, Large Red Label tea - 1.80, Large Flavoured hot chocolate - Caramel - 2.90, Large Speciality Tea - English breakfast - 1.60, Large Speciality Tea - Camomile - 1.60",10.5,CASH,
03/07/2024 10:22,Birmingham,Eva Cooksey,"Large Speciality Tea - English breakfast - 1.60, Regular Speciality Tea - English breakfast - 1.30",2.9,CARD,4862530319347722
03/07/2024 10:24,Birmingham,Michael Atkins,"Large Red Label tea - 1.80, Regular Speciality Tea - Camomile - 1.30",3.1,CASH,
03/07/2024 10:26,Birmingham,Michael Atkins,"Large Speciality Tea - English breakfast - 1.60, Large Speciality Tea - English breakfast - 1.60, Regular Flavoured hot chocolate - Caramel - 2.60, Large Speciality Tea - Camomile - 1.60, Regular Red Label tea - 1.20",8.6,CARD,5752934732826967
03/07/2024 10:27,Birmingham,Maria Hernandez,"Large Speciality Tea - Camomile - 1.60, Large Speciality Tea - Camomile - 1.60, Large Flavoured hot chocolate - Caramel - 2.90, Regular Cortado - 2.05, Large Chai latte - 2.60",10.75,CASH,
03/07/2024 10:29,Birmingham,Stephanie Harris,"Regular Speciality Tea - Camomile - 1.30, Regular Speciality Tea - Camomile - 1.30, Large Chai latte - 2.60",5.2,CARD,7477542744981891
03/07/2024 10:30,Birmingham,Brooke Oniel,"Large Chai latte - 2.60, Large Chai latte - 2.60, Regular Chai latte - 2.30, Regular Flavoured hot chocolate - Caramel - 2.60, Regular Red Label tea - 1.20",11.3,CARD,5320132290578472
03/07/2024 10:32,Birmingham,Frank Tyson,Large Speciality Tea - English breakfast - 1.60,1.6,CARD,4135318679811797
03/07/2024 10:33,Birmingham,Sarah Svendsen,"Regular Red Label tea - 1.20, Regular Red Label tea - 1.20",2.4,CARD,7629856955915689
03/07/2024 10:35,Birmingham,Virgil Snider,"Regular Chai latte - 2.30, Regular Chai latte - 2.30, Large Cortado - 2.35, Large Speciality Tea - Camomile - 1.60",8.55,CARD,4485036058231714
03/07/2024 10:36,Birmingham,Micheal Cribbs,Regular Speciality Tea - English breakfast - 1.30,1.3,CARD,7488572385480327
03/07/2024 10:38,Birmingham,Sandra Brown,"Regular Speciality Tea - English breakfast - 1.30, Large Speciality Tea - English breakfast - 1.60",2.9,CARD,5010715357232413
03/07/2024 10:39,Birmingham,Amanda George,"Large Red Label tea - 1.80, Regular Speciality Tea - Camomile - 1.30",3.1,CARD,4843763101511240
03/07/2024 10:41,Birmingham,Richard Tillson,"Regular Flavoured hot chocolate - Caramel - 2.60, Regular Flavoured hot chocolate - Caramel - 2.60, Large Chai latte - 2.60, Large Speciality Tea - English breakfast - 1.60, Large Cortado - 2.35, Regular Speciality Tea - English breakfast - 1.30",13.05,CARD,6479465449959075
03/07/2024 10:42,Birmingham,Carol Gibson,"Regular Chai latte - 2.30, Large Chai latte - 2.60",4.9,CARD,2616257235230198
03/07/2024 10:44,Birmingham,Kristie Shrout,Large Flavoured hot chocolate - Caramel - 2.90,2.9,CARD,4986181589176997
03/07/2024 10:45,Birmingham,Sonia Hildebrand,"Large Flavoured hot chocolate - Caramel - 2.90, Large Flavoured hot chocolate - Caramel - 2.90, Large Red Label tea - 1.80",7.6,CARD,3440115951997639
03/07/2024 10:47,Birmingham,Joshua Teichmann,"Large Cortado - 2.35, Large Speciality Tea - English breakfast - 1.60",3.95,CARD,7469425965447239
03/07/2024 10:49,Birmingham,Lillian Forster,"Regular Speciality Tea - Camomile - 1.30, Regular Red Label tea - 1.20",2.5,CASH,
03/07/2024 10:50,Birmingham,Jessica Lozano,Regular Speciality Tea - English breakfast - 1.30,1.3,CARD,7871358458412001
03/07/2024 10:52,Birmingham,Mary Folmar,"Large Red Label tea - 1.80, Regular Flavoured hot chocolate - Caramel - 2.60, Regular Speciality Tea - Camomile - 1.30, Regular Red Label tea - 1.20, Large Chai latte - 2.60, Regular Speciality Tea - English breakfast - 1.30",10.8,CARD,1264518022572556
03/07/2024 10:53,Birmingham,Jeffrey Gary,Regular Speciality Tea - Camomile - 1.30,1.3,CARD,6336112323606196
03/07/2024 10:55,Birmingham,Peter Dodson,"Large Speciality Tea - English breakfast - 1.60, Regular Flavoured hot chocolate - Caramel - 2.60",4.2,CARD,3573966992888627
03/07/2024 10:56,Birmingham,Latasha Mandrell,Regular Chai latte - 2.30,2.3,CASH,
03/07/2024 10:58,Birmingham,Rafael Miller,Large Speciality Tea - English breakfast - 1.60,1.6,CARD,4224781013095706
03/07/2024 10:59,Birmingham,Peter Becker,Large Chai latte - 2.60,2.6,CARD,9495943750840023
03/07/2024 11:01,Birmingham,Todd Trax,"Large Chai latte - 2.60, Regular Speciality Tea - Camomile - 1.30, Large Chai latte - 2.60, Regular Flavoured hot chocolate - Caramel - 2.60, Large Red Label tea - 1.80",10.9,CASH,
03/07/2024 11:16,Birmingham,Marlo Clark,"Large Speciality Tea - Camomile - 1.60, Large Cortado - 2.35, Large Speciality Tea - English breakfast - 1.60",5.55,CASH,
03/07/2024 11:31,Birmingham,Winnie Jude,"Regular Cortado - 2.05, Large Flavoured hot chocolate - Caramel - 2.90",4.95,CASH,
03/07/2024 11:46,Birmingham,Peter Johnson,"Regular Red Label tea - 1.20, Large Chai latte - 2.60, Regular Flavoured hot chocolate - Caramel - 2.60, Large Cortado - 2.35",8.75,CARD,8644628013723471
03/07/2024 12:01,Birmingham,Hope Boyd,"Large Red Label tea - 1.80, Regular Cortado - 2.05",3.85,CARD,6448219874181175
03/07/2024 12:04,Birmingham,Rebecca Showe,"Regular Chai latte - 2.30, Regular Chai latte - 2.30, Regular Chai latte - 2.30",6.9,CARD,6259590771218399
03/07/2024 12:06,Birmingham,Serena Waits,"Large Speciality Tea - English breakfast - 1.60, Regular Cortado - 2.05",3.65,CARD,2386989523491991
03/07/2024 12:09,Birmingham,Jon Miller,"Regular Cortado - 2.05, Regular Chai latte - 2.30, Regular Speciality Tea - Camomile - 1.30",5.65,CARD,5926924707286229
03/07/2024 12:12,Birmingham,Asia Roberson,Regular Chai latte - 2.30,2.3,CASH,
03/07/2024 12:15,Birmingham,Alvin Larson,"Regular Cortado - 2.05, Large Cortado - 2.35, Regular Chai latte - 2.30, Large Speciality Tea - Camomile - 1.60, Regular Speciality Tea - English breakfast - 1.30",9.6,CARD,6119296746647277
03/07/2024 12:18,Birmingham,Timothy Logan,"Large Speciality Tea - Camomile - 1.60, Large Flavoured hot chocolate - Caramel - 2.90, Regular Chai latte - 2.30, Regular Speciality Tea - English breakfast - 1.30, Regular Speciality Tea - English breakfast - 1.30, Regular Cortado - 2.05",11.45,CASH,
03/07/2024 12:21,Birmingham,David Johnson,"Regular Red Label tea - 1.20, Regular Speciality Tea - English breakfast - 1.30, Large Cortado - 2.35",4.85,CASH,
03/07/2024 12:24,Birmingham,David Watson,"Large Chai latte - 2.60, Large Cortado - 2.35, Regular Speciality Tea - Camomile - 1.30",6.25,CARD,1069994156792847
03/07/2024 12:26,Birmingham,Nilda Hammonds,"Large Flavoured hot chocolate - Caramel - 2.90, Regular Flavoured hot chocolate - Caramel - 2.60, Regular Chai latte - 2.30",7.8,CARD,3684558890753107
03/07/2024 12:29,Birmingham,Jessie Mccarthy,"Regular Chai latte - 2.30, Regular Chai latte - 2.30",4.6,CARD,4500529345575610
03/07/2024 12:32,Birmingham,Elisa Summerhill,Large Speciality Tea - Camomile - 1.60,1.6,CASH,
03/07/2024 12:35,Birmingham,Thomas Kirchner,"Regular Chai latte - 2.30, Large Chai latte - 2.60, Regular Chai latte - 2.30, Regular Cortado - 2.05, Regular Speciality Tea - Camomile - 1.30",10.55,CARD,7724556021308589
03/07/2024 12:38,Birmingham,Ricky Childs,Regular Speciality Tea - English breakfast - 1.30,1.3,CARD,4898179678992449
03/07/2024 12:41,Birmingham,Debra Taylor,"Large Chai latte - 2.60, Regular Speciality Tea - Camomile - 1.30, Regular Speciality Tea - English breakfast - 1.30, Large Speciality Tea - English breakfast - 1.60",6.8,CARD,9652692308829172
03/07/2024 12:44,Birmingham,Hilda Quade,"Regular Cortado - 2.05, Large Chai latte - 2.60, Regular Red Label tea - 1.20, Large Chai latte - 2.60, Large Speciality Tea - Camomile - 1.60",10.05,CARD,5119196082144479
03/07/2024 12:46,Birmingham,Mary Honeycutt,Regular Cortado - 2.05,2.05,CASH,
03/07/2024 12:49,Birmingham,Johnna Rivera,"Regular Speciality Tea - Camomile - 1.30, Large Cortado - 2.35",3.65,CARD,8026930538124621
03/07/2024 12:52,Birmingham,Andrew Trueman,"Regular Chai latte - 2.30, Large Cortado - 2.35, Regular Speciality Tea - Camomile - 1.30, Large Chai latte - 2.60, Large Speciality Tea - Camomile - 1.60, Large Cortado - 2.35",12.5,CARD,1750035979616495
03/07/2024 12:55,Birmingham,Kathryn Shultz,Regular Speciality Tea - Camomile - 1.30,1.3,CARD,7920191796827407
03/07/2024 12:58,Birmingham,Lenny Lewis,"Large Chai latte - 2.60, Large Flavoured hot chocolate - Caramel - 2.90, Large Flavoured hot chocolate - Caramel - 2.90",8.4,CARD,2784269219206597
03/07/2024 13:01,Birmingham,Robert Russell,"Large Cortado - 2.35, Regular Speciality Tea - Camomile - 1.30, Large Cortado - 2.35",6.0,CARD,3309215993387063
03/07/2024 13:02,Birmingham,Trudy Munro,"Large Chai latte - 2.60, Regular Flavoured hot chocolate - Caramel - 2.60, Large Speciality Tea - Camomile - 1.60, Large Red Label tea - 1.80, Large Flavoured hot chocolate - Caramel - 2.90",11.5,CARD,7601821395805517
03/07/2024 13:03,Birmingham,Calvin Ellis,"Large Speciality Tea - Camomile - 1.60, Regular Speciality Tea - Camomile - 1.30",2.9,CASH,
03/07/2024 13:04,Birmingham,Donna Marks,"Regular Chai latte - 2.30, Regular Cortado - 2.05, Large Red Label tea - 1.80",6.15,CASH,
03/07/2024 13:05,Birmingham,Bill Johnson,"Regular Red Label tea - 1.20, Large Chai latte - 2.60, Large Flavoured hot chocolate - Caramel - 2.90, Large Speciality Tea - English breakfast - 1.60, Large Flavoured hot chocolate - Caramel - 2.90",11.2,CASH,
03/07/2024 13:06,Birmingham,Eva Gutierrez,"Regular Cortado - 2.05, Regular Red Label tea - 1.20, Large Speciality Tea - Camomile - 1.60, Large Speciality Tea - Camomile - 1.60",6.45,CASH,
03/07/2024 13:07,Birmingham,Alyssa Ostrye,Regular Speciality Tea - English breakfast - 1.30,1.3,CARD,7168379630136390
03/07/2024 13:08,Birmingham,Dora Ibarra,"Regular Speciality Tea - Camomile - 1.30, Regular Speciality Tea - Camomile - 1.30, Large Speciality Tea - Camomile - 1.60, Large Speciality Tea - English breakfast - 1.60, Large Cortado - 2.35",8.15,CARD,7405375954232280
03/07/2024 13:09,Birmingham,William Rehl,Regular Speciality Tea - English breakfast - 1.30,1.3,CARD,3958426708045716
03/07/2024 13:11,Birmingham,George Bowman,Large Chai latte - 2.60,2.6,CARD,1223973711138375
03/07/2024 13:12,Birmingham,Michael Hill,"Large Speciality Tea - Camomile - 1.60, Large Flavoured hot chocolate - Caramel - 2.90, Regular Red Label tea - 1.20, Large Red Label tea - 1.80, Regular Cortado - 2.05",9.55,CARD,2729283442828647
03/07/2024 13:13,Birmingham,Walter Lafosse,"Regular Speciality Tea - Camomile - 1.30, Regular Red Label tea - 1.20, Regular Flavoured hot chocolate - Caramel - 2.60, Large Speciality Tea - Camomile - 1.60, Large Red Label tea - 1.80, Large Cortado - 2.35",10.85,CARD,3135312814162511
03/07/2024 13:14,Birmingham,Clayton Davis,"Regular Cortado - 2.05, Regular Cortado - 2.05, Regular Chai latte - 2.30, Regular Cortado - 2.05",8.45,CARD,6114088277355160
03/07/2024 13:15,Birmingham,Ann Roberts,"Regular Cortado - 2.05, Regular Flavoured hot chocolate - Caramel - 2.60, Large Speciality Tea - English breakfast - 1.60, Large Red Label tea - 1.80",8.05,CASH,
03/07/2024 13:16,Birmingham,Robert Echols,"Large Red Label tea - 1.80, Large Cortado - 2.35",4.15,CARD,5231387107875970
03/07/2024 13:17,Birmingham,Herbert Martinez,"Regular Chai latte - 2.30, Regular Chai latte - 2.30",4.6,CASH,
03/07/2024 13:18,Birmingham,Herschel Sherlock,Large Chai latte - 2.60,2.6,CASH,
03/07/2024 13:19,Birmingham,Keshia Kelly,"Large Speciality Tea - Camomile - 1.60, Regular Speciality Tea - English breakfast - 1.30",2.9,CARD,3817649645678333
03/07/2024 13:20,Birmingham,Michael Crutcher,Regular Red Label tea - 1.20,1.2,CASH,
03/07/2024 13:22,Birmingham,William Frank,"Regular Speciality Tea - English breakfast - 1.30, Large Speciality Tea - English breakfast - 1.60, Regular Cortado - 2.05, Regular Cortado - 2.05",7.0,CARD,2858902992779296
03/07/2024 13:23,Birmingham,Robert Gutierrez,"Large Cortado - 2.35, Regular Red Label tea - 1.20",3.55,CARD,4166155658458686
03/07/2024 13:24,Birmingham,Larry Hotton,"Large Chai latte - 2.60, Large Chai latte - 2.60",5.2,CARD,9143895679536230
03/07/2024 13:25,Birmingham,Mary Hill,Large Speciality Tea - Camomile - 1.60,1.6,CARD,9482298499038424
03/07/2024 13:26,Birmingham,David Herrington,"Regular Red Label tea - 1.20, Large Flavoured hot chocolate - Caramel - 2.90, Large Speciality Tea - Camomile - 1.60, Regular Cortado - 2.05, Large Speciality Tea - Camomile - 1.60",9.35,CARD,1773706001989211
03/07/2024 13:27,Birmingham,Warren Hawks,Regular Red Label tea - 1.20,1.2,CASH,
03/07/2024 13:28,Birmingham,Maura Purcell,"Regular Cortado - 2.05, Large Speciality Tea - English breakfast - 1.60, Regular Flavoured hot chocolate - Caramel - 2.60, Regular Speciality Tea - Camomile - 1.30",7.55,CARD,6081173359098438
03/07/2024 13:29,Birmingham,Stephen Pham,Large Speciality Tea - English breakfast - 1.60,1.6,CARD,9099684199317792
03/07/2024 13:30,Birmingham,George Espinal,"Large Red Label tea - 1.80, Large Speciality Tea - English breakfast - 1.60, Large Speciality Tea - Camomile - 1.60, Large Chai latte - 2.60",7.6,CARD,6692430462542212
03/07/2024 13:31,Birmingham,Daniel Smalls,"Regular Speciality Tea - Camomile - 1.30, Large Red Label tea - 1.80, Large Speciality Tea - English breakfast - 1.60, Large Chai latte - 2.60",7.3,CARD,6330043286646401
03/07/2024 13:33,Birmingham,Daniele Dowd,Regular Chai latte - 2.30,2.3,CASH,
03/07/2024 13:34,Birmingham,Derrick Ray,"Large Speciality Tea - English breakfast - 1.60, Regular Speciality Tea - Camomile - 1.30",2.9,CARD,8995214006643615
03/07/2024 13:35,Birmingham,Laura Vanblarcom,"Regular Cortado - 2.05, Regular Red Label tea - 1.20, Large Speciality Tea - English breakfast - 1.60",4.85,CASH,
03/07/2024 13:36,Birmingham,Joanne Murphy,"Regular Cortado - 2.05, Regular Chai latte - 2.30, Regular Speciality Tea - Camomile - 1.30, Regular Speciality Tea - English breakfast - 1.30, Regular Red Label tea - 1.20",8.15,CASH,
03/07/2024 13:37,Birmingham,Max Hopton,"Regular Cortado - 2.05, Regular Speciality Tea - English breakfast - 1.30, Large Cortado - 2.35, Large Chai latte - 2.60, Large Cortado - 2.35, Large Speciality Tea - Camomile - 1.60",12.25,CASH,
03/07/2024 13:38,Birmingham,Minnie Griffin,Large Speciality Tea - Camomile - 1.60,1.6,CASH,
03/07/2024 13:39,Birmingham,Lillian Mullenbach,Regular Speciality Tea - English breakfast - 1.30,1.3,CASH,
03/07/2024 13:40,Birmingham,Kasey Westlake,"Large Speciality Tea - English breakfast - 1.60, Large Cortado - 2.35, Regular Red Label tea - 1.20, Large Speciality Tea - English breakfast - 1.60",6.75,CARD,2971556628075493
03/07/2024 13:41,Birmingham,Christopher Nova,"Regular Chai latte - 2.30, Regular Cortado - 2.05",4.35,CARD,3317384902603035
03/07/2024 13:42,Birmingham,Donald Ellsworth,"Regular Flavoured hot chocolate - Caramel - 2.60, Large Red Label tea - 1.80",4.4,CARD,7077006359909275
03/07/2024 13:44,Birmingham,Minnie Jones,Large Chai latte - 2.60,2.6,CASH,
03/07/2024 13:45,Birmingham,Anna Gupton,Large Flavoured hot chocolate - Caramel - 2.90,2.9,CARD,2118651382565290
03/07/2024 13:46,Birmingham,Pamela Ryan,"Large Red Label tea - 1.80, Large Speciality Tea - Camomile - 1.60, Large Flavoured hot chocolate - Caramel - 2.90",6.3,CASH,
03/07/2024 13:47,Birmingham,Jack Scott,"Large Speciality Tea - Camomile - 1.60, Regular Cortado - 2.05, Large Speciality Tea - Camomile - 1.60, Regular Speciality Tea - English breakfast - 1.30",6.55,CARD,3537655970082906
03/07/2024 13:48,Birmingham,Nellie Barkley,Large Flavoured hot chocolate - Caramel - 2.90,2.9,CARD,8360761124623458
03/07/2024 13:49,Birmingham,Patsy Hinds,"Regular Chai latte - 2.30, Large Chai latte - 2.60",4.9,CARD,2088217409691822
03/07/2024 13:50,Birmingham,Christina Watkins,"Regular Chai latte - 2.30, Large Chai latte - 2.60, Large Red Label tea - 1.80",6.7,CARD,9881307097264472
03/07/2024 13:51,Birmingham,Teresa Mays,"Regular Flavoured hot chocolate - Caramel - 2.60, Large Red Label tea - 1.80, Regular Flavoured hot chocolate - Caramel - 2.60, Large Cortado - 2.35",9.35,CARD,8942278379015356
03/07/2024 13:52,Birmingham,Kevin Risinger,"Large Speciality Tea - English breakfast - 1.60, Large Chai latte - 2.60, Regular Speciality Tea - English breakfast - 1.30",5.5,CARD,9508031292850206
03/07/2024 13:53,Birmingham,Ashley Atwell,"Large Red Label tea - 1.80, Large Flavoured hot chocolate - Caramel - 2.90, Large Red Label tea - 1.80",6.5,CASH,
03/07/2024 13:55,Birmingham,Tyrone Tosten,"Large Speciality Tea - Camomile - 1.60, Large Flavoured hot chocolate - Caramel - 2.90, Regular Chai latte - 2.30",6.8,CARD,5457856043551902
03/07/2024 13:56,Birmingham,John Mcreynolds,"Regular Speciality Tea - Camomile - 1.30, Large Cortado - 2.35, Regular Speciality Tea - English breakfast - 1.30, Large Chai latte - 2.60, Large Speciality Tea - Camomile - 1.60, Regular Red Label tea - 1.20",10.35,CARD,5634001741573783
03/07/2024 13:57,Birmingham,Kelley Harmon,"Regular Chai latte - 2.30, Large Speciality Tea - English breakfast - 1.60, Large Speciality Tea - English breakfast - 1.60",5.5,CARD,1390046341039435
03/07/2024 13:58,Birmingham,Deena Gause,Large Red Label tea - 1.80,1.8,CASH,
03/07/2024 13:59,Birmingham,Barbara Wilson,"Large Red Label tea - 1.80, Regular Speciality Tea - English breakfast - 1.30",3.1,CARD,4283344870835939
03/07/2024 14:00,Birmingham,Fredrick Colon,"Regular Chai latte - 2.30, Regular Speciality Tea - English breakfast - 1.30, Large Speciality Tea - English breakfast - 1.60",5.2,CARD,4647035424074090
03/07/2024 14:01,Birmingham,Karen Corcoran,"Regular Chai latte - 2.30, Regular Flavoured hot chocolate - Caramel - 2.60",4.9,CARD,4743852090233357
03/07/2024 14:02,Birmingham,Ruby Tockey,Regular Red Label tea - 1.20,1.2,CARD,8714524267359946
03/07/2024 14:03,Birmingham,Jesus Donovan,"Large Speciality Tea - English breakfast - 1.60, Large Chai latte - 2.60, Regular Chai latte - 2.30, Large Speciality Tea - Camomile - 1.60, Large Speciality Tea - English breakfast - 1.60, Large Red Label tea - 1.80",11.5,CARD,5235913381168369
03/07/2024 14:05,Birmingham,Danny Roylance,"Large Speciality Tea - Camomile - 1.60, Large Cortado - 2.35, Regular Chai latte - 2.30, Large Speciality Tea - Camomile - 1.60",7.85,CARD,3859888193226056
03/07/2024 14:06,Birmingham,Harold Virgo,"Large Chai latte - 2.60, Regular Speciality Tea - Camomile - 1.30, Large Cortado - 2.35, Regular Chai latte - 2.30",8.55,CARD,2489061633828285
03/07/2024 14:07,Birmingham,Robert Smith,"Large Flavoured hot chocolate - Caramel - 2.90, Large Speciality Tea - English breakfast - 1.60, Regular Flavoured hot chocolate - Caramel - 2.60",7.1,CARD,3894487651100737
03/07/2024 14:08,Birmingham,Jeremy Riggs,"Regular Cortado - 2.05, Large Flavoured hot chocolate - Caramel - 2.90",4.95,CASH,
03/07/2024 14:09,Birmingham,Mark Henry,"Regular Flavoured hot chocolate - Caramel - 2.60, Large Flavoured hot chocolate - Caramel - 2.90, Large Flavoured hot chocolate - Caramel - 2.90",8.4,CARD,2930625821654065
03/07/2024 14:10,Birmingham,Keven Owens,"Large Speciality Tea - English breakfast - 1.60, Large Red Label tea - 1.80, Large Flavoured hot chocolate - Caramel - 2.90",6.3,CARD,6925855983115593
03/07/2024 14:12,Birmingham,Sharon Magnall,"Regular Red Label tea - 1.20, Large Red Label tea - 1.80",3.0,CASH,
03/07/2024 14:13,Birmingham,Nicholas Lavelle,"Large Cortado - 2.35, Regular Cortado - 2.05, Large Flavoured hot chocolate - Caramel - 2.90, Regular Flavoured hot chocolate - Caramel - 2.60",9.9,CARD,5970957218691749
03/07/2024 14:14,Birmingham,Donald Rothman,"Large Speciality Tea - Camomile - 1.60, Large Cortado - 2.35",3.95,CARD,2052307277535278
03/07/2024 14:15,Birmingham,Ronnie Manfredi,"Regular Speciality Tea - Camomile - 1.30, Large Red Label tea - 1.80",3.1,CARD,1288340909096375
03/07/2024 14:16,Birmingham,Dennis Yates,"Regular Cortado - 2.05, Regular Chai latte - 2.30",4.35,CASH,
03/07/2024 14:17,Birmingham,Doris Noonkester,Large Cortado - 2.35,2.35,CARD,5496648440407053
03/07/2024 14:18,Birmingham,Frank Petrovich,"Large Red Label tea - 1.80, Regular Red Label tea - 1.20, Regular Speciality Tea - Camomile - 1.30, Regular Chai latte - 2.30",6.6,CASH,
03/07/2024 14:20,Birmingham,Charles Baginski,"Regular Red Label tea - 1.20, Regular Speciality Tea - Camomile - 1.30, Large Cortado - 2.35",4.85,CARD,4209321382215044
03/07/2024 14:21,Birmingham,Troy Upshaw,Regular Chai latte - 2.30,2.3,CASH,
03/07/2024 14:22,Birmingham,Larry Finkel,Regular Flavoured hot chocolate - Caramel - 2.60,2.6,CARD,5637643806493385
03/07/2024 14:23,Birmingham,Barbara Wilson,Regular Speciality Tea - English breakfast - 1.30,1.3,CASH,
03/07/2024 14:24,Birmingham,Gloria Ruffin,"Regular Flavoured hot chocolate - Caramel - 2.60, Regular Cortado - 2.05, Regular Speciality Tea - English breakfast - 1.30",5.95,CARD,7206508863342404
03/07/2024 14:25,Birmingham,Sean Hernandez,"Regular Flavoured hot chocolate - Caramel - 2.60, Large Cortado - 2.35, Regular Chai latte - 2.30, Regular Flavoured hot chocolate - Caramel - 2.60, Large Speciality Tea - English breakfast - 1.60",11.45,CARD,7893145524623313
03/07/2024 14:26,Birmingham,Carrie Saenz,"Large Cortado - 2.35, Large Flavoured hot chocolate - Caramel - 2.90, Regular Speciality Tea - Camomile - 1.30, Regular Chai latte - 2.30, Regular Speciality Tea - English breakfast - 1.30",10.15,CARD,6156926647025954
03/07/2024 14:28,Birmingham,Herlinda Clark,"Large Flavoured hot chocolate - Caramel - 2.90, Regular Cortado - 2.05, Large Chai latte - 2.60, Large Cortado - 2.35",9.9,CASH,
03/07/2024 14:29,Birmingham,Lindsey Nissen,"Large Speciality Tea - Camomile - 1.60, Large Red Label tea - 1.80",3.4,CARD,9226823546958800
03/07/2024 14:30,Birmingham,Deborah Holben,Large Flavoured hot chocolate - Caramel - 2.90,2.9,CARD,5428097166166777
03/07/2024 14:31,Birmingham,Richard Boatright,"Large Cortado - 2.35, Regular Speciality Tea - English breakfast - 1.30, Regular Speciality Tea - English breakfast - 1.30",4.95,CASH,
03/07/2024 14:32,Birmingham,Jennifer Mcmahan,Regular Red Label tea - 1.20,1.2,CARD,6979915539597047
03/07/2024 14:33,Birmingham,Elizabeth Morales,"Regular Red Label tea - 1.20, Regular Flavoured hot chocolate - Caramel - 2.60, Large Cortado - 2.35, Large Red Label tea - 1.80, Large Speciality Tea - English breakfast - 1.60, Large Cortado - 2.35",11.9,CARD,1243778330539582
03/07/2024 14:35,Birmingham,Ellen Wyatt,"Regular Speciality Tea - English breakfast - 1.30, Large Red Label tea - 1.80, Large Cortado - 2.35, Large Red Label tea - 1.80, Regular Speciality Tea - Camomile - 1.30",8.55,CARD,4280221682585715
03/07/2024 14:36,Birmingham,Natalie Phillips,"Large Flavoured hot chocolate - Caramel - 2.90, Large Cortado - 2.35, Large Cortado - 2.35, Large Speciality Tea - English breakfast - 1.60, Large Red Label tea - 1.80, Regular Red Label tea - 1.20",12.2,CARD,3749589077298155
03/07/2024 14:37,Birmingham,Hazel Peabody,Large Speciality Tea - Camomile - 1.60,1.6,CASH,
03/07/2024 14:38,Birmingham,Charlotte Cote,"Regular Speciality Tea - English breakfast - 1.30, Large Speciality Tea - English breakfast - 1.60",2.9,CARD,5004008239045543
03/07/2024 14:39,Birmingham,Amanda Bukovsky,"Large Chai latte - 2.60, Large Cortado - 2.35, Large Red Label tea - 1.80",6.75,CARD,3313013069207841
03/07/2024 14:40,Birmingham,Andrew Drummond,"Regular Speciality Tea - Camomile - 1.30, Regular Chai latte - 2.30, Large Flavoured hot chocolate - Caramel - 2.90",6.5,CARD,7274521429665293
03/07/2024 14:41,Birmingham,Dorthy Gallagher,"Large Flavoured hot chocolate - Caramel - 2.90, Large Chai latte - 2.60",5.5,CARD,7557073899417467
03/07/2024 14:43,Birmingham,Angela Mares,"Large Speciality Tea - English breakfast - 1.60, Regular Chai latte - 2.30",3.9,CASH,
03/07/2024 14:44,Birmingham,Ricky Fletcher,"Regular Speciality Tea - Camomile - 1.30, Regular Flavoured hot chocolate - Caramel - 2.60, Regular Speciality Tea - Camomile - 1.30, Large Speciality Tea - English breakfast - 1.60, Large Flavoured hot chocolate - Caramel - 2.90",9.7,CARD,3760206410464073
03/07/2024 14:45,Birmingham,Alice Walters,"Regular Speciality Tea - English breakfast - 1.30, Regular Chai latte - 2.30, Regular Speciality Tea - English breakfast - 1.30, Regular Red Label tea - 1.20",6.1,CASH,
03/07/2024 14:46,Birmingham,Ian Egland,Regular Speciality Tea - English breakfast - 1.30,1.3,CARD,1969742933444560
03/07/2024 14:47,Birmingham,Stanley Lipsey,"Large Speciality Tea - English breakfast - 1.60, Regular Flavoured hot chocolate - Caramel - 2.60, Large Cortado - 2.35",6.55,CASH,
03/07/2024 14:48,Birmingham,Catherine Dominguez,"Large Red Label tea - 1.80, Regular Cortado - 2.05, Regular Red Label tea - 1.20",5.05,CARD,9048704552151703
03/07/2024 14:49,Birmingham,Kevin Meiners,"Large Speciality Tea - English breakfast - 1.60, Regular Cortado - 2.05, Large Flavoured hot chocolate - Caramel - 2.90, Regular Red Label tea - 1.20",7.75,CARD,3993141527622428
03/07/2024 14:51,Birmingham,Grace Hammen,"Large Speciality Tea - Camomile - 1.60, Large Speciality Tea - English breakfast - 1.60",3.2,CARD,1735226139716706
03/07/2024 14:52,Birmingham,Vincent Jackson,"Large Red Label tea - 1.80, Large Flavoured hot chocolate - Caramel - 2.90, Regular Speciality Tea - English breakfast - 1.30, Regular Chai latte - 2.30, Regular Red Label tea - 1.20",9.5,CASH,
03/07/2024 14:53,Birmingham,Janet Dewitt,Large Red Label tea - 1.80,1.8,CASH,
03/07/2024 14:54,Birmingham,Elizabeth Orlando,"Regular Speciality Tea - English breakfast - 1.30, Regular Chai latte - 2.30, Large Red Label tea - 1.80, Regular Speciality Tea - Camomile - 1.30",6.7,CASH,
03/07/2024 14:55,Birmingham,Kayla Hendrickson,"Large Speciality Tea - English breakfast - 1.60, Large Speciality Tea - English breakfast - 1.60, Regular Flavoured hot chocolate - Caramel - 2.60",5.8,CARD,1173737329259786
03/07/2024 14:56,Birmingham,Sean Singh,"Regular Speciality Tea - English breakfast - 1.30, Regular Speciality Tea - English breakfast - 1.30, Large Chai latte - 2.60, Regular Red Label tea - 1.20, Regular Chai latte - 2.30, Large Speciality Tea - Camomile - 1.60",10.3,CARD,1650620284053193
03/07/2024 14:58,Birmingham,Chris Conway,"Large Red Label tea - 1.80, Regular Chai latte - 2.30, Regular Chai latte - 2.30, Large Cortado - 2.35, Large Speciality Tea - Camomile - 1.60",10.35,CARD,6412453384889391
03/07/2024 14:59,Birmingham,Mary Zorns,"Regular Speciality Tea - Camomile - 1.30, Regular Speciality Tea - Camomile - 1.30, Regular Chai latte - 2.30",4.9,CARD,3716118241703707
03/07/2024 15:00,Birmingham,Kali Kint,"Large Chai latte - 2.60, Large Red Label tea - 1.80, Regular Red Label tea - 1.20, Regular Speciality Tea - English breakfast - 1.30, Regular Cortado - 2.05, Regular Speciality Tea - Camomile - 1.30",10.25,CARD,2565172485014730
03/07/2024 15:01,Birmingham,Kevin Hembree,"Large Cortado - 2.35, Regular Cortado - 2.05, Regular Speciality Tea - Camomile - 1.30, Regular Speciality Tea - English breakfast - 1.30",7.0,CARD,2072899211313032
03/07/2024 15:02,Birmingham,Sherry King,"Regular Flavoured hot chocolate - Caramel - 2.60, Regular Speciality Tea - Camomile - 1.30",3.9,CASH,
03/07/2024 15:04,Birmingham,Marjorie Kneip,"Large Speciality Tea - Camomile - 1.60, Regular Speciality Tea - Camomile - 1.30, Large Speciality Tea - Camomile - 1.60",4.5,CARD,5777518449525243
03/07/2024 15:05,Birmingham,John Brown,Regular Speciality Tea - English breakfast - 1.30,1.3,CARD,4486087633019469
03/07/2024 15:06,Birmingham,Donald Glomb,"Large Speciality Tea - English breakfast - 1.60, Large Speciality Tea - English breakfast - 1.60",3.2,CASH,
03/07/2024 15:07,Birmingham,Kacie Kempker,"Regular Cortado - 2.05, Large Flavoured hot chocolate - Caramel - 2.90, Large Cortado - 2.35",7.3,CARD,9413188072243107
03/07/2024 15:09,Birmingham,Blanche Mejia,"Regular Chai latte - 2.30, Regular Red Label tea - 1.20, Large Cortado - 2.35",5.85,CARD,6038438120935597
03/07/2024 15:10,Birmingham,Manuel Perez,"Regular Flavoured hot chocolate - Caramel - 2.60, Large Speciality Tea - English breakfast - 1.60, Regular Chai latte - 2.30, Large Speciality Tea - English breakfast - 1.60, Regular Chai latte - 2.30, Regular Red Label tea - 1.20",11.6,CARD,8027504403852441
03/07/2024 15:11,Birmingham,Patricia Wagstaff,"Regular Flavoured hot chocolate - Caramel - 2.60, Regular Chai latte - 2.30, Regular Cortado - 2.05, Regular Speciality Tea - Camomile - 1.30, Large Chai latte - 2.60",10.85,CARD,8376704299557425
03/07/2024 15:12,Birmingham,Jesus Moore,"Large Chai latte - 2.60, Large Flavoured hot chocolate - Caramel - 2.90",5.5,CASH,
03/07/2024 15:14,Birmingham,Paul Conner,"Regular Speciality Tea - Camomile - 1.30, Large Chai latte - 2.60, Regular Cortado - 2.05",5.95,CASH,
03/07/2024 15:15,Birmingham,Florence Hoot,"Large Speciality Tea - Camomile - 1.60, Regular Red Label tea - 1.20, Large Flavoured hot chocolate - Caramel - 2.90, Regular Red Label tea - 1.20",6.9,CASH,
03/07/2024 15:16,Birmingham,Amanda Carbone,"Large Chai latte - 2.60, Large Flavoured hot chocolate - Caramel - 2.90, Large Red Label tea - 1.80",7.3,CARD,1407765145096218
03/07/2024 15:18,Birmingham,Mathilde Levins,"Regular Speciality Tea - English breakfast - 1.30, Large Speciality Tea - English breakfast - 1.60, Regular Cortado - 2.05, Large Flavoured hot chocolate - Caramel - 2.90, Large Red Label tea - 1.80",9.65,CASH,
03/07/2024 15:19,Birmingham,Terry Johnston,"Large Cortado - 2.35, Regular Flavoured hot chocolate - Caramel - 2.60, Large Cortado - 2.35",7.3,CARD,5204882741999580
03/07/2024 15:20,Birmingham,Irene Wiley,"Regular Flavoured hot chocolate - Caramel - 2.60, Regular Red Label tea - 1.20, Regular Flavoured hot chocolate - Caramel - 2.60",6.4,CASH,
03/07/2024 15:21,Birmingham,Freddy Thurman,"Large Speciality Tea - Camomile - 1.60, Regular Red Label tea - 1.20",2.8,CARD,4480655451723977
03/07/2024 15:23,Birmingham,Joann Harding,Large Red Label tea - 1.80,1.8,CARD,7827955136348889
03/07/2024 15:24,Birmingham,Mary Addison,"Large Flavoured hot chocolate - Caramel - 2.90, Regular Speciality Tea - Camomile - 1.30, Large Speciality Tea - Camomile - 1.60, Large Speciality Tea - English breakfast - 1.60",7.4,CARD,1414042977568614
03/07/2024 15:25,Birmingham,James Jones,"Regular Speciality Tea - English breakfast - 1.30, Large Cortado - 2.35, Regular Chai latte - 2.30, Regular Speciality Tea - English breakfast - 1.30, Large Speciality Tea - Camomile - 1.60",8.85,CARD,7570114250252786
03/07/2024 15:26,Birmingham,Janet Bolin,"Large Cortado - 2.35, Large Speciality Tea - Camomile - 1.60",3.95,CARD,9897920609705625
03/07/2024 15:28,Birmingham,Marsha Hudson,"Regular Cortado - 2.05, Regular Red Label tea - 1.20, Regular Speciality Tea - Camomile - 1.30",4.55,CARD,3118828431183010
03/07/2024 15:29,Birmingham,Charles Atkinson,"Regular Cortado - 2.05, Regular Cortado - 2.05",4.1,CASH,
03/07/2024 15:30,Birmingham,Jennifer Wick,"Regular Chai latte - 2.30, Large Cortado - 2.35",4.65,CASH,
03/07/2024 15:31,Birmingham,Ruben Borgman,Regular Cortado - 2.05,2.05,CASH,
03/07/2024 15:33,Birmingham,Christin Fajardo,"Large Chai latte - 2.60, Large Speciality Tea - English breakfast - 1.60, Large Flavoured hot chocolate - Caramel - 2.90",7.1,CARD,6060659766474840
03/07/2024 15:34,Birmingham,Joy Mellas,Regular Red Label tea - 1.20,1.2,CARD,7495320800003258
03/07/2024 15:35,Birmingham,Lanny Moore,"Regular Cortado - 2.05, Large Cortado - 2.35, Large Cortado - 2.35",6.75,CARD,6820343872805337
03/07/2024 15:37,Birmingham,Dorothy Walls,"Regular Red Label tea - 1.20, Regular Chai latte - 2.30, Large Cortado - 2.35, Large Speciality Tea - English breakfast - 1.60, Large Chai latte - 2.60",10.05,CARD,4554943519275027
03/07/2024 15:38,Birmingham,Geraldine Moody,"Regular Speciality Tea - Camomile - 1.30, Regular Speciality Tea - English breakfast - 1.30, Large Red Label tea - 1.80",4.4,CASH,
03/07/2024 15:39,Birmingham,Homer Patton,"Regular Chai latte - 2.30, Large Speciality Tea - Camomile - 1.60, Large Cortado - 2.35, Large Chai latte - 2.60",8.85,CARD,6941292929763222
03/07/2024 15:40,Birmingham,Adam Jones,"Large Red Label tea - 1.80, Large Chai latte - 2.60, Large Chai latte - 2.60",7.0,CARD,7861698689178017
03/07/2024 15:42,Birmingham,Charlotte Corbin,"Regular Speciality Tea - English breakfast - 1.30, Large Flavoured hot chocolate - Caramel - 2.90",4.2,CARD,6893150100097093
03/07/2024 15:43,Birmingham,Lynette Evans,"Large Flavoured hot chocolate - Caramel - 2.90, Large Speciality Tea - English breakfast - 1.60",4.5,CARD,4248246780516000
03/07/2024 15:44,Birmingham,Brad Tate,"Large Chai latte - 2.60, Large Speciality Tea - Camomile - 1.60, Regular Speciality Tea - Camomile - 1.30",5.5,CASH,
03/07/2024 15:45,Birmingham,Valda May,"Regular Speciality Tea - Camomile - 1.30, Large Cortado - 2.35, Large Speciality Tea - Camomile - 1.60, Large Speciality Tea - Camomile - 1.60, Regular Speciality Tea - English breakfast - 1.30",8.15,CARD,1640986256092736
03/07/2024 15:47,Birmingham,Patricia Adair,"Regular Speciality Tea - English breakfast - 1.30, Regular Red Label tea - 1.20",2.5,CARD,3733947251894594
03/07/2024 15:48,Birmingham,Ellen Lebeouf,"Regular Flavoured hot chocolate - Caramel - 2.60, Large Cortado - 2.35, Large Speciality Tea - Camomile - 1.60, Regular Speciality Tea - English breakfast - 1.30",7.85,CARD,9621720071861845
03/07/2024 15:49,Birmingham,Charlie Briggs,"Regular Chai latte - 2.30, Large Flavoured hot chocolate - Caramel - 2.90, Large Speciality Tea - English breakfast - 1.60, Large Chai latte - 2.60",9.4,CARD,3104368695620404
03/07/2024 15:50,Birmingham,Stanley Parsons,"Large Red Label tea - 1.80, Large Speciality Tea - Camomile - 1.60, Large Red Label tea - 1.80, Regular Speciality Tea - Camomile - 1.30, Regular Speciality Tea - Camomile - 1.30",7.8,CARD,5909388263775275
03/07/2024 15:52,Birmingham,Charissa Hart,"Large Red Label tea - 1.80, Regular Chai latte - 2.30",4.1,CARD,7762829953435399
03/07/2024 15:53,Birmingham,Melva Alvarado,"Large Cortado - 2.35, Large Chai latte - 2.60",4.95,CASH,
03/07/2024 15:54,Birmingham,Mary Stevenson,"Large Speciality Tea - English breakfast - 1.60, Regular Cortado - 2.05, Regular Cortado - 2.05, Large Speciality Tea - Camomile - 1.60",7.3,CARD,2605468219433968
03/07/2024 15:56,Birmingham,Thanh Spell,"Large Cortado - 2.35, Regular Chai latte - 2.30",4.65,CARD,4766973051667947
03/07/2024 15:57,Birmingham,William Olsen,"Large Speciality Tea - English breakfast - 1.60, Large Cortado - 2.35",3.95,CARD,3197095383203956
03/07/2024 15:58,Birmingham,Kristi Calkins,Regular Red Label tea - 1.20,1.2,CASH,
03/07/2024 15:59,Birmingham,Linda Krauss,Large Speciality Tea - English breakfast - 1.60,1.6,CARD,6568755288293181
03/07/2024 16:01,Birmingham,Harold Camacho,Regular Cortado - 2.05,2.05,CARD,1250211009775117
03/07/2024 16:04,Birmingham,Margie Weed,"Regular Flavoured hot chocolate - Caramel - 2.60, Regular Chai latte - 2.30, Large Speciality Tea - Camomile - 1.60, Regular Speciality Tea - Camomile - 1.30, Large Speciality Tea - Camomile - 1.60, Regular Speciality Tea - English breakfast - 1.30",10.7,CARD,9953768986294238
03/07/2024 16:08,Birmingham,Dewey Ford,"Large Cortado - 2.35, Regular Chai latte - 2.30, Regular Speciality Tea - Camomile - 1.30, Large Speciality Tea - Camomile - 1.60, Large Red Label tea - 1.80",9.35,CARD,7883327868191411
03/07/2024 16:11,Birmingham,Yolanda Thomas,"Regular Flavoured hot chocolate - Caramel - 2.60, Regular Red Label tea - 1.20, Large Speciality Tea - English breakfast - 1.60, Large Speciality Tea - English breakfast - 1.60, Large Cortado - 2.35",9.35,CARD,2477352596856014
03/07/2024 16:15,Birmingham,Richard Chan,"Large Speciality Tea - English breakfast - 1.60, Large Red Label tea - 1.80",3.4,CASH,
03/07/2024 16:18,Birmingham,Joshua Williams,Large Cortado - 2.35,2.35,CARD,8903386140166679
03/07/2024 16:22,Birmingham,Scott Roudebush,"Regular Speciality Tea - Camomile - 1.30, Large Red Label tea - 1.80, Large Speciality Tea - English breakfast - 1.60, Large Cortado - 2.35",7.05,CARD,8278251549313507
03/07/2024 16:25,Birmingham,Walter Mcneill,Regular Red Label tea - 1.20,1.2,CASH,
03/07/2024 16:29,Birmingham,Ashly Anderson,"Regular Speciality Tea - Camomile - 1.30, Large Speciality Tea - English breakfast - 1.60, Large Chai latte - 2.60, Large Chai latte - 2.60",8.1,CARD,1065958645296126
03/07/2024 16:32,Birmingham,Steven Silverman,"Regular Speciality Tea - English breakfast - 1.30, Regular Red Label tea - 1.20, Regular Speciality Tea - Camomile - 1.30, Regular Cortado - 2.05",5.85,CASH,
03/07/2024 16:36,Birmingham,Brett Fisher,"Large Red Label tea - 1.80, Regular Cortado - 2.05",3.85,CASH,
03/07/2024 16:39,Birmingham,Rod Aplin,"Regular Speciality Tea - Camomile - 1.30, Large Speciality Tea - English breakfast - 1.60, Large Chai latte - 2.60",5.5,CASH,
03/07/2024 16:43,Birmingham,Angela Mills,"Large Speciality Tea - Camomile - 1.60, Regular Speciality Tea - English breakfast - 1.30",2.9,CARD,4497075796546252
03/07/2024 16:46,Birmingham,Gregory Merritt,Regular Chai latte - 2.30,2.3,CARD,1597097879175388
03/07/2024 16:50,Birmingham,Wayne Delisle,Regular Speciality Tea - Camomile - 1.30,1.3,CASH,
03/07/2024 16:53,Birmingham,Theresa Jones,"Large Speciality Tea - Camomile - 1.60, Large Red Label tea - 1.80",3.4,CARD,7037984196488178
03/07/2024 16:57,Birmingham,Lisa Rivera,"Large Cortado - 2.35, Regular Cortado - 2.05, Large Speciality Tea - Camomile - 1.60",6.0,CARD,1023592094131311
