03/07/2024 09:00,Chesterfield,Catherine Valles,"Large Flavoured iced latte - Hazelnut - 3.25, Large Flavoured iced latte - Vanilla - 3.25",6.5,CARD,2695226050061489
03/07/2024 09:02,Chesterfield,Manuel Dyer,Large Flavoured iced latte - Caramel - 3.25,3.25,CARD,5279609992713222
03/07/2024 09:04,Chesterfield,Katie Cash,Regular Flavoured iced latte - Hazelnut - 2.75,2.75,CASH,
03/07/2024 09:06,Chesterfield,Sam Seymour,Regular Flavoured iced latte - Caramel - 2.75,2.75,CARD,4533345549944485
03/07/2024 09:08,Chesterfield,Candice Zuniga,"Regular Flat white - 2.15, Regular Flat white - 2.15, Regular Flat white - 2.15",6.45,CASH,
03/07/2024 09:10,Chesterfield,Glenn Stahl,"Large Latte - 2.45, Regular Flavoured iced latte - Hazelnut - 2.75",5.2,CASH,
03/07/2024 09:12,Chesterfield,Justin Bird,"Regular Flat white - 2.15, Large Flavoured iced latte - Caramel - 3.25",5.4,CASH,
03/07/2024 09:14,Chesterfield,Robert Gerlach,"Large Flavoured iced latte - Hazelnut - 3.25, Large Latte - 2.45, Large Flavoured iced latte - Hazelnut - 3.25, Large Flavoured iced latte - Caramel - 3.25",12.2,CASH,
03/07/2024 09:17,Chesterfield,Richard Durham,"Large Flavoured iced latte - Hazelnut - 3.25, Large Latte - 2.45",5.7,CARD,4020900556629524
03/07/2024 09:19,Chesterfield,Stacey Takemura,"Regular Flat white - 2.15, Regular Flavoured iced latte - Hazelnut - 2.75",4.9,CARD,1596119941322863
03/07/2024 09:21,Chesterfield,Tracy Goodstein,Regular Flavoured iced latte - Vanilla - 2.75,2.75,CARD,5037726008150471
03/07/2024 09:23,Chesterfield,Donnie Varela,"Regular Flavoured iced latte - Vanilla - 2.75, Large Flavoured latte - Hazelnut - 2.85, Large Flat white - 2.45",8.05,CASH,
03/07/2024 09:25,Chesterfield,Bernard Davis,"Regular Latte - 2.15, Regular Latte - 2.15",4.3,CARD,8556505213245225
03/07/2024 09:27,Chesterfield,Ron Brooks,Large Flavoured iced latte - Hazelnut - 3.25,3.25,CARD,4479480301391344
03/07/2024 09:29,Chesterfield,Tonya Salinas,"Regular Latte - 2.15, Regular Flavoured latte - Hazelnut - 2.55",4.7,CARD,6968037526175623
03/07/2024 09:32,Chesterfield,Hilario Clay,"Regular Flavoured latte - Hazelnut - 2.55, Large Latte - 2.45",5.0,CASH,
03/07/2024 09:34,Chesterfield,Noe Cummings,"Large Flavoured iced latte - Hazelnut - 3.25, Large Flavoured iced latte - Hazelnut - 3.25, Large Flat white - 2.45, Regular Flavoured iced latte - Hazelnut - 2.75",11.7,CARD,4424606951340052
03/07/2024 09:36,Chesterfield,Elliot Noble,Large Flat white - 2.45,2.45,CASH,
03/07/2024 09:38,Chesterfield,Tony Lewis,"Regular Flavoured iced latte - Vanilla - 2.75, Regular Flavoured latte - Hazelnut - 2.55, Large Flavoured iced latte - Hazelnut - 3.25, Large Flavoured latte - Hazelnut - 2.85",11.4,CARD,2208593840293853
03/07/2024 09:40,Chesterfield,Rebecca Austin,"Large Flat white - 2.45, Large Flavoured iced latte - Vanilla - 3.25, Regular Latte - 2.15, Large Flavoured iced latte - Caramel - 3.25, Large Flavoured iced latte - Hazelnut - 3.25, Regular Flat white - 2.15",16.5,CASH,
03/07/2024 09:42,Chesterfield,Brian Santiago,"Large Flat white - 2.45, Large Flavoured iced latte - Hazelnut - 3.25, Regular Flavoured iced latte - Vanilla - 2.75",8.45,CARD,4452717188924906
03/07/2024 09:44,Chesterfield,Jose Ropers,"Regular Flavoured latte - Hazelnut - 2.55, Regular Flavoured iced latte - Hazelnut - 2.75, Large Flavoured iced latte - Hazelnut - 3.25, Regular Flavoured iced latte - Vanilla - 2.75",11.3,CARD,4890649421551125
03/07/2024 09:46,Chesterfield,Gary Sharp,Large Latte - 2.45,2.45,CARD,1358345112673421
03/07/2024 09:49,Chesterfield,Eula Williams,Regular Flat white - 2.15,2.15,CARD,2115104494363321
03/07/2024 09:51,Chesterfield,Terrance Torres,"Regular Flavoured iced latte - Vanilla - 2.75, Regular Flat white - 2.15",4.9,CASH,
03/07/2024 09:53,Chesterfield,Tara Daughtry,"Large Flavoured latte - Hazelnut - 2.85, Large Flavoured iced latte - Vanilla - 3.25",6.1,CARD,2061560642077409
03/07/2024 09:55,Chesterfield,Jack Hosle,"Regular Flavoured latte - Hazelnut - 2.55, Large Latte - 2.45",5.0,CASH,
03/07/2024 09:57,Chesterfield,Jennifer Tellis,"Large Flavoured iced latte - Vanilla - 3.25, Regular Flat white - 2.15, Large Flavoured iced latte - Hazelnut - 3.25, Regular Flavoured iced latte - Vanilla - 2.75",11.4,CARD,6381394907761047
03/07/2024 09:59,Chesterfield,Tressa Warfield,Large Flavoured iced latte - Hazelnut - 3.25,3.25,CASH,
03/07/2024 10:01,Chesterfield,Norman Dearborn,Large Latte - 2.45,2.45,CARD,3595169819553093
03/07/2024 10:02,Chesterfield,Katherine Remy,"Regular Flavoured iced latte - Hazelnut - 2.75, Large Flavoured iced latte - Vanilla - 3.25",6.0,CASH,
03/07/2024 10:03,Chesterfield,Stephen Burrows,Regular Flavoured latte - Hazelnut - 2.55,2.55,CASH,
03/07/2024 10:04,Chesterfield,Gail Sutherland,Regular Flavoured iced latte - Caramel - 2.75,2.75,CASH,
03/07/2024 10:05,Chesterfield,Lorena Thomason,"Large Flavoured latte - Hazelnut - 2.85, Large Flavoured iced latte - Vanilla - 3.25, Regular Flavoured latte - Hazelnut - 2.55, Regular Flavoured latte - Hazelnut - 2.55, Large Latte - 2.45, Regular Flavoured iced latte - Hazelnut - 2.75",16.4,CARD,2194907888929939
03/07/2024 10:06,Chesterfield,Nancy James,Large Flavoured iced latte - Caramel - 3.25,3.25,CARD,9292904019870513
03/07/2024 10:07,Chesterfield,Ella Hartman,Large Flavoured iced latte - Vanilla - 3.25,3.25,CASH,
03/07/2024 10:08,Chesterfield,Isaac Mcreynolds,Regular Flavoured iced latte - Hazelnut - 2.75,2.75,CASH,
03/07/2024 10:09,Chesterfield,Justin Creekmur,"Large Latte - 2.45, Large Flavoured iced latte - Hazelnut - 3.25",5.7,CARD,4464513830158453
03/07/2024 10:10,Chesterfield,Carolyn Lavin,"Large Flavoured iced latte - Hazelnut - 3.25, Regular Flavoured iced latte - Caramel - 2.75",6.0,CASH,
03/07/2024 10:11,Chesterfield,Therese Wheeler,Regular Flavoured latte - Hazelnut - 2.55,2.55,CARD,6266834090778510
03/07/2024 10:12,Chesterfield,Luis Haro,"Regular Flavoured latte - Hazelnut - 2.55, Large Flat white - 2.45",5.0,CASH,
03/07/2024 10:13,Chesterfield,Fern Acosta,"Regular Flavoured iced latte - Caramel - 2.75, Large Flavoured latte - Hazelnut - 2.85",5.6,CASH,
03/07/2024 10:14,Chesterfield,Amber Leach,"Regular Flavoured iced latte - Caramel - 2.75, Large Latte - 2.45",5.2,CARD,2216284264308975
03/07/2024 10:15,Chesterfield,Marguerite Rasmussen,"Large Latte - 2.45, Large Flat white - 2.45",4.9,CASH,
03/07/2024 10:16,Chesterfield,Mario Helmes,"Large Flat white - 2.45, Large Flavoured iced latte - Hazelnut - 3.25, Large Flavoured iced latte - Vanilla - 3.25, Large Flavoured iced latte - Hazelnut - 3.25, Large Flavoured iced latte - Caramel - 3.25",15.45,CASH,
03/07/2024 10:17,Chesterfield,Elizabeth Williams,"Regular Flavoured iced latte - Caramel - 2.75, Large Flat white - 2.45",5.2,CARD,7554944237634423
03/07/2024 10:18,Chesterfield,Kathleen Johnson,"Regular Latte - 2.15, Regular Flavoured latte - Hazelnut - 2.55, Large Flat white - 2.45",7.15,CARD,9420174372625997
03/07/2024 10:19,Chesterfield,Judy Lorenzo,"Large Latte - 2.45, Regular Flavoured iced latte - Vanilla - 2.75, Regular Flavoured iced latte - Hazelnut - 2.75",7.95,CARD,2783331127234345
03/07/2024 10:20,Chesterfield,Isaac Bloom,"Regular Flavoured iced latte - Hazelnut - 2.75, Regular Flavoured iced latte - Hazelnut - 2.75, Regular Flavoured iced latte - Vanilla - 2.75",8.25,CASH,
03/07/2024 10:21,Chesterfield,George Jones,"Regular Flat white - 2.15, Regular Flavoured iced latte - Caramel - 2.75, Regular Flat white - 2.15, Large Flavoured iced latte - Hazelnut - 3.25, Large Latte - 2.45",12.75,CARD,7362188129519453
03/07/2024 10:22,Chesterfield,Donald Blanco,"Large Flat white - 2.45, Large Flavoured iced latte - Vanilla - 3.25",5.7,CARD,5725865211587710
03/07/2024 10:23,Chesterfield,Francis Cipolla,"Large Flavoured iced latte - Caramel - 3.25, Large Flat white - 2.45, Regular Flavoured iced latte - Caramel - 2.75, Regular Flat white - 2.15, Large Flavoured latte - Hazelnut - 2.85",13.45,CARD,9914547905766161
03/07/2024 10:24,Chesterfield,Keith Sanders,Regular Flat white - 2.15,2.15,CARD,2751035406378718
03/07/2024 10:25,Chesterfield,Rose Pearce,"Regular Flavoured latte - Hazelnut - 2.55, Large Flavoured iced latte - Hazelnut - 3.25",5.8,CASH,
03/07/2024 10:26,Chesterfield,Glenda Lawlor,"Large Flavoured latte - Hazelnut - 2.85, Regular Flavoured iced latte - Hazelnut - 2.75",5.6,CARD,6177736030123561
03/07/2024 10:27,Chesterfield,Andrew Green,"Large Flavoured iced latte - Hazelnut - 3.25, Large Latte - 2.45",5.7,CARD,3223823089421318
03/07/2024 10:27,Chesterfield,Susan Pelt,"Large Flavoured iced latte - Caramel - 3.25, Large Latte - 2.45",5.7,CARD,1469097610909194
03/07/2024 10:28,Chesterfield,Joseph Ashlock,"Regular Flavoured iced latte - Vanilla - 2.75, Large Flavoured iced latte - Caramel - 3.25",6.0,CARD,3326072064785511
03/07/2024 10:29,Chesterfield,Franklin Sandoval,"Large Latte - 2.45, Large Flavoured iced latte - Hazelnut - 3.25, Regular Flavoured iced latte - Vanilla - 2.75, Large Flavoured iced latte - Caramel - 3.25",11.7,CASH,
03/07/2024 10:30,Chesterfield,Ricky Anderson,"Regular Latte - 2.15, Regular Flat white - 2.15, Large Latte - 2.45",6.75,CASH,
03/07/2024 10:31,Chesterfield,John Bailey,"Large Flat white - 2.45, Regular Flavoured iced latte - Hazelnut - 2.75, Large Flavoured iced latte - Caramel - 3.25, Regular Flavoured iced latte - Vanilla - 2.75",11.2,CARD,3791188870210951
03/07/2024 10:32,Chesterfield,Kevin Mcpherson,"Large Flavoured iced latte - Caramel - 3.25, Large Flat white - 2.45, Large Flavoured iced latte - Hazelnut - 3.25, Regular Flavoured iced latte - Vanilla - 2.75",11.7,CARD,6472356028516736
03/07/2024 10:33,Chesterfield,Deandre Huggins,Regular Flavoured latte - Hazelnut - 2.55,2.55,CARD,6795092165292666
03/07/2024 10:34,Chesterfield,Mary Nozum,"Regular Flavoured latte - Hazelnut - 2.55, Large Flavoured latte - Hazelnut - 2.85",5.4,CASH,
03/07/2024 10:35,Chesterfield,Mark Zeck,"Regular Flavoured iced latte - Vanilla - 2.75, Regular Flavoured iced latte - Vanilla - 2.75",5.5,CASH,
03/07/2024 10:36,Chesterfield,Timothy Davis,"Regular Flavoured iced latte - Hazelnut - 2.75, Regular Flavoured iced latte - Vanilla - 2.75, Large Flavoured latte - Hazelnut - 2.85",8.35,CASH,
03/07/2024 10:37,Chesterfield,Kathy Edgell,Regular Latte - 2.15,2.15,CARD,3473400030488753
03/07/2024 10:38,Chesterfield,Tiffany Cooper,Large Flat white - 2.45,2.45,CARD,4876334824146210
03/07/2024 10:39,Chesterfield,Cory Dotson,"Regular Flavoured iced latte - Hazelnut - 2.75, Large Flat white - 2.45, Regular Flat white - 2.15, Regular Flavoured iced latte - Vanilla - 2.75, Regular Latte - 2.15",12.25,CARD,4385835729969541
03/07/2024 10:40,Chesterfield,Martin Bustamente,"Regular Flat white - 2.15, Regular Flavoured iced latte - Caramel - 2.75, Regular Flat white - 2.15, Large Flavoured iced latte - Hazelnut - 3.25, Regular Flat white - 2.15",12.45,CARD,4548708412777962
03/07/2024 10:41,Chesterfield,Michele Ayers,"Large Flavoured iced latte - Hazelnut - 3.25, Large Flavoured iced latte - Vanilla - 3.25, Large Flat white - 2.45, Regular Flavoured iced latte - Caramel - 2.75",11.7,CARD,1297550457573832
03/07/2024 10:42,Chesterfield,Jonathan Nelson,Regular Latte - 2.15,2.15,CARD,2856347410211375
03/07/2024 10:43,Chesterfield,Eric Daniels,"Regular Latte - 2.15, Large Flavoured iced latte - Hazelnut - 3.25, Large Flavoured iced latte - Caramel - 3.25",8.65,CARD,4416405325716501
03/07/2024 10:44,Chesterfield,Thomas Devlin,"Large Flavoured latte - Hazelnut - 2.85, Large Flavoured iced latte - Caramel - 3.25",6.1,CARD,3040628609472616
03/07/2024 10:45,Chesterfield,David Lia,"Large Flavoured iced latte - Caramel - 3.25, Large Latte - 2.45, Regular Flat white - 2.15",7.85,CARD,1862840026656476
03/07/2024 10:46,Chesterfield,Jason Dickman,Regular Flavoured iced latte - Vanilla - 2.75,2.75,CASH,
03/07/2024 10:47,Chesterfield,Clint Constantine,"Regular Flavoured iced latte - Hazelnut - 2.75, Large Latte - 2.45, Regular Flavoured iced latte - Vanilla - 2.75, Regular Latte - 2.15",10.1,CARD,8837142049693080
03/07/2024 10:48,Chesterfield,Clint Garcia,"Large Flavoured iced latte - Caramel - 3.25, Regular Flavoured iced latte - Hazelnut - 2.75, Large Flat white - 2.45, Large Flavoured iced latte - Caramel - 3.25, Large Flat white - 2.45, Large Flavoured iced latte - Vanilla - 3.25",17.4,CARD,2831590008525895
03/07/2024 10:49,Chesterfield,Norman Dill,"Regular Flavoured latte - Hazelnut - 2.55, Large Flavoured iced latte - Hazelnut - 3.25",5.8,CARD,4869232021146253
03/07/2024 10:50,Chesterfield,Julia Blanton,Large Flavoured iced latte - Hazelnut - 3.25,3.25,CARD,3738175885270382
03/07/2024 10:51,Chesterfield,Brent Evans,Regular Flavoured latte - Hazelnut - 2.55,2.55,CARD,9498439997246686
03/07/2024 10:52,Chesterfield,Bradley Shearon,"Large Flavoured iced latte - Vanilla - 3.25, Large Flavoured iced latte - Hazelnut - 3.25, Regular Flavoured iced latte - Caramel - 2.75, Regular Flavoured iced latte - Vanilla - 2.75",12.0,CASH,
03/07/2024 10:53,Chesterfield,Benny William,"Regular Flavoured iced latte - Hazelnut - 2.75, Regular Latte - 2.15, Regular Flavoured iced latte - Hazelnut - 2.75",7.65,CASH,
03/07/2024 10:54,Chesterfield,Anne Brooks,"Large Flavoured iced latte - Vanilla - 3.25, Large Flavoured iced latte - Hazelnut - 3.25",6.5,CARD,5104235676891441
03/07/2024 10:55,Chesterfield,Donna Streicher,"Large Flavoured latte - Hazelnut - 2.85, Regular Flat white - 2.15",5.0,CARD,7458914927805672
03/07/2024 10:56,Chesterfield,Steve Voskamp,"Large Flavoured latte - Hazelnut - 2.85, Large Flavoured latte - Hazelnut - 2.85, Large Flavoured iced latte - Vanilla - 3.25, Regular Flavoured latte - Hazelnut - 2.55",11.5,CASH,
03/07/2024 10:56,Chesterfield,James Frankenfield,"Large Flat white - 2.45, Regular Flat white - 2.15, Large Flavoured iced latte - Caramel - 3.25",7.85,CARD,1914998835377905
03/07/2024 10:57,Chesterfield,David Johnson,Regular Flavoured iced latte - Caramel - 2.75,2.75,CASH,
03/07/2024 10:58,Chesterfield,Matthew Rooney,"Large Flavoured iced latte - Vanilla - 3.25, Regular Flavoured iced latte - Caramel - 2.75, Large Flat white - 2.45, Regular Flat white - 2.15, Regular Flat white - 2.15",12.75,CARD,2303466281913140
03/07/2024 10:59,Chesterfield,Julio Montejano,"Regular Flat white - 2.15, Large Flavoured iced latte - Vanilla - 3.25, Regular Flat white - 2.15, Regular Latte - 2.15",9.7,CARD,2614143122688597
03/07/2024 11:00,Chesterfield,Wendy Barlett,"Large Flavoured iced latte - Caramel - 3.25, Large Flavoured iced latte - Hazelnut - 3.25, Large Flavoured latte - Hazelnut - 2.85",9.35,CASH,
03/07/2024 11:03,Chesterfield,Elizabeth Ferraro,"Large Latte - 2.45, Regular Flavoured latte - Hazelnut - 2.55, Regular Flavoured latte - Hazelnut - 2.55",7.55,CARD,7457166300785196
03/07/2024 11:06,Chesterfield,Rita Velasco,Large Flavoured iced latte - Vanilla - 3.25,3.25,CASH,
03/07/2024 11:08,Chesterfield,David Sandridge,Large Flavoured iced latte - Hazelnut - 3.25,3.25,CASH,
03/07/2024 11:11,Chesterfield,Cynthia Ward,"Large Flat white - 2.45, Regular Flat white - 2.15",4.6,CARD,9488451781459938
03/07/2024 11:13,Chesterfield,Lucile Lee,"Large Latte - 2.45, Large Flat white - 2.45, Regular Flavoured iced latte - Hazelnut - 2.75, Large Flavoured iced latte - Hazelnut - 3.25, Regular Latte - 2.15, Large Latte - 2.45",15.5,CARD,4300696584903324
03/07/2024 11:16,Chesterfield,Stella Hernandez,Large Flavoured iced latte - Caramel - 3.25,3.25,CARD,1346219875899506
03/07/2024 11:19,Chesterfield,Alisha Gray,"Large Flat white - 2.45, Regular Flat white - 2.15",4.6,CARD,6685157960801579
03/07/2024 11:21,Chesterfield,Stephen Naegeli,"Regular Flavoured iced latte - Caramel - 2.75, Large Latte - 2.45, Large Latte - 2.45",7.65,CASH,
03/07/2024 11:24,Chesterfield,Judith Ragin,"Large Flavoured iced latte - Caramel - 3.25, Large Flat white - 2.45, Regular Flavoured iced latte - Hazelnut - 2.75, Large Flavoured iced latte - Hazelnut - 3.25, Regular Flavoured iced latte - Vanilla - 2.75",14.45,CASH,
03/07/2024 11:26,Chesterfield,Michael Reels,"Large Latte - 2.45, Regular Flavoured iced latte - Hazelnut - 2.75, Regular Flavoured latte - Hazelnut - 2.55, Large Flavoured iced latte - Vanilla - 3.25",11.0,CASH,
03/07/2024 11:29,Chesterfield,Linda Pitonyak,Regular Latte - 2.15,2.15,CARD,3885264363920609
03/07/2024 11:32,Chesterfield,Carol Chao,"Regular Flat white - 2.15, Large Flavoured latte - Hazelnut - 2.85, Large Flat white - 2.45, Regular Flavoured iced latte - Caramel - 2.75, Regular Flavoured iced latte - Hazelnut - 2.75",12.95,CARD,7447057100933951
03/07/2024 11:34,Chesterfield,Mary Jacome,"Regular Flavoured iced latte - Vanilla - 2.75, Regular Flavoured latte - Hazelnut - 2.55, Large Flavoured iced latte - Caramel - 3.25",8.55,CARD,7813248061792300
03/07/2024 11:37,Chesterfield,Thomas Oliver,Regular Flavoured latte - Hazelnut - 2.55,2.55,CASH,
03/07/2024 11:39,Chesterfield,Ming Rhead,"Regular Flavoured iced latte - Vanilla - 2.75, Regular Flavoured latte - Hazelnut - 2.55",5.3,CARD,8377983336819923
03/07/2024 11:42,Chesterfield,Debbie Aguinaldo,"Large Flavoured iced latte - Hazelnut - 3.25, Regular Flat white - 2.15, Large Flavoured iced latte - Hazelnut - 3.25",8.65,CASH,
03/07/2024 11:45,Chesterfield,Elliot Karrels,"Regular Flavoured latte - Hazelnut - 2.55, Regular Flavoured iced latte - Hazelnut - 2.75, Large Flavoured iced latte - Vanilla - 3.25",8.55,CASH,
03/07/2024 11:47,Chesterfield,Marvin Baker,Large Latte - 2.45,2.45,CASH,
03/07/2024 11:50,Chesterfield,Bobbie York,"Regular Flavoured iced latte - Hazelnut - 2.75, Regular Flavoured iced latte - Vanilla - 2.75, Regular Flavoured iced latte - Hazelnut - 2.75, Large Latte - 2.45",10.7,CARD,7963332140730604
03/07/2024 11:52,Chesterfield,Kenneth Turkel,"Large Flavoured iced latte - Hazelnut - 3.25, Large Flavoured latte - Hazelnut - 2.85, Regular Latte - 2.15",8.25,CASH,
03/07/2024 11:55,Chesterfield,Haydee Hovey,Regular Flavoured latte - Hazelnut - 2.55,2.55,CARD,6003444318872872
03/07/2024 11:58,Chesterfield,John Powell,Large Flavoured iced latte - Vanilla - 3.25,3.25,CARD,5490886229773822
03/07/2024 12:00,Chesterfield,Kristy Blocher,Regular Flavoured iced latte - Caramel - 2.75,2.75,CASH,
03/07/2024 12:05,Chesterfield,Pamela Ho,"Regular Flavoured iced latte - Caramel - 2.75, Large Flavoured latte - Hazelnut - 2.85, Regular Flat white - 2.15, Large Flavoured latte - Hazelnut - 2.85, Regular Flat white - 2.15, Large Flavoured iced latte - Hazelnut - 3.25",16.0,CASH,
03/07/2024 12:09,Chesterfield,Kathy Green,Regular Flavoured iced latte - Hazelnut - 2.75,2.75,CARD,6774495592303030
03/07/2024 12:14,Chesterfield,Moses Casas,Large Latte - 2.45,2.45,CASH,
03/07/2024 12:19,Chesterfield,Jill Davis,"Large Flat white - 2.45, Regular Latte - 2.15, Regular Flavoured latte - Hazelnut - 2.55",7.15,CARD,1593772344916422
03/07/2024 12:23,Chesterfield,Dalton Gill,Large Latte - 2.45,2.45,CARD,4547494365644836
03/07/2024 12:28,Chesterfield,Richard King,"Large Flavoured latte - Hazelnut - 2.85, Regular Flavoured latte - Hazelnut - 2.55, Regular Flat white - 2.15, Regular Flavoured iced latte - Hazelnut - 2.75, Large Latte - 2.45",12.75,CARD,2726875478653319
03/07/2024 12:32,Chesterfield,Carmelina Markle,"Large Flat white - 2.45, Regular Flavoured iced latte - Vanilla - 2.75, Large Flavoured latte - Hazelnut - 2.85, Large Flavoured iced latte - Vanilla - 3.25, Large Latte - 2.45",13.75,CARD,3768115938713349
03/07/2024 12:37,Chesterfield,Leonard Wright,"Regular Flavoured iced latte - Vanilla - 2.75, Large Flavoured iced latte - Vanilla - 3.25",6.0,CARD,8580566093889561
03/07/2024 12:42,Chesterfield,Pablo Townsend,"Regular Flavoured iced latte - Hazelnut - 2.75, Large Latte - 2.45",5.2,CASH,
03/07/2024 12:46,Chesterfield,Dorothy Curtis,"Regular Flavoured iced latte - Vanilla - 2.75, Regular Flavoured iced latte - Hazelnut - 2.75",5.5,CARD,8254995280862911
03/07/2024 12:51,Chesterfield,Rose Ratliff,"Large Flavoured latte - Hazelnut - 2.85, Regular Flavoured latte - Hazelnut - 2.55, Large Latte - 2.45, Regular Flavoured iced latte - Hazelnut - 2.75, Regular Flavoured iced latte - Caramel - 2.75",13.35,CASH,
03/07/2024 12:56,Chesterfield,Keith Graff,"Regular Flavoured iced latte - Caramel - 2.75, Large Flavoured iced latte - Hazelnut - 3.25, Regular Flavoured iced latte - Caramel - 2.75",8.75,CARD,4325391130552655
03/07/2024 13:00,Chesterfield,Nicolas Earnest,"Regular Flavoured iced latte - Caramel - 2.75, Regular Flat white - 2.15",4.9,CARD,3541202889566943
03/07/2024 13:02,Chesterfield,John Mettig,"Large Flavoured latte - Hazelnut - 2.85, Regular Latte - 2.15",5.0,CASH,
03/07/2024 13:04,Chesterfield,Andrew Jaramillo,"Regular Flat white - 2.15, Large Latte - 2.45",4.6,CASH,
03/07/2024 13:06,Chesterfield,Peter Whitman,"Large Flavoured iced latte - Caramel - 3.25, Regular Flavoured latte - Hazelnut - 2.55",5.8,CARD,3580657351833750
03/07/2024 13:08,Chesterfield,Frankie Jones,"Regular Latte - 2.15, Large Flavoured iced latte - Caramel - 3.25, Regular Flavoured iced latte - Hazelnut - 2.75, Regular Flavoured iced latte - Hazelnut - 2.75",10.9,CARD,2123088092679476
03/07/2024 13:10,Chesterfield,James Mccreedy,Large Latte - 2.45,2.45,CARD,3026166677154377
03/07/2024 13:13,Chesterfield,Arlene Tsang,"Regular Flavoured latte - Hazelnut - 2.55, Large Flavoured latte - Hazelnut - 2.85",5.4,CASH,
03/07/2024 13:15,Chesterfield,Bradley Byrne,"Regular Flavoured iced latte - Vanilla - 2.75, Large Flavoured iced latte - Caramel - 3.25, Large Flavoured iced latte - Hazelnut - 3.25, Regular Flat white - 2.15, Large Flavoured latte - Hazelnut - 2.85, Regular Flavoured iced latte - Hazelnut - 2.75",17.0,CARD,7762244057775299
03/07/2024 13:17,Chesterfield,Glenn Riley,"Large Flavoured latte - Hazelnut - 2.85, Regular Flat white - 2.15",5.0,CARD,6835382023644951
03/07/2024 13:19,Chesterfield,Brian Martinez,Large Flavoured iced latte - Hazelnut - 3.25,3.25,CARD,7744941160919722
03/07/2024 13:21,Chesterfield,Valerie Thurn,Regular Flat white - 2.15,2.15,CASH,
03/07/2024 13:23,Chesterfield,Darlene Faulkner,Large Flavoured iced latte - Hazelnut - 3.25,3.25,CARD,6556245707928884
03/07/2024 13:25,Chesterfield,Ethel Lynch,"Regular Flavoured iced latte - Caramel - 2.75, Large Flavoured iced latte - Caramel - 3.25, Large Flavoured iced latte - Vanilla - 3.25",9.25,CASH,
03/07/2024 13:27,Chesterfield,Janis Hamburg,Large Flavoured iced latte - Hazelnut - 3.25,3.25,CASH,
03/07/2024 13:29,Chesterfield,Debbie Kelly,Large Flavoured iced latte - Caramel - 3.25,3.25,CARD,8304936364565872
03/07/2024 13:31,Chesterfield,Arlene Beal,"Large Flat white - 2.45, Large Flavoured latte - Hazelnut - 2.85",5.3,CASH,
03/07/2024 13:33,Chesterfield,John Mckinney,Large Flat white - 2.45,2.45,CARD,7177111943762401
03/07/2024 13:35,Chesterfield,Sang Mitchell,Regular Flavoured latte - Hazelnut - 2.55,2.55,CARD,4057754425349650
03/07/2024 13:37,Chesterfield,Willie Simpson,"Regular Flavoured iced latte - Caramel - 2.75, Large Latte - 2.45",5.2,CARD,2097336285103099
03/07/2024 13:39,Chesterfield,William Flink,"Regular Flavoured latte - Hazelnut - 2.55, Large Flavoured iced latte - Hazelnut - 3.25, Large Flavoured iced latte - Hazelnut - 3.25, Large Flat white - 2.45",11.5,CARD,3210924130341436
03/07/2024 13:41,Chesterfield,Donald Arias,"Regular Flavoured latte - Hazelnut - 2.55, Large Flavoured iced latte - Hazelnut - 3.25, Large Flavoured latte - Hazelnut - 2.85",8.65,CASH,
03/07/2024 13:44,Chesterfield,George Sayles,Regular Flavoured iced latte - Vanilla - 2.75,2.75,CARD,1078761613470647
03/07/2024 13:46,Chesterfield,William Benware,Regular Flavoured iced latte - Hazelnut - 2.75,2.75,CARD,5597496584603853
03/07/2024 13:48,Chesterfield,Robert Meeker,Regular Flavoured latte - Hazelnut - 2.55,2.55,CARD,1542287059831553
03/07/2024 13:50,Chesterfield,Pamela Jackson,"Regular Flavoured latte - Hazelnut - 2.55, Large Latte - 2.45, Regular Flavoured iced latte - Hazelnut - 2.75, Large Latte - 2.45",10.2,CARD,4809455053450456
03/07/2024 13:52,Chesterfield,Yelena Hutchens,"Large Flat white - 2.45, Regular Flavoured iced latte - Caramel - 2.75, Large Flavoured latte - Hazelnut - 2.85, Regular Flat white - 2.15, Large Flavoured iced latte - Hazelnut - 3.25, Large Flavoured iced latte - Vanilla - 3.25",16.7,CARD,7920308688493515
03/07/2024 13:54,Chesterfield,William Gee,Large Flat white - 2.45,2.45,CARD,3726452701991764
03/07/2024 13:56,Chesterfield,Jeffrey Atchley,"Regular Flavoured latte - Hazelnut - 2.55, Regular Flavoured iced latte - Vanilla - 2.75, Large Flavoured latte - Hazelnut - 2.85, Large Flat white - 2.45",10.6,CARD,6361509716375762
03/07/2024 13:58,Chesterfield,Lee Verity,"Regular Flavoured iced latte - Hazelnut - 2.75, Regular Flavoured latte - Hazelnut - 2.55",5.3,CARD,3807978002864667
03/07/2024 14:00,Chesterfield,Hannah Martin,"Large Flavoured iced latte - Caramel - 3.25, Large Flat white - 2.45",5.7,CASH,
03/07/2024 14:01,Chesterfield,Melissa Corona,Regular Latte - 2.15,2.15,CASH,
03/07/2024 14:03,Chesterfield,John Sousa,Large Flavoured iced latte - Hazelnut - 3.25,3.25,CASH,
03/07/2024 14:04,Chesterfield,Sandy Chong,Large Flat white - 2.45,2.45,CARD,5871815265368784
03/07/2024 14:05,Chesterfield,Christine Holm,Large Flavoured iced latte - Caramel - 3.25,3.25,CARD,7864332114758696
03/07/2024 14:06,Chesterfield,Melanie Lawrence,Large Flavoured iced latte - Hazelnut - 3.25,3.25,CARD,2116035669219615
03/07/2024 14:08,Chesterfield,Melissa Ackerman,"Regular Flavoured latte - Hazelnut - 2.55, Large Flavoured latte - Hazelnut - 2.85, Regular Flavoured latte - Hazelnut - 2.55, Large Flat white - 2.45, Regular Flavoured iced latte - Vanilla - 2.75, Large Flavoured iced latte - Hazelnut - 3.25",16.4,CARD,8310411241503245
03/07/2024 14:09,Chesterfield,James Sylvester,"Regular Flavoured iced latte - Caramel - 2.75, Large Latte - 2.45, Large Flat white - 2.45",7.65,CARD,8229249508892929
03/07/2024 14:10,Chesterfield,Angeline Yardley,"Regular Flavoured iced latte - Hazelnut - 2.75, Large Flavoured iced latte - Caramel - 3.25",6.0,CARD,1725335523104624
03/07/2024 14:11,Chesterfield,Linda Stimmell,"Large Flavoured latte - Hazelnut - 2.85, Regular Flat white - 2.15",5.0,CARD,3957173502679149
03/07/2024 14:13,Chesterfield,Wendy Gibson,Large Flavoured iced latte - Hazelnut - 3.25,3.25,CASH,
03/07/2024 14:14,Chesterfield,Frank Cowles,Regular Flavoured iced latte - Vanilla - 2.75,2.75,CARD,6993040147113935
03/07/2024 14:15,Chesterfield,Charles Sughrue,"Large Flat white - 2.45, Regular Latte - 2.15",4.6,CARD,4303921460309277
03/07/2024 14:17,Chesterfield,William Cintron,"Regular Flavoured latte - Hazelnut - 2.55, Regular Flat white - 2.15, Large Flat white - 2.45, Regular Flavoured latte - Hazelnut - 2.55, Regular Flat white - 2.15, Regular Flavoured iced latte - Caramel - 2.75",14.6,CARD,1658176388114748
03/07/2024 14:18,Chesterfield,Margaret Mims,"Large Flavoured iced latte - Caramel - 3.25, Large Flavoured iced latte - Hazelnut - 3.25, Large Flavoured iced latte - Caramel - 3.25",9.75,CARD,9463908226082791
03/07/2024 14:19,Chesterfield,Verda Odonnell,Large Latte - 2.45,2.45,CASH,
03/07/2024 14:20,Chesterfield,Frank Soffer,"Large Flavoured latte - Hazelnut - 2.85, Regular Latte - 2.15, Regular Flat white - 2.15, Regular Flavoured iced latte - Hazelnut - 2.75, Large Flavoured iced latte - Caramel - 3.25",13.15,CARD,4225546616760469
03/07/2024 14:22,Chesterfield,Noel Gordon,"Regular Flavoured iced latte - Vanilla - 2.75, Large Flavoured iced latte - Vanilla - 3.25",6.0,CARD,3386499775890595
03/07/2024 14:23,Chesterfield,Dominique Stout,Regular Flavoured iced latte - Vanilla - 2.75,2.75,CASH,
03/07/2024 14:24,Chesterfield,Wilfred Timinsky,"Large Latte - 2.45, Large Latte - 2.45, Regular Flavoured iced latte - Caramel - 2.75, Regular Latte - 2.15, Regular Flavoured iced latte - Hazelnut - 2.75",12.55,CARD,7631956200023371
03/07/2024 14:25,Chesterfield,Gregg Espinoza,"Regular Flavoured iced latte - Vanilla - 2.75, Regular Flavoured iced latte - Hazelnut - 2.75, Regular Flavoured iced latte - Vanilla - 2.75, Large Flavoured latte - Hazelnut - 2.85",11.1,CARD,9393905465791339
03/07/2024 14:27,Chesterfield,Glennie Feldt,Regular Flavoured iced latte - Hazelnut - 2.75,2.75,CARD,9704692756902420
03/07/2024 14:28,Chesterfield,Ericka Hunter,"Large Flavoured latte - Hazelnut - 2.85, Regular Latte - 2.15, Large Flavoured latte - Hazelnut - 2.85",7.85,CARD,3475469602877131
03/07/2024 14:29,Chesterfield,Howard Donovan,"Large Flavoured iced latte - Caramel - 3.25, Regular Flavoured iced latte - Vanilla - 2.75, Large Flavoured iced latte - Hazelnut - 3.25, Large Latte - 2.45",11.7,CASH,
03/07/2024 14:30,Chesterfield,Tammy Spurgeon,"Large Flavoured iced latte - Hazelnut - 3.25, Large Flavoured iced latte - Caramel - 3.25, Large Flat white - 2.45",8.95,CASH,
03/07/2024 14:32,Chesterfield,Charles Bethel,"Regular Flavoured iced latte - Vanilla - 2.75, Large Flavoured iced latte - Vanilla - 3.25",6.0,CARD,8326250063921080
03/07/2024 14:33,Chesterfield,Lakeshia Schneider,Regular Flavoured iced latte - Hazelnut - 2.75,2.75,CARD,4897529869525572
03/07/2024 14:34,Chesterfield,Michael Oneal,"Large Flavoured iced latte - Caramel - 3.25, Regular Flavoured latte - Hazelnut - 2.55, Regular Flavoured iced latte - Vanilla - 2.75, Large Latte - 2.45, Regular Flat white - 2.15",13.15,CARD,2018997903612303
03/07/2024 14:36,Chesterfield,Jose Borror,Regular Flavoured iced latte - Caramel - 2.75,2.75,CARD,6934620697084317
03/07/2024 14:37,Chesterfield,Derick Guzman,"Regular Latte - 2.15, Regular Flat white - 2.15, Regular Flavoured latte - Hazelnut - 2.55",6.85,CARD,8929464414650244
03/07/2024 14:38,Chesterfield,Patricia Ludlow,"Regular Flavoured iced latte - Vanilla - 2.75, Regular Latte - 2.15",4.9,CASH,
03/07/2024 14:39,Chesterfield,Joyce Dafoe,"Large Flavoured iced latte - Hazelnut - 3.25, Regular Flavoured iced latte - Caramel - 2.75, Large Latte - 2.45, Large Latte - 2.45",10.9,CARD,8940298118150924
03/07/2024 14:41,Chesterfield,Carl Miller,Large Flat white - 2.45,2.45,CARD,8071816324092417
03/07/2024 14:42,Chesterfield,Jeanne Goodrich,"Large Flavoured latte - Hazelnut - 2.85, Large Latte - 2.45",5.3,CARD,6476761174507562
03/07/2024 14:43,Chesterfield,Barbara Petri,"Large Flavoured iced latte - Vanilla - 3.25, Large Flavoured iced latte - Caramel - 3.25, Regular Flavoured iced latte - Vanilla - 2.75, Regular Flavoured iced latte - Caramel - 2.75, Large Flavoured latte - Hazelnut - 2.85",14.85,CASH,
03/07/2024 14:44,Chesterfield,Carol Bland,"Large Flavoured iced latte - Caramel - 3.25, Regular Flavoured iced latte - Caramel - 2.75, Regular Flat white - 2.15, Large Flat white - 2.45",10.6,CARD,5900878184688751
03/07/2024 14:46,Chesterfield,Minh Vitale,"Regular Flavoured iced latte - Vanilla - 2.75, Regular Flat white - 2.15, Large Flavoured iced latte - Hazelnut - 3.25, Regular Flavoured iced latte - Vanilla - 2.75, Regular Flavoured iced latte - Caramel - 2.75, Large Flavoured iced latte - Caramel - 3.25",16.9,CARD,5239925275575038
03/07/2024 14:47,Chesterfield,Donna Bray,"Large Flavoured iced latte - Vanilla - 3.25, Large Flavoured iced latte - Vanilla - 3.25, Regular Latte - 2.15, Regular Flavoured iced latte - Hazelnut - 2.75, Regular Flavoured iced latte - Hazelnut - 2.75",14.15,CASH,
03/07/2024 14:48,Chesterfield,Ruth Norgard,"Regular Flavoured iced latte - Caramel - 2.75, Large Flavoured iced latte - Hazelnut - 3.25, Large Latte - 2.45",8.45,CARD,2996945704455968
03/07/2024 14:49,Chesterfield,Jacquelin Shaw,"Large Flavoured latte - Hazelnut - 2.85, Large Flavoured latte - Hazelnut - 2.85, Regular Flavoured iced latte - Caramel - 2.75, Large Flat white - 2.45, Regular Flat white - 2.15",13.05,CARD,5395168540214974
03/07/2024 14:51,Chesterfield,Sherry Zavala,"Regular Flavoured iced latte - Hazelnut - 2.75, Large Flavoured iced latte - Vanilla - 3.25",6.0,CARD,9843534728351270
03/07/2024 14:52,Chesterfield,Robert Sawyer,Regular Flavoured iced latte - Caramel - 2.75,2.75,CASH,
03/07/2024 14:53,Chesterfield,Carl Pape,"Large Flavoured iced latte - Vanilla - 3.25, Large Flavoured iced latte - Vanilla - 3.25, Large Flavoured iced latte - Hazelnut - 3.25",9.75,CARD,2001352086136585
03/07/2024 14:55,Chesterfield,Ashley Babcock,"Regular Flavoured latte - Hazelnut - 2.55, Regular Flavoured latte - Hazelnut - 2.55",5.1,CASH,
03/07/2024 14:56,Chesterfield,Joshua Stewart,"Large Flavoured iced latte - Caramel - 3.25, Regular Flavoured iced latte - Caramel - 2.75, Large Flavoured iced latte - Hazelnut - 3.25, Large Latte - 2.45, Regular Flavoured iced latte - Caramel - 2.75",14.45,CARD,5393997886547350
03/07/2024 14:57,Chesterfield,Edward Braden,"Large Flavoured iced latte - Vanilla - 3.25, Regular Flavoured latte - Hazelnut - 2.55, Large Flavoured latte - Hazelnut - 2.85, Large Latte - 2.45, Regular Flavoured latte - Hazelnut - 2.55",13.65,CARD,8008403922791518
03/07/2024 14:58,Chesterfield,Celia Owens,"Regular Flat white - 2.15, Large Latte - 2.45",4.6,CARD,9678245489113171
03/07/2024 15:00,Chesterfield,Lynn Mendez,"Regular Flavoured iced latte - Caramel - 2.75, Regular Latte - 2.15, Regular Flavoured iced latte - Vanilla - 2.75, Large Flavoured iced latte - Caramel - 3.25",10.9,CARD,9546884521896904
03/07/2024 15:01,Chesterfield,James Lavertue,"Regular Flat white - 2.15, Large Latte - 2.45, Regular Flavoured iced latte - Hazelnut - 2.75, Regular Flavoured iced latte - Caramel - 2.75",10.1,CARD,1728928191142703
03/07/2024 15:02,Chesterfield,Linda Witherspoon,"Large Flat white - 2.45, Large Flavoured iced latte - Caramel - 3.25, Regular Flavoured latte - Hazelnut - 2.55",8.25,CARD,6173083085164383
03/07/2024 15:03,Chesterfield,Frances Housley,"Regular Flavoured latte - Hazelnut - 2.55, Large Flavoured latte - Hazelnut - 2.85",5.4,CARD,2324148465471649
03/07/2024 15:05,Chesterfield,Louise Davis,"Regular Flavoured iced latte - Hazelnut - 2.75, Regular Flavoured iced latte - Hazelnut - 2.75, Large Flavoured iced latte - Hazelnut - 3.25, Large Flavoured iced latte - Vanilla - 3.25",12.0,CASH,
03/07/2024 15:06,Chesterfield,Saundra Hubbs,Large Flat white - 2.45,2.45,CARD,7556356310067091
03/07/2024 15:07,Chesterfield,Leonard Jorgensen,"Regular Flat white - 2.15, Regular Flavoured iced latte - Vanilla - 2.75",4.9,CARD,9901468769641352
03/07/2024 15:08,Chesterfield,William Scoggins,"Regular Flavoured iced latte - Vanilla - 2.75, Large Flavoured iced latte - Vanilla - 3.25",6.0,CASH,
03/07/2024 15:10,Chesterfield,Keith Fritsch,Large Flavoured iced latte - Caramel - 3.25,3.25,CARD,3052448522225023
03/07/2024 15:11,Chesterfield,Craig Braley,"Regular Flavoured iced latte - Hazelnut - 2.75, Regular Flavoured latte - Hazelnut - 2.55, Large Flavoured iced latte - Vanilla - 3.25",8.55,CASH,
03/07/2024 15:12,Chesterfield,David Todd,Large Flat white - 2.45,2.45,CARD,5371758757405647
03/07/2024 15:13,Chesterfield,Liliana Barber,"Regular Flavoured latte - Hazelnut - 2.55, Large Flat white - 2.45, Large Flavoured iced latte - Hazelnut - 3.25, Large Flat white - 2.45, Regular Flavoured iced latte - Caramel - 2.75",13.45,CASH,
03/07/2024 15:15,Chesterfield,Sheila Kleine,"Large Flavoured iced latte - Hazelnut - 3.25, Regular Latte - 2.15",5.4,CASH,
03/07/2024 15:16,Chesterfield,Robert Lopez,"Regular Flavoured iced latte - Vanilla - 2.75, Regular Flavoured latte - Hazelnut - 2.55",5.3,CASH,
03/07/2024 15:17,Chesterfield,Morgan Wilson,"Large Flavoured latte - Hazelnut - 2.85, Regular Flavoured latte - Hazelnut - 2.55",5.4,CASH,
03/07/2024 15:18,Chesterfield,Gloria Mazur,"Regular Flavoured iced latte - Vanilla - 2.75, Regular Flavoured iced latte - Hazelnut - 2.75",5.5,CASH,
03/07/2024 15:20,Chesterfield,Pat Ball,Regular Flavoured latte - Hazelnut - 2.55,2.55,CARD,7138191908235990
03/07/2024 15:21,Chesterfield,Kathleen Rawlings,"Large Flat white - 2.45, Large Flavoured iced latte - Caramel - 3.25, Large Flavoured latte - Hazelnut - 2.85",8.55,CARD,9157385762013425
03/07/2024 15:22,Chesterfield,Larry Trombetta,"Regular Flavoured iced latte - Caramel - 2.75, Regular Flavoured iced latte - Caramel - 2.75, Large Flat white - 2.45, Large Flavoured iced latte - Caramel - 3.25, Regular Latte - 2.15",13.35,CASH,
03/07/2024 15:23,Chesterfield,Jill Hammon,"Regular Flat white - 2.15, Large Flavoured iced latte - Hazelnut - 3.25, Regular Flat white - 2.15, Large Flavoured latte - Hazelnut - 2.85, Regular Flavoured iced latte - Vanilla - 2.75",13.15,CASH,
03/07/2024 15:25,Chesterfield,Richard Petersen,"Regular Flavoured latte - Hazelnut - 2.55, Regular Flat white - 2.15, Regular Flavoured latte - Hazelnut - 2.55, Regular Flavoured latte - Hazelnut - 2.55, Large Latte - 2.45, Regular Flavoured latte - Hazelnut - 2.55",14.8,CARD,7371905811499607
03/07/2024 15:26,Chesterfield,Timothy Franco,"Large Latte - 2.45, Large Flavoured iced latte - Hazelnut - 3.25, Regular Flavoured iced latte - Caramel - 2.75, Large Flavoured iced latte - Hazelnut - 3.25",11.7,CARD,2474452081391873
03/07/2024 15:27,Chesterfield,Candace Armstrong,Large Flavoured iced latte - Hazelnut - 3.25,3.25,CARD,3666188309259743
03/07/2024 15:28,Chesterfield,Carmen Coble,"Large Flavoured iced latte - Vanilla - 3.25, Regular Latte - 2.15",5.4,CARD,1550845390726607
03/07/2024 15:30,Chesterfield,Martha Budd,"Large Flat white - 2.45, Regular Flavoured iced latte - Caramel - 2.75, Large Flat white - 2.45, Large Flat white - 2.45, Regular Flavoured iced latte - Vanilla - 2.75",12.85,CARD,5627970490963692
03/07/2024 15:31,Chesterfield,Charles Ruda,"Large Flat white - 2.45, Regular Flavoured iced latte - Vanilla - 2.75",5.2,CASH,
03/07/2024 15:32,Chesterfield,Shoshana Brown,"Large Flavoured iced latte - Vanilla - 3.25, Regular Latte - 2.15, Large Flavoured iced latte - Caramel - 3.25",8.65,CARD,4217167869472259
03/07/2024 15:33,Chesterfield,Eduardo Andrews,"Large Flavoured iced latte - Hazelnut - 3.25, Large Flavoured iced latte - Caramel - 3.25",6.5,CARD,7900635101442055
03/07/2024 15:35,Chesterfield,Earl Tapia,"Large Flavoured latte - Hazelnut - 2.85, Large Flavoured latte - Hazelnut - 2.85, Large Flavoured iced latte - Vanilla - 3.25, Large Flavoured iced latte - Hazelnut - 3.25, Regular Flavoured latte - Hazelnut - 2.55, Large Flavoured latte - Hazelnut - 2.85",17.6,CARD,7588488320527864
03/07/2024 15:36,Chesterfield,Octavia Smith,"Large Latte - 2.45, Large Flavoured latte - Hazelnut - 2.85",5.3,CARD,7206944827351401
03/07/2024 15:37,Chesterfield,Louise Turner,"Regular Flavoured latte - Hazelnut - 2.55, Large Flavoured iced latte - Caramel - 3.25",5.8,CASH,
03/07/2024 15:38,Chesterfield,Andrea Stephens,"Large Flat white - 2.45, Regular Flavoured latte - Hazelnut - 2.55",5.0,CARD,2444758467868169
03/07/2024 15:40,Chesterfield,Marco Burnett,"Regular Flavoured iced latte - Hazelnut - 2.75, Regular Latte - 2.15, Large Flavoured iced latte - Hazelnut - 3.25, Large Latte - 2.45",10.6,CASH,
03/07/2024 15:41,Chesterfield,Edward Jackson,Regular Flavoured latte - Hazelnut - 2.55,2.55,CASH,
03/07/2024 15:42,Chesterfield,James Pendry,Regular Flavoured iced latte - Hazelnut - 2.75,2.75,CARD,7634654386291943
03/07/2024 15:43,Chesterfield,Anita Dilley,"Regular Flavoured latte - Hazelnut - 2.55, Large Flavoured iced latte - Caramel - 3.25",5.8,CASH,
03/07/2024 15:45,Chesterfield,Amber Guerrero,"Large Flavoured latte - Hazelnut - 2.85, Large Flavoured iced latte - Vanilla - 3.25, Large Flavoured latte - Hazelnut - 2.85",8.95,CASH,
03/07/2024 15:46,Chesterfield,Matthew Haywood,Large Flavoured latte - Hazelnut - 2.85,2.85,CARD,1043836183176849
03/07/2024 15:47,Chesterfield,Joey Hashim,"Regular Flat white - 2.15, Regular Latte - 2.15, Regular Flavoured iced latte - Caramel - 2.75, Large Flavoured iced latte - Hazelnut - 3.25",10.3,CARD,9982663496884993
03/07/2024 15:48,Chesterfield,Milissa Rhodes,"Large Flavoured iced latte - Caramel - 3.25, Large Flavoured iced latte - Vanilla - 3.25, Large Flavoured latte - Hazelnut - 2.85",9.35,CARD,9453034872991255
03/07/2024 15:50,Chesterfield,George Townsend,"Large Flavoured iced latte - Hazelnut - 3.25, Large Flavoured iced latte - Hazelnut - 3.25, Large Flavoured latte - Hazelnut - 2.85",9.35,CASH,
03/07/2024 15:51,Chesterfield,Enrique Randall,Large Flavoured iced latte - Caramel - 3.25,3.25,CARD,9242864747021908
03/07/2024 15:52,Chesterfield,Harry Faircloth,"Regular Latte - 2.15, Large Latte - 2.45, Regular Flavoured iced latte - Vanilla - 2.75",7.35,CASH,
03/07/2024 15:53,Chesterfield,Reynaldo Roberts,"Large Flavoured iced latte - Hazelnut - 3.25, Regular Flavoured iced latte - Hazelnut - 2.75, Large Flavoured iced latte - Hazelnut - 3.25",9.25,CARD,4622240031550706
03/07/2024 15:55,Chesterfield,Kevin Hertzler,"Large Flavoured latte - Hazelnut - 2.85, Regular Flavoured iced latte - Caramel - 2.75, Large Flavoured latte - Hazelnut - 2.85",8.45,CARD,4385521502573176
03/07/2024 15:56,Chesterfield,Amelia Clark,Large Flavoured iced latte - Caramel - 3.25,3.25,CARD,4577649463080073
03/07/2024 15:57,Chesterfield,George Dees,"Regular Latte - 2.15, Regular Flavoured iced latte - Vanilla - 2.75, Regular Flavoured iced latte - Caramel - 2.75, Regular Flavoured iced latte - Vanilla - 2.75",10.4,CARD,8349691323726292
03/07/2024 15:58,Chesterfield,Mark Johnson,"Large Flavoured iced latte - Caramel - 3.25, Regular Flat white - 2.15",5.4,CARD,3939526721146443
03/07/2024 16:00,Chesterfield,Adeline Sardi,"Large Latte - 2.45, Large Latte - 2.45, Regular Flavoured iced latte - Caramel - 2.75, Large Flavoured iced latte - Caramel - 3.25",10.9,CARD,6649355190004247
03/07/2024 16:03,Chesterfield,James Griffin,"Regular Flat white - 2.15, Large Flat white - 2.45, Large Flat white - 2.45, Regular Flat white - 2.15",9.2,CARD,8301083397009960
03/07/2024 16:07,Chesterfield,Tambra Jackson,Large Latte - 2.45,2.45,CARD,8537342484102226
03/07/2024 16:10,Chesterfield,Beryl Valdez,"Regular Flavoured iced latte - Hazelnut - 2.75, Large Flavoured iced latte - Hazelnut - 3.25",6.0,CARD,2936925987406607
03/07/2024 16:14,Chesterfield,Frank Frame,Large Flavoured latte - Hazelnut - 2.85,2.85,CASH,
03/07/2024 16:17,Chesterfield,Isabel Robbins,"Large Flavoured latte - Hazelnut - 2.85, Large Latte - 2.45, Regular Flavoured iced latte - Vanilla - 2.75",8.05,CARD,5916300997036456
03/07/2024 16:21,Chesterfield,Frank Hunt,"Regular Flavoured latte - Hazelnut - 2.55, Regular Latte - 2.15, Large Flavoured iced latte - Caramel - 3.25",7.95,CASH,
03/07/2024 16:24,Chesterfield,Herman Mccarty,Regular Flavoured iced latte - Vanilla - 2.75,2.75,CARD,9256606172713567
03/07/2024 16:28,Chesterfield,Kenneth Corvin,"Regular Flavoured latte - Hazelnut - 2.55, Large Flavoured latte - Hazelnut - 2.85, Regular Flavoured iced latte - Hazelnut - 2.75",8.15,CASH,
03/07/2024 16:31,Chesterfield,Lauren Bean,"Large Flat white - 2.45, Large Flavoured iced latte - Caramel - 3.25",5.7,CARD,5343617657556342
03/07/2024 16:35,Chesterfield,Lois Nelson,"Regular Flavoured latte - Hazelnut - 2.55, Regular Flavoured iced latte - Caramel - 2.75",5.3,CARD,4943431928659303
03/07/2024 16:38,Chesterfield,Ricky Mcdonald,"Regular Flavoured iced latte - Vanilla - 2.75, Regular Latte - 2.15, Regular Flavoured iced latte - Hazelnut - 2.75",7.65,CARD,4140220248502226
03/07/2024 16:42,Chesterfield,Jeannette Doyle,"Large Flavoured iced latte - Hazelnut - 3.25, Regular Flavoured iced latte - Hazelnut - 2.75",6.0,CARD,4411153562375379
03/07/2024 16:45,Chesterfield,Clinton Rowan,"Regular Flat white - 2.15, Regular Flat white - 2.15",4.3,CARD,6941817791980792
03/07/2024 16:49,Chesterfield,Carlos Noel,Regular Flavoured iced latte - Caramel - 2.75,2.75,CARD,1193461379735210
03/07/2024 16:52,Chesterfield,Glenn Hughes,"Regular Flavoured iced latte - Caramel - 2.75, Regular Flat white - 2.15",4.9,CARD,1293205618096957
03/07/2024 16:56,Chesterfield,Ricardo Fillmore,Regular Latte - 2.15,2.15,CARD,5079152141746985
03/07/2024 16:59,Chesterfield,Carla Lewis,Large Flavoured iced latte - Hazelnut - 3.25,3.25,CARD,5360389938619973
