03/07/2024 09:00,London Soho,Gerald Benson,"Large Espresso - 1.80, Large Espresso - 1.80, Regular Espresso - 1.50, Large Espresso - 1.80, Regular Frappes - Coffee - 2.75, Large Speciality Tea - Camomile - 1.60",11.25,CARD,6326302587141683
03/07/2024 09:02,London Soho,Bernard Mcgray,"Large Espresso - 1.80, Regular Espresso - 1.50, Large Espresso - 1.80",5.1,CARD,8961034358105408
03/07/2024 09:04,London Soho,Jacqueline Wagner,"Regular Espresso - 1.50, Regular Espresso - 1.50",3.0,CARD,2607191635834386
03/07/2024 09:06,London Soho,Shawn Thomas,Large Frappes - Coffee - 3.25,3.25,CARD,8919579579395779
03/07/2024 09:08,London Soho,Bryant Hausman,"Regular Speciality Tea - Camomile - 1.30, Large Espresso - 1.80, Regular Speciality Tea - Camomile - 1.30",4.4,CARD,9059417877685299
03/07/2024 09:10,London Soho,Benjamin King,"Large Frappes - Coffee - 3.25, Large Frappes - Coffee - 3.25, Regular Frappes - Coffee - 2.75, Regular Speciality Tea - Camomile - 1.30",10.55,CARD,1125646853245079
03/07/2024 09:12,London Soho,Sadie Acosta,Regular Espresso - 1.50,1.5,CARD,5795971354067555
03/07/2024 09:14,London Soho,Terry Neal,Large Espresso - 1.80,1.8,CARD,9495303168415146
03/07/2024 09:16,London Soho,Jennifer Michael,"Large Speciality Tea - Camomile - 1.60, Regular Frappes - Coffee - 2.75, Large Espresso - 1.80",6.15,CARD,3806338783525892
03/07/2024 09:18,London Soho,Stephan Madero,"Regular Speciality Tea - Camomile - 1.30, Regular Frappes - Coffee - 2.75, Large Speciality Tea - Camomile - 1.60",5.65,CARD,6783723453475956
03/07/2024 09:20,London Soho,Jason Miller,"Large Espresso - 1.80, Regular Frappes - Coffee - 2.75",4.55,CARD,4812188119513735
03/07/2024 09:22,London Soho,Lawrence Masino,"Regular Speciality Tea - Camomile - 1.30, Regular Speciality Tea - Camomile - 1.30",2.6,CASH,
03/07/2024 09:24,London Soho,Marie Griffin,"Large Frappes - Coffee - 3.25, Large Espresso - 1.80, Large Frappes - Coffee - 3.25, Regular Frappes - Coffee - 2.75, Regular Speciality Tea - Camomile - 1.30, Regular Frappes - Coffee - 2.75",15.1,CARD,3920507963723923
03/07/2024 09:26,London Soho,Billy Santos,"Regular Espresso - 1.50, Regular Frappes - Coffee - 2.75, Large Frappes - Coffee - 3.25",7.5,CASH,
03/07/2024 09:28,London Soho,Paige Harmon,"Large Speciality Tea - Camomile - 1.60, Regular Espresso - 1.50",3.1,CARD,4287070737281502
03/07/2024 09:30,London Soho,Christina Williams,"Regular Espresso - 1.50, Regular Espresso - 1.50, Regular Frappes - Coffee - 2.75, Regular Frappes - Coffee - 2.75, Large Espresso - 1.80",10.3,CARD,3430017129782522
03/07/2024 09:32,London Soho,Jill Womack,Large Speciality Tea - Camomile - 1.60,1.6,CASH,
03/07/2024 09:34,London Soho,Kimberly Quarnstrom,"Regular Speciality Tea - Camomile - 1.30, Large Frappes - Coffee - 3.25",4.55,CARD,5448946090282518
03/07/2024 09:36,London Soho,George Hansford,"Regular Espresso - 1.50, Regular Espresso - 1.50, Regular Frappes - Coffee - 2.75, Large Frappes - Coffee - 3.25, Large Frappes - Coffee - 3.25",12.25,CARD,8113647087731613
03/07/2024 09:38,London Soho,Laci Donoghue,"Regular Frappes - Coffee - 2.75, Large Frappes - Coffee - 3.25, Regular Espresso - 1.50",7.5,CASH,
03/07/2024 09:40,London Soho,Allison Fitzgerald,"Regular Frappes - Coffee - 2.75, Regular Espresso - 1.50, Large Frappes - Coffee - 3.25, Regular Espresso - 1.50, Regular Frappes - Coffee - 2.75",11.75,CARD,7326626729304220
03/07/2024 09:42,London Soho,James Slaughter,"Regular Espresso - 1.50, Regular Frappes - Coffee - 2.75",4.25,CARD,3819924371405529
03/07/2024 09:44,London Soho,Nadine Trimble,"Regular Frappes - Coffee - 2.75, Regular Speciality Tea - Camomile - 1.30, Large Frappes - Coffee - 3.25",7.3,CARD,3711906553014837
03/07/2024 09:46,London Soho,Barbara Bailey,"Regular Frappes - Coffee - 2.75, Large Espresso - 1.80, Large Espresso - 1.80",6.35,CASH,
03/07/2024 09:48,London Soho,Jean Connolly,"Regular Frappes - Coffee - 2.75, Large Speciality Tea - Camomile - 1.60, Regular Espresso - 1.50, Regular Frappes - Coffee - 2.75, Regular Frappes - Coffee - 2.75",11.35,CASH,
03/07/2024 09:50,London Soho,James Gilliam,"Large Speciality Tea - Camomile - 1.60, Regular Espresso - 1.50, Regular Frappes - Coffee - 2.75, Regular Speciality Tea - Camomile - 1.30, Regular Espresso - 1.50",8.65,CASH,
03/07/2024 09:52,London Soho,Mary Rogers,"Regular Speciality Tea - Camomile - 1.30, Regular Frappes - Coffee - 2.75, Large Frappes - Coffee - 3.25",7.3,CASH,
03/07/2024 09:54,London Soho,Francisco Phillips,Large Frappes - Coffee - 3.25,3.25,CASH,
03/07/2024 09:56,London Soho,Frankie Angulo,"Large Espresso - 1.80, Large Speciality Tea - Camomile - 1.60, Regular Espresso - 1.50, Regular Speciality Tea - Camomile - 1.30, Large Frappes - Coffee - 3.25",9.45,CARD,3579003872941710
03/07/2024 09:58,London Soho,Kristin Erikson,"Large Speciality Tea - Camomile - 1.60, Regular Frappes - Coffee - 2.75, Large Espresso - 1.80",6.15,CASH,
03/07/2024 10:00,London Soho,Terry Regan,"Regular Frappes - Coffee - 2.75, Regular Frappes - Coffee - 2.75",5.5,CARD,2361634004458099
03/07/2024 10:02,London Soho,Helen Anderson,"Large Frappes - Coffee - 3.25, Large Speciality Tea - Camomile - 1.60, Regular Frappes - Coffee - 2.75, Regular Speciality Tea - Camomile - 1.30",8.9,CARD,6857797836064670
03/07/2024 10:04,London Soho,Peter Pasche,"Large Espresso - 1.80, Regular Speciality Tea - Camomile - 1.30",3.1,CARD,3962842267370002
03/07/2024 10:06,London Soho,Carl Mohammed,Regular Speciality Tea - Camomile - 1.30,1.3,CARD,3630633744999927
03/07/2024 10:08,London Soho,Richard Gaffney,"Regular Espresso - 1.50, Large Speciality Tea - Camomile - 1.60",3.1,CASH,
03/07/2024 10:10,London Soho,Karin Blakemore,"Regular Speciality Tea - Camomile - 1.30, Regular Frappes - Coffee - 2.75, Large Frappes - Coffee - 3.25, Regular Frappes - Coffee - 2.75, Regular Frappes - Coffee - 2.75, Regular Espresso - 1.50",14.3,CASH,
03/07/2024 10:12,London Soho,Lorenzo Ware,"Regular Frappes - Coffee - 2.75, Regular Speciality Tea - Camomile - 1.30",4.05,CARD,9070562298862829
03/07/2024 10:14,London Soho,Martha Brown,"Large Speciality Tea - Camomile - 1.60, Large Speciality Tea - Camomile - 1.60, Large Espresso - 1.80",5.0,CARD,9754167078841049
03/07/2024 10:17,London Soho,Garth Dowdy,"Large Espresso - 1.80, Large Speciality Tea - Camomile - 1.60, Regular Speciality Tea - Camomile - 1.30, Regular Frappes - Coffee - 2.75, Regular Speciality Tea - Camomile - 1.30, Large Speciality Tea - Camomile - 1.60",10.35,CASH,
03/07/2024 10:19,London Soho,Melissa Guzma,"Regular Speciality Tea - Camomile - 1.30, Large Frappes - Coffee - 3.25, Regular Speciality Tea - Camomile - 1.30, Regular Speciality Tea - Camomile - 1.30, Regular Frappes - Coffee - 2.75",9.9,CARD,1498640814779215
03/07/2024 10:21,London Soho,Nellie Fish,Large Speciality Tea - Camomile - 1.60,1.6,CARD,6111107307032485
03/07/2024 10:23,London Soho,Ronnie Berning,"Regular Speciality Tea - Camomile - 1.30, Regular Frappes - Coffee - 2.75, Regular Frappes - Coffee - 2.75, Regular Espresso - 1.50, Regular Speciality Tea - Camomile - 1.30, Regular Speciality Tea - Camomile - 1.30",10.9,CARD,3989436457719467
03/07/2024 10:25,London Soho,Glendora Simpson,"Regular Speciality Tea - Camomile - 1.30, Regular Frappes - Coffee - 2.75",4.05,CARD,3933488425707506
03/07/2024 10:27,London Soho,Cody Willis,Regular Espresso - 1.50,1.5,CARD,7038098381618935
03/07/2024 10:29,London Soho,Patricia Kapp,"Regular Espresso - 1.50, Large Frappes - Coffee - 3.25, Regular Frappes - Coffee - 2.75",7.5,CARD,8727628168070894
03/07/2024 10:32,London Soho,Christine Markley,Regular Frappes - Coffee - 2.75,2.75,CARD,7760036605846707
03/07/2024 10:34,London Soho,Gary Miller,Large Espresso - 1.80,1.8,CASH,
03/07/2024 10:36,London Soho,Maria Kass,"Regular Espresso - 1.50, Large Frappes - Coffee - 3.25",4.75,CARD,2104054667728123
03/07/2024 10:38,London Soho,Maryanne Whitlock,"Large Speciality Tea - Camomile - 1.60, Regular Espresso - 1.50, Large Frappes - Coffee - 3.25",6.35,CARD,7574882729253424
03/07/2024 10:40,London Soho,Sofia Shortino,"Large Espresso - 1.80, Large Frappes - Coffee - 3.25, Large Espresso - 1.80, Large Speciality Tea - Camomile - 1.60",8.45,CARD,4858976817820171
03/07/2024 10:42,London Soho,Bryan Villa,"Regular Frappes - Coffee - 2.75, Regular Frappes - Coffee - 2.75, Regular Frappes - Coffee - 2.75, Large Speciality Tea - Camomile - 1.60, Regular Speciality Tea - Camomile - 1.30",11.15,CARD,8122914273433531
03/07/2024 10:44,London Soho,Taryn Heck,Regular Espresso - 1.50,1.5,CARD,8646053417960749
03/07/2024 10:46,London Soho,Jane Walter,"Regular Espresso - 1.50, Regular Frappes - Coffee - 2.75",4.25,CARD,6200151485667734
03/07/2024 10:49,London Soho,Tina Jackson,"Regular Frappes - Coffee - 2.75, Regular Espresso - 1.50, Regular Espresso - 1.50, Regular Frappes - Coffee - 2.75, Regular Espresso - 1.50",10.0,CASH,
03/07/2024 10:51,London Soho,Alvin Waddle,"Regular Espresso - 1.50, Regular Speciality Tea - Camomile - 1.30, Large Speciality Tea - Camomile - 1.60, Large Espresso - 1.80",6.2,CASH,
03/07/2024 10:53,London Soho,John Dame,"Large Espresso - 1.80, Regular Frappes - Coffee - 2.75",4.55,CARD,1725727803735154
03/07/2024 10:55,London Soho,Barbara Taylor,"Large Frappes - Coffee - 3.25, Large Frappes - Coffee - 3.25, Large Espresso - 1.80, Regular Frappes - Coffee - 2.75, Large Espresso - 1.80, Large Espresso - 1.80",14.65,CASH,
03/07/2024 10:57,London Soho,Janet Hill,"Regular Espresso - 1.50, Large Espresso - 1.80, Regular Frappes - Coffee - 2.75, Regular Speciality Tea - Camomile - 1.30",7.35,CASH,
03/07/2024 10:59,London Soho,Manuel Perez,"Regular Espresso - 1.50, Large Espresso - 1.80",3.3,CARD,1403289942661208
03/07/2024 11:01,London Soho,Carole Havel,"Regular Frappes - Coffee - 2.75, Large Frappes - Coffee - 3.25, Regular Espresso - 1.50, Regular Frappes - Coffee - 2.75",10.25,CARD,3262030640625920
03/07/2024 11:13,London Soho,Jeffrey Miller,"Regular Speciality Tea - Camomile - 1.30, Regular Speciality Tea - Camomile - 1.30",2.6,CARD,2103598554424815
03/07/2024 11:25,London Soho,Daniel Petersen,"Regular Espresso - 1.50, Regular Frappes - Coffee - 2.75, Regular Speciality Tea - Camomile - 1.30, Regular Speciality Tea - Camomile - 1.30, Regular Speciality Tea - Camomile - 1.30",8.15,CASH,
03/07/2024 11:37,London Soho,Emilee Hill,"Regular Frappes - Coffee - 2.75, Regular Espresso - 1.50",4.25,CASH,
03/07/2024 11:49,London Soho,Howard Pontillo,"Large Speciality Tea - Camomile - 1.60, Large Frappes - Coffee - 3.25, Large Espresso - 1.80, Regular Speciality Tea - Camomile - 1.30",7.95,CARD,4545394002734992
03/07/2024 12:01,London Soho,George Middaugh,"Large Speciality Tea - Camomile - 1.60, Regular Espresso - 1.50, Regular Espresso - 1.50, Large Speciality Tea - Camomile - 1.60, Large Espresso - 1.80",8.0,CARD,1646799757142173
03/07/2024 12:04,London Soho,Melvin Jankowski,"Regular Speciality Tea - Camomile - 1.30, Large Frappes - Coffee - 3.25, Large Frappes - Coffee - 3.25, Regular Frappes - Coffee - 2.75, Large Espresso - 1.80, Regular Espresso - 1.50",13.85,CARD,5542168622318735
03/07/2024 12:06,London Soho,Kirsten Hays,"Regular Espresso - 1.50, Regular Speciality Tea - Camomile - 1.30",2.8,CARD,8017407344931498
03/07/2024 12:08,London Soho,James Battles,"Regular Speciality Tea - Camomile - 1.30, Large Speciality Tea - Camomile - 1.60, Regular Espresso - 1.50, Large Frappes - Coffee - 3.25, Regular Speciality Tea - Camomile - 1.30, Regular Espresso - 1.50",10.45,CARD,2048487575714875
03/07/2024 12:10,London Soho,Kenneth Rowles,"Regular Frappes - Coffee - 2.75, Large Espresso - 1.80, Large Frappes - Coffee - 3.25, Regular Speciality Tea - Camomile - 1.30",9.1,CASH,
03/07/2024 12:12,London Soho,Jennifer Flores,"Large Espresso - 1.80, Regular Frappes - Coffee - 2.75",4.55,CARD,1136955680951420
03/07/2024 12:14,London Soho,Tracy Long,"Large Espresso - 1.80, Regular Espresso - 1.50, Large Frappes - Coffee - 3.25",6.55,CASH,
03/07/2024 12:16,London Soho,Monet Barlage,"Regular Frappes - Coffee - 2.75, Regular Espresso - 1.50, Regular Frappes - Coffee - 2.75, Large Espresso - 1.80, Regular Speciality Tea - Camomile - 1.30, Large Frappes - Coffee - 3.25",13.35,CARD,1048261600470759
03/07/2024 12:18,London Soho,Carrie Igtanloc,"Regular Speciality Tea - Camomile - 1.30, Regular Espresso - 1.50",2.8,CASH,
03/07/2024 12:21,London Soho,Laura Lawrence,"Regular Espresso - 1.50, Large Speciality Tea - Camomile - 1.60, Large Espresso - 1.80, Regular Speciality Tea - Camomile - 1.30, Regular Frappes - Coffee - 2.75",8.95,CARD,6076020391670412
03/07/2024 12:23,London Soho,Terri Durham,Large Speciality Tea - Camomile - 1.60,1.6,CASH,
03/07/2024 12:25,London Soho,Minnie Schneidtmille,Regular Espresso - 1.50,1.5,CARD,8448900095921049
03/07/2024 12:27,London Soho,Timothy Horton,"Large Speciality Tea - Camomile - 1.60, Large Frappes - Coffee - 3.25, Large Speciality Tea - Camomile - 1.60",6.45,CARD,4746961929602363
03/07/2024 12:29,London Soho,Michael Besecker,Large Espresso - 1.80,1.8,CARD,5847172823788861
03/07/2024 12:31,London Soho,Ellis Hill,Regular Frappes - Coffee - 2.75,2.75,CARD,7814686976210363
03/07/2024 12:33,London Soho,Patrick Bolding,"Large Espresso - 1.80, Large Espresso - 1.80, Large Espresso - 1.80, Regular Frappes - Coffee - 2.75",8.15,CARD,5143105359437436
03/07/2024 12:36,London Soho,Miguel Johnson,"Regular Frappes - Coffee - 2.75, Regular Speciality Tea - Camomile - 1.30",4.05,CARD,1180224469760631
03/07/2024 12:38,London Soho,Steven Harrison,"Large Espresso - 1.80, Regular Speciality Tea - Camomile - 1.30",3.1,CARD,9219950917852396
03/07/2024 12:40,London Soho,Betty Bruce,"Regular Frappes - Coffee - 2.75, Large Speciality Tea - Camomile - 1.60, Regular Frappes - Coffee - 2.75",7.1,CARD,8250482744349431
03/07/2024 12:42,London Soho,Jose Self,"Large Frappes - Coffee - 3.25, Regular Speciality Tea - Camomile - 1.30",4.55,CARD,9760147375452455
03/07/2024 12:44,London Soho,Carolyn Davidson,"Regular Speciality Tea - Camomile - 1.30, Regular Espresso - 1.50, Large Espresso - 1.80, Regular Espresso - 1.50, Regular Espresso - 1.50",7.6,CARD,6129135171623755
03/07/2024 12:46,London Soho,William Gonzales,"Large Frappes - Coffee - 3.25, Large Frappes - Coffee - 3.25, Large Speciality Tea - Camomile - 1.60",8.1,CARD,3656689023451062
03/07/2024 12:48,London Soho,Jessica Jones,"Large Espresso - 1.80, Large Espresso - 1.80, Regular Frappes - Coffee - 2.75",6.35,CARD,8233331425683469
03/07/2024 12:50,London Soho,Sharon Carmichael,"Large Frappes - Coffee - 3.25, Large Frappes - Coffee - 3.25, Regular Espresso - 1.50",8.0,CARD,8766694431607590
03/07/2024 12:53,London Soho,Kenneth Johnson,"Regular Speciality Tea - Camomile - 1.30, Regular Espresso - 1.50, Large Espresso - 1.80, Regular Espresso - 1.50, Large Frappes - Coffee - 3.25",9.35,CARD,9522148515004776
03/07/2024 12:55,London Soho,Zenaida Mckee,"Large Frappes - Coffee - 3.25, Large Frappes - Coffee - 3.25",6.5,CARD,8283903364804357
03/07/2024 12:57,London Soho,Stephanie Fay,Regular Speciality Tea - Camomile - 1.30,1.3,CASH,
03/07/2024 12:59,London Soho,Catherine Dorsey,Regular Speciality Tea - Camomile - 1.30,1.3,CASH,
03/07/2024 13:01,London Soho,Edwin Christensen,"Regular Speciality Tea - Camomile - 1.30, Large Frappes - Coffee - 3.25, Regular Espresso - 1.50, Large Speciality Tea - Camomile - 1.60",7.65,CASH,
03/07/2024 13:04,London Soho,Peggy Oakes,Large Frappes - Coffee - 3.25,3.25,CARD,8512900286590289
03/07/2024 13:06,London Soho,Sandra Summers,Regular Espresso - 1.50,1.5,CARD,3491879345642596
03/07/2024 13:09,London Soho,Terry Laperouse,"Regular Frappes - Coffee - 2.75, Large Espresso - 1.80, Regular Speciality Tea - Camomile - 1.30",5.85,CARD,4636209506516362
03/07/2024 13:12,London Soho,Joshua Mcvay,"Large Espresso - 1.80, Regular Espresso - 1.50, Regular Speciality Tea - Camomile - 1.30, Regular Frappes - Coffee - 2.75",7.35,CARD,4803254682060736
03/07/2024 13:14,London Soho,Sandra Hom,"Regular Speciality Tea - Camomile - 1.30, Regular Frappes - Coffee - 2.75, Large Espresso - 1.80, Regular Espresso - 1.50, Regular Speciality Tea - Camomile - 1.30",8.65,CARD,1505428973348657
03/07/2024 13:17,London Soho,Claudia Hunter,"Large Espresso - 1.80, Large Speciality Tea - Camomile - 1.60, Regular Espresso - 1.50",4.9,CARD,7760077688986219
03/07/2024 13:19,London Soho,Jim Stevens,"Large Speciality Tea - Camomile - 1.60, Regular Speciality Tea - Camomile - 1.30, Regular Espresso - 1.50",4.4,CARD,4884570956190151
03/07/2024 13:22,London Soho,Cara Krausmann,"Large Espresso - 1.80, Regular Speciality Tea - Camomile - 1.30, Regular Speciality Tea - Camomile - 1.30, Regular Speciality Tea - Camomile - 1.30",5.7,CARD,2917597800189928
03/07/2024 13:25,London Soho,Trent Gault,"Regular Speciality Tea - Camomile - 1.30, Regular Frappes - Coffee - 2.75, Regular Frappes - Coffee - 2.75",6.8,CARD,5026435754774912
03/07/2024 13:27,London Soho,Roger Holmes,Regular Espresso - 1.50,1.5,CARD,2569572541331190
03/07/2024 13:30,London Soho,Connie Hay,Regular Frappes - Coffee - 2.75,2.75,CASH,
03/07/2024 13:32,London Soho,Wayne Escobar,Regular Espresso - 1.50,1.5,CARD,9510604430272517
03/07/2024 13:35,London Soho,Ella Feist,"Large Speciality Tea - Camomile - 1.60, Large Espresso - 1.80, Large Frappes - Coffee - 3.25",6.65,CARD,7314280138498740
03/07/2024 13:38,London Soho,Phillip Ayuso,"Regular Espresso - 1.50, Large Speciality Tea - Camomile - 1.60",3.1,CARD,1509850655551030
03/07/2024 13:40,London Soho,Cathy Kenworthy,"Regular Espresso - 1.50, Large Frappes - Coffee - 3.25, Regular Speciality Tea - Camomile - 1.30",6.05,CARD,6926302691042348
03/07/2024 13:43,London Soho,Carl Cofer,"Large Speciality Tea - Camomile - 1.60, Large Frappes - Coffee - 3.25, Regular Speciality Tea - Camomile - 1.30",6.15,CARD,1923099773431848
03/07/2024 13:45,London Soho,Frances Feltus,Regular Speciality Tea - Camomile - 1.30,1.3,CARD,1834785491427225
03/07/2024 13:48,London Soho,Claudia Pautz,"Large Speciality Tea - Camomile - 1.60, Large Espresso - 1.80",3.4,CASH,
03/07/2024 13:51,London Soho,Carolyn Morgan,"Regular Espresso - 1.50, Regular Speciality Tea - Camomile - 1.30, Large Espresso - 1.80, Regular Frappes - Coffee - 2.75",7.35,CARD,2925458701483522
03/07/2024 13:53,London Soho,Velma Williams,"Regular Frappes - Coffee - 2.75, Large Espresso - 1.80",4.55,CARD,9374787436641553
03/07/2024 13:56,London Soho,Peggy Millar,"Large Frappes - Coffee - 3.25, Regular Speciality Tea - Camomile - 1.30, Regular Espresso - 1.50",6.05,CARD,6858849619259328
03/07/2024 13:58,London Soho,Dianne Middleton,"Regular Frappes - Coffee - 2.75, Large Frappes - Coffee - 3.25",6.0,CARD,3228555426845211
03/07/2024 14:01,London Soho,Demarcus Kenely,"Regular Speciality Tea - Camomile - 1.30, Large Espresso - 1.80, Large Espresso - 1.80, Regular Frappes - Coffee - 2.75, Large Speciality Tea - Camomile - 1.60",9.25,CARD,9817286372889481
03/07/2024 14:02,London Soho,Clara Wilson,Large Espresso - 1.80,1.8,CASH,
03/07/2024 14:03,London Soho,Scott Randolph,"Large Espresso - 1.80, Large Espresso - 1.80, Large Espresso - 1.80, Large Speciality Tea - Camomile - 1.60, Regular Frappes - Coffee - 2.75",9.75,CARD,7361999819351342
03/07/2024 14:04,London Soho,Brant Williamson,"Large Speciality Tea - Camomile - 1.60, Large Speciality Tea - Camomile - 1.60, Regular Espresso - 1.50, Regular Speciality Tea - Camomile - 1.30, Regular Espresso - 1.50",7.5,CASH,
03/07/2024 14:05,London Soho,James Moore,"Regular Frappes - Coffee - 2.75, Large Espresso - 1.80, Regular Frappes - Coffee - 2.75, Large Espresso - 1.80",9.1,CASH,
03/07/2024 14:05,London Soho,Stefanie Kernan,"Regular Espresso - 1.50, Regular Speciality Tea - Camomile - 1.30, Regular Speciality Tea - Camomile - 1.30",4.1,CARD,8912933596355873
03/07/2024 14:06,London Soho,Benjamin Wade,"Regular Frappes - Coffee - 2.75, Large Espresso - 1.80, Regular Frappes - Coffee - 2.75",7.3,CASH,
03/07/2024 14:07,London Soho,Jerome Decker,"Large Speciality Tea - Camomile - 1.60, Regular Espresso - 1.50, Large Speciality Tea - Camomile - 1.60, Large Speciality Tea - Camomile - 1.60, Large Speciality Tea - Camomile - 1.60",7.9,CASH,
03/07/2024 14:08,London Soho,Ricky Hobson,Regular Espresso - 1.50,1.5,CARD,8746488602711240
03/07/2024 14:09,London Soho,Barry Mcdonald,"Regular Frappes - Coffee - 2.75, Regular Espresso - 1.50, Large Espresso - 1.80, Large Frappes - Coffee - 3.25",9.3,CASH,
03/07/2024 14:10,London Soho,Allison Baker,"Large Speciality Tea - Camomile - 1.60, Large Espresso - 1.80, Large Espresso - 1.80, Large Speciality Tea - Camomile - 1.60, Regular Espresso - 1.50, Regular Frappes - Coffee - 2.75",11.05,CARD,2963859266065150
03/07/2024 14:11,London Soho,Brian Osorno,"Regular Speciality Tea - Camomile - 1.30, Regular Speciality Tea - Camomile - 1.30",2.6,CARD,3346434670287737
03/07/2024 14:12,London Soho,David Basquez,"Large Speciality Tea - Camomile - 1.60, Regular Frappes - Coffee - 2.75",4.35,CARD,1672425655030175
03/07/2024 14:13,London Soho,Ruth Harris,Regular Espresso - 1.50,1.5,CASH,
03/07/2024 14:14,London Soho,Carol Koehler,"Large Frappes - Coffee - 3.25, Large Espresso - 1.80",5.05,CARD,3621437438861579
03/07/2024 14:15,London Soho,Patrina Burke,Large Espresso - 1.80,1.8,CARD,7439360490776640
03/07/2024 14:16,London Soho,Duane Krause,"Large Speciality Tea - Camomile - 1.60, Large Speciality Tea - Camomile - 1.60, Regular Espresso - 1.50",4.7,CASH,
03/07/2024 14:16,London Soho,William Romo,Regular Speciality Tea - Camomile - 1.30,1.3,CARD,7319613423588731
03/07/2024 14:17,London Soho,Edna Petit,Regular Espresso - 1.50,1.5,CARD,7451470130882229
03/07/2024 14:18,London Soho,Patricia Speidel,Large Speciality Tea - Camomile - 1.60,1.6,CARD,4044689771179626
03/07/2024 14:19,London Soho,Alice Powell,"Regular Frappes - Coffee - 2.75, Large Frappes - Coffee - 3.25",6.0,CARD,8084002210532448
03/07/2024 14:20,London Soho,Emily Harris,"Regular Frappes - Coffee - 2.75, Large Speciality Tea - Camomile - 1.60, Regular Speciality Tea - Camomile - 1.30, Large Frappes - Coffee - 3.25, Large Frappes - Coffee - 3.25",12.15,CASH,
03/07/2024 14:21,London Soho,Carol Wold,"Large Frappes - Coffee - 3.25, Regular Espresso - 1.50, Large Espresso - 1.80",6.55,CARD,4416013084911304
03/07/2024 14:22,London Soho,Lacey Denoon,"Large Espresso - 1.80, Regular Frappes - Coffee - 2.75, Large Espresso - 1.80, Regular Speciality Tea - Camomile - 1.30, Regular Speciality Tea - Camomile - 1.30, Regular Speciality Tea - Camomile - 1.30",10.25,CASH,
03/07/2024 14:23,London Soho,Denise Frazee,"Regular Speciality Tea - Camomile - 1.30, Regular Espresso - 1.50, Regular Frappes - Coffee - 2.75, Regular Espresso - 1.50, Large Espresso - 1.80, Large Frappes - Coffee - 3.25",12.1,CASH,
03/07/2024 14:24,London Soho,Walter Doughty,Regular Speciality Tea - Camomile - 1.30,1.3,CARD,4589500732218179
03/07/2024 14:25,London Soho,Carole Hughes,"Large Speciality Tea - Camomile - 1.60, Regular Espresso - 1.50",3.1,CARD,9059466743414298
03/07/2024 14:26,London Soho,Rachel Wilds,Large Frappes - Coffee - 3.25,3.25,CARD,8119384962279289
03/07/2024 14:27,London Soho,Andrea Palomaki,"Large Frappes - Coffee - 3.25, Large Frappes - Coffee - 3.25, Large Frappes - Coffee - 3.25, Regular Espresso - 1.50",11.25,CARD,7420705256567428
03/07/2024 14:27,London Soho,Edward Hoffman,"Regular Speciality Tea - Camomile - 1.30, Regular Speciality Tea - Camomile - 1.30",2.6,CARD,4228910500230203
03/07/2024 14:28,London Soho,Sandra Valentin,"Regular Espresso - 1.50, Regular Frappes - Coffee - 2.75",4.25,CASH,
03/07/2024 14:29,London Soho,Gregory Clark,"Regular Espresso - 1.50, Large Espresso - 1.80",3.3,CARD,1467083182812147
03/07/2024 14:30,London Soho,Martin Pugh,"Regular Espresso - 1.50, Large Frappes - Coffee - 3.25, Regular Espresso - 1.50",6.25,CASH,
03/07/2024 14:31,London Soho,Andres Mcgarey,"Large Espresso - 1.80, Large Frappes - Coffee - 3.25, Regular Espresso - 1.50, Large Frappes - Coffee - 3.25, Large Speciality Tea - Camomile - 1.60",11.4,CARD,3250933282728166
03/07/2024 14:32,London Soho,Norbert Pascale,"Large Speciality Tea - Camomile - 1.60, Regular Speciality Tea - Camomile - 1.30, Regular Speciality Tea - Camomile - 1.30",4.2,CARD,1283792528967362
03/07/2024 14:33,London Soho,Gloria Fraizer,"Large Espresso - 1.80, Large Speciality Tea - Camomile - 1.60, Large Speciality Tea - Camomile - 1.60, Regular Espresso - 1.50",6.5,CARD,3267377811107788
03/07/2024 14:34,London Soho,Jacob Liddell,"Regular Speciality Tea - Camomile - 1.30, Large Espresso - 1.80",3.1,CARD,5301615393169150
03/07/2024 14:35,London Soho,Curtis Parizo,"Regular Speciality Tea - Camomile - 1.30, Large Espresso - 1.80, Regular Speciality Tea - Camomile - 1.30",4.4,CARD,3573856407739343
03/07/2024 14:36,London Soho,Randall Lopez,Regular Frappes - Coffee - 2.75,2.75,CASH,
03/07/2024 14:37,London Soho,Peter Mcgough,Regular Espresso - 1.50,1.5,CASH,
03/07/2024 14:38,London Soho,Donald Lockwood,Large Frappes - Coffee - 3.25,3.25,CARD,9663910635763072
03/07/2024 14:38,London Soho,Vanesa Wiggins,"Regular Espresso - 1.50, Regular Espresso - 1.50, Regular Espresso - 1.50, Large Speciality Tea - Camomile - 1.60, Regular Speciality Tea - Camomile - 1.30, Large Espresso - 1.80",9.2,CASH,
03/07/2024 14:39,London Soho,Travis Turner,"Large Espresso - 1.80, Regular Speciality Tea - Camomile - 1.30, Large Espresso - 1.80, Large Speciality Tea - Camomile - 1.60",6.5,CARD,1070216838765957
03/07/2024 14:40,London Soho,Robert Sanchez,Large Speciality Tea - Camomile - 1.60,1.6,CARD,8113607639942585
03/07/2024 14:41,London Soho,Kenneth Harr,Regular Espresso - 1.50,1.5,CASH,
03/07/2024 14:42,London Soho,Robert Coffield,"Large Frappes - Coffee - 3.25, Large Frappes - Coffee - 3.25, Regular Speciality Tea - Camomile - 1.30",7.8,CASH,
03/07/2024 14:43,London Soho,Arturo Dutcher,"Regular Espresso - 1.50, Regular Espresso - 1.50, Regular Espresso - 1.50, Regular Frappes - Coffee - 2.75",7.25,CARD,3779648387776772
03/07/2024 14:44,London Soho,Nora Meyer,Regular Frappes - Coffee - 2.75,2.75,CARD,1875064315500450
03/07/2024 14:45,London Soho,Mary Kettler,"Regular Frappes - Coffee - 2.75, Regular Speciality Tea - Camomile - 1.30",4.05,CARD,1826435093663058
03/07/2024 14:46,London Soho,Ray Kilkenny,"Large Frappes - Coffee - 3.25, Regular Speciality Tea - Camomile - 1.30, Regular Frappes - Coffee - 2.75",7.3,CARD,5012378271994850
03/07/2024 14:47,London Soho,Denise Bender,"Regular Speciality Tea - Camomile - 1.30, Large Frappes - Coffee - 3.25, Large Frappes - Coffee - 3.25, Regular Frappes - Coffee - 2.75",10.55,CASH,
03/07/2024 14:48,London Soho,Yi Gustin,Large Espresso - 1.80,1.8,CARD,4951365398591158
03/07/2024 14:49,London Soho,Linda Lee,Regular Frappes - Coffee - 2.75,2.75,CARD,1711873925256895
03/07/2024 14:49,London Soho,Karen Smith,"Regular Speciality Tea - Camomile - 1.30, Regular Speciality Tea - Camomile - 1.30, Large Frappes - Coffee - 3.25, Regular Espresso - 1.50",7.35,CARD,5827382652151758
03/07/2024 14:50,London Soho,Edith Smith,"Regular Espresso - 1.50, Large Speciality Tea - Camomile - 1.60, Regular Frappes - Coffee - 2.75, Regular Speciality Tea - Camomile - 1.30",7.15,CARD,5723212259339885
03/07/2024 14:51,London Soho,Melvin Bowen,"Regular Speciality Tea - Camomile - 1.30, Large Frappes - Coffee - 3.25, Large Speciality Tea - Camomile - 1.60, Large Speciality Tea - Camomile - 1.60, Regular Speciality Tea - Camomile - 1.30",9.05,CARD,4479812107447341
03/07/2024 14:52,London Soho,Robert Flynn,"Regular Espresso - 1.50, Regular Espresso - 1.50, Regular Espresso - 1.50",4.5,CASH,
03/07/2024 14:53,London Soho,Kimberly Banks,"Large Espresso - 1.80, Large Frappes - Coffee - 3.25, Regular Espresso - 1.50, Large Espresso - 1.80",8.35,CARD,1184811535568655
03/07/2024 14:54,London Soho,Edward Hernandez,"Regular Espresso - 1.50, Regular Espresso - 1.50",3.0,CARD,7535774004123047
03/07/2024 14:55,London Soho,Robert Murray,Large Speciality Tea - Camomile - 1.60,1.6,CARD,6042407020537962
03/07/2024 14:56,London Soho,Donald Buck,"Regular Espresso - 1.50, Regular Espresso - 1.50, Regular Espresso - 1.50",4.5,CARD,5548529289203875
03/07/2024 14:57,London Soho,Herman Ruthledge,"Large Espresso - 1.80, Regular Frappes - Coffee - 2.75, Large Frappes - Coffee - 3.25",7.8,CARD,3851396581013569
03/07/2024 14:58,London Soho,Deborah Brown,"Regular Speciality Tea - Camomile - 1.30, Regular Espresso - 1.50",2.8,CASH,
03/07/2024 14:59,London Soho,Lynda Holling,"Large Espresso - 1.80, Regular Speciality Tea - Camomile - 1.30, Regular Espresso - 1.50",4.6,CARD,5297244851993712
03/07/2024 15:00,London Soho,Julia Clark,"Regular Speciality Tea - Camomile - 1.30, Regular Espresso - 1.50, Large Espresso - 1.80, Large Frappes - Coffee - 3.25, Regular Speciality Tea - Camomile - 1.30",9.15,CARD,5521460062517252
03/07/2024 15:02,London Soho,Roseann Ng,"Large Espresso - 1.80, Large Frappes - Coffee - 3.25, Regular Frappes - Coffee - 2.75",7.8,CARD,3606182413490186
03/07/2024 15:04,London Soho,Genaro Monroe,Regular Speciality Tea - Camomile - 1.30,1.3,CARD,5395287752406813
03/07/2024 15:06,London Soho,David Guillot,Large Espresso - 1.80,1.8,CARD,9191052537434022
03/07/2024 15:09,London Soho,Robert Brown,"Regular Espresso - 1.50, Large Speciality Tea - Camomile - 1.60, Regular Espresso - 1.50",4.6,CARD,7682940900868257
03/07/2024 15:11,London Soho,Emily Barakat,"Large Speciality Tea - Camomile - 1.60, Large Espresso - 1.80, Large Frappes - Coffee - 3.25, Large Espresso - 1.80",8.45,CASH,
03/07/2024 15:13,London Soho,Wanda Jackson,"Regular Espresso - 1.50, Regular Frappes - Coffee - 2.75",4.25,CARD,7602464974094203
03/07/2024 15:16,London Soho,Maria Ranallo,"Regular Speciality Tea - Camomile - 1.30, Large Espresso - 1.80",3.1,CARD,1896516343800973
03/07/2024 15:18,London Soho,Theresa Mihelich,"Regular Speciality Tea - Camomile - 1.30, Large Speciality Tea - Camomile - 1.60",2.9,CARD,9638720056747738
03/07/2024 15:20,London Soho,Jennifer Blankenship,"Large Speciality Tea - Camomile - 1.60, Large Frappes - Coffee - 3.25",4.85,CARD,1476355988108133
03/07/2024 15:23,London Soho,Sharon Williams,"Large Speciality Tea - Camomile - 1.60, Large Espresso - 1.80",3.4,CARD,4188950970464001
03/07/2024 15:25,London Soho,Joseph Walk,"Large Speciality Tea - Camomile - 1.60, Regular Speciality Tea - Camomile - 1.30, Large Espresso - 1.80, Regular Frappes - Coffee - 2.75, Regular Speciality Tea - Camomile - 1.30",8.75,CARD,3328657099825504
03/07/2024 15:27,London Soho,Geoffrey Jackson,"Regular Speciality Tea - Camomile - 1.30, Regular Speciality Tea - Camomile - 1.30",2.6,CARD,3756961851461445
03/07/2024 15:29,London Soho,Paul Severino,"Regular Espresso - 1.50, Large Frappes - Coffee - 3.25, Regular Speciality Tea - Camomile - 1.30, Regular Espresso - 1.50",7.55,CARD,9791909811335000
03/07/2024 15:32,London Soho,Tessa Barr,"Large Speciality Tea - Camomile - 1.60, Regular Speciality Tea - Camomile - 1.30, Regular Speciality Tea - Camomile - 1.30, Large Espresso - 1.80, Regular Espresso - 1.50",7.5,CASH,
03/07/2024 15:34,London Soho,Jaime Jordan,"Large Espresso - 1.80, Large Speciality Tea - Camomile - 1.60",3.4,CASH,
03/07/2024 15:36,London Soho,Maria Hickey,"Large Speciality Tea - Camomile - 1.60, Large Speciality Tea - Camomile - 1.60",3.2,CARD,8097497092128956
03/07/2024 15:39,London Soho,Ray Brown,Large Frappes - Coffee - 3.25,3.25,CASH,
03/07/2024 15:41,London Soho,Kevin Schacht,"Large Espresso - 1.80, Large Speciality Tea - Camomile - 1.60",3.4,CARD,2439717518541871
03/07/2024 15:43,London Soho,Mary Agin,"Large Frappes - Coffee - 3.25, Regular Espresso - 1.50",4.75,CARD,7526490281031614
03/07/2024 15:46,London Soho,Dennis Chait,Large Espresso - 1.80,1.8,CARD,3558478406341180
03/07/2024 15:48,London Soho,Jonathan Johnson,"Regular Espresso - 1.50, Large Espresso - 1.80, Large Espresso - 1.80",5.1,CARD,6080364457898933
03/07/2024 15:50,London Soho,Terry Turner,"Regular Frappes - Coffee - 2.75, Large Espresso - 1.80, Regular Speciality Tea - Camomile - 1.30, Large Speciality Tea - Camomile - 1.60, Large Frappes - Coffee - 3.25",10.7,CARD,5645438568225184
03/07/2024 15:52,London Soho,Stephanie James,"Large Frappes - Coffee - 3.25, Large Frappes - Coffee - 3.25, Large Speciality Tea - Camomile - 1.60",8.1,CARD,4887140291303686
03/07/2024 15:55,London Soho,Dean Lynch,Large Speciality Tea - Camomile - 1.60,1.6,CARD,3282357988224615
03/07/2024 15:57,London Soho,Michael Luten,"Large Espresso - 1.80, Regular Speciality Tea - Camomile - 1.30",3.1,CASH,
03/07/2024 15:59,London Soho,David Noonan,Regular Frappes - Coffee - 2.75,2.75,CARD,6576835531168702
03/07/2024 16:02,London Soho,Effie Harrington,Regular Speciality Tea - Camomile - 1.30,1.3,CASH,
03/07/2024 16:04,London Soho,Robert Green,"Large Frappes - Coffee - 3.25, Regular Frappes - Coffee - 2.75",6.0,CARD,4823861645074334
03/07/2024 16:06,London Soho,Murray Marsh,"Regular Frappes - Coffee - 2.75, Large Speciality Tea - Camomile - 1.60",4.35,CARD,6012093143735573
03/07/2024 16:09,London Soho,Paul Alvarez,"Regular Espresso - 1.50, Regular Espresso - 1.50, Large Frappes - Coffee - 3.25",6.25,CARD,8027111959302966
03/07/2024 16:11,London Soho,Daniel Barriere,Large Espresso - 1.80,1.8,CARD,6946015579656344
03/07/2024 16:13,London Soho,Lisa Norberg,Large Espresso - 1.80,1.8,CARD,4167945484686730
03/07/2024 16:15,London Soho,Anna Hutter,"Large Speciality Tea - Camomile - 1.60, Regular Speciality Tea - Camomile - 1.30, Regular Speciality Tea - Camomile - 1.30",4.2,CARD,2851242167302591
03/07/2024 16:18,London Soho,David Luster,"Regular Speciality Tea - Camomile - 1.30, Large Frappes - Coffee - 3.25, Regular Frappes - Coffee - 2.75, Regular Speciality Tea - Camomile - 1.30, Regular Frappes - Coffee - 2.75, Regular Speciality Tea - Camomile - 1.30",12.65,CASH,
03/07/2024 16:20,London Soho,Judith Still,"Large Speciality Tea - Camomile - 1.60, Regular Speciality Tea - Camomile - 1.30, Large Espresso - 1.80",4.7,CASH,
03/07/2024 16:22,London Soho,David Varga,"Regular Espresso - 1.50, Regular Espresso - 1.50, Large Speciality Tea - Camomile - 1.60",4.6,CARD,6658511370491330
03/07/2024 16:25,London Soho,Leonardo Hughes,"Large Speciality Tea - Camomile - 1.60, Regular Espresso - 1.50",3.1,CARD,5157367239745067
03/07/2024 16:27,London Soho,Kristi Mikesell,"Large Espresso - 1.80, Large Espresso - 1.80",3.6,CARD,5356883757020421
03/07/2024 16:29,London Soho,Kyle Santos,"Large Speciality Tea - Camomile - 1.60, Large Speciality Tea - Camomile - 1.60",3.2,CARD,4414925648938987
03/07/2024 16:32,London Soho,Grant Palmer,"Large Frappes - Coffee - 3.25, Large Speciality Tea - Camomile - 1.60",4.85,CARD,6843241070291768
03/07/2024 16:34,London Soho,Aida England,Regular Espresso - 1.50,1.5,CARD,2310597237624322
03/07/2024 16:36,London Soho,Burton Borel,"Regular Espresso - 1.50, Regular Speciality Tea - Camomile - 1.30, Regular Frappes - Coffee - 2.75, Regular Frappes - Coffee - 2.75",8.3,CASH,
03/07/2024 16:38,London Soho,Alice Nguyen,Large Speciality Tea - Camomile - 1.60,1.6,CASH,
03/07/2024 16:41,London Soho,Walter Slaton,"Regular Frappes - Coffee - 2.75, Regular Speciality Tea - Camomile - 1.30, Regular Espresso - 1.50",5.55,CASH,
03/07/2024 16:43,London Soho,Leslie Desalvo,"Large Frappes - Coffee - 3.25, Regular Speciality Tea - Camomile - 1.30",4.55,CARD,2180245286266785
03/07/2024 16:45,London Soho,Thomas Kash,Regular Espresso - 1.50,1.5,CARD,4976030102739976
03/07/2024 16:48,London Soho,Janice Garcia,Regular Espresso - 1.50,1.5,CASH,
03/07/2024 16:50,London Soho,Penny Pinkham,"Regular Speciality Tea - Camomile - 1.30, Regular Speciality Tea - Camomile - 1.30, Large Frappes - Coffee - 3.25, Large Espresso - 1.80, Regular Speciality Tea - Camomile - 1.30",8.95,CARD,4465064102139705
03/07/2024 16:52,London Soho,Lawrence Heidelberg,"Large Frappes - Coffee - 3.25, Regular Espresso - 1.50, Regular Espresso - 1.50",6.25,CASH,
03/07/2024 16:55,London Soho,Troy Maines,"Regular Speciality Tea - Camomile - 1.30, Regular Frappes - Coffee - 2.75, Regular Espresso - 1.50, Large Espresso - 1.80",7.35,CARD,4395086046466622
03/07/2024 16:57,London Soho,Kevin Groves,"Regular Speciality Tea - Camomile - 1.30, Regular Speciality Tea - Camomile - 1.30, Regular Speciality Tea - Camomile - 1.30, Large Espresso - 1.80",5.7,CARD,1253104575824982
03/07/2024 16:59,London Soho,Al Baird,"Large Espresso - 1.80, Regular Frappes - Coffee - 2.75",4.55,CARD,4690080540097826
