03/07/2024 09:00,Longridge,Kathryn Williams,"Large Glass of milk - 1.10, Large Glass of milk - 1.10",2.2,CARD,9273121345790627
03/07/2024 09:01,Longridge,Nathan Parker,"Regular Flavoured iced latte - Caramel - 2.75, Regular Speciality Tea - Earl Grey - 1.30",4.05,CARD,7896603693878865
03/07/2024 09:02,Longridge,Charles Reed,"Large Glass of milk - 1.10, Regular Flavoured iced latte - Caramel - 2.75, Regular Frappes - Strawberries & Cream - 2.75, Regular Frappes - Strawberries & Cream - 2.75, Regular Flavoured iced latte - Caramel - 2.75",12.1,CASH,
03/07/2024 09:03,Longridge,Benedict Castaneda,"Regular Speciality Tea - Earl Grey - 1.30, Regular Frappes - Strawberries & Cream - 2.75, Regular Mocha - 2.30",6.35,CARD,9680207039246504
03/07/2024 09:04,Longridge,Arlene Rice,"Regular Flavoured iced latte - Caramel - 2.75, Large Mocha - 2.70, Regular Flavoured iced latte - Caramel - 2.75, Regular Speciality Tea - Earl Grey - 1.30, Regular Frappes - Strawberries & Cream - 2.75",12.25,CARD,5977435100423660
03/07/2024 09:05,Longridge,Mary Moon,Large Speciality Tea - Earl Grey - 1.60,1.6,CASH,
03/07/2024 09:06,Longridge,Loretta Mills,"Large Smoothies - Glowing Greens - 2.50, Regular Mocha - 2.30",4.8,CARD,1077973549436249
03/07/2024 09:07,Longridge,Krista Hairston,"Large Speciality Tea - Earl Grey - 1.60, Regular Glass of milk - 0.70, Regular Speciality Tea - Earl Grey - 1.30, Regular Glass of milk - 0.70",4.3,CARD,2848460225528309
03/07/2024 09:08,Longridge,Richard Lam,Large Mocha - 2.70,2.7,CARD,9891846875758799
03/07/2024 09:09,Longridge,Doris Smith,"Regular Smoothies - Glowing Greens - 2.00, Large Smoothies - Glowing Greens - 2.50, Regular Smoothies - Glowing Greens - 2.00",6.5,CARD,7062238229002400
03/07/2024 09:10,Longridge,Teresa Murdock,"Large Frappes - Strawberries & Cream - 3.25, Large Flavoured iced latte - Caramel - 3.25, Large Speciality Tea - Earl Grey - 1.60, Large Glass of milk - 1.10",9.2,CARD,8542082653062309
03/07/2024 09:11,Longridge,Gladys Tuma,"Large Speciality Tea - Earl Grey - 1.60, Regular Flavoured iced latte - Caramel - 2.75",4.35,CASH,
03/07/2024 09:13,Longridge,Linda Aguilar,"Large Frappes - Strawberries & Cream - 3.25, Large Frappes - Strawberries & Cream - 3.25, Regular Glass of milk - 0.70, Large Flavoured iced latte - Caramel - 3.25",10.45,CARD,9568371669149398
03/07/2024 09:14,Longridge,Bernard Smith,"Regular Glass of milk - 0.70, Large Flavoured iced latte - Caramel - 3.25",3.95,CARD,8304463498386575
03/07/2024 09:15,Longridge,Kevin Brady,"Large Speciality Tea - Earl Grey - 1.60, Large Mocha - 2.70, Regular Frappes - Strawberries & Cream - 2.75, Large Frappes - Strawberries & Cream - 3.25",10.3,CARD,7737577204769262
03/07/2024 09:16,Longridge,Paul Brueckman,"Large Flavoured iced latte - Caramel - 3.25, Large Smoothies - Glowing Greens - 2.50",5.75,CARD,5283765364043544
03/07/2024 09:17,Longridge,Jorge Grove,Regular Frappes - Strawberries & Cream - 2.75,2.75,CASH,
03/07/2024 09:18,Longridge,Susan Williams,"Large Flavoured iced latte - Caramel - 3.25, Large Speciality Tea - Earl Grey - 1.60, Regular Frappes - Strawberries & Cream - 2.75, Regular Glass of milk - 0.70, Regular Mocha - 2.30",10.6,CARD,7806172563242333
03/07/2024 09:19,Longridge,Ramona Copas,"Regular Speciality Tea - Earl Grey - 1.30, Large Smoothies - Glowing Greens - 2.50",3.8,CASH,
03/07/2024 09:20,Longridge,Matthew Sisk,"Regular Speciality Tea - Earl Grey - 1.30, Regular Flavoured iced latte - Caramel - 2.75, Large Mocha - 2.70",6.75,CARD,8869161606880426
03/07/2024 09:21,Longridge,Gary Carnahan,"Large Frappes - Strawberries & Cream - 3.25, Regular Mocha - 2.30, Large Smoothies - Glowing Greens - 2.50",8.05,CARD,9638921284064775
03/07/2024 09:22,Longridge,Carl Contreras,Regular Speciality Tea - Earl Grey - 1.30,1.3,CARD,8027492250143132
03/07/2024 09:23,Longridge,Robert Hedge,Regular Speciality Tea - Earl Grey - 1.30,1.3,CASH,
03/07/2024 09:24,Longridge,Tammy Logan,"Regular Glass of milk - 0.70, Regular Smoothies - Glowing Greens - 2.00",2.7,CARD,6844079607260539
03/07/2024 09:26,Longridge,Vincent Bradley,"Large Speciality Tea - Earl Grey - 1.60, Large Flavoured iced latte - Caramel - 3.25",4.85,CASH,
03/07/2024 09:27,Longridge,Christopher Ellison,"Large Mocha - 2.70, Regular Glass of milk - 0.70",3.4,CARD,1407929854959332
03/07/2024 09:28,Longridge,Charles Moore,"Large Glass of milk - 1.10, Regular Frappes - Strawberries & Cream - 2.75",3.85,CARD,2310047647832766
03/07/2024 09:29,Longridge,Jill Martens,"Regular Frappes - Strawberries & Cream - 2.75, Large Frappes - Strawberries & Cream - 3.25",6.0,CARD,3772166133493067
03/07/2024 09:30,Longridge,Maxwell Viner,"Regular Flavoured iced latte - Caramel - 2.75, Large Glass of milk - 1.10, Regular Mocha - 2.30",6.15,CARD,7483889020241569
03/07/2024 09:31,Longridge,Velma Snyder,"Regular Glass of milk - 0.70, Large Mocha - 2.70, Large Frappes - Strawberries & Cream - 3.25",6.65,CASH,
03/07/2024 09:32,Longridge,Manuela Dixon,Regular Speciality Tea - Earl Grey - 1.30,1.3,CASH,
03/07/2024 09:33,Longridge,Linda Frame,"Large Speciality Tea - Earl Grey - 1.60, Regular Smoothies - Glowing Greens - 2.00, Large Glass of milk - 1.10",4.7,CARD,1929602458720516
03/07/2024 09:34,Longridge,Steven Foley,"Regular Frappes - Strawberries & Cream - 2.75, Regular Smoothies - Glowing Greens - 2.00, Regular Frappes - Strawberries & Cream - 2.75, Regular Speciality Tea - Earl Grey - 1.30, Large Speciality Tea - Earl Grey - 1.60",10.4,CASH,
03/07/2024 09:35,Longridge,Claire Harbaugh,Regular Mocha - 2.30,2.3,CARD,8662989031960496
03/07/2024 09:36,Longridge,Martha Taylor,"Large Frappes - Strawberries & Cream - 3.25, Regular Frappes - Strawberries & Cream - 2.75, Large Speciality Tea - Earl Grey - 1.60, Large Smoothies - Glowing Greens - 2.50, Large Flavoured iced latte - Caramel - 3.25, Regular Glass of milk - 0.70",14.05,CASH,
03/07/2024 09:37,Longridge,Kate Dunne,"Large Smoothies - Glowing Greens - 2.50, Regular Speciality Tea - Earl Grey - 1.30, Large Glass of milk - 1.10, Large Mocha - 2.70, Regular Glass of milk - 0.70, Regular Flavoured iced latte - Caramel - 2.75",11.05,CASH,
03/07/2024 09:39,Longridge,Caroline Haber,Large Speciality Tea - Earl Grey - 1.60,1.6,CASH,
03/07/2024 09:40,Longridge,Merle Roberts,"Large Smoothies - Glowing Greens - 2.50, Regular Smoothies - Glowing Greens - 2.00",4.5,CARD,8674392544482027
03/07/2024 09:41,Longridge,Jimmy Patton,"Regular Glass of milk - 0.70, Large Mocha - 2.70",3.4,CARD,9612882619535280
03/07/2024 09:42,Longridge,Herschel Abner,"Regular Flavoured iced latte - Caramel - 2.75, Large Smoothies - Glowing Greens - 2.50, Regular Smoothies - Glowing Greens - 2.00, Large Flavoured iced latte - Caramel - 3.25",10.5,CARD,3032251723404871
03/07/2024 09:43,Longridge,Craig Saults,"Large Smoothies - Glowing Greens - 2.50, Regular Glass of milk - 0.70",3.2,CARD,5772516405254394
03/07/2024 09:44,Longridge,Andrew Colon,"Regular Frappes - Strawberries & Cream - 2.75, Regular Flavoured iced latte - Caramel - 2.75, Large Smoothies - Glowing Greens - 2.50",8.0,CARD,4942770476614273
03/07/2024 09:45,Longridge,George Maloney,Regular Frappes - Strawberries & Cream - 2.75,2.75,CARD,1118040475778225
03/07/2024 09:46,Longridge,Kim Goddard,"Regular Smoothies - Glowing Greens - 2.00, Large Speciality Tea - Earl Grey - 1.60, Large Flavoured iced latte - Caramel - 3.25",6.85,CARD,4402605317966707
03/07/2024 09:47,Longridge,Agnes Partridge,"Regular Speciality Tea - Earl Grey - 1.30, Large Glass of milk - 1.10, Regular Speciality Tea - Earl Grey - 1.30",3.7,CASH,
03/07/2024 09:48,Longridge,Kimberly Robinson,"Regular Frappes - Strawberries & Cream - 2.75, Large Mocha - 2.70, Regular Glass of milk - 0.70, Large Flavoured iced latte - Caramel - 3.25",9.4,CASH,
03/07/2024 09:49,Longridge,Lucinda Barnes,"Regular Flavoured iced latte - Caramel - 2.75, Regular Flavoured iced latte - Caramel - 2.75, Regular Flavoured iced latte - Caramel - 2.75",8.25,CARD,6847899320343963
03/07/2024 09:50,Longridge,Richard Alcantara,"Large Speciality Tea - Earl Grey - 1.60, Large Mocha - 2.70, Large Speciality Tea - Earl Grey - 1.60",5.9,CARD,5236129862888904
03/07/2024 09:52,Longridge,Lawrence Perrien,"Regular Smoothies - Glowing Greens - 2.00, Large Glass of milk - 1.10",3.1,CARD,5773474832577365
03/07/2024 09:53,Longridge,Lisa Ness,"Large Speciality Tea - Earl Grey - 1.60, Large Speciality Tea - Earl Grey - 1.60",3.2,CARD,7578655352462053
03/07/2024 09:54,Longridge,Donald Stone,"Large Mocha - 2.70, Regular Smoothies - Glowing Greens - 2.00, Regular Smoothies - Glowing Greens - 2.00, Large Flavoured iced latte - Caramel - 3.25, Large Flavoured iced latte - Caramel - 3.25, Large Smoothies - Glowing Greens - 2.50",15.7,CARD,4226592697402979
03/07/2024 09:55,Longridge,Aaron Remiszewski,"Regular Flavoured iced latte - Caramel - 2.75, Regular Frappes - Strawberries & Cream - 2.75",5.5,CARD,4026806553091166
03/07/2024 09:56,Longridge,Dorothy Stephens,"Large Mocha - 2.70, Regular Frappes - Strawberries & Cream - 2.75",5.45,CASH,
03/07/2024 09:57,Longridge,Joseph Aguirre,"Regular Smoothies - Glowing Greens - 2.00, Large Frappes - Strawberries & Cream - 3.25, Regular Glass of milk - 0.70, Regular Speciality Tea - Earl Grey - 1.30",7.25,CARD,1126929430832818
03/07/2024 09:58,Longridge,Denise Schneider,"Large Frappes - Strawberries & Cream - 3.25, Regular Smoothies - Glowing Greens - 2.00",5.25,CARD,3575177350602891
03/07/2024 09:59,Longridge,Cheryl Rodriguez,"Regular Smoothies - Glowing Greens - 2.00, Large Glass of milk - 1.10",3.1,CASH,
03/07/2024 10:00,Longridge,Jose Christian,"Regular Glass of milk - 0.70, Regular Flavoured iced latte - Caramel - 2.75, Regular Glass of milk - 0.70",4.15,CARD,4091997859207122
03/07/2024 10:03,Longridge,Edward Koerner,"Regular Smoothies - Glowing Greens - 2.00, Regular Smoothies - Glowing Greens - 2.00",4.0,CARD,8950713569093339
03/07/2024 10:06,Longridge,Bernard Cardenas,"Large Mocha - 2.70, Large Speciality Tea - Earl Grey - 1.60, Regular Frappes - Strawberries & Cream - 2.75, Large Frappes - Strawberries & Cream - 3.25, Large Flavoured iced latte - Caramel - 3.25",13.55,CARD,4255780792125491
03/07/2024 10:10,Longridge,Edward Krans,Large Speciality Tea - Earl Grey - 1.60,1.6,CARD,8148520125370914
03/07/2024 10:13,Longridge,Ramon Mercer,"Regular Mocha - 2.30, Large Flavoured iced latte - Caramel - 3.25, Regular Speciality Tea - Earl Grey - 1.30, Regular Smoothies - Glowing Greens - 2.00, Regular Smoothies - Glowing Greens - 2.00",10.85,CARD,4674039447927139
03/07/2024 10:16,Longridge,Roger Williams,"Regular Speciality Tea - Earl Grey - 1.30, Regular Glass of milk - 0.70, Regular Flavoured iced latte - Caramel - 2.75, Regular Speciality Tea - Earl Grey - 1.30",6.05,CASH,
03/07/2024 10:19,Longridge,Sophie Parsons,"Regular Speciality Tea - Earl Grey - 1.30, Regular Mocha - 2.30, Large Speciality Tea - Earl Grey - 1.60, Large Glass of milk - 1.10",6.3,CARD,4039880787896002
03/07/2024 10:22,Longridge,Vanessa Ellison,Large Smoothies - Glowing Greens - 2.50,2.5,CASH,
03/07/2024 10:25,Longridge,Rudy Pearson,"Regular Frappes - Strawberries & Cream - 2.75, Large Smoothies - Glowing Greens - 2.50",5.25,CASH,
03/07/2024 10:29,Longridge,Elena Glass,"Regular Frappes - Strawberries & Cream - 2.75, Regular Flavoured iced latte - Caramel - 2.75",5.5,CARD,4885353648021778
03/07/2024 10:32,Longridge,Mary Rouse,"Large Speciality Tea - Earl Grey - 1.60, Large Frappes - Strawberries & Cream - 3.25",4.85,CARD,1637944326682673
03/07/2024 10:35,Longridge,Michael Mcneely,"Large Frappes - Strawberries & Cream - 3.25, Large Mocha - 2.70, Regular Frappes - Strawberries & Cream - 2.75, Large Mocha - 2.70, Large Flavoured iced latte - Caramel - 3.25, Large Frappes - Strawberries & Cream - 3.25",17.9,CARD,5260219313646729
03/07/2024 10:38,Longridge,Cristina Dwyer,"Regular Smoothies - Glowing Greens - 2.00, Regular Flavoured iced latte - Caramel - 2.75, Large Smoothies - Glowing Greens - 2.50, Large Glass of milk - 1.10, Regular Flavoured iced latte - Caramel - 2.75",11.1,CARD,5132634887722333
03/07/2024 10:41,Longridge,Lyle Blodgett,"Regular Mocha - 2.30, Regular Smoothies - Glowing Greens - 2.00",4.3,CARD,3136038468516037
03/07/2024 10:44,Longridge,Brenda Mora,"Large Mocha - 2.70, Regular Glass of milk - 0.70, Regular Frappes - Strawberries & Cream - 2.75, Large Flavoured iced latte - Caramel - 3.25",9.4,CARD,5021428435894656
03/07/2024 10:47,Longridge,Matthew Richardson,"Large Speciality Tea - Earl Grey - 1.60, Large Mocha - 2.70, Regular Flavoured iced latte - Caramel - 2.75",7.05,CARD,2186375847042349
03/07/2024 10:51,Longridge,William Rue,"Large Speciality Tea - Earl Grey - 1.60, Large Glass of milk - 1.10",2.7,CARD,4917732754996899
03/07/2024 10:54,Longridge,Brian Alexander,"Large Mocha - 2.70, Large Smoothies - Glowing Greens - 2.50, Large Mocha - 2.70, Large Glass of milk - 1.10, Large Frappes - Strawberries & Cream - 3.25",12.25,CARD,1600171645571942
03/07/2024 10:57,Longridge,Kelly Lynch,"Large Frappes - Strawberries & Cream - 3.25, Regular Flavoured iced latte - Caramel - 2.75, Regular Frappes - Strawberries & Cream - 2.75, Large Smoothies - Glowing Greens - 2.50, Large Smoothies - Glowing Greens - 2.50",13.75,CARD,6635757642276412
03/07/2024 11:00,Longridge,Barbara Anglin,"Regular Flavoured iced latte - Caramel - 2.75, Regular Glass of milk - 0.70, Regular Frappes - Strawberries & Cream - 2.75",6.2,CARD,9778819208705392
03/07/2024 11:08,Longridge,Donald Casey,Regular Smoothies - Glowing Greens - 2.00,2.0,CARD,9801679666024439
03/07/2024 11:15,Longridge,Joshua Hawkins,Large Speciality Tea - Earl Grey - 1.60,1.6,CARD,4340528219014490
03/07/2024 11:23,Longridge,John Williams,Regular Frappes - Strawberries & Cream - 2.75,2.75,CARD,9885050718629900
03/07/2024 11:30,Longridge,Helena Dasilva,"Large Frappes - Strawberries & Cream - 3.25, Large Flavoured iced latte - Caramel - 3.25, Large Frappes - Strawberries & Cream - 3.25",9.75,CARD,1681901353255254
03/07/2024 11:38,Longridge,Judy Ferguson,"Regular Flavoured iced latte - Caramel - 2.75, Regular Smoothies - Glowing Greens - 2.00, Regular Frappes - Strawberries & Cream - 2.75, Large Frappes - Strawberries & Cream - 3.25",10.75,CARD,7753939033067827
03/07/2024 11:45,Longridge,Timothy Daughtery,"Large Mocha - 2.70, Regular Frappes - Strawberries & Cream - 2.75",5.45,CASH,
03/07/2024 11:53,Longridge,Karen Pearson,"Regular Frappes - Strawberries & Cream - 2.75, Regular Flavoured iced latte - Caramel - 2.75, Large Frappes - Strawberries & Cream - 3.25",8.75,CARD,5955139140319926
03/07/2024 12:00,Longridge,Richard Rice,"Regular Glass of milk - 0.70, Regular Speciality Tea - Earl Grey - 1.30, Large Frappes - Strawberries & Cream - 3.25",5.25,CARD,5292286002059751
03/07/2024 12:06,Longridge,Maybell Jones,"Regular Glass of milk - 0.70, Large Speciality Tea - Earl Grey - 1.60, Regular Glass of milk - 0.70, Regular Speciality Tea - Earl Grey - 1.30",4.3,CARD,4932050990348524
03/07/2024 12:12,Longridge,Robert West,"Large Frappes - Strawberries & Cream - 3.25, Regular Glass of milk - 0.70",3.95,CARD,9711805950720197
03/07/2024 12:18,Longridge,Terrence Cross,"Large Mocha - 2.70, Large Flavoured iced latte - Caramel - 3.25",5.95,CARD,9655143809723267
03/07/2024 12:24,Longridge,Logan Ramos,Large Speciality Tea - Earl Grey - 1.60,1.6,CASH,
03/07/2024 12:30,Longridge,Lucia Willemsen,"Regular Frappes - Strawberries & Cream - 2.75, Regular Speciality Tea - Earl Grey - 1.30, Regular Mocha - 2.30",6.35,CARD,3215456186755835
03/07/2024 12:36,Longridge,Hugh Casanova,"Regular Flavoured iced latte - Caramel - 2.75, Regular Frappes - Strawberries & Cream - 2.75",5.5,CASH,
03/07/2024 12:42,Longridge,Berniece Diaz,"Large Smoothies - Glowing Greens - 2.50, Large Glass of milk - 1.10, Large Mocha - 2.70, Large Mocha - 2.70, Regular Smoothies - Glowing Greens - 2.00",11.0,CASH,
03/07/2024 12:48,Longridge,Catherine Norley,"Large Flavoured iced latte - Caramel - 3.25, Regular Speciality Tea - Earl Grey - 1.30",4.55,CARD,9843818659131514
03/07/2024 12:54,Longridge,John Cardenas,"Regular Flavoured iced latte - Caramel - 2.75, Regular Flavoured iced latte - Caramel - 2.75",5.5,CARD,9952139312006662
03/07/2024 13:00,Longridge,Christine Lasalle,"Large Frappes - Strawberries & Cream - 3.25, Large Flavoured iced latte - Caramel - 3.25, Regular Mocha - 2.30",8.8,CARD,1813215675631668
03/07/2024 13:01,Longridge,Justin Janosek,Large Frappes - Strawberries & Cream - 3.25,3.25,CASH,
03/07/2024 13:02,Longridge,Matthew Brown,"Large Frappes - Strawberries & Cream - 3.25, Regular Frappes - Strawberries & Cream - 2.75",6.0,CARD,4061905205366094
03/07/2024 13:03,Longridge,Elizabeth Miller,Regular Speciality Tea - Earl Grey - 1.30,1.3,CARD,3740345710307865
03/07/2024 13:04,Longridge,Kathleen Gallegos,"Large Smoothies - Glowing Greens - 2.50, Regular Speciality Tea - Earl Grey - 1.30, Large Mocha - 2.70",6.5,CARD,9875838390438244
03/07/2024 13:05,Longridge,Barbara Armstrong,"Regular Frappes - Strawberries & Cream - 2.75, Large Frappes - Strawberries & Cream - 3.25, Large Flavoured iced latte - Caramel - 3.25, Regular Frappes - Strawberries & Cream - 2.75",12.0,CARD,3421606381927915
03/07/2024 13:06,Longridge,James Slauson,"Regular Frappes - Strawberries & Cream - 2.75, Regular Speciality Tea - Earl Grey - 1.30",4.05,CARD,4014379005966058
03/07/2024 13:07,Longridge,Tammy Dilks,"Large Smoothies - Glowing Greens - 2.50, Large Glass of milk - 1.10, Large Glass of milk - 1.10, Regular Mocha - 2.30",7.0,CARD,4416926091391430
03/07/2024 13:08,Longridge,Alejandro Murphy,"Large Flavoured iced latte - Caramel - 3.25, Regular Glass of milk - 0.70, Large Mocha - 2.70, Regular Frappes - Strawberries & Cream - 2.75",9.4,CARD,8364279636622579
03/07/2024 13:09,Longridge,Stephen Marsh,"Regular Speciality Tea - Earl Grey - 1.30, Regular Flavoured iced latte - Caramel - 2.75, Large Mocha - 2.70",6.75,CASH,
03/07/2024 13:10,Longridge,Daniel Partida,Regular Flavoured iced latte - Caramel - 2.75,2.75,CARD,4252865422978632
03/07/2024 13:10,Longridge,Frederick Porter,"Large Speciality Tea - Earl Grey - 1.60, Regular Smoothies - Glowing Greens - 2.00, Large Flavoured iced latte - Caramel - 3.25, Regular Smoothies - Glowing Greens - 2.00",8.85,CARD,2078133772841966
03/07/2024 13:11,Longridge,George Torres,"Regular Flavoured iced latte - Caramel - 2.75, Large Flavoured iced latte - Caramel - 3.25, Regular Frappes - Strawberries & Cream - 2.75, Large Frappes - Strawberries & Cream - 3.25, Regular Glass of milk - 0.70",12.7,CASH,
03/07/2024 13:12,Longridge,Barbara Lynch,"Regular Frappes - Strawberries & Cream - 2.75, Large Speciality Tea - Earl Grey - 1.60, Regular Glass of milk - 0.70",5.05,CASH,
03/07/2024 13:13,Longridge,Kimberly Owens,Large Frappes - Strawberries & Cream - 3.25,3.25,CARD,6590432108126032
03/07/2024 13:14,Longridge,Salvador Abrew,"Regular Frappes - Strawberries & Cream - 2.75, Large Flavoured iced latte - Caramel - 3.25, Large Speciality Tea - Earl Grey - 1.60, Regular Speciality Tea - Earl Grey - 1.30",8.9,CASH,
03/07/2024 13:15,Longridge,Steven Stobb,"Large Frappes - Strawberries & Cream - 3.25, Regular Frappes - Strawberries & Cream - 2.75, Regular Flavoured iced latte - Caramel - 2.75, Regular Glass of milk - 0.70, Large Speciality Tea - Earl Grey - 1.60, Large Mocha - 2.70",13.75,CARD,2270536102990496
03/07/2024 13:16,Longridge,Iris Lee,"Large Frappes - Strawberries & Cream - 3.25, Large Flavoured iced latte - Caramel - 3.25, Large Mocha - 2.70, Regular Mocha - 2.30, Regular Frappes - Strawberries & Cream - 2.75",14.25,CARD,5589446319434799
03/07/2024 13:17,Longridge,April Arnett,"Large Glass of milk - 1.10, Regular Mocha - 2.30",3.4,CARD,5316295547261735
03/07/2024 13:18,Longridge,Jana Lynch,"Regular Flavoured iced latte - Caramel - 2.75, Regular Speciality Tea - Earl Grey - 1.30, Regular Smoothies - Glowing Greens - 2.00, Regular Flavoured iced latte - Caramel - 2.75, Large Smoothies - Glowing Greens - 2.50",11.3,CARD,2028552525205027
03/07/2024 13:19,Longridge,John Winston,"Regular Mocha - 2.30, Large Frappes - Strawberries & Cream - 3.25",5.55,CARD,6845147916738926
03/07/2024 13:20,Longridge,Dana Rediger,"Large Smoothies - Glowing Greens - 2.50, Regular Smoothies - Glowing Greens - 2.00, Regular Speciality Tea - Earl Grey - 1.30, Regular Speciality Tea - Earl Grey - 1.30, Regular Smoothies - Glowing Greens - 2.00",9.1,CASH,
03/07/2024 13:21,Longridge,Arturo Kilker,Large Glass of milk - 1.10,1.1,CASH,
03/07/2024 13:22,Longridge,Walter Clark,"Regular Speciality Tea - Earl Grey - 1.30, Large Flavoured iced latte - Caramel - 3.25",4.55,CASH,
03/07/2024 13:23,Longridge,Maria Mcmurray,"Large Speciality Tea - Earl Grey - 1.60, Regular Flavoured iced latte - Caramel - 2.75",4.35,CARD,4656605046700592
03/07/2024 13:24,Longridge,Violet King,"Regular Smoothies - Glowing Greens - 2.00, Regular Speciality Tea - Earl Grey - 1.30, Regular Flavoured iced latte - Caramel - 2.75, Large Mocha - 2.70",8.75,CARD,1185358781331394
03/07/2024 13:25,Longridge,Tricia Alford,Large Flavoured iced latte - Caramel - 3.25,3.25,CASH,
03/07/2024 13:26,Longridge,Harvey Jackson,Regular Flavoured iced latte - Caramel - 2.75,2.75,CARD,7856608703599487
03/07/2024 13:27,Longridge,Elizabeth Sottile,Regular Mocha - 2.30,2.3,CARD,1740171653497821
03/07/2024 13:28,Longridge,Bruce Taranto,"Regular Mocha - 2.30, Regular Speciality Tea - Earl Grey - 1.30",3.6,CARD,5102599589842297
03/07/2024 13:29,Longridge,Gloria Swalley,"Regular Frappes - Strawberries & Cream - 2.75, Regular Glass of milk - 0.70",3.45,CARD,8244611204661586
03/07/2024 13:29,Longridge,Mildred Ferris,"Regular Glass of milk - 0.70, Large Flavoured iced latte - Caramel - 3.25",3.95,CARD,9982482864455383
03/07/2024 13:30,Longridge,Joanne Perry,Regular Speciality Tea - Earl Grey - 1.30,1.3,CARD,2480935943386135
03/07/2024 13:31,Longridge,Genevie Payne,"Regular Smoothies - Glowing Greens - 2.00, Large Frappes - Strawberries & Cream - 3.25",5.25,CARD,3077268898054742
03/07/2024 13:32,Longridge,Teresa Johnson,Regular Mocha - 2.30,2.3,CARD,7678098708510495
03/07/2024 13:33,Longridge,Daniel Nicholas,"Regular Flavoured iced latte - Caramel - 2.75, Large Speciality Tea - Earl Grey - 1.60, Regular Flavoured iced latte - Caramel - 2.75",7.1,CARD,7253412582750611
03/07/2024 13:34,Longridge,Brian Eisenhauer,"Regular Mocha - 2.30, Regular Speciality Tea - Earl Grey - 1.30, Large Mocha - 2.70, Regular Frappes - Strawberries & Cream - 2.75, Large Flavoured iced latte - Caramel - 3.25, Regular Glass of milk - 0.70",13.0,CARD,7551935245318175
03/07/2024 13:35,Longridge,Jamie Anderson,"Regular Speciality Tea - Earl Grey - 1.30, Large Flavoured iced latte - Caramel - 3.25, Large Mocha - 2.70, Large Flavoured iced latte - Caramel - 3.25",10.5,CASH,
03/07/2024 13:36,Longridge,Brandon Zirin,Large Mocha - 2.70,2.7,CARD,2163551019416906
03/07/2024 13:37,Longridge,Daniel Hardcastle,"Large Speciality Tea - Earl Grey - 1.60, Regular Glass of milk - 0.70",2.3,CARD,9573326140051024
03/07/2024 13:38,Longridge,Damon Rogers,"Large Smoothies - Glowing Greens - 2.50, Regular Speciality Tea - Earl Grey - 1.30",3.8,CASH,
03/07/2024 13:39,Longridge,Nicholas Hartman,"Large Mocha - 2.70, Regular Mocha - 2.30, Regular Glass of milk - 0.70, Large Frappes - Strawberries & Cream - 3.25, Large Frappes - Strawberries & Cream - 3.25",12.2,CARD,5710151342409932
03/07/2024 13:40,Longridge,Paul Stachowiak,"Regular Mocha - 2.30, Regular Flavoured iced latte - Caramel - 2.75, Regular Smoothies - Glowing Greens - 2.00, Large Flavoured iced latte - Caramel - 3.25",10.3,CARD,3099911016811999
03/07/2024 13:41,Longridge,James Richards,Regular Mocha - 2.30,2.3,CASH,
03/07/2024 13:42,Longridge,Charlie Sanchez,"Large Mocha - 2.70, Large Mocha - 2.70, Large Flavoured iced latte - Caramel - 3.25, Large Mocha - 2.70, Large Speciality Tea - Earl Grey - 1.60",12.95,CARD,7595313757217096
03/07/2024 13:43,Longridge,Bruce Kiper,Regular Smoothies - Glowing Greens - 2.00,2.0,CARD,3827338873267151
03/07/2024 13:44,Longridge,Nikki Olsen,"Large Flavoured iced latte - Caramel - 3.25, Large Speciality Tea - Earl Grey - 1.60",4.85,CARD,4919763480792582
03/07/2024 13:45,Longridge,Anisha Flower,"Regular Frappes - Strawberries & Cream - 2.75, Regular Smoothies - Glowing Greens - 2.00, Large Mocha - 2.70",7.45,CARD,7861475604774446
03/07/2024 13:46,Longridge,Nathaniel Margo,Regular Speciality Tea - Earl Grey - 1.30,1.3,CARD,7503262806521873
03/07/2024 13:47,Longridge,Harold Gibson,"Regular Glass of milk - 0.70, Regular Speciality Tea - Earl Grey - 1.30, Large Frappes - Strawberries & Cream - 3.25, Large Flavoured iced latte - Caramel - 3.25",8.5,CARD,2242636094991077
03/07/2024 13:48,Longridge,Gabriel Adomaitis,Regular Glass of milk - 0.70,0.7,CARD,6095156561777639
03/07/2024 13:48,Longridge,Jose Boisen,Large Smoothies - Glowing Greens - 2.50,2.5,CARD,8463188366110340
03/07/2024 13:49,Longridge,Gene Estrada,"Large Frappes - Strawberries & Cream - 3.25, Regular Flavoured iced latte - Caramel - 2.75",6.0,CARD,6347994207033274
03/07/2024 13:50,Longridge,Jacob Donlon,Large Mocha - 2.70,2.7,CASH,
03/07/2024 13:51,Longridge,Tracy Beeson,"Regular Frappes - Strawberries & Cream - 2.75, Large Mocha - 2.70, Large Glass of milk - 1.10",6.55,CARD,3162152732393880
03/07/2024 13:52,Longridge,Kevin Thompson,"Regular Frappes - Strawberries & Cream - 2.75, Regular Speciality Tea - Earl Grey - 1.30, Regular Flavoured iced latte - Caramel - 2.75",6.8,CARD,1170507631230060
03/07/2024 13:53,Longridge,Faye Kahn,"Regular Frappes - Strawberries & Cream - 2.75, Regular Mocha - 2.30, Large Frappes - Strawberries & Cream - 3.25",8.3,CARD,2054693617458485
03/07/2024 13:54,Longridge,Harry Everhart,"Large Speciality Tea - Earl Grey - 1.60, Large Mocha - 2.70, Regular Glass of milk - 0.70, Regular Speciality Tea - Earl Grey - 1.30",6.3,CARD,9395560600005320
03/07/2024 13:55,Longridge,Jeffrey Laramore,"Regular Smoothies - Glowing Greens - 2.00, Regular Frappes - Strawberries & Cream - 2.75",4.75,CARD,6167415662428097
03/07/2024 13:56,Longridge,Kenneth Watts,"Large Frappes - Strawberries & Cream - 3.25, Regular Smoothies - Glowing Greens - 2.00, Regular Flavoured iced latte - Caramel - 2.75, Large Smoothies - Glowing Greens - 2.50, Large Speciality Tea - Earl Grey - 1.60, Large Frappes - Strawberries & Cream - 3.25",15.35,CARD,9774002642983926
03/07/2024 13:57,Longridge,Aida Pence,"Large Glass of milk - 1.10, Large Glass of milk - 1.10, Large Mocha - 2.70",4.9,CARD,7092402109556750
03/07/2024 13:58,Longridge,Percy Dawson,"Regular Glass of milk - 0.70, Large Glass of milk - 1.10",1.8,CASH,
03/07/2024 13:59,Longridge,Wayne Roughton,"Regular Flavoured iced latte - Caramel - 2.75, Large Flavoured iced latte - Caramel - 3.25",6.0,CASH,
03/07/2024 14:00,Longridge,Gina Sellers,"Regular Glass of milk - 0.70, Regular Mocha - 2.30, Large Mocha - 2.70",5.7,CARD,1361829069300593
03/07/2024 14:03,Longridge,Judy Vanalstyne,Regular Glass of milk - 0.70,0.7,CASH,
03/07/2024 14:06,Longridge,Jennifer Kressler,Regular Glass of milk - 0.70,0.7,CARD,9103028477585570
03/07/2024 14:09,Longridge,Amy Christopherso,Large Frappes - Strawberries & Cream - 3.25,3.25,CARD,6358020133856681
03/07/2024 14:12,Longridge,Charles Gregory,"Large Speciality Tea - Earl Grey - 1.60, Regular Speciality Tea - Earl Grey - 1.30, Large Smoothies - Glowing Greens - 2.50",5.4,CARD,9809042137779286
03/07/2024 14:16,Longridge,William Sabo,"Large Smoothies - Glowing Greens - 2.50, Regular Frappes - Strawberries & Cream - 2.75, Large Smoothies - Glowing Greens - 2.50",7.75,CASH,
03/07/2024 14:19,Longridge,John Madan,"Regular Flavoured iced latte - Caramel - 2.75, Regular Smoothies - Glowing Greens - 2.00, Large Glass of milk - 1.10",5.85,CASH,
03/07/2024 14:22,Longridge,Donna Drew,"Regular Frappes - Strawberries & Cream - 2.75, Regular Flavoured iced latte - Caramel - 2.75, Regular Mocha - 2.30",7.8,CARD,8687023506647073
03/07/2024 14:25,Longridge,Michael Potter,"Regular Speciality Tea - Earl Grey - 1.30, Regular Glass of milk - 0.70",2.0,CARD,9659890462208068
03/07/2024 14:28,Longridge,Robert Cupit,"Regular Frappes - Strawberries & Cream - 2.75, Large Frappes - Strawberries & Cream - 3.25, Large Flavoured iced latte - Caramel - 3.25",9.25,CASH,
03/07/2024 14:31,Longridge,Scott Burress,"Large Speciality Tea - Earl Grey - 1.60, Large Mocha - 2.70, Large Frappes - Strawberries & Cream - 3.25",7.55,CARD,9620707447874632
03/07/2024 14:35,Longridge,Donald Ostrow,"Large Frappes - Strawberries & Cream - 3.25, Regular Flavoured iced latte - Caramel - 2.75",6.0,CARD,2691151043112210
03/07/2024 14:38,Longridge,Deborah Zafar,"Regular Frappes - Strawberries & Cream - 2.75, Large Frappes - Strawberries & Cream - 3.25, Regular Frappes - Strawberries & Cream - 2.75, Large Glass of milk - 1.10",9.85,CASH,
03/07/2024 14:41,Longridge,Allen Oliver,"Large Speciality Tea - Earl Grey - 1.60, Large Speciality Tea - Earl Grey - 1.60, Regular Glass of milk - 0.70",3.9,CARD,5584494298113620
03/07/2024 14:44,Longridge,Anna Harris,"Large Flavoured iced latte - Caramel - 3.25, Regular Smoothies - Glowing Greens - 2.00, Large Smoothies - Glowing Greens - 2.50",7.75,CARD,6227776264512561
03/07/2024 14:47,Longridge,Audra Epp,Large Glass of milk - 1.10,1.1,CARD,3409910242991078
03/07/2024 14:50,Longridge,Robert Lewis,"Regular Flavoured iced latte - Caramel - 2.75, Large Smoothies - Glowing Greens - 2.50, Large Smoothies - Glowing Greens - 2.50",7.75,CASH,
03/07/2024 14:53,Longridge,Harold Pruitt,Regular Mocha - 2.30,2.3,CASH,
03/07/2024 14:57,Longridge,Nancy Atlas,Regular Glass of milk - 0.70,0.7,CASH,
03/07/2024 15:00,Longridge,Margaret Durham,"Large Glass of milk - 1.10, Regular Frappes - Strawberries & Cream - 2.75, Regular Flavoured iced latte - Caramel - 2.75",6.6,CARD,1960550933876081
03/07/2024 15:01,Longridge,Claire Johnson,Regular Speciality Tea - Earl Grey - 1.30,1.3,CARD,4203804169564165
03/07/2024 15:02,Longridge,June Bergen,"Large Speciality Tea - Earl Grey - 1.60, Regular Mocha - 2.30",3.9,CARD,7515045866397734
03/07/2024 15:03,Longridge,James Williams,"Large Smoothies - Glowing Greens - 2.50, Large Frappes - Strawberries & Cream - 3.25, Large Flavoured iced latte - Caramel - 3.25, Large Frappes - Strawberries & Cream - 3.25, Regular Flavoured iced latte - Caramel - 2.75",15.0,CARD,3054759998073491
03/07/2024 15:04,Longridge,Erin Pasillas,"Large Frappes - Strawberries & Cream - 3.25, Large Flavoured iced latte - Caramel - 3.25",6.5,CASH,
03/07/2024 15:05,Longridge,Victor Towry,"Large Frappes - Strawberries & Cream - 3.25, Large Frappes - Strawberries & Cream - 3.25",6.5,CARD,3893502923444285
03/07/2024 15:06,Longridge,Paul Williamson,"Large Smoothies - Glowing Greens - 2.50, Large Glass of milk - 1.10, Regular Flavoured iced latte - Caramel - 2.75, Large Speciality Tea - Earl Grey - 1.60",7.95,CARD,6116844322806263
03/07/2024 15:07,Longridge,Charles Hynes,"Regular Frappes - Strawberries & Cream - 2.75, Large Smoothies - Glowing Greens - 2.50",5.25,CASH,
03/07/2024 15:08,Longridge,Summer Hodges,"Regular Mocha - 2.30, Large Glass of milk - 1.10, Large Smoothies - Glowing Greens - 2.50, Large Glass of milk - 1.10, Regular Frappes - Strawberries & Cream - 2.75, Large Frappes - Strawberries & Cream - 3.25",13.0,CARD,4132306383221795
03/07/2024 15:09,Longridge,Joann Wessells,"Large Mocha - 2.70, Large Speciality Tea - Earl Grey - 1.60, Large Flavoured iced latte - Caramel - 3.25, Regular Flavoured iced latte - Caramel - 2.75, Large Flavoured iced latte - Caramel - 3.25, Large Smoothies - Glowing Greens - 2.50",16.05,CASH,
03/07/2024 15:10,Longridge,Jennifer Davis,"Large Frappes - Strawberries & Cream - 3.25, Large Mocha - 2.70",5.95,CARD,8821201735330136
03/07/2024 15:11,Longridge,Louise Ceballos,"Large Flavoured iced latte - Caramel - 3.25, Large Glass of milk - 1.10",4.35,CARD,6530832497364536
03/07/2024 15:12,Longridge,Roy Vines,"Regular Speciality Tea - Earl Grey - 1.30, Regular Glass of milk - 0.70, Large Frappes - Strawberries & Cream - 3.25, Large Glass of milk - 1.10, Large Speciality Tea - Earl Grey - 1.60, Large Flavoured iced latte - Caramel - 3.25",11.2,CASH,
03/07/2024 15:13,Longridge,Mildred Staschke,"Regular Glass of milk - 0.70, Regular Frappes - Strawberries & Cream - 2.75, Regular Mocha - 2.30",5.75,CARD,6832160190482652
03/07/2024 15:14,Longridge,Ilene Dunning,Regular Frappes - Strawberries & Cream - 2.75,2.75,CARD,5427958260485051
03/07/2024 15:15,Longridge,Douglas Galinis,Large Speciality Tea - Earl Grey - 1.60,1.6,CARD,2564898354289991
03/07/2024 15:16,Longridge,Stephen Sessions,"Large Mocha - 2.70, Large Glass of milk - 1.10, Regular Speciality Tea - Earl Grey - 1.30",5.1,CARD,3925110431863053
03/07/2024 15:17,Longridge,Frances Perreault,"Regular Mocha - 2.30, Large Glass of milk - 1.10, Regular Flavoured iced latte - Caramel - 2.75",6.15,CARD,2334244831608698
03/07/2024 15:18,Longridge,Floyd Peterson,Large Speciality Tea - Earl Grey - 1.60,1.6,CASH,
03/07/2024 15:19,Longridge,Charles Norman,"Regular Frappes - Strawberries & Cream - 2.75, Regular Flavoured iced latte - Caramel - 2.75, Regular Glass of milk - 0.70, Regular Flavoured iced latte - Caramel - 2.75",8.95,CASH,
03/07/2024 15:20,Longridge,Angela Koch,"Regular Glass of milk - 0.70, Regular Glass of milk - 0.70, Regular Frappes - Strawberries & Cream - 2.75, Regular Frappes - Strawberries & Cream - 2.75, Regular Frappes - Strawberries & Cream - 2.75, Regular Flavoured iced latte - Caramel - 2.75",12.4,CARD,1035537862574520
03/07/2024 15:21,Longridge,Nicholas Tosten,"Large Glass of milk - 1.10, Regular Glass of milk - 0.70, Large Mocha - 2.70, Regular Smoothies - Glowing Greens - 2.00, Large Glass of milk - 1.10, Regular Flavoured iced latte - Caramel - 2.75",10.35,CARD,4472870873184303
03/07/2024 15:22,Longridge,Fanny Dishong,"Large Mocha - 2.70, Regular Speciality Tea - Earl Grey - 1.30, Large Smoothies - Glowing Greens - 2.50, Large Glass of milk - 1.10",7.6,CASH,
03/07/2024 15:23,Longridge,Beth Gaines,Regular Glass of milk - 0.70,0.7,CARD,7419066946910818
03/07/2024 15:25,Longridge,Scott Pacheco,"Large Mocha - 2.70, Regular Smoothies - Glowing Greens - 2.00, Large Frappes - Strawberries & Cream - 3.25, Large Frappes - Strawberries & Cream - 3.25, Large Speciality Tea - Earl Grey - 1.60",12.8,CASH,
03/07/2024 15:26,Longridge,Rachel Webb,"Regular Glass of milk - 0.70, Large Smoothies - Glowing Greens - 2.50, Large Flavoured iced latte - Caramel - 3.25, Regular Smoothies - Glowing Greens - 2.00",8.45,CARD,1321117645222297
03/07/2024 15:27,Longridge,Lloyd Rodriguez,"Regular Frappes - Strawberries & Cream - 2.75, Large Frappes - Strawberries & Cream - 3.25",6.0,CARD,4723948274413360
03/07/2024 15:28,Longridge,Traci Ebel,Regular Flavoured iced latte - Caramel - 2.75,2.75,CARD,1883942168645778
03/07/2024 15:29,Longridge,Wanda Mix,"Large Flavoured iced latte - Caramel - 3.25, Large Flavoured iced latte - Caramel - 3.25, Large Glass of milk - 1.10, Large Glass of milk - 1.10",8.7,CARD,9430528442752098
03/07/2024 15:30,Longridge,Robert Williams,"Regular Frappes - Strawberries & Cream - 2.75, Regular Flavoured iced latte - Caramel - 2.75, Regular Mocha - 2.30, Regular Mocha - 2.30",10.1,CARD,9173230594902952
03/07/2024 15:31,Longridge,Richard Lohrenz,"Large Flavoured iced latte - Caramel - 3.25, Regular Frappes - Strawberries & Cream - 2.75, Regular Frappes - Strawberries & Cream - 2.75",8.75,CASH,
03/07/2024 15:32,Longridge,Dylan Erben,"Large Speciality Tea - Earl Grey - 1.60, Large Frappes - Strawberries & Cream - 3.25, Regular Flavoured iced latte - Caramel - 2.75, Regular Frappes - Strawberries & Cream - 2.75, Regular Frappes - Strawberries & Cream - 2.75",13.1,CARD,1873217924804389
03/07/2024 15:33,Longridge,Robert Wheelis,Regular Frappes - Strawberries & Cream - 2.75,2.75,CARD,4804886873397193
03/07/2024 15:34,Longridge,Michael Mcgwin,"Regular Frappes - Strawberries & Cream - 2.75, Regular Speciality Tea - Earl Grey - 1.30, Regular Speciality Tea - Earl Grey - 1.30, Large Glass of milk - 1.10",6.45,CARD,7095793352353531
03/07/2024 15:35,Longridge,Loyd Granger,"Regular Frappes - Strawberries & Cream - 2.75, Large Smoothies - Glowing Greens - 2.50",5.25,CASH,
03/07/2024 15:36,Longridge,Gretchen Roundtree,"Large Flavoured iced latte - Caramel - 3.25, Large Frappes - Strawberries & Cream - 3.25, Regular Flavoured iced latte - Caramel - 2.75, Regular Frappes - Strawberries & Cream - 2.75",12.0,CARD,7694072705815747
03/07/2024 15:37,Longridge,Jared Negron,"Regular Flavoured iced latte - Caramel - 2.75, Regular Mocha - 2.30",5.05,CASH,
03/07/2024 15:38,Longridge,Melissa Salinas,"Large Smoothies - Glowing Greens - 2.50, Regular Flavoured iced latte - Caramel - 2.75, Large Frappes - Strawberries & Cream - 3.25",8.5,CARD,1911141678164882
03/07/2024 15:39,Longridge,Brian Reyes,Regular Smoothies - Glowing Greens - 2.00,2.0,CARD,6179741186913633
03/07/2024 15:40,Longridge,Marry Voorhies,"Large Glass of milk - 1.10, Regular Mocha - 2.30",3.4,CARD,2771587404013030
03/07/2024 15:41,Longridge,Eleanor Venhorst,Large Speciality Tea - Earl Grey - 1.60,1.6,CARD,4631809960226822
03/07/2024 15:42,Longridge,Brian Smith,"Large Flavoured iced latte - Caramel - 3.25, Regular Flavoured iced latte - Caramel - 2.75, Large Frappes - Strawberries & Cream - 3.25",9.25,CARD,5936440900050393
03/07/2024 15:43,Longridge,Erik Young,"Large Flavoured iced latte - Caramel - 3.25, Large Smoothies - Glowing Greens - 2.50",5.75,CARD,4475408429355553
03/07/2024 15:44,Longridge,Katherine Moran,Large Smoothies - Glowing Greens - 2.50,2.5,CARD,8858005827424428
03/07/2024 15:45,Longridge,Myron Housel,Large Flavoured iced latte - Caramel - 3.25,3.25,CARD,5442607724365723
03/07/2024 15:46,Longridge,Su Hill,"Large Flavoured iced latte - Caramel - 3.25, Regular Frappes - Strawberries & Cream - 2.75, Large Speciality Tea - Earl Grey - 1.60, Regular Frappes - Strawberries & Cream - 2.75",10.35,CARD,4829637984152096
03/07/2024 15:47,Longridge,Lydia Showe,"Large Flavoured iced latte - Caramel - 3.25, Regular Speciality Tea - Earl Grey - 1.30, Regular Mocha - 2.30, Regular Glass of milk - 0.70",7.55,CARD,2623654823974280
03/07/2024 15:48,Longridge,Leslie Williams,"Regular Frappes - Strawberries & Cream - 2.75, Large Frappes - Strawberries & Cream - 3.25, Large Smoothies - Glowing Greens - 2.50, Regular Speciality Tea - Earl Grey - 1.30, Regular Frappes - Strawberries & Cream - 2.75",12.55,CARD,2516176082960648
03/07/2024 15:49,Longridge,Mark Thomas,Regular Frappes - Strawberries & Cream - 2.75,2.75,CASH,
03/07/2024 15:50,Longridge,Rose Arment,"Large Flavoured iced latte - Caramel - 3.25, Regular Frappes - Strawberries & Cream - 2.75, Large Smoothies - Glowing Greens - 2.50",8.5,CASH,
03/07/2024 15:51,Longridge,Sonja Dueno,"Large Flavoured iced latte - Caramel - 3.25, Regular Glass of milk - 0.70, Regular Glass of milk - 0.70, Large Flavoured iced latte - Caramel - 3.25",7.9,CARD,6334759521722915
03/07/2024 15:52,Longridge,Launa Garris,Large Smoothies - Glowing Greens - 2.50,2.5,CASH,
03/07/2024 15:53,Longridge,Elizabeth Mcquistion,"Regular Frappes - Strawberries & Cream - 2.75, Large Flavoured iced latte - Caramel - 3.25, Regular Frappes - Strawberries & Cream - 2.75",8.75,CARD,2070030440499417
03/07/2024 15:54,Longridge,Jesse Stanton,Large Flavoured iced latte - Caramel - 3.25,3.25,CASH,
03/07/2024 15:56,Longridge,Joyce Ballou,Regular Flavoured iced latte - Caramel - 2.75,2.75,CASH,
03/07/2024 15:57,Longridge,Robert Ledford,Large Flavoured iced latte - Caramel - 3.25,3.25,CARD,4386562974335273
03/07/2024 15:58,Longridge,Jessica Feddersen,"Large Glass of milk - 1.10, Regular Glass of milk - 0.70, Regular Flavoured iced latte - Caramel - 2.75",4.55,CARD,9494082415490594
03/07/2024 15:59,Longridge,Maria Corrigan,"Regular Mocha - 2.30, Large Smoothies - Glowing Greens - 2.50, Large Flavoured iced latte - Caramel - 3.25",8.05,CARD,4348614553844351
03/07/2024 16:00,Longridge,Nathaniel Sharpton,Regular Mocha - 2.30,2.3,CARD,4586732221584674
03/07/2024 16:02,Longridge,Debra Goff,Regular Smoothies - Glowing Greens - 2.00,2.0,CARD,9401034788556996
03/07/2024 16:04,Longridge,Eleanor Shepard,"Regular Frappes - Strawberries & Cream - 2.75, Regular Frappes - Strawberries & Cream - 2.75",5.5,CASH,
03/07/2024 16:06,Longridge,Antonio Farmer,Large Speciality Tea - Earl Grey - 1.60,1.6,CARD,2823357814118295
03/07/2024 16:08,Longridge,David Reynolds,"Regular Glass of milk - 0.70, Regular Glass of milk - 0.70, Regular Frappes - Strawberries & Cream - 2.75, Regular Frappes - Strawberries & Cream - 2.75, Large Frappes - Strawberries & Cream - 3.25",10.15,CASH,
03/07/2024 16:10,Longridge,Simona Fujita,"Large Smoothies - Glowing Greens - 2.50, Large Flavoured iced latte - Caramel - 3.25, Large Mocha - 2.70",8.45,CARD,1317961936389739
03/07/2024 16:12,Longridge,Bertha Wendel,"Large Speciality Tea - Earl Grey - 1.60, Large Glass of milk - 1.10",2.7,CARD,7939592359335653
03/07/2024 16:14,Longridge,Eleanor Tousignant,"Large Glass of milk - 1.10, Regular Mocha - 2.30, Large Speciality Tea - Earl Grey - 1.60, Regular Mocha - 2.30, Large Frappes - Strawberries & Cream - 3.25",10.55,CARD,5950767388317545
03/07/2024 16:16,Longridge,Karen Howard,"Regular Flavoured iced latte - Caramel - 2.75, Large Smoothies - Glowing Greens - 2.50, Regular Smoothies - Glowing Greens - 2.00, Large Frappes - Strawberries & Cream - 3.25, Large Flavoured iced latte - Caramel - 3.25",13.75,CARD,2730351450602545
03/07/2024 16:18,Longridge,Ruth Villa,"Regular Speciality Tea - Earl Grey - 1.30, Regular Flavoured iced latte - Caramel - 2.75",4.05,CARD,9312995152733107
03/07/2024 16:20,Longridge,Frank Farwell,"Large Smoothies - Glowing Greens - 2.50, Large Glass of milk - 1.10, Large Smoothies - Glowing Greens - 2.50",6.1,CARD,2092020779914404
03/07/2024 16:22,Longridge,Virginia Mcguire,"Regular Frappes - Strawberries & Cream - 2.75, Regular Frappes - Strawberries & Cream - 2.75, Regular Mocha - 2.30, Large Smoothies - Glowing Greens - 2.50, Large Frappes - Strawberries & Cream - 3.25",13.55,CARD,2011757421702188
03/07/2024 16:24,Longridge,Gail Jordan,"Regular Speciality Tea - Earl Grey - 1.30, Regular Frappes - Strawberries & Cream - 2.75",4.05,CARD,3797143708959465
03/07/2024 16:26,Longridge,Stacy Ramsey,"Regular Mocha - 2.30, Large Speciality Tea - Earl Grey - 1.60, Regular Speciality Tea - Earl Grey - 1.30, Large Glass of milk - 1.10, Regular Smoothies - Glowing Greens - 2.00",8.3,CARD,3434919871575865
03/07/2024 16:28,Longridge,Rosa Walker,"Large Frappes - Strawberries & Cream - 3.25, Large Speciality Tea - Earl Grey - 1.60, Large Speciality Tea - Earl Grey - 1.60, Large Glass of milk - 1.10, Regular Speciality Tea - Earl Grey - 1.30",8.85,CARD,6232043123183240
03/07/2024 16:30,Longridge,Jorge Welch,"Large Speciality Tea - Earl Grey - 1.60, Regular Smoothies - Glowing Greens - 2.00, Regular Frappes - Strawberries & Cream - 2.75, Regular Smoothies - Glowing Greens - 2.00, Large Flavoured iced latte - Caramel - 3.25",11.6,CARD,3298586664594907
03/07/2024 16:32,Longridge,Wallace Dodd,"Regular Smoothies - Glowing Greens - 2.00, Large Frappes - Strawberries & Cream - 3.25, Regular Mocha - 2.30, Large Flavoured iced latte - Caramel - 3.25, Regular Frappes - Strawberries & Cream - 2.75",13.55,CASH,
03/07/2024 16:34,Longridge,Lina Benton,Large Glass of milk - 1.10,1.1,CARD,8570889365505214
03/07/2024 16:36,Longridge,Penelope Crumpton,"Large Frappes - Strawberries & Cream - 3.25, Regular Smoothies - Glowing Greens - 2.00, Large Mocha - 2.70, Large Smoothies - Glowing Greens - 2.50",10.45,CARD,1812682279924580
03/07/2024 16:38,Longridge,Masako Valadez,"Large Glass of milk - 1.10, Regular Glass of milk - 0.70, Regular Glass of milk - 0.70",2.5,CARD,5373664844429000
03/07/2024 16:40,Longridge,Lisa Fleming,"Regular Mocha - 2.30, Regular Smoothies - Glowing Greens - 2.00",4.3,CARD,9382692921888573
03/07/2024 16:42,Longridge,Justin Rivera,"Regular Glass of milk - 0.70, Regular Speciality Tea - Earl Grey - 1.30, Regular Speciality Tea - Earl Grey - 1.30, Regular Smoothies - Glowing Greens - 2.00, Regular Flavoured iced latte - Caramel - 2.75",8.05,CARD,2000051971935341
03/07/2024 16:44,Longridge,Paul Sanders,"Regular Flavoured iced latte - Caramel - 2.75, Regular Frappes - Strawberries & Cream - 2.75, Regular Flavoured iced latte - Caramel - 2.75, Regular Mocha - 2.30",10.55,CARD,3785997037215804
03/07/2024 16:46,Longridge,Leona Schwartz,"Regular Frappes - Strawberries & Cream - 2.75, Regular Frappes - Strawberries & Cream - 2.75",5.5,CARD,9070009282493564
03/07/2024 16:48,Longridge,Jerry Davis,Regular Frappes - Strawberries & Cream - 2.75,2.75,CARD,3293510994589582
03/07/2024 16:50,Longridge,Jennifer Durgan,"Large Speciality Tea - Earl Grey - 1.60, Regular Flavoured iced latte - Caramel - 2.75, Regular Smoothies - Glowing Greens - 2.00, Large Smoothies - Glowing Greens - 2.50",8.85,CASH,
03/07/2024 16:52,Longridge,Tina Sanchez,"Regular Frappes - Strawberries & Cream - 2.75, Regular Flavoured iced latte - Caramel - 2.75",5.5,CARD,8792895589285483
03/07/2024 16:54,Longridge,Nancy Jones,Regular Smoothies - Glowing Greens - 2.00,2.0,CARD,8438441867092224
03/07/2024 16:56,Longridge,Karen Lipford,"Large Glass of milk - 1.10, Large Smoothies - Glowing Greens - 2.50",3.6,CASH,
03/07/2024 16:58,Longridge,Daniel Lewis,"Regular Smoothies - Glowing Greens - 2.00, Large Glass of milk - 1.10, Large Smoothies - Glowing Greens - 2.50",5.6,CARD,1431092930910344
