08/07/2024 09:00,Birmingham,Yvette Butler,"Large Speciality Tea - English breakfast - 1.60, Regular Speciality Tea - English breakfast - 1.30, Large Red Label tea - 1.80, Regular Chai latte - 2.30, Regular Cortado - 2.05, Regular Flavoured hot chocolate - Caramel - 2.60",11.65,CARD,7825609717720779
08/07/2024 09:03,Birmingham,Dolores Johnson,Regular Chai latte - 2.30,2.3,CASH,
08/07/2024 09:06,Birmingham,Marion Kirsch,"Regular Speciality Tea - English breakfast - 1.30, Large Flavoured hot chocolate - Caramel - 2.90, Large Red Label tea - 1.80, Regular Speciality Tea - Camomile - 1.30, Regular Cortado - 2.05",9.35,CARD,8243591736395719
08/07/2024 09:09,Birmingham,Paul Etheredge,"Regular Speciality Tea - English breakfast - 1.30, Regular Speciality Tea - Camomile - 1.30",2.6,CARD,3144464449195947
08/07/2024 09:12,Birmingham,James Sampson,Regular Speciality Tea - English breakfast - 1.30,1.3,CARD,6309521283326156
08/07/2024 09:15,Birmingham,Sue Tumlin,"Large Red Label tea - 1.80, Large Flavoured hot chocolate - Caramel - 2.90, Regular Speciality Tea - Camomile - 1.30, Regular Speciality Tea - Camomile - 1.30",7.3,CARD,3858668720041741
08/07/2024 09:18,Birmingham,Paul Swanberg,"Large Speciality Tea - Camomile - 1.60, Regular Red Label tea - 1.20",2.8,CASH,
08/07/2024 09:22,Birmingham,Gary Bennett,"Large Chai latte - 2.60, Regular Red Label tea - 1.20",3.8,CARD,5948583185580723
08/07/2024 09:25,Birmingham,Patricia Mininger,Regular Speciality Tea - English breakfast - 1.30,1.3,CARD,6291407464541193
08/07/2024 09:28,Birmingham,Leroy Moreno,"Large Chai latte - 2.60, Regular Speciality Tea - English breakfast - 1.30, Large Speciality Tea - English breakfast - 1.60, Regular Flavoured hot chocolate - Caramel - 2.60, Large Red Label tea - 1.80",9.9,CARD,7636076170723185
08/07/2024 09:31,Birmingham,Wanda Winkler,"Large Cortado - 2.35, Large Chai latte - 2.60, Regular Chai latte - 2.30, Regular Cortado - 2.05",9.3,CARD,6305518283696452
08/07/2024 09:34,Birmingham,William Brady,Large Speciality Tea - English breakfast - 1.60,1.6,CARD,3873995780380406
08/07/2024 09:37,Birmingham,Emily Cowdery,Regular Speciality Tea - English breakfast - 1.30,1.3,CASH,
08/07/2024 09:40,Birmingham,Benjamin Kshywonis,Large Cortado - 2.35,2.35,CASH,
08/07/2024 09:44,Birmingham,Thomas Smith,"Regular Flavoured hot chocolate - Caramel - 2.60, Large Speciality Tea - English breakfast - 1.60",4.2,CASH,
08/07/2024 09:47,Birmingham,Mary Smith,"Large Cortado - 2.35, Large Red Label tea - 1.80, Large Cortado - 2.35",6.5,CARD,2966601016192543
08/07/2024 09:50,Birmingham,Miguel Polzin,Regular Flavoured hot chocolate - Caramel - 2.60,2.6,CASH,
08/07/2024 09:53,Birmingham,Mike Whalen,Regular Speciality Tea - Camomile - 1.30,1.3,CARD,2562665755015856
08/07/2024 09:56,Birmingham,Jean Eichenlaub,"Regular Chai latte - 2.30, Large Speciality Tea - Camomile - 1.60",3.9,CARD,9353035723602331
08/07/2024 09:59,Birmingham,James Stubblefield,Large Speciality Tea - Camomile - 1.60,1.6,CASH,
08/07/2024 10:03,Birmingham,John Mitchell,"Large Cortado - 2.35, Large Flavoured hot chocolate - Caramel - 2.90",5.25,CARD,4127975096231117
08/07/2024 10:04,Birmingham,Tammy Hudson,"Regular Chai latte - 2.30, Regular Speciality Tea - English breakfast - 1.30, Regular Flavoured hot chocolate - Caramel - 2.60, Large Cortado - 2.35",8.55,CARD,6132257391697737
08/07/2024 10:06,Birmingham,Laura Perez,"Large Cortado - 2.35, Large Speciality Tea - English breakfast - 1.60, Regular Speciality Tea - English breakfast - 1.30, Large Cortado - 2.35",7.6,CASH,
08/07/2024 10:07,Birmingham,Corey Ipock,"Large Speciality Tea - English breakfast - 1.60, Large Speciality Tea - English breakfast - 1.60, Regular Speciality Tea - English breakfast - 1.30, Large Cortado - 2.35",6.85,CARD,7606832891203945
08/07/2024 10:09,Birmingham,Andrea Salvage,"Large Speciality Tea - English breakfast - 1.60, Large Speciality Tea - English breakfast - 1.60",3.2,CARD,5558753298310583
08/07/2024 10:10,Birmingham,Marilyn Twichell,"Regular Cortado - 2.05, Large Chai latte - 2.60, Large Red Label tea - 1.80",6.45,CASH,
08/07/2024 10:12,Birmingham,Dawn Evans,"Regular Speciality Tea - Camomile - 1.30, Regular Cortado - 2.05, Regular Speciality Tea - Camomile - 1.30",4.65,CARD,9078007921256203
08/07/2024 10:13,Birmingham,Edward Riggins,"Regular Speciality Tea - Camomile - 1.30, Large Chai latte - 2.60, Regular Flavoured hot chocolate - Caramel - 2.60, Large Chai latte - 2.60, Regular Cortado - 2.05",11.15,CARD,4765009427750249
08/07/2024 10:15,Birmingham,Yolanda Woodley,"Large Chai latte - 2.60, Regular Cortado - 2.05, Large Chai latte - 2.60, Large Flavoured hot chocolate - Caramel - 2.90, Regular Cortado - 2.05",12.2,CASH,
08/07/2024 10:16,Birmingham,Russell Kestner,"Regular Chai latte - 2.30, Regular Flavoured hot chocolate - Caramel - 2.60",4.9,CASH,
08/07/2024 10:18,Birmingham,Sharon Kwan,"Large Flavoured hot chocolate - Caramel - 2.90, Regular Cortado - 2.05, Regular Flavoured hot chocolate - Caramel - 2.60",7.55,CARD,3558182814547553
08/07/2024 10:19,Birmingham,Felice Jones,Large Flavoured hot chocolate - Caramel - 2.90,2.9,CASH,
08/07/2024 10:21,Birmingham,Mark Boddie,Large Flavoured hot chocolate - Caramel - 2.90,2.9,CARD,4914993072141033
08/07/2024 10:22,Birmingham,Karina Resto,"Regular Speciality Tea - English breakfast - 1.30, Large Speciality Tea - English breakfast - 1.60, Large Cortado - 2.35, Regular Speciality Tea - English breakfast - 1.30",6.55,CARD,2997565724241931
08/07/2024 10:24,Birmingham,Regina Acosta,"Large Cortado - 2.35, Regular Chai latte - 2.30",4.65,CARD,7673287563880416
08/07/2024 10:26,Birmingham,Christopher Das,"Regular Chai latte - 2.30, Regular Red Label tea - 1.20, Large Speciality Tea - English breakfast - 1.60, Large Speciality Tea - English breakfast - 1.60, Large Cortado - 2.35",9.05,CARD,3445895651060527
08/07/2024 10:27,Birmingham,Keith Garza,Large Cortado - 2.35,2.35,CARD,7245332686190958
08/07/2024 10:29,Birmingham,Jacob Lynn,Regular Red Label tea - 1.20,1.2,CARD,3155073021770838
08/07/2024 10:30,Birmingham,Ada Mosley,"Large Speciality Tea - Camomile - 1.60, Large Red Label tea - 1.80, Large Cortado - 2.35, Large Cortado - 2.35, Large Flavoured hot chocolate - Caramel - 2.90, Regular Speciality Tea - English breakfast - 1.30",12.3,CARD,3645351427394381
08/07/2024 10:32,Birmingham,Nancy Eaddy,"Regular Cortado - 2.05, Regular Flavoured hot chocolate - Caramel - 2.60",4.65,CASH,
08/07/2024 10:33,Birmingham,Constance Galvez,"Regular Red Label tea - 1.20, Large Chai latte - 2.60",3.8,CARD,1173957338211531
08/07/2024 10:35,Birmingham,Maria Bell,Large Speciality Tea - Camomile - 1.60,1.6,CARD,1193995435731995
08/07/2024 10:36,Birmingham,Thomas Gentile,Regular Chai latte - 2.30,2.3,CARD,1620002262212373
08/07/2024 10:38,Birmingham,Frances Pacheco,"Large Speciality Tea - Camomile - 1.60, Regular Chai latte - 2.30",3.9,CASH,
08/07/2024 10:39,Birmingham,Francisco Moreland,Large Chai latte - 2.60,2.6,CARD,1669479050782834
08/07/2024 10:41,Birmingham,Jennine Boyd,"Regular Flavoured hot chocolate - Caramel - 2.60, Regular Cortado - 2.05",4.65,CARD,2690562935889316
08/07/2024 10:42,Birmingham,Ernest Lindstrom,Regular Speciality Tea - Camomile - 1.30,1.3,CASH,
08/07/2024 10:44,Birmingham,Casey Busse,"Regular Speciality Tea - English breakfast - 1.30, Large Speciality Tea - Camomile - 1.60",2.9,CASH,
08/07/2024 10:45,Birmingham,Loretta Roberts,Regular Chai latte - 2.30,2.3,CARD,3290829463681811
08/07/2024 10:47,Birmingham,Marylin Garcia,"Large Chai latte - 2.60, Large Chai latte - 2.60",5.2,CARD,1445679413465136
08/07/2024 10:49,Birmingham,Jerri Hundley,"Large Speciality Tea - English breakfast - 1.60, Large Speciality Tea - Camomile - 1.60",3.2,CARD,2791777923983488
08/07/2024 10:50,Birmingham,Sharon Hendrix,Large Chai latte - 2.60,2.6,CARD,7079256707791374
08/07/2024 10:52,Birmingham,Joseph Bullock,"Large Chai latte - 2.60, Regular Red Label tea - 1.20, Regular Red Label tea - 1.20, Regular Speciality Tea - Camomile - 1.30",6.3,CASH,
08/07/2024 10:53,Birmingham,Eli Murray,"Large Cortado - 2.35, Regular Chai latte - 2.30, Regular Cortado - 2.05, Regular Speciality Tea - English breakfast - 1.30",8.0,CARD,6458975162676258
08/07/2024 10:55,Birmingham,David Voigt,"Large Speciality Tea - Camomile - 1.60, Regular Red Label tea - 1.20, Large Flavoured hot chocolate - Caramel - 2.90",5.7,CARD,3327074934230099
08/07/2024 10:56,Birmingham,Roland Smith,Regular Chai latte - 2.30,2.3,CARD,1033755599613133
08/07/2024 10:58,Birmingham,Edward Mcclaskey,"Large Red Label tea - 1.80, Regular Cortado - 2.05",3.85,CARD,2665619863150623
08/07/2024 10:59,Birmingham,Annie Housh,"Large Flavoured hot chocolate - Caramel - 2.90, Regular Red Label tea - 1.20, Regular Speciality Tea - Camomile - 1.30",5.4,CASH,
08/07/2024 11:01,Birmingham,Sandra Maki,Large Speciality Tea - Camomile - 1.60,1.6,CASH,
08/07/2024 11:16,Birmingham,Heather Barnes,"Regular Speciality Tea - English breakfast - 1.30, Regular Flavoured hot chocolate - Caramel - 2.60",3.9,CARD,8695595230001721
08/07/2024 11:31,Birmingham,Tiffany Thomas,Large Flavoured hot chocolate - Caramel - 2.90,2.9,CARD,5170132248228357
08/07/2024 11:46,Birmingham,Jeffrey Eagan,Large Speciality Tea - Camomile - 1.60,1.6,CARD,4994935655041543
08/07/2024 12:01,Birmingham,Curtis Burns,"Large Speciality Tea - English breakfast - 1.60, Regular Speciality Tea - English breakfast - 1.30, Large Chai latte - 2.60, Regular Flavoured hot chocolate - Caramel - 2.60",8.1,CARD,6318162755496169
08/07/2024 12:04,Birmingham,Minnie Smith,"Regular Flavoured hot chocolate - Caramel - 2.60, Regular Red Label tea - 1.20, Large Speciality Tea - Camomile - 1.60, Large Red Label tea - 1.80",7.2,CARD,8407404669254789
08/07/2024 12:06,Birmingham,Jeanette Steinborn,"Large Red Label tea - 1.80, Large Red Label tea - 1.80, Regular Speciality Tea - English breakfast - 1.30",4.9,CASH,
08/07/2024 12:09,Birmingham,Jason Bragdon,"Large Red Label tea - 1.80, Regular Red Label tea - 1.20",3.0,CARD,7086106376126982
08/07/2024 12:12,Birmingham,Tiffany Wagoner,"Large Flavoured hot chocolate - Caramel - 2.90, Large Cortado - 2.35",5.25,CARD,4747244804639620
08/07/2024 12:15,Birmingham,Norma Skillings,"Large Chai latte - 2.60, Large Speciality Tea - Camomile - 1.60, Regular Red Label tea - 1.20",5.4,CASH,
08/07/2024 12:18,Birmingham,Ralph Harris,"Large Chai latte - 2.60, Regular Chai latte - 2.30, Large Cortado - 2.35, Regular Cortado - 2.05",9.3,CARD,8556745095151836
08/07/2024 12:21,Birmingham,Wanda Thornhill,"Regular Speciality Tea - English breakfast - 1.30, Regular Red Label tea - 1.20",2.5,CARD,6052889112343611
08/07/2024 12:24,Birmingham,Susan Ellis,"Regular Speciality Tea - Camomile - 1.30, Large Speciality Tea - Camomile - 1.60, Large Chai latte - 2.60",5.5,CARD,7224834875866363
08/07/2024 12:26,Birmingham,Jenny Devine,"Regular Speciality Tea - Camomile - 1.30, Regular Red Label tea - 1.20",2.5,CARD,7486345951996080
08/07/2024 12:29,Birmingham,Eric Davis,"Large Speciality Tea - Camomile - 1.60, Large Cortado - 2.35",3.95,CARD,8263800217848946
08/07/2024 12:32,Birmingham,Glen Jackson,Large Cortado - 2.35,2.35,CARD,3536072847592003
08/07/2024 12:35,Birmingham,George Gaither,"Large Cortado - 2.35, Large Cortado - 2.35, Large Speciality Tea - Camomile - 1.60",6.3,CARD,2594983444742739
08/07/2024 12:38,Birmingham,Major Foster,"Large Chai latte - 2.60, Regular Cortado - 2.05",4.65,CARD,6530957551953559
08/07/2024 12:41,Birmingham,Dorothy Borkowski,"Regular Speciality Tea - English breakfast - 1.30, Large Speciality Tea - Camomile - 1.60",2.9,CASH,
08/07/2024 12:44,Birmingham,Caleb Veno,"Regular Cortado - 2.05, Large Cortado - 2.35, Large Flavoured hot chocolate - Caramel - 2.90, Regular Flavoured hot chocolate - Caramel - 2.60",9.9,CASH,
08/07/2024 12:46,Birmingham,William Willard,"Regular Red Label tea - 1.20, Large Red Label tea - 1.80, Large Speciality Tea - Camomile - 1.60, Regular Cortado - 2.05",6.65,CARD,5208643651270933
08/07/2024 12:49,Birmingham,Jane Whitley,"Large Red Label tea - 1.80, Large Speciality Tea - English breakfast - 1.60, Regular Flavoured hot chocolate - Caramel - 2.60",6.0,CARD,9917741423383119
08/07/2024 12:52,Birmingham,Jerry Martin,"Large Speciality Tea - English breakfast - 1.60, Large Flavoured hot chocolate - Caramel - 2.90",4.5,CARD,8047322452802747
08/07/2024 12:55,Birmingham,Bernard Hines,Large Flavoured hot chocolate - Caramel - 2.90,2.9,CARD,1388448196123309
08/07/2024 12:58,Birmingham,James Gattison,"Large Speciality Tea - Camomile - 1.60, Regular Speciality Tea - English breakfast - 1.30",2.9,CASH,
08/07/2024 13:01,Birmingham,Cynthia Stacy,Large Flavoured hot chocolate - Caramel - 2.90,2.9,CARD,8150951555419561
08/07/2024 13:02,Birmingham,Martha Shoop,"Large Flavoured hot chocolate - Caramel - 2.90, Regular Cortado - 2.05",4.95,CASH,
08/07/2024 13:03,Birmingham,Linda Hernandez,Large Speciality Tea - Camomile - 1.60,1.6,CARD,9364251049791935
08/07/2024 13:04,Birmingham,Cynthia Murphy,"Regular Speciality Tea - English breakfast - 1.30, Regular Chai latte - 2.30",3.6,CASH,
08/07/2024 13:05,Birmingham,Anthony Alexander,"Large Red Label tea - 1.80, Regular Speciality Tea - English breakfast - 1.30, Large Speciality Tea - Camomile - 1.60, Regular Cortado - 2.05",6.75,CARD,6788809767968173
08/07/2024 13:06,Birmingham,Mike Saunders,"Regular Speciality Tea - English breakfast - 1.30, Regular Flavoured hot chocolate - Caramel - 2.60, Large Speciality Tea - Camomile - 1.60",5.5,CARD,4796801067976135
08/07/2024 13:07,Birmingham,Clarinda Henry,Large Speciality Tea - English breakfast - 1.60,1.6,CARD,4175102319498433
08/07/2024 13:08,Birmingham,Brian Burd,Large Red Label tea - 1.80,1.8,CASH,
08/07/2024 13:09,Birmingham,Lindsey Eagle,"Large Flavoured hot chocolate - Caramel - 2.90, Large Speciality Tea - Camomile - 1.60, Large Cortado - 2.35, Large Chai latte - 2.60, Regular Chai latte - 2.30",11.75,CARD,4336787111417698
08/07/2024 13:11,Birmingham,Scott Brown,"Large Cortado - 2.35, Regular Flavoured hot chocolate - Caramel - 2.60",4.95,CARD,9551224849073958
08/07/2024 13:12,Birmingham,Cheryl Goodermote,"Large Speciality Tea - English breakfast - 1.60, Large Speciality Tea - English breakfast - 1.60",3.2,CARD,6665406409872758
08/07/2024 13:13,Birmingham,Alan Holmes,"Regular Speciality Tea - English breakfast - 1.30, Regular Speciality Tea - English breakfast - 1.30, Regular Chai latte - 2.30",4.9,CARD,3553507021968566
08/07/2024 13:14,Birmingham,Marshall Powers,"Large Chai latte - 2.60, Regular Speciality Tea - Camomile - 1.30",3.9,CARD,6190276856541160
08/07/2024 13:15,Birmingham,Michelle Dennis,"Large Speciality Tea - English breakfast - 1.60, Large Speciality Tea - Camomile - 1.60",3.2,CASH,
08/07/2024 13:16,Birmingham,James Sampson,"Large Speciality Tea - Camomile - 1.60, Regular Flavoured hot chocolate - Caramel - 2.60, Large Cortado - 2.35, Large Speciality Tea - Camomile - 1.60",8.15,CARD,9006850424424695
08/07/2024 13:17,Birmingham,Steven Mcleod,"Large Chai latte - 2.60, Regular Speciality Tea - English breakfast - 1.30, Regular Flavoured hot chocolate - Caramel - 2.60, Large Speciality Tea - Camomile - 1.60",8.1,CARD,3162767139602628
08/07/2024 13:18,Birmingham,George Zietlow,Large Chai latte - 2.60,2.6,CASH,
08/07/2024 13:19,Birmingham,Wilma Major,Regular Chai latte - 2.30,2.3,CASH,
08/07/2024 13:20,Birmingham,Lillian Henderson,"Regular Red Label tea - 1.20, Regular Speciality Tea - Camomile - 1.30",2.5,CASH,
08/07/2024 13:22,Birmingham,Cedric Fitzgerald,"Large Chai latte - 2.60, Large Red Label tea - 1.80, Large Chai latte - 2.60, Large Red Label tea - 1.80, Large Chai latte - 2.60",11.4,CARD,6711457974288588
08/07/2024 13:23,Birmingham,Sue Ervin,"Regular Speciality Tea - Camomile - 1.30, Large Flavoured hot chocolate - Caramel - 2.90",4.2,CARD,4591793684214208
08/07/2024 13:24,Birmingham,David Clark,Large Flavoured hot chocolate - Caramel - 2.90,2.9,CARD,4481829998958393
08/07/2024 13:25,Birmingham,Stephanie Mountain,"Regular Chai latte - 2.30, Large Speciality Tea - Camomile - 1.60",3.9,CARD,1998231725559190
08/07/2024 13:26,Birmingham,Mario Mandeville,"Regular Cortado - 2.05, Large Red Label tea - 1.80",3.85,CARD,1910749934896853
08/07/2024 13:27,Birmingham,Robert Huggard,Large Chai latte - 2.60,2.6,CARD,7699261038950331
08/07/2024 13:28,Birmingham,Francis Fearn,"Large Flavoured hot chocolate - Caramel - 2.90, Large Cortado - 2.35, Regular Flavoured hot chocolate - Caramel - 2.60, Large Red Label tea - 1.80, Regular Speciality Tea - English breakfast - 1.30",10.95,CARD,4628935168010496
08/07/2024 13:29,Birmingham,Tasha Forbes,Large Flavoured hot chocolate - Caramel - 2.90,2.9,CARD,2817837569472061
08/07/2024 13:30,Birmingham,Andrea Ching,"Large Red Label tea - 1.80, Regular Speciality Tea - English breakfast - 1.30, Regular Red Label tea - 1.20, Large Red Label tea - 1.80, Large Speciality Tea - Camomile - 1.60",7.7,CARD,6338369682347605
08/07/2024 13:31,Birmingham,Elijah Waltz,"Regular Chai latte - 2.30, Regular Cortado - 2.05",4.35,CARD,5301883415491933
08/07/2024 13:33,Birmingham,Robert Phelan,"Large Chai latte - 2.60, Large Speciality Tea - English breakfast - 1.60",4.2,CARD,7679187102500056
08/07/2024 13:34,Birmingham,James Grimm,Large Speciality Tea - English breakfast - 1.60,1.6,CASH,
08/07/2024 13:35,Birmingham,George Peeler,Large Cortado - 2.35,2.35,CARD,5693171816176464
08/07/2024 13:36,Birmingham,Zachary Winston,"Regular Chai latte - 2.30, Large Speciality Tea - English breakfast - 1.60, Regular Red Label tea - 1.20, Large Speciality Tea - English breakfast - 1.60, Regular Cortado - 2.05, Large Flavoured hot chocolate - Caramel - 2.90",11.65,CASH,
08/07/2024 13:37,Birmingham,Lori Clement,Regular Speciality Tea - English breakfast - 1.30,1.3,CARD,3381853109294979
08/07/2024 13:38,Birmingham,Stacie Vida,"Regular Flavoured hot chocolate - Caramel - 2.60, Regular Speciality Tea - English breakfast - 1.30",3.9,CARD,2178354852037089
08/07/2024 13:39,Birmingham,Josephine Childress,"Regular Speciality Tea - Camomile - 1.30, Regular Chai latte - 2.30, Large Red Label tea - 1.80, Regular Speciality Tea - English breakfast - 1.30, Large Flavoured hot chocolate - Caramel - 2.90",9.6,CARD,4110578515577790
08/07/2024 13:40,Birmingham,Dawn Leblanc,"Regular Speciality Tea - English breakfast - 1.30, Regular Cortado - 2.05, Regular Chai latte - 2.30",5.65,CASH,
08/07/2024 13:41,Birmingham,Timmy Davis,"Regular Speciality Tea - English breakfast - 1.30, Regular Cortado - 2.05, Regular Red Label tea - 1.20",4.55,CARD,1725029808397250
08/07/2024 13:42,Birmingham,James Oldham,Regular Cortado - 2.05,2.05,CARD,1982149673664596
08/07/2024 13:44,Birmingham,Lien Biermann,Regular Speciality Tea - English breakfast - 1.30,1.3,CARD,5212921239441349
08/07/2024 13:45,Birmingham,Denis King,"Regular Speciality Tea - English breakfast - 1.30, Large Flavoured hot chocolate - Caramel - 2.90, Regular Cortado - 2.05, Large Speciality Tea - English breakfast - 1.60",7.85,CARD,5740281337584617
08/07/2024 13:46,Birmingham,Xavier Spencer,"Large Speciality Tea - English breakfast - 1.60, Regular Speciality Tea - English breakfast - 1.30, Large Cortado - 2.35, Large Red Label tea - 1.80",7.05,CARD,5031605220955270
08/07/2024 13:47,Birmingham,Cecil Michels,"Large Speciality Tea - English breakfast - 1.60, Large Speciality Tea - Camomile - 1.60, Regular Cortado - 2.05",5.25,CARD,6874028877109159
08/07/2024 13:48,Birmingham,Marianne Edemann,Regular Speciality Tea - English breakfast - 1.30,1.3,CASH,
08/07/2024 13:49,Birmingham,John Fujii,"Large Red Label tea - 1.80, Regular Speciality Tea - Camomile - 1.30, Large Chai latte - 2.60, Large Speciality Tea - English breakfast - 1.60",7.3,CARD,1572942392349705
08/07/2024 13:50,Birmingham,Zack Barajas,"Regular Cortado - 2.05, Large Speciality Tea - Camomile - 1.60, Regular Cortado - 2.05, Regular Cortado - 2.05, Regular Flavoured hot chocolate - Caramel - 2.60, Regular Chai latte - 2.30",12.65,CARD,1373073489679780
08/07/2024 13:51,Birmingham,Evelyn Wills,"Regular Chai latte - 2.30, Large Speciality Tea - English breakfast - 1.60",3.9,CARD,9235707625627371
08/07/2024 13:52,Birmingham,Christopher Burleson,"Regular Flavoured hot chocolate - Caramel - 2.60, Large Red Label tea - 1.80, Regular Speciality Tea - Camomile - 1.30",5.7,CARD,7764296921122504
08/07/2024 13:53,Birmingham,Keith Frost,"Regular Cortado - 2.05, Regular Red Label tea - 1.20, Regular Speciality Tea - Camomile - 1.30, Regular Red Label tea - 1.20",5.75,CASH,
08/07/2024 13:55,Birmingham,Donald Southwell,"Large Red Label tea - 1.80, Large Red Label tea - 1.80, Large Flavoured hot chocolate - Caramel - 2.90",6.5,CARD,8716116608681273
08/07/2024 13:56,Birmingham,Gilbert Bernal,"Large Red Label tea - 1.80, Regular Speciality Tea - English breakfast - 1.30, Regular Speciality Tea - Camomile - 1.30, Regular Cortado - 2.05",6.45,CASH,
08/07/2024 13:57,Birmingham,Yvonne Call,Regular Cortado - 2.05,2.05,CARD,8618320621015169
08/07/2024 13:58,Birmingham,Matthew Turco,Large Speciality Tea - Camomile - 1.60,1.6,CARD,2128479158080079
08/07/2024 13:59,Birmingham,Alison Benson,"Regular Chai latte - 2.30, Large Chai latte - 2.60, Regular Flavoured hot chocolate - Caramel - 2.60, Regular Cortado - 2.05",9.55,CARD,3820055565404931
08/07/2024 14:00,Birmingham,Diana Mcpherson,Regular Cortado - 2.05,2.05,CARD,7686390824618240
08/07/2024 14:01,Birmingham,Dorothy Reevers,"Large Cortado - 2.35, Large Chai latte - 2.60, Large Speciality Tea - English breakfast - 1.60",6.55,CARD,3417555010500173
08/07/2024 14:02,Birmingham,Helen Arnette,"Large Cortado - 2.35, Regular Red Label tea - 1.20, Regular Chai latte - 2.30, Large Red Label tea - 1.80, Large Red Label tea - 1.80",9.45,CARD,9510324307484689
08/07/2024 14:03,Birmingham,Marilyn Timms,"Regular Flavoured hot chocolate - Caramel - 2.60, Regular Speciality Tea - English breakfast - 1.30, Regular Flavoured hot chocolate - Caramel - 2.60, Regular Speciality Tea - Camomile - 1.30, Regular Red Label tea - 1.20",9.0,CARD,4887380125615016
08/07/2024 14:05,Birmingham,Steven Lopez,"Large Speciality Tea - Camomile - 1.60, Large Chai latte - 2.60",4.2,CARD,4729213513513243
08/07/2024 14:06,Birmingham,Bertie Kelly,Regular Flavoured hot chocolate - Caramel - 2.60,2.6,CARD,7392543384690834
08/07/2024 14:07,Birmingham,Cuc Petty,Large Speciality Tea - Camomile - 1.60,1.6,CARD,8728529670369123
08/07/2024 14:08,Birmingham,Amy Engel,"Large Speciality Tea - English breakfast - 1.60, Large Speciality Tea - Camomile - 1.60, Regular Flavoured hot chocolate - Caramel - 2.60",5.8,CARD,4626658014900591
08/07/2024 14:09,Birmingham,Charles Crowson,"Regular Speciality Tea - Camomile - 1.30, Large Chai latte - 2.60",3.9,CASH,
08/07/2024 14:10,Birmingham,Robert Humes,Large Speciality Tea - Camomile - 1.60,1.6,CARD,5978647477911567
08/07/2024 14:12,Birmingham,Richard Rondeau,"Regular Speciality Tea - Camomile - 1.30, Large Flavoured hot chocolate - Caramel - 2.90, Large Cortado - 2.35",6.55,CARD,8091971017321381
08/07/2024 14:13,Birmingham,Peggy Cruz,"Regular Chai latte - 2.30, Large Speciality Tea - Camomile - 1.60, Regular Chai latte - 2.30",6.2,CARD,1336937160094167
08/07/2024 14:14,Birmingham,James Ceron,"Large Speciality Tea - Camomile - 1.60, Regular Speciality Tea - English breakfast - 1.30, Regular Flavoured hot chocolate - Caramel - 2.60, Regular Speciality Tea - English breakfast - 1.30, Large Speciality Tea - Camomile - 1.60, Large Speciality Tea - Camomile - 1.60",10.0,CARD,6407444890834715
08/07/2024 14:15,Birmingham,Phillip Gobel,Large Speciality Tea - Camomile - 1.60,1.6,CARD,7709631677581457
08/07/2024 14:16,Birmingham,Shane Black,Large Flavoured hot chocolate - Caramel - 2.90,2.9,CARD,4884829462692475
08/07/2024 14:17,Birmingham,Walter Jarrett,"Large Red Label tea - 1.80, Regular Speciality Tea - Camomile - 1.30",3.1,CARD,3765549314210259
08/07/2024 14:18,Birmingham,Geraldine Barrett,"Regular Flavoured hot chocolate - Caramel - 2.60, Large Speciality Tea - English breakfast - 1.60",4.2,CASH,
08/07/2024 14:20,Birmingham,Eleanor Courtney,"Large Cortado - 2.35, Regular Speciality Tea - English breakfast - 1.30, Large Flavoured hot chocolate - Caramel - 2.90, Large Speciality Tea - Camomile - 1.60",8.15,CARD,1444726441367190
08/07/2024 14:21,Birmingham,Gloria George,Regular Chai latte - 2.30,2.3,CARD,1584917876774295
08/07/2024 14:22,Birmingham,Winifred Byrd,"Large Chai latte - 2.60, Large Chai latte - 2.60, Large Chai latte - 2.60, Regular Speciality Tea - English breakfast - 1.30",9.1,CARD,1819088804438004
08/07/2024 14:23,Birmingham,Sierra Moore,"Large Speciality Tea - English breakfast - 1.60, Regular Red Label tea - 1.20",2.8,CASH,
08/07/2024 14:24,Birmingham,Erin Gumbs,Regular Speciality Tea - Camomile - 1.30,1.3,CASH,
08/07/2024 14:25,Birmingham,Christopher Tucker,Large Speciality Tea - Camomile - 1.60,1.6,CASH,
08/07/2024 14:26,Birmingham,Jovita Ball,Regular Red Label tea - 1.20,1.2,CASH,
08/07/2024 14:28,Birmingham,Helen Naquin,"Large Chai latte - 2.60, Large Chai latte - 2.60, Large Flavoured hot chocolate - Caramel - 2.90",8.1,CASH,
08/07/2024 14:29,Birmingham,Roberta Hill,"Regular Chai latte - 2.30, Regular Chai latte - 2.30",4.6,CASH,
08/07/2024 14:30,Birmingham,Joshua Henry,"Large Chai latte - 2.60, Regular Speciality Tea - English breakfast - 1.30, Large Red Label tea - 1.80, Large Speciality Tea - English breakfast - 1.60, Large Red Label tea - 1.80",9.1,CARD,1710029745700427
08/07/2024 14:31,Birmingham,Denise Sherman,"Regular Speciality Tea - Camomile - 1.30, Large Cortado - 2.35, Regular Flavoured hot chocolate - Caramel - 2.60",6.25,CARD,4502034691026973
08/07/2024 14:32,Birmingham,Ben Yarbrough,"Large Cortado - 2.35, Regular Chai latte - 2.30",4.65,CASH,
08/07/2024 14:33,Birmingham,Tara Keene,"Large Chai latte - 2.60, Regular Speciality Tea - English breakfast - 1.30",3.9,CARD,9574369333730852
08/07/2024 14:35,Birmingham,Maxima Rhea,"Regular Speciality Tea - Camomile - 1.30, Regular Red Label tea - 1.20, Large Speciality Tea - Camomile - 1.60",4.1,CARD,3793325543570778
08/07/2024 14:36,Birmingham,Elizabeth Gaston,Regular Speciality Tea - Camomile - 1.30,1.3,CARD,4462696064309021
08/07/2024 14:37,Birmingham,Bonnie Neumeister,"Large Speciality Tea - English breakfast - 1.60, Large Cortado - 2.35",3.95,CARD,9298761482067284
08/07/2024 14:38,Birmingham,James Mathis,Regular Flavoured hot chocolate - Caramel - 2.60,2.6,CARD,9951129247487605
08/07/2024 14:39,Birmingham,Cathy Hahn,"Large Speciality Tea - English breakfast - 1.60, Large Chai latte - 2.60, Regular Red Label tea - 1.20, Regular Flavoured hot chocolate - Caramel - 2.60",8.0,CASH,
08/07/2024 14:40,Birmingham,Sandra Russell,Large Flavoured hot chocolate - Caramel - 2.90,2.9,CARD,1898872852424686
08/07/2024 14:41,Birmingham,Laura Starling,"Large Chai latte - 2.60, Regular Red Label tea - 1.20, Large Chai latte - 2.60",6.4,CARD,3908473318896987
08/07/2024 14:43,Birmingham,Ollie Clawson,Regular Speciality Tea - Camomile - 1.30,1.3,CARD,7491033054727120
08/07/2024 14:44,Birmingham,Stephanie Mainolfi,"Regular Speciality Tea - Camomile - 1.30, Large Chai latte - 2.60, Large Speciality Tea - English breakfast - 1.60, Regular Speciality Tea - Camomile - 1.30",6.8,CARD,3372820707375397
08/07/2024 14:45,Birmingham,Jason Hancher,Large Chai latte - 2.60,2.6,CARD,5132354522226813
08/07/2024 14:46,Birmingham,Christina Vela,Large Chai latte - 2.60,2.6,CARD,8904503904749075
08/07/2024 14:47,Birmingham,Deedee Dilworth,"Large Speciality Tea - English breakfast - 1.60, Large Cortado - 2.35",3.95,CARD,8710023119728748
08/07/2024 14:48,Birmingham,Sofia Baker,Large Cortado - 2.35,2.35,CARD,1557730289715662
08/07/2024 14:49,Birmingham,Abbie Gardner,"Large Speciality Tea - Camomile - 1.60, Regular Cortado - 2.05",3.65,CASH,
08/07/2024 14:51,Birmingham,Max Ramos,"Regular Red Label tea - 1.20, Regular Cortado - 2.05",3.25,CASH,
08/07/2024 14:52,Birmingham,Eva Mclaughlin,"Large Speciality Tea - English breakfast - 1.60, Large Flavoured hot chocolate - Caramel - 2.90, Large Red Label tea - 1.80",6.3,CARD,2938150774646562
08/07/2024 14:53,Birmingham,Kevin Binder,"Large Speciality Tea - Camomile - 1.60, Large Speciality Tea - Camomile - 1.60, Regular Speciality Tea - Camomile - 1.30, Large Red Label tea - 1.80, Regular Cortado - 2.05, Large Speciality Tea - English breakfast - 1.60",9.95,CARD,5174325985533342
08/07/2024 14:54,Birmingham,Lori Ojeda,"Regular Flavoured hot chocolate - Caramel - 2.60, Regular Cortado - 2.05",4.65,CARD,3165064015408514
08/07/2024 14:55,Birmingham,Jeffrey Eyre,"Regular Red Label tea - 1.20, Regular Red Label tea - 1.20, Regular Red Label tea - 1.20, Regular Speciality Tea - Camomile - 1.30, Regular Speciality Tea - English breakfast - 1.30",6.2,CARD,7678621885787264
08/07/2024 14:56,Birmingham,Thelma Gomes,"Regular Cortado - 2.05, Regular Chai latte - 2.30, Regular Red Label tea - 1.20, Large Flavoured hot chocolate - Caramel - 2.90",8.45,CASH,
08/07/2024 14:58,Birmingham,Jesse Cervantes,"Regular Speciality Tea - English breakfast - 1.30, Regular Chai latte - 2.30, Regular Speciality Tea - Camomile - 1.30, Large Red Label tea - 1.80",6.7,CARD,3787584361229919
08/07/2024 14:59,Birmingham,Janie Naples,Regular Flavoured hot chocolate - Caramel - 2.60,2.6,CARD,2975454199480157
08/07/2024 15:00,Birmingham,Ai Greenlee,"Large Speciality Tea - Camomile - 1.60, Regular Speciality Tea - Camomile - 1.30",2.9,CASH,
08/07/2024 15:01,Birmingham,Nancy Oscar,"Large Cortado - 2.35, Large Speciality Tea - Camomile - 1.60",3.95,CARD,5812948141671737
08/07/2024 15:02,Birmingham,Thomas Miya,"Regular Chai latte - 2.30, Large Speciality Tea - English breakfast - 1.60, Large Speciality Tea - English breakfast - 1.60, Large Flavoured hot chocolate - Caramel - 2.90",8.4,CARD,7685992561190716
08/07/2024 15:04,Birmingham,Patrick Losacco,"Large Red Label tea - 1.80, Regular Flavoured hot chocolate - Caramel - 2.60",4.4,CARD,9626201551435209
08/07/2024 15:05,Birmingham,Linda Skidmore,Regular Cortado - 2.05,2.05,CARD,9734804676326826
08/07/2024 15:06,Birmingham,Edna Drakeford,Large Speciality Tea - English breakfast - 1.60,1.6,CASH,
08/07/2024 15:07,Birmingham,Cynthia Ewart,"Regular Flavoured hot chocolate - Caramel - 2.60, Large Cortado - 2.35, Large Red Label tea - 1.80, Large Speciality Tea - Camomile - 1.60",8.35,CARD,4953102934433039
08/07/2024 15:09,Birmingham,Scott Cartwright,"Large Flavoured hot chocolate - Caramel - 2.90, Large Chai latte - 2.60, Regular Cortado - 2.05, Large Chai latte - 2.60",10.15,CARD,9409955450298343
08/07/2024 15:10,Birmingham,Gloria Smith,"Large Cortado - 2.35, Large Speciality Tea - Camomile - 1.60, Large Speciality Tea - Camomile - 1.60, Regular Chai latte - 2.30",7.85,CARD,9670938589248918
08/07/2024 15:11,Birmingham,Barry Shanahan,"Large Flavoured hot chocolate - Caramel - 2.90, Regular Flavoured hot chocolate - Caramel - 2.60",5.5,CASH,
08/07/2024 15:12,Birmingham,Barbara Kies,"Large Speciality Tea - Camomile - 1.60, Regular Cortado - 2.05, Regular Speciality Tea - Camomile - 1.30, Large Cortado - 2.35",7.3,CASH,
08/07/2024 15:14,Birmingham,Stanley Segura,"Large Flavoured hot chocolate - Caramel - 2.90, Large Cortado - 2.35",5.25,CARD,8902015728813941
08/07/2024 15:15,Birmingham,Frank Vasquez,"Large Cortado - 2.35, Large Speciality Tea - Camomile - 1.60, Regular Speciality Tea - English breakfast - 1.30, Regular Cortado - 2.05",7.3,CARD,8327540229414087
08/07/2024 15:16,Birmingham,Jennifer Fannin,"Regular Chai latte - 2.30, Large Speciality Tea - English breakfast - 1.60, Large Red Label tea - 1.80, Regular Speciality Tea - Camomile - 1.30, Large Speciality Tea - Camomile - 1.60, Large Speciality Tea - Camomile - 1.60",10.2,CARD,2446069211353486
08/07/2024 15:18,Birmingham,Gayle Parker,Regular Flavoured hot chocolate - Caramel - 2.60,2.6,CARD,7692453212035206
08/07/2024 15:19,Birmingham,Kristin Wade,"Regular Speciality Tea - Camomile - 1.30, Large Red Label tea - 1.80, Regular Speciality Tea - Camomile - 1.30",4.4,CARD,9025305844683927
08/07/2024 15:20,Birmingham,Nancy Welsh,"Large Speciality Tea - English breakfast - 1.60, Large Speciality Tea - English breakfast - 1.60, Regular Cortado - 2.05, Regular Speciality Tea - English breakfast - 1.30",6.55,CARD,7874339424209762
08/07/2024 15:21,Birmingham,Margaret Dean,Large Chai latte - 2.60,2.6,CARD,4013073171033642
08/07/2024 15:23,Birmingham,Aaron Bernard,"Large Cortado - 2.35, Large Cortado - 2.35, Large Chai latte - 2.60, Regular Red Label tea - 1.20",8.5,CARD,2098071953423925
08/07/2024 15:24,Birmingham,Timothy Angel,"Large Cortado - 2.35, Regular Chai latte - 2.30",4.65,CARD,8923682536392169
08/07/2024 15:25,Birmingham,Melissa Nock,"Regular Speciality Tea - Camomile - 1.30, Regular Speciality Tea - Camomile - 1.30",2.6,CARD,5270843821671967
08/07/2024 15:26,Birmingham,Mark Blevins,"Regular Speciality Tea - English breakfast - 1.30, Regular Cortado - 2.05",3.35,CARD,4212920028394760
08/07/2024 15:28,Birmingham,Maribel Diaz,"Large Speciality Tea - English breakfast - 1.60, Regular Speciality Tea - English breakfast - 1.30",2.9,CASH,
08/07/2024 15:29,Birmingham,Marcus Santiago,"Regular Speciality Tea - English breakfast - 1.30, Regular Chai latte - 2.30, Large Speciality Tea - English breakfast - 1.60, Regular Red Label tea - 1.20, Regular Speciality Tea - Camomile - 1.30",7.7,CARD,6671455556716001
08/07/2024 15:30,Birmingham,Grace Rollins,"Large Cortado - 2.35, Regular Speciality Tea - Camomile - 1.30, Large Speciality Tea - Camomile - 1.60",5.25,CASH,
08/07/2024 15:31,Birmingham,Susana Hardy,"Regular Chai latte - 2.30, Regular Speciality Tea - Camomile - 1.30, Regular Chai latte - 2.30, Large Speciality Tea - Camomile - 1.60",7.5,CARD,4062162404688896
08/07/2024 15:33,Birmingham,Ron Brown,Large Speciality Tea - English breakfast - 1.60,1.6,CARD,3607267637276436
08/07/2024 15:34,Birmingham,Howard Keppler,"Large Chai latte - 2.60, Large Speciality Tea - English breakfast - 1.60, Large Cortado - 2.35, Regular Cortado - 2.05, Regular Speciality Tea - English breakfast - 1.30",9.9,CARD,9543651667545590
08/07/2024 15:35,Birmingham,Andrew Bailey,Large Cortado - 2.35,2.35,CASH,
08/07/2024 15:37,Birmingham,Alan Colbert,Large Speciality Tea - English breakfast - 1.60,1.6,CASH,
08/07/2024 15:38,Birmingham,Donna Fieldson,"Large Speciality Tea - Camomile - 1.60, Large Cortado - 2.35, Large Red Label tea - 1.80",5.75,CARD,9014971708642960
08/07/2024 15:39,Birmingham,Audry Huffstetler,Large Chai latte - 2.60,2.6,CARD,3310523097769720
08/07/2024 15:40,Birmingham,Joseph Browning,"Large Cortado - 2.35, Regular Chai latte - 2.30, Regular Flavoured hot chocolate - Caramel - 2.60, Large Chai latte - 2.60",9.85,CARD,8901394057459030
08/07/2024 15:42,Birmingham,Alvin Adams,"Regular Speciality Tea - Camomile - 1.30, Regular Flavoured hot chocolate - Caramel - 2.60",3.9,CARD,3586352558489025
08/07/2024 15:43,Birmingham,Betty Pearson,Large Speciality Tea - English breakfast - 1.60,1.6,CARD,1349173690278779
08/07/2024 15:44,Birmingham,Anita Englert,"Regular Speciality Tea - English breakfast - 1.30, Large Cortado - 2.35, Large Speciality Tea - Camomile - 1.60, Large Red Label tea - 1.80",7.05,CASH,
08/07/2024 15:45,Birmingham,Doris Mitchell,"Regular Flavoured hot chocolate - Caramel - 2.60, Large Chai latte - 2.60, Large Red Label tea - 1.80, Regular Speciality Tea - English breakfast - 1.30",8.3,CARD,3930800339378221
08/07/2024 15:47,Birmingham,Ramon Simpkins,"Regular Speciality Tea - English breakfast - 1.30, Large Speciality Tea - English breakfast - 1.60",2.9,CARD,1831880681587376
08/07/2024 15:48,Birmingham,Rasheeda Sanders,"Regular Chai latte - 2.30, Large Flavoured hot chocolate - Caramel - 2.90, Regular Speciality Tea - English breakfast - 1.30, Large Speciality Tea - English breakfast - 1.60",8.1,CARD,5371431822854866
08/07/2024 15:49,Birmingham,Larry Verville,Large Chai latte - 2.60,2.6,CARD,6413669590038601
08/07/2024 15:50,Birmingham,Thomas Johnson,Large Speciality Tea - Camomile - 1.60,1.6,CARD,9409412455542482
08/07/2024 15:52,Birmingham,Maria Byrd,"Large Cortado - 2.35, Large Chai latte - 2.60, Regular Speciality Tea - English breakfast - 1.30, Regular Red Label tea - 1.20, Large Speciality Tea - English breakfast - 1.60, Large Chai latte - 2.60",11.65,CASH,
08/07/2024 15:53,Birmingham,Nathaniel Flynn,"Large Cortado - 2.35, Regular Speciality Tea - Camomile - 1.30, Regular Speciality Tea - Camomile - 1.30",4.95,CARD,7656483215908029
08/07/2024 15:54,Birmingham,Paula Moser,"Regular Speciality Tea - English breakfast - 1.30, Large Chai latte - 2.60, Regular Speciality Tea - English breakfast - 1.30, Regular Cortado - 2.05",7.25,CARD,3936737787633292
08/07/2024 15:56,Birmingham,Cynthia Wilson,"Large Cortado - 2.35, Large Speciality Tea - English breakfast - 1.60, Large Chai latte - 2.60",6.55,CARD,8330934631704182
08/07/2024 15:57,Birmingham,Willard Plowman,Regular Cortado - 2.05,2.05,CARD,9455522561951966
08/07/2024 15:58,Birmingham,Jacqueline Barrett,Regular Cortado - 2.05,2.05,CARD,5341735284636193
08/07/2024 15:59,Birmingham,Vivian Cowart,Regular Speciality Tea - Camomile - 1.30,1.3,CARD,5837285023372440
08/07/2024 16:01,Birmingham,Danny Tudor,"Regular Red Label tea - 1.20, Large Speciality Tea - English breakfast - 1.60",2.8,CARD,6269404211642282
08/07/2024 16:04,Birmingham,Emilie Coburn,"Regular Speciality Tea - Camomile - 1.30, Regular Flavoured hot chocolate - Caramel - 2.60, Large Flavoured hot chocolate - Caramel - 2.90, Large Red Label tea - 1.80, Large Chai latte - 2.60",11.2,CARD,2116399888716012
08/07/2024 16:08,Birmingham,Richard Farner,"Large Speciality Tea - English breakfast - 1.60, Regular Chai latte - 2.30, Regular Chai latte - 2.30, Regular Cortado - 2.05",8.25,CARD,3861357354386338
08/07/2024 16:11,Birmingham,Gabriel Sheffield,"Large Red Label tea - 1.80, Regular Speciality Tea - English breakfast - 1.30, Large Chai latte - 2.60",5.7,CARD,4029842269985059
08/07/2024 16:15,Birmingham,Mindy Collins,"Large Speciality Tea - English breakfast - 1.60, Regular Red Label tea - 1.20, Regular Speciality Tea - English breakfast - 1.30, Large Red Label tea - 1.80",5.9,CARD,4772806393654477
08/07/2024 16:18,Birmingham,Richard Rodriguez,"Large Flavoured hot chocolate - Caramel - 2.90, Regular Speciality Tea - Camomile - 1.30, Regular Chai latte - 2.30, Large Speciality Tea - Camomile - 1.60",8.1,CARD,4940614195330308
08/07/2024 16:22,Birmingham,Earl Perkins,"Regular Chai latte - 2.30, Large Speciality Tea - Camomile - 1.60, Large Speciality Tea - Camomile - 1.60, Regular Speciality Tea - Camomile - 1.30",6.8,CARD,5205206948536921
08/07/2024 16:25,Birmingham,Jeanine Diaz,"Regular Speciality Tea - Camomile - 1.30, Regular Flavoured hot chocolate - Caramel - 2.60",3.9,CARD,4680315249687316
08/07/2024 16:29,Birmingham,William Ziminski,"Regular Chai latte - 2.30, Large Speciality Tea - Camomile - 1.60, Large Cortado - 2.35, Regular Speciality Tea - Camomile - 1.30",7.55,CASH,
08/07/2024 16:32,Birmingham,Mindy Goode,"Regular Red Label tea - 1.20, Regular Chai latte - 2.30, Large Red Label tea - 1.80",5.3,CARD,3091331015157196
08/07/2024 16:36,Birmingham,Linda Metge,Regular Red Label tea - 1.20,1.2,CARD,3572361485735414
08/07/2024 16:39,Birmingham,Carolina Mckenzie,"Large Red Label tea - 1.80, Regular Speciality Tea - English breakfast - 1.30, Large Speciality Tea - English breakfast - 1.60, Large Speciality Tea - Camomile - 1.60",6.3,CASH,
08/07/2024 16:43,Birmingham,Jack Hicks,"Regular Cortado - 2.05, Large Flavoured hot chocolate - Caramel - 2.90, Regular Cortado - 2.05",7.0,CARD,2415459597006217
08/07/2024 16:46,Birmingham,Jewel Biddick,Regular Cortado - 2.05,2.05,CARD,3021998968551318
08/07/2024 16:50,Birmingham,Ernest Mcgowan,"Large Flavoured hot chocolate - Caramel - 2.90, Large Flavoured hot chocolate - Caramel - 2.90",5.8,CARD,6833420979578600
08/07/2024 16:53,Birmingham,Annie Dumas,"Regular Red Label tea - 1.20, Large Cortado - 2.35",3.55,CASH,
08/07/2024 16:57,Birmingham,Andrew Kent,"Regular Speciality Tea - English breakfast - 1.30, Large Speciality Tea - English breakfast - 1.60",2.9,CARD,3113128749230205
