08/07/2024 09:00,Leeds,Robert Yoon,Large Filter coffee - 1.80,1.8,CASH,
08/07/2024 09:01,Leeds,Tegan Clark,"Large Filter coffee - 1.80, Regular Chai latte - 2.30, Regular Hot Chocolate - 1.40, Large Iced americano - 2.50, Regular Chai latte - 2.30",10.3,CARD,4955245839550553
08/07/2024 09:03,Leeds,Charolette Fuller,"Regular Chai latte - 2.30, Large Speciality Tea - English breakfast - 1.60, Regular Chai latte - 2.30",6.2,CARD,9910597194012785
08/07/2024 09:04,Leeds,Louise White,"Regular Chai latte - 2.30, Regular Filter coffee - 1.50",3.8,CARD,1965147232511358
08/07/2024 09:06,Leeds,Mason Meath,"Regular Filter coffee - 1.50, Large Filter coffee - 1.80, Large Hot Chocolate - 1.70",5.0,CASH,
08/07/2024 09:08,Leeds,Easter Riley,"Large Hot Chocolate - 1.70, Large Filter coffee - 1.80",3.5,CASH,
08/07/2024 09:09,Leeds,Raymond Morsbach,"Regular Filter coffee - 1.50, Regular Iced americano - 2.15, Regular Hot Chocolate - 1.40, Regular Speciality Tea - English breakfast - 1.30, Regular Speciality Tea - English breakfast - 1.30",7.65,CARD,5130074844286678
08/07/2024 09:11,Leeds,Margaret Jones,"Regular Speciality Tea - English breakfast - 1.30, Large Chai latte - 2.60, Regular Iced americano - 2.15",6.05,CASH,
08/07/2024 09:12,Leeds,Blake Culver,"Large Chai latte - 2.60, Regular Hot Chocolate - 1.40, Regular Filter coffee - 1.50, Regular Filter coffee - 1.50, Regular Chai latte - 2.30, Large Hot Chocolate - 1.70",11.0,CARD,3770015580827505
08/07/2024 09:14,Leeds,Susan Jensen,"Large Chai latte - 2.60, Regular Iced americano - 2.15, Regular Filter coffee - 1.50",6.25,CARD,2130686112303426
08/07/2024 09:16,Leeds,Richard Bray,Regular Chai latte - 2.30,2.3,CARD,7586603386864812
08/07/2024 09:17,Leeds,Erin Cobb,"Regular Iced americano - 2.15, Regular Chai latte - 2.30",4.45,CARD,6182397080484849
08/07/2024 09:19,Leeds,Mark Huggins,"Regular Filter coffee - 1.50, Regular Chai latte - 2.30",3.8,CARD,2176128140436150
08/07/2024 09:21,Leeds,Lizzie Ward,"Large Iced americano - 2.50, Regular Hot Chocolate - 1.40",3.9,CASH,
08/07/2024 09:22,Leeds,Dave Lake,Regular Iced americano - 2.15,2.15,CASH,
08/07/2024 09:24,Leeds,Barbera Hansen,"Large Filter coffee - 1.80, Large Iced americano - 2.50",4.3,CASH,
08/07/2024 09:25,Leeds,Lillie Mcqueen,"Large Speciality Tea - English breakfast - 1.60, Large Speciality Tea - English breakfast - 1.60, Regular Hot Chocolate - 1.40, Regular Speciality Tea - English breakfast - 1.30",5.9,CARD,7205403471284635
08/07/2024 09:27,Leeds,Ramon Diaz,"Large Filter coffee - 1.80, Regular Speciality Tea - English breakfast - 1.30, Large Hot Chocolate - 1.70, Regular Chai latte - 2.30, Large Hot Chocolate - 1.70",8.8,CASH,
08/07/2024 09:29,Leeds,Robin Emory,"Regular Speciality Tea - English breakfast - 1.30, Large Hot Chocolate - 1.70",3.0,CARD,6498484638264957
08/07/2024 09:30,Leeds,Cynthia Williams,"Regular Speciality Tea - English breakfast - 1.30, Large Speciality Tea - English breakfast - 1.60, Large Speciality Tea - English breakfast - 1.60, Regular Filter coffee - 1.50",6.0,CARD,6241462944498711
08/07/2024 09:32,Leeds,Jannie Hitchcock,"Large Speciality Tea - English breakfast - 1.60, Large Chai latte - 2.60, Large Filter coffee - 1.80, Regular Iced americano - 2.15",8.15,CARD,8593674631507175
08/07/2024 09:33,Leeds,Raymond Martinez,"Regular Hot Chocolate - 1.40, Regular Chai latte - 2.30",3.7,CARD,8840883759255665
08/07/2024 09:35,Leeds,Lula Walters,"Regular Speciality Tea - English breakfast - 1.30, Regular Filter coffee - 1.50, Large Filter coffee - 1.80, Large Hot Chocolate - 1.70",6.3,CARD,4462606977642086
08/07/2024 09:37,Leeds,George Concepcion,"Regular Filter coffee - 1.50, Regular Iced americano - 2.15, Regular Filter coffee - 1.50",5.15,CARD,4409255915597338
08/07/2024 09:38,Leeds,Rachel Barker,"Regular Hot Chocolate - 1.40, Large Filter coffee - 1.80",3.2,CARD,9748355370506168
08/07/2024 09:40,Leeds,Edward Dunn,"Regular Speciality Tea - English breakfast - 1.30, Regular Iced americano - 2.15, Large Hot Chocolate - 1.70, Large Hot Chocolate - 1.70",6.85,CARD,7188127079296819
08/07/2024 09:42,Leeds,Melissa Smith,"Large Hot Chocolate - 1.70, Regular Chai latte - 2.30, Regular Filter coffee - 1.50, Regular Filter coffee - 1.50",7.0,CASH,
08/07/2024 09:43,Leeds,Jewell Bugbee,"Regular Hot Chocolate - 1.40, Regular Filter coffee - 1.50",2.9,CARD,4748000901838052
08/07/2024 09:45,Leeds,Mike Longnecker,"Large Filter coffee - 1.80, Large Filter coffee - 1.80, Large Speciality Tea - English breakfast - 1.60",5.2,CARD,6710596733580230
08/07/2024 09:46,Leeds,Richard Davis,"Large Speciality Tea - English breakfast - 1.60, Regular Iced americano - 2.15, Regular Filter coffee - 1.50, Regular Filter coffee - 1.50",6.75,CARD,2581860541309799
08/07/2024 09:48,Leeds,Stephanie Gayhart,"Regular Chai latte - 2.30, Regular Speciality Tea - English breakfast - 1.30, Regular Hot Chocolate - 1.40, Regular Iced americano - 2.15, Large Filter coffee - 1.80",8.95,CARD,3728623411724877
08/07/2024 09:50,Leeds,Jessie White,Regular Hot Chocolate - 1.40,1.4,CARD,3823756259572166
08/07/2024 09:51,Leeds,Arthur Thomas,"Large Filter coffee - 1.80, Large Filter coffee - 1.80",3.6,CARD,3554685867842459
08/07/2024 09:53,Leeds,Kathrine Kemper,"Regular Hot Chocolate - 1.40, Large Chai latte - 2.60, Regular Filter coffee - 1.50, Regular Iced americano - 2.15",7.65,CARD,9278185002216900
08/07/2024 09:54,Leeds,Ivan Lacey,"Regular Filter coffee - 1.50, Large Hot Chocolate - 1.70",3.2,CARD,8292861308313895
08/07/2024 09:56,Leeds,Harold Mack,"Large Hot Chocolate - 1.70, Regular Filter coffee - 1.50, Regular Filter coffee - 1.50",4.7,CARD,3529052583044101
08/07/2024 09:58,Leeds,Lloyd Yost,"Regular Filter coffee - 1.50, Regular Chai latte - 2.30, Large Hot Chocolate - 1.70, Large Speciality Tea - English breakfast - 1.60",7.1,CARD,5193727789857582
08/07/2024 09:59,Leeds,Johnnie Pegues,"Regular Chai latte - 2.30, Large Chai latte - 2.60",4.9,CARD,8244325431875826
08/07/2024 10:01,Leeds,Victoria Carreiro,"Regular Chai latte - 2.30, Large Filter coffee - 1.80, Regular Filter coffee - 1.50",5.6,CASH,
08/07/2024 10:02,Leeds,Gloria Haberman,Regular Chai latte - 2.30,2.3,CASH,
08/07/2024 10:03,Leeds,James Fischer,"Regular Chai latte - 2.30, Regular Chai latte - 2.30, Large Speciality Tea - English breakfast - 1.60, Regular Filter coffee - 1.50",7.7,CARD,1886041829702910
08/07/2024 10:04,Leeds,Christopher Valenzuela,"Regular Chai latte - 2.30, Regular Chai latte - 2.30",4.6,CARD,6304093131454751
08/07/2024 10:05,Leeds,Thomas Francis,"Regular Filter coffee - 1.50, Large Filter coffee - 1.80, Regular Chai latte - 2.30, Large Hot Chocolate - 1.70",7.3,CASH,
08/07/2024 10:06,Leeds,Bertha Anderson,Large Filter coffee - 1.80,1.8,CASH,
08/07/2024 10:07,Leeds,Ann Elder,Large Hot Chocolate - 1.70,1.7,CASH,
08/07/2024 10:08,Leeds,Elizabeth Worden,"Regular Speciality Tea - English breakfast - 1.30, Regular Hot Chocolate - 1.40",2.7,CARD,8610069120494802
08/07/2024 10:09,Leeds,Michael Mahler,"Regular Hot Chocolate - 1.40, Regular Filter coffee - 1.50",2.9,CARD,6258610886719814
08/07/2024 10:11,Leeds,Bobby Goodwin,Regular Iced americano - 2.15,2.15,CARD,4221492745675978
08/07/2024 10:12,Leeds,Kurt Smith,"Large Hot Chocolate - 1.70, Regular Chai latte - 2.30, Regular Hot Chocolate - 1.40",5.4,CASH,
08/07/2024 10:13,Leeds,Michael Hampton,"Regular Iced americano - 2.15, Regular Hot Chocolate - 1.40, Large Filter coffee - 1.80, Regular Filter coffee - 1.50, Large Filter coffee - 1.80",8.65,CARD,1546139280369958
08/07/2024 10:14,Leeds,Mildred Brueckman,Regular Filter coffee - 1.50,1.5,CARD,1606089910650750
08/07/2024 10:15,Leeds,Mary Mcdonald,Regular Hot Chocolate - 1.40,1.4,CARD,5066427468343510
08/07/2024 10:16,Leeds,Evelyn Smith,"Regular Speciality Tea - English breakfast - 1.30, Large Chai latte - 2.60, Regular Filter coffee - 1.50, Large Iced americano - 2.50, Regular Hot Chocolate - 1.40, Regular Chai latte - 2.30",11.6,CARD,7027744975904533
08/07/2024 10:17,Leeds,Wanda Davis,Regular Chai latte - 2.30,2.3,CARD,2268091478936568
08/07/2024 10:18,Leeds,Mabel Seanez,"Large Iced americano - 2.50, Large Speciality Tea - English breakfast - 1.60, Regular Iced americano - 2.15, Large Iced americano - 2.50",8.75,CARD,6554433634600231
08/07/2024 10:19,Leeds,Robert Morey,Large Filter coffee - 1.80,1.8,CARD,9481923547571026
08/07/2024 10:20,Leeds,Aaron Ahern,Large Filter coffee - 1.80,1.8,CARD,6483591084922215
08/07/2024 10:21,Leeds,John Ellithorpe,"Regular Filter coffee - 1.50, Large Chai latte - 2.60, Large Filter coffee - 1.80, Regular Chai latte - 2.30, Regular Hot Chocolate - 1.40, Large Chai latte - 2.60",12.2,CASH,
08/07/2024 10:22,Leeds,Thelma Mckinney,"Regular Chai latte - 2.30, Large Speciality Tea - English breakfast - 1.60, Large Filter coffee - 1.80, Large Hot Chocolate - 1.70, Large Chai latte - 2.60, Regular Filter coffee - 1.50",11.5,CARD,1021684351120958
08/07/2024 10:23,Leeds,Dennis Wilkes,"Large Filter coffee - 1.80, Regular Speciality Tea - English breakfast - 1.30, Regular Filter coffee - 1.50",4.6,CARD,5733181543620233
08/07/2024 10:24,Leeds,Kathy Mcmahon,"Large Iced americano - 2.50, Regular Iced americano - 2.15, Large Filter coffee - 1.80, Regular Chai latte - 2.30, Regular Chai latte - 2.30",11.05,CARD,1960905867396592
08/07/2024 10:25,Leeds,Tommy Dickens,"Large Filter coffee - 1.80, Large Hot Chocolate - 1.70, Large Speciality Tea - English breakfast - 1.60, Large Filter coffee - 1.80",6.9,CARD,8401390636162694
08/07/2024 10:27,Leeds,Wade Brewton,"Large Hot Chocolate - 1.70, Regular Chai latte - 2.30",4.0,CASH,
08/07/2024 10:28,Leeds,Michele Brooks,"Large Hot Chocolate - 1.70, Regular Chai latte - 2.30, Large Iced americano - 2.50",6.5,CARD,3880957180793014
08/07/2024 10:29,Leeds,Julie Athey,"Regular Filter coffee - 1.50, Regular Hot Chocolate - 1.40",2.9,CASH,
08/07/2024 10:30,Leeds,Ron Dow,"Regular Speciality Tea - English breakfast - 1.30, Regular Speciality Tea - English breakfast - 1.30, Large Hot Chocolate - 1.70",4.3,CARD,7234893642089956
08/07/2024 10:31,Leeds,William Olsen,Regular Hot Chocolate - 1.40,1.4,CASH,
08/07/2024 10:32,Leeds,Matthew Silvey,"Regular Speciality Tea - English breakfast - 1.30, Regular Filter coffee - 1.50, Regular Hot Chocolate - 1.40, Regular Hot Chocolate - 1.40",5.6,CARD,8110841468588552
08/07/2024 10:33,Leeds,Morris Kane,"Regular Chai latte - 2.30, Regular Iced americano - 2.15, Regular Hot Chocolate - 1.40, Large Filter coffee - 1.80, Large Filter coffee - 1.80, Regular Hot Chocolate - 1.40",10.85,CARD,7156881222167098
08/07/2024 10:34,Leeds,Tiffany Butler,Regular Filter coffee - 1.50,1.5,CARD,9583582721629351
08/07/2024 10:35,Leeds,Anthony Glidewell,"Large Speciality Tea - English breakfast - 1.60, Large Filter coffee - 1.80, Regular Speciality Tea - English breakfast - 1.30, Large Chai latte - 2.60",7.3,CARD,7820355666209624
08/07/2024 10:36,Leeds,Julie Samuel,"Regular Speciality Tea - English breakfast - 1.30, Regular Hot Chocolate - 1.40, Regular Hot Chocolate - 1.40, Regular Speciality Tea - English breakfast - 1.30",5.4,CARD,7236365140817164
08/07/2024 10:37,Leeds,Mary Caspari,"Large Filter coffee - 1.80, Large Iced americano - 2.50, Regular Filter coffee - 1.50, Large Chai latte - 2.60, Large Speciality Tea - English breakfast - 1.60",10.0,CARD,4254422365871784
08/07/2024 10:38,Leeds,Ralph Henderson,"Large Chai latte - 2.60, Large Hot Chocolate - 1.70, Regular Iced americano - 2.15, Regular Filter coffee - 1.50, Large Chai latte - 2.60",10.55,CASH,
08/07/2024 10:39,Leeds,Andre Corriveau,"Large Speciality Tea - English breakfast - 1.60, Regular Filter coffee - 1.50",3.1,CASH,
08/07/2024 10:40,Leeds,Roy Mcdowell,Large Speciality Tea - English breakfast - 1.60,1.6,CARD,5159811596771754
08/07/2024 10:41,Leeds,Letha Nevins,"Large Filter coffee - 1.80, Large Chai latte - 2.60, Regular Chai latte - 2.30, Large Iced americano - 2.50, Large Iced americano - 2.50",11.7,CASH,
08/07/2024 10:43,Leeds,Alexandra Blum,Regular Iced americano - 2.15,2.15,CARD,7488401351557759
08/07/2024 10:44,Leeds,Sherry Williams,"Regular Hot Chocolate - 1.40, Large Chai latte - 2.60",4.0,CASH,
08/07/2024 10:45,Leeds,Donna Helms,"Large Filter coffee - 1.80, Large Iced americano - 2.50, Large Iced americano - 2.50",6.8,CARD,9167755789730549
08/07/2024 10:46,Leeds,William Davis,"Regular Chai latte - 2.30, Regular Filter coffee - 1.50, Regular Speciality Tea - English breakfast - 1.30",5.1,CARD,4854079492239785
08/07/2024 10:47,Leeds,Paul Dick,"Large Iced americano - 2.50, Regular Filter coffee - 1.50, Large Iced americano - 2.50, Regular Filter coffee - 1.50",8.0,CARD,7484418441394441
08/07/2024 10:48,Leeds,Cherie Graver,"Regular Chai latte - 2.30, Large Speciality Tea - English breakfast - 1.60, Large Hot Chocolate - 1.70, Large Chai latte - 2.60",8.2,CASH,
08/07/2024 10:49,Leeds,Maria Carlisle,Large Hot Chocolate - 1.70,1.7,CARD,1170355806586948
08/07/2024 10:50,Leeds,Holly Yodis,"Large Chai latte - 2.60, Large Speciality Tea - English breakfast - 1.60",4.2,CASH,
08/07/2024 10:51,Leeds,Elbert Barnes,Regular Iced americano - 2.15,2.15,CARD,1891886316317675
08/07/2024 10:52,Leeds,Zachary Herbst,"Regular Hot Chocolate - 1.40, Large Filter coffee - 1.80",3.2,CARD,2107524433124385
08/07/2024 10:53,Leeds,Terrance Petrey,"Regular Iced americano - 2.15, Large Chai latte - 2.60, Large Chai latte - 2.60, Large Filter coffee - 1.80",9.15,CARD,5804868180512960
08/07/2024 10:54,Leeds,Michael Grajeda,"Large Hot Chocolate - 1.70, Large Speciality Tea - English breakfast - 1.60, Large Speciality Tea - English breakfast - 1.60, Regular Filter coffee - 1.50, Regular Chai latte - 2.30, Large Speciality Tea - English breakfast - 1.60",10.3,CASH,
08/07/2024 10:55,Leeds,Chris Graham,"Large Hot Chocolate - 1.70, Large Filter coffee - 1.80, Large Filter coffee - 1.80, Regular Iced americano - 2.15, Large Hot Chocolate - 1.70, Regular Chai latte - 2.30",11.45,CARD,4515735524472677
08/07/2024 10:56,Leeds,Victoria Byrd,"Large Speciality Tea - English breakfast - 1.60, Regular Iced americano - 2.15",3.75,CARD,3750584410667905
08/07/2024 10:57,Leeds,Lisa Whitacre,Regular Hot Chocolate - 1.40,1.4,CASH,
08/07/2024 10:59,Leeds,Sammy Mcelroy,"Regular Filter coffee - 1.50, Large Iced americano - 2.50, Large Filter coffee - 1.80",5.8,CARD,1110620758001865
08/07/2024 11:00,Leeds,Janet Johnson,"Regular Chai latte - 2.30, Regular Speciality Tea - English breakfast - 1.30, Regular Chai latte - 2.30, Large Iced americano - 2.50, Regular Chai latte - 2.30, Large Speciality Tea - English breakfast - 1.60",12.3,CARD,1272800480463908
08/07/2024 11:04,Leeds,Nancy Reyes,Regular Chai latte - 2.30,2.3,CARD,7866877131904255
08/07/2024 11:08,Leeds,Gerardo Twitt,"Large Hot Chocolate - 1.70, Regular Chai latte - 2.30",4.0,CARD,5390604795350510
08/07/2024 11:12,Leeds,Patricia Taylor,"Regular Chai latte - 2.30, Regular Iced americano - 2.15, Regular Iced americano - 2.15, Large Chai latte - 2.60",9.2,CARD,3747077985955723
08/07/2024 11:16,Leeds,Derek Doutt,Large Chai latte - 2.60,2.6,CARD,1948076991536236
08/07/2024 11:20,Leeds,Andrew Vescio,"Large Iced americano - 2.50, Large Speciality Tea - English breakfast - 1.60",4.1,CASH,
08/07/2024 11:24,Leeds,Lonnie Dorsey,"Regular Filter coffee - 1.50, Regular Filter coffee - 1.50, Regular Filter coffee - 1.50, Regular Filter coffee - 1.50, Large Hot Chocolate - 1.70",7.7,CARD,4266491820572932
08/07/2024 11:28,Leeds,Michael Dobson,"Regular Hot Chocolate - 1.40, Large Chai latte - 2.60, Regular Chai latte - 2.30",6.3,CASH,
08/07/2024 11:32,Leeds,Michael Nastasi,Regular Speciality Tea - English breakfast - 1.30,1.3,CARD,8601543553251610
08/07/2024 11:36,Leeds,Millard Socia,"Regular Chai latte - 2.30, Large Filter coffee - 1.80, Large Iced americano - 2.50, Regular Filter coffee - 1.50, Regular Hot Chocolate - 1.40",9.5,CASH,
08/07/2024 11:40,Leeds,Jacquelyn Weiss,Large Iced americano - 2.50,2.5,CARD,7200388682119901
08/07/2024 11:44,Leeds,Santos Tamayo,"Regular Speciality Tea - English breakfast - 1.30, Large Hot Chocolate - 1.70",3.0,CARD,9373110522440967
08/07/2024 11:48,Leeds,Christopher Lynch,Regular Chai latte - 2.30,2.3,CARD,3753732035347525
08/07/2024 11:52,Leeds,Dee Seaton,"Regular Chai latte - 2.30, Regular Hot Chocolate - 1.40, Regular Speciality Tea - English breakfast - 1.30",5.0,CASH,
08/07/2024 11:56,Leeds,Patricia Chang,"Large Filter coffee - 1.80, Large Chai latte - 2.60, Large Filter coffee - 1.80, Large Chai latte - 2.60",8.8,CARD,8446318868345744
08/07/2024 12:00,Leeds,Donna Sessoms,"Large Iced americano - 2.50, Regular Chai latte - 2.30, Regular Speciality Tea - English breakfast - 1.30",6.1,CARD,1417016425739905
08/07/2024 12:01,Leeds,Wesley Wilkinson,"Large Iced americano - 2.50, Large Chai latte - 2.60, Regular Hot Chocolate - 1.40, Large Chai latte - 2.60",9.1,CASH,
08/07/2024 12:03,Leeds,Sylvia Whitson,"Regular Iced americano - 2.15, Regular Filter coffee - 1.50, Regular Iced americano - 2.15",5.8,CARD,9990738227891142
08/07/2024 12:05,Leeds,Amy Owens,"Regular Iced americano - 2.15, Large Iced americano - 2.50, Large Filter coffee - 1.80",6.45,CASH,
08/07/2024 12:06,Leeds,David Belanger,"Large Iced americano - 2.50, Large Chai latte - 2.60, Regular Filter coffee - 1.50",6.6,CARD,5229752904070109
08/07/2024 12:08,Leeds,Leslie Hagen,"Large Chai latte - 2.60, Large Speciality Tea - English breakfast - 1.60, Regular Iced americano - 2.15, Regular Iced americano - 2.15",8.5,CARD,1726979071087910
08/07/2024 12:10,Leeds,Nora Bruyere,Regular Speciality Tea - English breakfast - 1.30,1.3,CASH,
08/07/2024 12:11,Leeds,Randall Fechner,"Regular Chai latte - 2.30, Regular Filter coffee - 1.50, Large Filter coffee - 1.80, Large Filter coffee - 1.80",7.4,CARD,2477370504477275
08/07/2024 12:13,Leeds,Damian Mccowin,"Regular Speciality Tea - English breakfast - 1.30, Regular Filter coffee - 1.50",2.8,CARD,9416276252223721
08/07/2024 12:15,Leeds,Peter Oestreicher,"Regular Filter coffee - 1.50, Regular Chai latte - 2.30",3.8,CARD,9477345972811239
08/07/2024 12:16,Leeds,Sandra Reaid,"Regular Hot Chocolate - 1.40, Regular Hot Chocolate - 1.40, Regular Filter coffee - 1.50, Large Iced americano - 2.50",6.8,CASH,
08/07/2024 12:18,Leeds,Teresa Tekautz,"Large Chai latte - 2.60, Large Speciality Tea - English breakfast - 1.60, Regular Chai latte - 2.30",6.5,CARD,4170220624603921
08/07/2024 12:20,Leeds,Iva Weaver,"Regular Hot Chocolate - 1.40, Regular Chai latte - 2.30, Large Chai latte - 2.60, Large Iced americano - 2.50",8.8,CASH,
08/07/2024 12:21,Leeds,Shane Walker,"Large Iced americano - 2.50, Large Hot Chocolate - 1.70",4.2,CARD,5509666515670943
08/07/2024 12:23,Leeds,Vanessa Irvin,"Regular Hot Chocolate - 1.40, Regular Hot Chocolate - 1.40",2.8,CARD,3719109636605533
08/07/2024 12:25,Leeds,Susan Dixon,"Regular Hot Chocolate - 1.40, Regular Chai latte - 2.30, Regular Iced americano - 2.15",5.85,CASH,
08/07/2024 12:26,Leeds,Loyd Repine,"Large Hot Chocolate - 1.70, Large Chai latte - 2.60",4.3,CARD,6757815431609282
08/07/2024 12:28,Leeds,Jacklyn Deal,"Regular Filter coffee - 1.50, Regular Filter coffee - 1.50",3.0,CARD,5386262407246328
08/07/2024 12:30,Leeds,Martha Brown,"Regular Speciality Tea - English breakfast - 1.30, Large Filter coffee - 1.80, Large Filter coffee - 1.80",4.9,CARD,8132884958135013
08/07/2024 12:31,Leeds,Laurie Lewis,"Regular Filter coffee - 1.50, Large Hot Chocolate - 1.70",3.2,CARD,1230168358971006
08/07/2024 12:33,Leeds,Kelli Azar,"Large Speciality Tea - English breakfast - 1.60, Large Filter coffee - 1.80, Regular Iced americano - 2.15, Regular Hot Chocolate - 1.40, Large Hot Chocolate - 1.70",8.65,CARD,8222039508618560
08/07/2024 12:35,Leeds,Robert Kieffer,"Large Filter coffee - 1.80, Regular Iced americano - 2.15, Large Chai latte - 2.60, Large Chai latte - 2.60",9.15,CASH,
08/07/2024 12:36,Leeds,Melanie Mode,"Regular Iced americano - 2.15, Large Hot Chocolate - 1.70",3.85,CARD,4332408136014919
08/07/2024 12:38,Leeds,Chase Smith,Regular Iced americano - 2.15,2.15,CARD,2549936896080559
08/07/2024 12:40,Leeds,Richard Glazener,"Regular Iced americano - 2.15, Regular Speciality Tea - English breakfast - 1.30",3.45,CARD,5139690774043815
08/07/2024 12:41,Leeds,Ryan Woodley,"Regular Chai latte - 2.30, Regular Filter coffee - 1.50, Large Chai latte - 2.60, Large Chai latte - 2.60",9.0,CARD,8753292754277117
08/07/2024 12:43,Leeds,Larry Mummert,"Regular Hot Chocolate - 1.40, Regular Chai latte - 2.30, Regular Iced americano - 2.15, Large Chai latte - 2.60, Regular Iced americano - 2.15, Regular Speciality Tea - English breakfast - 1.30",11.9,CARD,8966358819620446
08/07/2024 12:45,Leeds,Kevin Matthew,"Large Hot Chocolate - 1.70, Large Filter coffee - 1.80, Regular Speciality Tea - English breakfast - 1.30, Regular Chai latte - 2.30",7.1,CARD,1720942577900142
08/07/2024 12:46,Leeds,Scott Deloney,Regular Hot Chocolate - 1.40,1.4,CARD,8462531008847158
08/07/2024 12:48,Leeds,Elias Anderson,"Large Chai latte - 2.60, Large Hot Chocolate - 1.70",4.3,CARD,9568528629887330
08/07/2024 12:50,Leeds,Helga Garcia,"Regular Speciality Tea - English breakfast - 1.30, Large Speciality Tea - English breakfast - 1.60, Regular Iced americano - 2.15, Regular Chai latte - 2.30, Large Filter coffee - 1.80",9.15,CARD,6538694007473099
08/07/2024 12:51,Leeds,Thomas Hampton,Regular Speciality Tea - English breakfast - 1.30,1.3,CARD,6711048131286489
08/07/2024 12:53,Leeds,Loren Roberts,"Regular Filter coffee - 1.50, Regular Hot Chocolate - 1.40, Large Iced americano - 2.50, Regular Speciality Tea - English breakfast - 1.30",6.7,CASH,
08/07/2024 12:55,Leeds,Irene Kimura,Large Iced americano - 2.50,2.5,CASH,
08/07/2024 12:56,Leeds,Lance Bailey,"Regular Chai latte - 2.30, Regular Iced americano - 2.15, Large Speciality Tea - English breakfast - 1.60",6.05,CARD,1829959175091712
08/07/2024 12:58,Leeds,Jeff Lynch,"Large Iced americano - 2.50, Large Hot Chocolate - 1.70, Large Chai latte - 2.60, Regular Chai latte - 2.30, Regular Hot Chocolate - 1.40",10.5,CARD,1390512275054779
08/07/2024 13:00,Leeds,Robert Mahn,"Regular Chai latte - 2.30, Regular Filter coffee - 1.50, Regular Filter coffee - 1.50, Regular Filter coffee - 1.50",6.8,CARD,7268958935589946
08/07/2024 13:00,Leeds,Jennie Cruice,"Large Hot Chocolate - 1.70, Large Iced americano - 2.50, Large Filter coffee - 1.80",6.0,CARD,9942108782503265
08/07/2024 13:01,Leeds,James Warren,"Regular Hot Chocolate - 1.40, Regular Hot Chocolate - 1.40, Regular Filter coffee - 1.50",4.3,CARD,9521521219815461
08/07/2024 13:02,Leeds,Ernest Luzar,"Large Filter coffee - 1.80, Regular Speciality Tea - English breakfast - 1.30, Large Hot Chocolate - 1.70, Regular Hot Chocolate - 1.40",6.2,CARD,6663483375604702
08/07/2024 13:03,Leeds,Robert Gibson,"Large Filter coffee - 1.80, Large Chai latte - 2.60, Large Hot Chocolate - 1.70",6.1,CASH,
08/07/2024 13:04,Leeds,Robert Dowd,Large Chai latte - 2.60,2.6,CARD,8143982718465938
08/07/2024 13:05,Leeds,Dennis Kintzel,"Large Hot Chocolate - 1.70, Regular Hot Chocolate - 1.40, Regular Speciality Tea - English breakfast - 1.30",4.4,CARD,1867606965147923
08/07/2024 13:05,Leeds,Katherine Brown,"Regular Hot Chocolate - 1.40, Regular Hot Chocolate - 1.40, Regular Chai latte - 2.30",5.1,CARD,5014945780076489
08/07/2024 13:06,Leeds,Leah Stutzman,Large Iced americano - 2.50,2.5,CARD,8879263032461170
08/07/2024 13:07,Leeds,Lula Santos,Regular Filter coffee - 1.50,1.5,CARD,3793100396750096
08/07/2024 13:08,Leeds,Rusty Simonds,"Large Hot Chocolate - 1.70, Regular Speciality Tea - English breakfast - 1.30, Regular Hot Chocolate - 1.40",4.4,CARD,8827692783685409
08/07/2024 13:09,Leeds,Sadie Standen,"Large Speciality Tea - English breakfast - 1.60, Regular Hot Chocolate - 1.40, Large Filter coffee - 1.80",4.8,CASH,
08/07/2024 13:10,Leeds,Daniel Powell,"Regular Speciality Tea - English breakfast - 1.30, Large Iced americano - 2.50",3.8,CARD,3463416879889349
08/07/2024 13:10,Leeds,Paul French,"Regular Hot Chocolate - 1.40, Regular Hot Chocolate - 1.40, Regular Chai latte - 2.30",5.1,CASH,
08/07/2024 13:11,Leeds,Barbara Crosby,"Large Filter coffee - 1.80, Large Hot Chocolate - 1.70",3.5,CASH,
08/07/2024 13:12,Leeds,Hunter Klein,"Regular Iced americano - 2.15, Regular Speciality Tea - English breakfast - 1.30",3.45,CARD,7922486123850965
08/07/2024 13:13,Leeds,Thomas Frady,"Large Hot Chocolate - 1.70, Regular Hot Chocolate - 1.40",3.1,CARD,5882892813837638
08/07/2024 13:14,Leeds,Nancy Diggs,Regular Hot Chocolate - 1.40,1.4,CARD,7588143125293225
08/07/2024 13:15,Leeds,Arthur Norwood,"Regular Chai latte - 2.30, Regular Iced americano - 2.15",4.45,CARD,5408024404396804
08/07/2024 13:15,Leeds,Eugene Heintz,"Regular Chai latte - 2.30, Large Chai latte - 2.60",4.9,CARD,6010211333048813
08/07/2024 13:16,Leeds,Mark Manley,"Regular Filter coffee - 1.50, Large Filter coffee - 1.80, Large Iced americano - 2.50, Large Iced americano - 2.50",8.3,CASH,
08/07/2024 13:17,Leeds,Jody Kennedy,"Large Filter coffee - 1.80, Large Hot Chocolate - 1.70, Regular Hot Chocolate - 1.40, Regular Filter coffee - 1.50",6.4,CARD,3108770355919453
08/07/2024 13:18,Leeds,Rita Duck,"Large Chai latte - 2.60, Large Chai latte - 2.60",5.2,CARD,4760492577980751
08/07/2024 13:19,Leeds,Teresa Vollmer,Large Filter coffee - 1.80,1.8,CARD,9764321272714146
08/07/2024 13:20,Leeds,Ferdinand Harrington,"Regular Chai latte - 2.30, Large Speciality Tea - English breakfast - 1.60, Large Filter coffee - 1.80, Large Hot Chocolate - 1.70",7.4,CARD,8020756999975182
08/07/2024 13:20,Leeds,Linda West,"Regular Hot Chocolate - 1.40, Regular Speciality Tea - English breakfast - 1.30, Regular Chai latte - 2.30",5.0,CARD,9248411102057625
08/07/2024 13:21,Leeds,David Donnelly,"Large Hot Chocolate - 1.70, Regular Speciality Tea - English breakfast - 1.30",3.0,CARD,8217934420297649
08/07/2024 13:22,Leeds,Ryan Dyer,"Large Chai latte - 2.60, Large Filter coffee - 1.80",4.4,CARD,3519449884250179
08/07/2024 13:23,Leeds,Elmo Wyatt,"Regular Hot Chocolate - 1.40, Regular Filter coffee - 1.50, Large Iced americano - 2.50, Regular Speciality Tea - English breakfast - 1.30, Large Hot Chocolate - 1.70",8.4,CARD,4475884493101303
08/07/2024 13:24,Leeds,Jeanna Kolb,"Large Filter coffee - 1.80, Large Iced americano - 2.50, Large Hot Chocolate - 1.70",6.0,CARD,3161946742137263
08/07/2024 13:25,Leeds,Leanne Cody,Large Iced americano - 2.50,2.5,CARD,1369162883231530
08/07/2024 13:25,Leeds,Pearl Aburto,"Regular Filter coffee - 1.50, Regular Filter coffee - 1.50",3.0,CASH,
08/07/2024 13:26,Leeds,Karen Schull,"Large Chai latte - 2.60, Large Filter coffee - 1.80",4.4,CASH,
08/07/2024 13:27,Leeds,Amy Burks,"Large Speciality Tea - English breakfast - 1.60, Large Hot Chocolate - 1.70, Regular Chai latte - 2.30, Large Filter coffee - 1.80",7.4,CASH,
08/07/2024 13:28,Leeds,Eileen Fitzgerald,"Large Chai latte - 2.60, Large Hot Chocolate - 1.70",4.3,CARD,7932521849003739
08/07/2024 13:29,Leeds,Mike Martin,"Regular Iced americano - 2.15, Large Hot Chocolate - 1.70, Large Speciality Tea - English breakfast - 1.60",5.45,CARD,3113884132315313
08/07/2024 13:30,Leeds,Charles Smith,"Regular Filter coffee - 1.50, Regular Iced americano - 2.15, Regular Chai latte - 2.30",5.95,CASH,
08/07/2024 13:30,Leeds,Edith Hendrix,Regular Speciality Tea - English breakfast - 1.30,1.3,CARD,5090267050271346
08/07/2024 13:31,Leeds,Jeremy Lewis,"Large Chai latte - 2.60, Large Filter coffee - 1.80, Regular Filter coffee - 1.50, Regular Iced americano - 2.15",8.05,CASH,
08/07/2024 13:32,Leeds,Carmen Blattner,"Large Filter coffee - 1.80, Regular Chai latte - 2.30, Regular Speciality Tea - English breakfast - 1.30, Large Speciality Tea - English breakfast - 1.60, Regular Hot Chocolate - 1.40",8.4,CASH,
08/07/2024 13:33,Leeds,Carrie New,Regular Hot Chocolate - 1.40,1.4,CARD,6396273522262095
08/07/2024 13:34,Leeds,Tommy Carlisle,Regular Filter coffee - 1.50,1.5,CARD,3416869298371547
08/07/2024 13:35,Leeds,Linda Cuellar,"Regular Hot Chocolate - 1.40, Regular Chai latte - 2.30, Regular Filter coffee - 1.50, Large Iced americano - 2.50, Large Hot Chocolate - 1.70, Large Filter coffee - 1.80",11.2,CARD,1959797841681794
08/07/2024 13:35,Leeds,Daniel Davis,"Large Iced americano - 2.50, Large Filter coffee - 1.80",4.3,CARD,9509203943796998
08/07/2024 13:36,Leeds,James Currin,"Regular Filter coffee - 1.50, Large Filter coffee - 1.80",3.3,CASH,
08/07/2024 13:37,Leeds,Marc Brock,Regular Speciality Tea - English breakfast - 1.30,1.3,CARD,1718565775163759
08/07/2024 13:38,Leeds,Herbert Mcdivitt,Large Speciality Tea - English breakfast - 1.60,1.6,CARD,3971864254669371
08/07/2024 13:39,Leeds,Amy Macmillan,"Regular Filter coffee - 1.50, Regular Chai latte - 2.30, Large Iced americano - 2.50, Large Iced americano - 2.50",8.8,CARD,7052790698325699
08/07/2024 13:40,Leeds,Jessica Estrada,Large Speciality Tea - English breakfast - 1.60,1.6,CARD,8253170561204874
08/07/2024 13:40,Leeds,Jesse Sharp,"Regular Speciality Tea - English breakfast - 1.30, Regular Iced americano - 2.15, Regular Filter coffee - 1.50, Large Hot Chocolate - 1.70, Regular Iced americano - 2.15",8.8,CARD,2042029223300756
08/07/2024 13:41,Leeds,Eartha Pool,Large Filter coffee - 1.80,1.8,CARD,6632986295227372
08/07/2024 13:42,Leeds,Jerry Nelson,"Large Chai latte - 2.60, Large Filter coffee - 1.80, Regular Chai latte - 2.30, Large Hot Chocolate - 1.70",8.4,CARD,8193168055353954
08/07/2024 13:43,Leeds,John Beltran,"Regular Filter coffee - 1.50, Regular Filter coffee - 1.50, Regular Iced americano - 2.15, Regular Filter coffee - 1.50",6.65,CARD,6864819950864934
08/07/2024 13:44,Leeds,Maxine Hagge,"Large Chai latte - 2.60, Large Speciality Tea - English breakfast - 1.60, Regular Iced americano - 2.15",6.35,CARD,6081494816493039
08/07/2024 13:45,Leeds,Eric Singleton,"Large Speciality Tea - English breakfast - 1.60, Large Filter coffee - 1.80, Regular Iced americano - 2.15, Regular Iced americano - 2.15, Regular Chai latte - 2.30",10.0,CARD,8644247657429429
08/07/2024 13:45,Leeds,Rebecca Rice,"Large Hot Chocolate - 1.70, Large Hot Chocolate - 1.70, Regular Hot Chocolate - 1.40, Large Chai latte - 2.60, Regular Chai latte - 2.30",9.7,CASH,
08/07/2024 13:46,Leeds,John Parker,Regular Filter coffee - 1.50,1.5,CARD,5272329965784022
08/07/2024 13:47,Leeds,Francis Mccullough,"Regular Speciality Tea - English breakfast - 1.30, Large Iced americano - 2.50",3.8,CASH,
08/07/2024 13:48,Leeds,Olivia Lewandowski,Large Iced americano - 2.50,2.5,CARD,5714043918530175
08/07/2024 13:49,Leeds,Jovita Patton,"Regular Hot Chocolate - 1.40, Regular Hot Chocolate - 1.40, Regular Iced americano - 2.15, Regular Iced americano - 2.15, Regular Speciality Tea - English breakfast - 1.30, Large Iced americano - 2.50",10.9,CASH,
08/07/2024 13:50,Leeds,Heather Barnes,"Regular Chai latte - 2.30, Regular Speciality Tea - English breakfast - 1.30",3.6,CASH,
08/07/2024 13:50,Leeds,Brandie Mcmillian,Large Filter coffee - 1.80,1.8,CASH,
08/07/2024 13:51,Leeds,Robert Roe,"Large Speciality Tea - English breakfast - 1.60, Regular Iced americano - 2.15, Large Speciality Tea - English breakfast - 1.60, Large Iced americano - 2.50, Large Iced americano - 2.50",10.35,CARD,2515963870397263
08/07/2024 13:52,Leeds,Ramon Ereaux,"Regular Speciality Tea - English breakfast - 1.30, Large Speciality Tea - English breakfast - 1.60",2.9,CASH,
08/07/2024 13:53,Leeds,Christine Doyle,"Large Chai latte - 2.60, Regular Hot Chocolate - 1.40, Large Speciality Tea - English breakfast - 1.60",5.6,CARD,3995868718621744
08/07/2024 13:54,Leeds,Luz Cottier,"Large Hot Chocolate - 1.70, Large Chai latte - 2.60, Large Speciality Tea - English breakfast - 1.60",5.9,CASH,
08/07/2024 13:55,Leeds,Geraldine Sankey,Regular Iced americano - 2.15,2.15,CASH,
08/07/2024 13:55,Leeds,Keisha Everett,"Regular Speciality Tea - English breakfast - 1.30, Regular Hot Chocolate - 1.40, Large Iced americano - 2.50",5.2,CARD,8747767099250128
08/07/2024 13:56,Leeds,Janet Mccauley,"Large Iced americano - 2.50, Large Speciality Tea - English breakfast - 1.60",4.1,CASH,
08/07/2024 13:57,Leeds,Lisa Sterrett,"Large Hot Chocolate - 1.70, Regular Speciality Tea - English breakfast - 1.30, Large Speciality Tea - English breakfast - 1.60",4.6,CARD,7740317698795095
08/07/2024 13:58,Leeds,Albert Wilcox,"Large Speciality Tea - English breakfast - 1.60, Regular Speciality Tea - English breakfast - 1.30, Regular Iced americano - 2.15, Large Iced americano - 2.50, Large Speciality Tea - English breakfast - 1.60, Regular Hot Chocolate - 1.40",10.55,CARD,2469879337574735
08/07/2024 13:59,Leeds,Todd Brown,"Regular Iced americano - 2.15, Large Filter coffee - 1.80, Large Filter coffee - 1.80, Large Speciality Tea - English breakfast - 1.60",7.35,CARD,7874562340128555
08/07/2024 14:00,Leeds,Danielle Davis,Regular Hot Chocolate - 1.40,1.4,CASH,
08/07/2024 14:01,Leeds,Eddie Crawford,"Large Filter coffee - 1.80, Large Chai latte - 2.60, Regular Iced americano - 2.15",6.55,CASH,
08/07/2024 14:02,Leeds,Kristine Stricklin,"Regular Chai latte - 2.30, Large Filter coffee - 1.80",4.1,CASH,
08/07/2024 14:02,Leeds,Robert Bumpus,"Regular Chai latte - 2.30, Large Chai latte - 2.60",4.9,CASH,
08/07/2024 14:03,Leeds,Ralph Crawford,"Regular Filter coffee - 1.50, Large Iced americano - 2.50",4.0,CARD,1873766389758623
08/07/2024 14:04,Leeds,Anthony Rodriguez,Regular Filter coffee - 1.50,1.5,CARD,7435079248975983
08/07/2024 14:05,Leeds,James Shell,"Large Filter coffee - 1.80, Regular Hot Chocolate - 1.40, Large Iced americano - 2.50, Regular Chai latte - 2.30",8.0,CARD,3700350778738172
08/07/2024 14:06,Leeds,Jose Fernandez,"Regular Filter coffee - 1.50, Regular Chai latte - 2.30, Regular Chai latte - 2.30, Large Hot Chocolate - 1.70",7.8,CARD,9021377132993617
08/07/2024 14:07,Leeds,Ann Kallman,"Large Iced americano - 2.50, Large Hot Chocolate - 1.70, Large Filter coffee - 1.80",6.0,CARD,2206980196761601
08/07/2024 14:08,Leeds,Donette Phuong,"Regular Filter coffee - 1.50, Regular Iced americano - 2.15, Regular Hot Chocolate - 1.40, Large Hot Chocolate - 1.70",6.75,CARD,1056268583665333
08/07/2024 14:09,Leeds,Thomas Castellanos,"Regular Speciality Tea - English breakfast - 1.30, Regular Chai latte - 2.30, Large Filter coffee - 1.80, Regular Hot Chocolate - 1.40, Regular Hot Chocolate - 1.40",8.2,CASH,
08/07/2024 14:10,Leeds,Donn Raap,"Large Chai latte - 2.60, Large Speciality Tea - English breakfast - 1.60",4.2,CARD,2843690356524865
08/07/2024 14:11,Leeds,James Sequeira,"Large Iced americano - 2.50, Large Iced americano - 2.50, Large Speciality Tea - English breakfast - 1.60, Regular Chai latte - 2.30, Large Filter coffee - 1.80",10.7,CARD,5761650470041200
08/07/2024 14:12,Leeds,Heather Jackson,"Regular Hot Chocolate - 1.40, Regular Speciality Tea - English breakfast - 1.30, Regular Iced americano - 2.15, Regular Chai latte - 2.30",7.15,CARD,3114239761191531
08/07/2024 14:13,Leeds,Amy Harpe,"Regular Hot Chocolate - 1.40, Regular Hot Chocolate - 1.40",2.8,CARD,3216264341617045
08/07/2024 14:14,Leeds,Roy Chapman,"Regular Chai latte - 2.30, Regular Chai latte - 2.30, Large Speciality Tea - English breakfast - 1.60",6.2,CASH,
08/07/2024 14:15,Leeds,Michelle Yi,"Large Chai latte - 2.60, Large Hot Chocolate - 1.70, Large Chai latte - 2.60, Regular Speciality Tea - English breakfast - 1.30",8.2,CARD,1482205381605621
08/07/2024 14:16,Leeds,Renea Montgomery,"Large Iced americano - 2.50, Regular Filter coffee - 1.50, Large Filter coffee - 1.80",5.8,CARD,4198140548633025
08/07/2024 14:17,Leeds,Evelyn Jerman,"Regular Filter coffee - 1.50, Large Filter coffee - 1.80, Regular Filter coffee - 1.50, Regular Chai latte - 2.30",7.1,CASH,
08/07/2024 14:18,Leeds,Tara Villareal,"Large Iced americano - 2.50, Regular Chai latte - 2.30, Large Speciality Tea - English breakfast - 1.60",6.4,CARD,3861312366399204
08/07/2024 14:19,Leeds,Julia Harrison,Large Chai latte - 2.60,2.6,CARD,8574589173267908
08/07/2024 14:20,Leeds,George Alexander,"Large Filter coffee - 1.80, Regular Hot Chocolate - 1.40, Large Iced americano - 2.50",5.7,CARD,8180952051701741
08/07/2024 14:21,Leeds,Francesco Dahl,"Regular Hot Chocolate - 1.40, Regular Filter coffee - 1.50, Regular Filter coffee - 1.50",4.4,CASH,
08/07/2024 14:21,Leeds,Donna Booker,"Regular Iced americano - 2.15, Large Chai latte - 2.60",4.75,CARD,5824575762018258
08/07/2024 14:22,Leeds,Ronald Acosta,"Regular Filter coffee - 1.50, Regular Iced americano - 2.15, Regular Speciality Tea - English breakfast - 1.30, Large Filter coffee - 1.80",6.75,CARD,6621957155099178
08/07/2024 14:23,Leeds,Justin Quist,"Regular Chai latte - 2.30, Regular Filter coffee - 1.50, Large Filter coffee - 1.80, Large Filter coffee - 1.80, Regular Iced americano - 2.15",9.55,CASH,
08/07/2024 14:24,Leeds,Kyle Westphal,"Large Filter coffee - 1.80, Large Filter coffee - 1.80, Regular Chai latte - 2.30",5.9,CARD,7805927086619694
08/07/2024 14:25,Leeds,Amanda Henderson,Regular Iced americano - 2.15,2.15,CARD,3388743130723935
08/07/2024 14:26,Leeds,Rosie Cook,"Large Iced americano - 2.50, Large Filter coffee - 1.80, Regular Speciality Tea - English breakfast - 1.30, Regular Iced americano - 2.15, Regular Filter coffee - 1.50",9.25,CARD,5355290155575109
08/07/2024 14:27,Leeds,Michael Jenkins,"Regular Speciality Tea - English breakfast - 1.30, Large Chai latte - 2.60",3.9,CASH,
08/07/2024 14:28,Leeds,Ilene Scherman,"Large Iced americano - 2.50, Large Filter coffee - 1.80",4.3,CARD,2506817967904839
08/07/2024 14:29,Leeds,Carolyn Castillo,Regular Chai latte - 2.30,2.3,CASH,
08/07/2024 14:30,Leeds,Eleanor Clark,"Regular Iced americano - 2.15, Large Chai latte - 2.60, Regular Hot Chocolate - 1.40",6.15,CARD,2436597814518123
08/07/2024 14:31,Leeds,Stanley Hemphill,"Large Hot Chocolate - 1.70, Large Filter coffee - 1.80",3.5,CASH,
08/07/2024 14:32,Leeds,Julie Brown,"Large Hot Chocolate - 1.70, Large Speciality Tea - English breakfast - 1.60",3.3,CASH,
08/07/2024 14:33,Leeds,Laura Krul,"Regular Chai latte - 2.30, Regular Chai latte - 2.30, Large Filter coffee - 1.80, Large Speciality Tea - English breakfast - 1.60, Regular Hot Chocolate - 1.40",9.4,CARD,8156889954654782
08/07/2024 14:34,Leeds,James Garcia,Regular Filter coffee - 1.50,1.5,CASH,
08/07/2024 14:35,Leeds,John Hirkaler,"Regular Filter coffee - 1.50, Regular Chai latte - 2.30, Large Hot Chocolate - 1.70, Large Filter coffee - 1.80, Large Speciality Tea - English breakfast - 1.60, Regular Hot Chocolate - 1.40",10.3,CARD,9023262523834065
08/07/2024 14:36,Leeds,James Burgos,"Regular Hot Chocolate - 1.40, Large Speciality Tea - English breakfast - 1.60, Large Hot Chocolate - 1.70, Large Filter coffee - 1.80, Large Iced americano - 2.50",9.0,CASH,
08/07/2024 14:37,Leeds,Christopher Carlson,"Large Chai latte - 2.60, Large Filter coffee - 1.80",4.4,CASH,
08/07/2024 14:38,Leeds,David Saldana,"Regular Filter coffee - 1.50, Large Iced americano - 2.50, Regular Speciality Tea - English breakfast - 1.30, Regular Iced americano - 2.15",7.45,CARD,6992315461594113
08/07/2024 14:39,Leeds,William Price,Large Filter coffee - 1.80,1.8,CASH,
08/07/2024 14:40,Leeds,Roger Nhek,"Large Filter coffee - 1.80, Regular Hot Chocolate - 1.40, Large Speciality Tea - English breakfast - 1.60, Regular Filter coffee - 1.50, Regular Filter coffee - 1.50",7.8,CARD,4996196035340435
08/07/2024 14:40,Leeds,Curtis Gunn,"Regular Filter coffee - 1.50, Large Chai latte - 2.60, Large Speciality Tea - English breakfast - 1.60, Large Hot Chocolate - 1.70",7.4,CASH,
08/07/2024 14:41,Leeds,John Pisano,Regular Filter coffee - 1.50,1.5,CARD,2975274420823946
08/07/2024 14:42,Leeds,Leisha Kelly,"Regular Iced americano - 2.15, Large Chai latte - 2.60, Large Filter coffee - 1.80",6.55,CASH,
08/07/2024 14:43,Leeds,Mamie Sylvester,"Large Chai latte - 2.60, Large Iced americano - 2.50, Large Filter coffee - 1.80",6.9,CARD,1531293467804767
08/07/2024 14:44,Leeds,Coral Gonzales,Large Filter coffee - 1.80,1.8,CARD,1833161730549578
08/07/2024 14:45,Leeds,Sylvia Kerr,Large Speciality Tea - English breakfast - 1.60,1.6,CARD,3352534195754380
08/07/2024 14:46,Leeds,Willie Sells,"Regular Chai latte - 2.30, Large Chai latte - 2.60",4.9,CASH,
08/07/2024 14:47,Leeds,Shirl Scott,Large Filter coffee - 1.80,1.8,CASH,
08/07/2024 14:48,Leeds,Lea Keefe,Large Iced americano - 2.50,2.5,CARD,5221933875636760
08/07/2024 14:49,Leeds,Michael Harrison,Large Filter coffee - 1.80,1.8,CARD,2456274000216319
08/07/2024 14:50,Leeds,Theresa Moore,"Regular Hot Chocolate - 1.40, Regular Chai latte - 2.30, Large Hot Chocolate - 1.70",5.4,CASH,
08/07/2024 14:51,Leeds,Mildred Seaberry,"Regular Speciality Tea - English breakfast - 1.30, Large Speciality Tea - English breakfast - 1.60, Regular Chai latte - 2.30, Large Filter coffee - 1.80, Regular Hot Chocolate - 1.40, Regular Filter coffee - 1.50",9.9,CARD,4720355499403177
08/07/2024 14:52,Leeds,Steven Jordan,"Large Speciality Tea - English breakfast - 1.60, Regular Iced americano - 2.15, Regular Iced americano - 2.15",5.9,CARD,7777785047839506
08/07/2024 14:53,Leeds,Clementine Stecklein,"Regular Iced americano - 2.15, Regular Hot Chocolate - 1.40, Large Hot Chocolate - 1.70, Large Hot Chocolate - 1.70, Regular Speciality Tea - English breakfast - 1.30",8.25,CARD,5137890773209468
08/07/2024 14:54,Leeds,James Rowe,"Regular Filter coffee - 1.50, Regular Filter coffee - 1.50, Regular Chai latte - 2.30, Large Hot Chocolate - 1.70, Large Hot Chocolate - 1.70",8.7,CARD,9152352378897488
08/07/2024 14:55,Leeds,Linda Sutter,Regular Filter coffee - 1.50,1.5,CARD,7534899081783392
08/07/2024 14:56,Leeds,Alvaro Blackmore,"Regular Speciality Tea - English breakfast - 1.30, Large Speciality Tea - English breakfast - 1.60, Regular Iced americano - 2.15, Large Chai latte - 2.60, Regular Hot Chocolate - 1.40",9.05,CARD,2289778174744544
08/07/2024 14:57,Leeds,Christine Turner,"Regular Iced americano - 2.15, Regular Chai latte - 2.30",4.45,CARD,4306974130335540
08/07/2024 14:58,Leeds,Lois Scheffler,Regular Chai latte - 2.30,2.3,CARD,8336677001722705
08/07/2024 14:59,Leeds,Alice Brook,"Large Chai latte - 2.60, Large Hot Chocolate - 1.70",4.3,CARD,8989479118085689
08/07/2024 14:59,Leeds,Francisco Kucharski,"Large Speciality Tea - English breakfast - 1.60, Large Speciality Tea - English breakfast - 1.60, Regular Filter coffee - 1.50, Regular Hot Chocolate - 1.40",6.1,CASH,
08/07/2024 15:00,Leeds,Nicholas Gregorio,Large Filter coffee - 1.80,1.8,CARD,6723848091886722
08/07/2024 15:01,Leeds,David Brroks,Regular Filter coffee - 1.50,1.5,CARD,4027091017425560
08/07/2024 15:02,Leeds,Phillip Burchett,"Regular Chai latte - 2.30, Regular Hot Chocolate - 1.40",3.7,CASH,
08/07/2024 15:03,Leeds,Jane Glazener,"Regular Speciality Tea - English breakfast - 1.30, Regular Chai latte - 2.30, Large Chai latte - 2.60, Large Filter coffee - 1.80",8.0,CASH,
08/07/2024 15:04,Leeds,Mary Harris,Regular Chai latte - 2.30,2.3,CASH,
08/07/2024 15:05,Leeds,Nicolas Clarke,Large Iced americano - 2.50,2.5,CASH,
08/07/2024 15:06,Leeds,Martha Mccallister,Regular Chai latte - 2.30,2.3,CARD,3960973862131891
08/07/2024 15:07,Leeds,Trina Casas,"Regular Filter coffee - 1.50, Regular Chai latte - 2.30, Regular Hot Chocolate - 1.40, Large Filter coffee - 1.80",7.0,CASH,
08/07/2024 15:07,Leeds,Renda Ralston,"Large Chai latte - 2.60, Large Speciality Tea - English breakfast - 1.60, Large Speciality Tea - English breakfast - 1.60, Regular Speciality Tea - English breakfast - 1.30",7.1,CASH,
08/07/2024 15:08,Leeds,William Freeman,Regular Hot Chocolate - 1.40,1.4,CARD,7159515889510217
08/07/2024 15:09,Leeds,Blanche Singleton,"Regular Filter coffee - 1.50, Regular Filter coffee - 1.50, Large Hot Chocolate - 1.70, Large Chai latte - 2.60, Large Iced americano - 2.50",9.8,CARD,4256586759905089
08/07/2024 15:10,Leeds,Vernon Andreason,"Regular Chai latte - 2.30, Regular Chai latte - 2.30, Large Filter coffee - 1.80, Regular Filter coffee - 1.50",7.9,CARD,8065095905727610
08/07/2024 15:11,Leeds,George Westberg,Regular Speciality Tea - English breakfast - 1.30,1.3,CARD,5364443593179236
08/07/2024 15:12,Leeds,Betty Aquilina,"Large Iced americano - 2.50, Large Speciality Tea - English breakfast - 1.60",4.1,CARD,8511562288536665
08/07/2024 15:13,Leeds,Gerald Winegar,"Regular Chai latte - 2.30, Large Speciality Tea - English breakfast - 1.60, Large Filter coffee - 1.80",5.7,CARD,1074691456629313
08/07/2024 15:14,Leeds,Leticia Young,"Regular Speciality Tea - English breakfast - 1.30, Large Chai latte - 2.60, Large Chai latte - 2.60, Regular Filter coffee - 1.50",8.0,CARD,1997108325258757
08/07/2024 15:14,Leeds,John Lawrence,"Large Filter coffee - 1.80, Regular Filter coffee - 1.50, Regular Speciality Tea - English breakfast - 1.30, Regular Filter coffee - 1.50, Large Iced americano - 2.50",8.6,CASH,
08/07/2024 15:15,Leeds,Larry Laubach,"Regular Filter coffee - 1.50, Regular Speciality Tea - English breakfast - 1.30",2.8,CASH,
08/07/2024 15:16,Leeds,Ian Murchison,"Large Filter coffee - 1.80, Regular Speciality Tea - English breakfast - 1.30, Large Hot Chocolate - 1.70, Large Chai latte - 2.60, Large Chai latte - 2.60",10.0,CARD,9395405123926889
08/07/2024 15:17,Leeds,Bryan Halverson,"Regular Chai latte - 2.30, Regular Hot Chocolate - 1.40, Regular Hot Chocolate - 1.40, Regular Speciality Tea - English breakfast - 1.30",6.4,CASH,
08/07/2024 15:18,Leeds,Rosemary Walls,"Large Iced americano - 2.50, Regular Iced americano - 2.15, Large Hot Chocolate - 1.70, Regular Iced americano - 2.15, Large Chai latte - 2.60",11.1,CASH,
08/07/2024 15:19,Leeds,Misty Doss,"Regular Iced americano - 2.15, Large Iced americano - 2.50, Regular Speciality Tea - English breakfast - 1.30",5.95,CASH,
08/07/2024 15:20,Leeds,Harry Russell,Regular Iced americano - 2.15,2.15,CASH,
08/07/2024 15:21,Leeds,Stephen Newman,"Regular Speciality Tea - English breakfast - 1.30, Regular Iced americano - 2.15, Regular Hot Chocolate - 1.40, Regular Speciality Tea - English breakfast - 1.30, Regular Iced americano - 2.15",8.3,CARD,8185386396695064
08/07/2024 15:22,Leeds,Devin Robles,"Large Iced americano - 2.50, Regular Speciality Tea - English breakfast - 1.30",3.8,CARD,2928384128638674
08/07/2024 15:22,Leeds,Demetra Burkman,"Regular Filter coffee - 1.50, Large Chai latte - 2.60, Regular Chai latte - 2.30",6.4,CARD,5546117019559188
08/07/2024 15:23,Leeds,David Wilhoite,"Large Speciality Tea - English breakfast - 1.60, Regular Iced americano - 2.15, Regular Hot Chocolate - 1.40",5.15,CARD,1930369345648398
08/07/2024 15:24,Leeds,Heather Saunders,"Large Iced americano - 2.50, Large Hot Chocolate - 1.70, Large Speciality Tea - English breakfast - 1.60, Large Filter coffee - 1.80",7.6,CARD,8893151408699534
08/07/2024 15:25,Leeds,Ignacio Roman,"Regular Speciality Tea - English breakfast - 1.30, Regular Chai latte - 2.30",3.6,CARD,2035579796278549
08/07/2024 15:26,Leeds,Marion Newman,Large Chai latte - 2.60,2.6,CARD,9777492675875602
08/07/2024 15:27,Leeds,Joel Carter,"Regular Hot Chocolate - 1.40, Large Iced americano - 2.50",3.9,CARD,2354185144874896
08/07/2024 15:28,Leeds,Richard Murphy,"Large Filter coffee - 1.80, Regular Filter coffee - 1.50, Large Chai latte - 2.60, Regular Chai latte - 2.30",8.2,CARD,9278322053749511
08/07/2024 15:29,Leeds,Michael Reid,"Large Speciality Tea - English breakfast - 1.60, Large Chai latte - 2.60, Large Speciality Tea - English breakfast - 1.60, Large Speciality Tea - English breakfast - 1.60",7.4,CARD,7665647323521923
08/07/2024 15:29,Leeds,Norman Hammett,"Large Iced americano - 2.50, Regular Filter coffee - 1.50, Large Speciality Tea - English breakfast - 1.60, Large Speciality Tea - English breakfast - 1.60, Regular Hot Chocolate - 1.40",8.6,CASH,
08/07/2024 15:30,Leeds,Derrick Toney,"Large Filter coffee - 1.80, Large Chai latte - 2.60, Regular Iced americano - 2.15",6.55,CARD,9801258644473089
08/07/2024 15:31,Leeds,Thomas Llanes,"Large Speciality Tea - English breakfast - 1.60, Regular Filter coffee - 1.50, Regular Hot Chocolate - 1.40, Regular Speciality Tea - English breakfast - 1.30, Regular Speciality Tea - English breakfast - 1.30",7.1,CARD,2755542744792307
08/07/2024 15:32,Leeds,Maureen Seeley,"Regular Iced americano - 2.15, Regular Iced americano - 2.15",4.3,CARD,5355734548099078
08/07/2024 15:33,Leeds,Danny Patrick,"Large Iced americano - 2.50, Large Filter coffee - 1.80, Regular Speciality Tea - English breakfast - 1.30",5.6,CARD,2198579419318934
08/07/2024 15:34,Leeds,Terry Edgin,"Regular Iced americano - 2.15, Large Filter coffee - 1.80, Large Chai latte - 2.60",6.55,CARD,1051964458831834
08/07/2024 15:35,Leeds,Alyssa Miyamoto,"Regular Filter coffee - 1.50, Large Chai latte - 2.60",4.1,CARD,2813832703216603
08/07/2024 15:36,Leeds,Robin Hurst,"Regular Iced americano - 2.15, Regular Chai latte - 2.30, Regular Filter coffee - 1.50",5.95,CARD,2295435149025513
08/07/2024 15:36,Leeds,Debra Lewis,Large Filter coffee - 1.80,1.8,CARD,5375686188086147
08/07/2024 15:37,Leeds,Kathryn Bernstein,"Large Speciality Tea - English breakfast - 1.60, Regular Iced americano - 2.15",3.75,CARD,7249047905041353
08/07/2024 15:38,Leeds,Carol Adams,"Regular Chai latte - 2.30, Large Filter coffee - 1.80, Regular Speciality Tea - English breakfast - 1.30, Large Iced americano - 2.50",7.9,CARD,6532256999421369
08/07/2024 15:39,Leeds,Sidney Warhurst,"Regular Speciality Tea - English breakfast - 1.30, Large Speciality Tea - English breakfast - 1.60, Large Filter coffee - 1.80, Regular Hot Chocolate - 1.40, Large Chai latte - 2.60, Large Speciality Tea - English breakfast - 1.60",10.3,CARD,7164169788562313
08/07/2024 15:40,Leeds,Gary Steen,Large Filter coffee - 1.80,1.8,CARD,9104930656166374
08/07/2024 15:41,Leeds,Roy Paxson,"Regular Hot Chocolate - 1.40, Regular Filter coffee - 1.50",2.9,CARD,8735263417370380
08/07/2024 15:42,Leeds,Paul Nordahl,"Regular Filter coffee - 1.50, Regular Chai latte - 2.30, Large Chai latte - 2.60",6.4,CARD,3401624289209156
08/07/2024 15:43,Leeds,Carmine Berry,Regular Chai latte - 2.30,2.3,CARD,8548056516947758
08/07/2024 15:44,Leeds,Wendy Rodriquez,"Large Chai latte - 2.60, Large Filter coffee - 1.80",4.4,CARD,4710052546670024
08/07/2024 15:44,Leeds,Rose Haydu,"Regular Hot Chocolate - 1.40, Regular Chai latte - 2.30, Large Filter coffee - 1.80, Large Hot Chocolate - 1.70, Large Hot Chocolate - 1.70",8.9,CARD,5822389689177844
08/07/2024 15:45,Leeds,Renee Vitale,"Regular Chai latte - 2.30, Large Speciality Tea - English breakfast - 1.60, Regular Chai latte - 2.30",6.2,CARD,5885649811548613
08/07/2024 15:46,Leeds,Meghan Sandoz,Regular Filter coffee - 1.50,1.5,CARD,7813479214049773
08/07/2024 15:47,Leeds,John Budreau,"Regular Chai latte - 2.30, Regular Speciality Tea - English breakfast - 1.30",3.6,CASH,
08/07/2024 15:48,Leeds,David Reese,"Large Speciality Tea - English breakfast - 1.60, Large Chai latte - 2.60, Large Speciality Tea - English breakfast - 1.60",5.8,CARD,8121822371241982
08/07/2024 15:49,Leeds,Jerry Gonzalez,"Regular Chai latte - 2.30, Large Filter coffee - 1.80, Large Chai latte - 2.60",6.7,CARD,6474705551976601
08/07/2024 15:50,Leeds,Keith Tobey,"Large Filter coffee - 1.80, Large Chai latte - 2.60, Regular Chai latte - 2.30, Large Filter coffee - 1.80",8.5,CARD,6661692601290227
08/07/2024 15:51,Leeds,Timothy Mcgrew,"Regular Speciality Tea - English breakfast - 1.30, Large Filter coffee - 1.80, Regular Filter coffee - 1.50, Regular Filter coffee - 1.50",6.1,CARD,9187281996763455
08/07/2024 15:51,Leeds,Courtney Hansen,"Regular Iced americano - 2.15, Large Iced americano - 2.50, Regular Speciality Tea - English breakfast - 1.30",5.95,CARD,6968497774956907
08/07/2024 15:52,Leeds,Alexander Lindsay,"Large Filter coffee - 1.80, Regular Filter coffee - 1.50, Large Filter coffee - 1.80, Large Speciality Tea - English breakfast - 1.60, Large Hot Chocolate - 1.70",8.4,CARD,9588650110307810
08/07/2024 15:53,Leeds,Lorena Stark,"Large Chai latte - 2.60, Regular Iced americano - 2.15, Regular Filter coffee - 1.50, Large Chai latte - 2.60",8.85,CARD,8833793202849638
08/07/2024 15:54,Leeds,Amelia Charles,"Regular Speciality Tea - English breakfast - 1.30, Regular Chai latte - 2.30, Regular Iced americano - 2.15",5.75,CARD,7560827912927028
08/07/2024 15:55,Leeds,Antonio Belair,"Regular Hot Chocolate - 1.40, Regular Chai latte - 2.30, Large Hot Chocolate - 1.70, Large Iced americano - 2.50, Large Chai latte - 2.60",10.5,CARD,1734955207028153
08/07/2024 15:56,Leeds,Curtis Clark,"Regular Filter coffee - 1.50, Large Chai latte - 2.60, Large Filter coffee - 1.80",5.9,CARD,3884318737974602
08/07/2024 15:57,Leeds,Margaret Mitchell,"Large Speciality Tea - English breakfast - 1.60, Large Filter coffee - 1.80",3.4,CASH,
08/07/2024 15:58,Leeds,Scott Strickland,"Regular Filter coffee - 1.50, Regular Chai latte - 2.30",3.8,CARD,2165635174131758
08/07/2024 15:58,Leeds,Lionel Long,"Regular Speciality Tea - English breakfast - 1.30, Regular Speciality Tea - English breakfast - 1.30",2.6,CARD,2077468020954126
08/07/2024 15:59,Leeds,Miranda Brice,"Regular Hot Chocolate - 1.40, Large Iced americano - 2.50",3.9,CARD,4184371243694330
08/07/2024 16:00,Leeds,Thomas Koenen,"Large Iced americano - 2.50, Large Speciality Tea - English breakfast - 1.60, Regular Filter coffee - 1.50, Large Speciality Tea - English breakfast - 1.60",7.2,CARD,3390733476380680
08/07/2024 16:02,Leeds,Kelsie Mickel,"Regular Iced americano - 2.15, Large Iced americano - 2.50, Regular Speciality Tea - English breakfast - 1.30",5.95,CARD,1004243291106093
08/07/2024 16:04,Leeds,Walter Viggiano,"Large Hot Chocolate - 1.70, Regular Filter coffee - 1.50, Regular Iced americano - 2.15, Regular Iced americano - 2.15, Regular Iced americano - 2.15",9.65,CARD,1892552640554015
08/07/2024 16:05,Leeds,Brandon Omoyosi,Large Filter coffee - 1.80,1.8,CARD,6576897482146743
08/07/2024 16:07,Leeds,Daniel Terry,"Regular Chai latte - 2.30, Regular Filter coffee - 1.50, Large Hot Chocolate - 1.70, Large Iced americano - 2.50, Large Speciality Tea - English breakfast - 1.60",9.6,CARD,6665677923963760
08/07/2024 16:09,Leeds,Monika Hernandez,"Regular Iced americano - 2.15, Regular Iced americano - 2.15, Regular Iced americano - 2.15, Large Iced americano - 2.50",8.95,CARD,9979610133738569
08/07/2024 16:11,Leeds,Timothy Smith,"Regular Filter coffee - 1.50, Regular Chai latte - 2.30",3.8,CARD,1385217531631774
08/07/2024 16:12,Leeds,Gordon Lewis,"Regular Iced americano - 2.15, Large Filter coffee - 1.80, Regular Filter coffee - 1.50, Large Iced americano - 2.50, Regular Iced americano - 2.15",10.1,CARD,2115735435797842
08/07/2024 16:14,Leeds,Charles Jensen,Large Filter coffee - 1.80,1.8,CARD,4905727320320771
08/07/2024 16:16,Leeds,Kyle Cessna,Large Iced americano - 2.50,2.5,CASH,
08/07/2024 16:18,Leeds,Arline Williams,"Regular Filter coffee - 1.50, Regular Filter coffee - 1.50, Regular Filter coffee - 1.50, Regular Chai latte - 2.30, Regular Hot Chocolate - 1.40",8.2,CARD,8311337488438810
08/07/2024 16:20,Leeds,Valerie Villa,"Regular Hot Chocolate - 1.40, Regular Chai latte - 2.30",3.7,CARD,4995922568793738
08/07/2024 16:21,Leeds,Karisa Martinez,"Regular Chai latte - 2.30, Regular Iced americano - 2.15, Large Iced americano - 2.50, Large Iced americano - 2.50",9.45,CASH,
08/07/2024 16:23,Leeds,Charlie Otero,"Large Speciality Tea - English breakfast - 1.60, Regular Hot Chocolate - 1.40",3.0,CARD,9050746242099540
08/07/2024 16:25,Leeds,Douglas Dexter,"Regular Filter coffee - 1.50, Regular Chai latte - 2.30, Regular Chai latte - 2.30, Regular Filter coffee - 1.50, Large Filter coffee - 1.80, Large Hot Chocolate - 1.70",11.1,CARD,8204419273597784
08/07/2024 16:27,Leeds,Tonya Hamilton,"Large Speciality Tea - English breakfast - 1.60, Large Chai latte - 2.60",4.2,CARD,3406539934190652
08/07/2024 16:28,Leeds,Robert Bidwell,"Large Filter coffee - 1.80, Regular Iced americano - 2.15",3.95,CARD,8710840859926160
08/07/2024 16:30,Leeds,Roy Leite,"Large Chai latte - 2.60, Regular Iced americano - 2.15, Large Hot Chocolate - 1.70, Large Filter coffee - 1.80, Large Speciality Tea - English breakfast - 1.60, Regular Hot Chocolate - 1.40",11.25,CASH,
08/07/2024 16:32,Leeds,Lester Crockette,"Regular Filter coffee - 1.50, Regular Iced americano - 2.15, Large Speciality Tea - English breakfast - 1.60, Regular Filter coffee - 1.50, Large Chai latte - 2.60",9.35,CARD,5823049490559646
08/07/2024 16:34,Leeds,Dean Douglass,Regular Chai latte - 2.30,2.3,CASH,
08/07/2024 16:35,Leeds,Kenneth Campbell,Regular Chai latte - 2.30,2.3,CARD,5966748561962148
08/07/2024 16:37,Leeds,Francis Kelley,"Regular Speciality Tea - English breakfast - 1.30, Regular Chai latte - 2.30, Regular Chai latte - 2.30, Large Hot Chocolate - 1.70, Large Filter coffee - 1.80, Regular Speciality Tea - English breakfast - 1.30",10.7,CASH,
08/07/2024 16:39,Leeds,Daniel Covington,Regular Chai latte - 2.30,2.3,CASH,
08/07/2024 16:41,Leeds,Tracie Watson,"Regular Chai latte - 2.30, Regular Filter coffee - 1.50",3.8,CARD,6050733277985237
08/07/2024 16:42,Leeds,Frank Hendriks,Regular Iced americano - 2.15,2.15,CARD,1027088507925161
08/07/2024 16:44,Leeds,Gary Llewellyn,"Large Chai latte - 2.60, Large Speciality Tea - English breakfast - 1.60, Regular Filter coffee - 1.50",5.7,CARD,3107901144231109
08/07/2024 16:46,Leeds,Gerard Johnson,"Regular Speciality Tea - English breakfast - 1.30, Large Filter coffee - 1.80, Regular Chai latte - 2.30",5.4,CARD,6834002012071953
08/07/2024 16:48,Leeds,Jason Deshaies,"Large Hot Chocolate - 1.70, Regular Iced americano - 2.15",3.85,CARD,2004360699858707
08/07/2024 16:49,Leeds,Michelle Underwood,"Regular Filter coffee - 1.50, Large Filter coffee - 1.80, Large Chai latte - 2.60, Regular Filter coffee - 1.50, Large Filter coffee - 1.80",9.2,CASH,
08/07/2024 16:51,Leeds,Christopher Tardiff,Regular Speciality Tea - English breakfast - 1.30,1.3,CARD,4530111055596861
08/07/2024 16:53,Leeds,Scott Mann,Regular Iced americano - 2.15,2.15,CARD,4103524808511144
08/07/2024 16:55,Leeds,Joy Williams,"Large Speciality Tea - English breakfast - 1.60, Large Chai latte - 2.60, Large Speciality Tea - English breakfast - 1.60, Regular Hot Chocolate - 1.40, Regular Chai latte - 2.30, Large Chai latte - 2.60",12.1,CARD,7117177297285700
08/07/2024 16:56,Leeds,Melissa Jones,Regular Hot Chocolate - 1.40,1.4,CARD,6607921153124232
08/07/2024 16:58,Leeds,Ruth Homma,"Regular Chai latte - 2.30, Large Filter coffee - 1.80, Large Chai latte - 2.60",6.7,CARD,4040545745504500
