08/07/2024 09:00,London Camden,Roy Montano,"Large Iced latte - 2.85, Regular Chai latte - 2.30",5.15,CASH,
08/07/2024 09:02,London Camden,James Inda,"Regular Iced latte - 2.35, Large Flavoured latte - Vanilla - 2.85, Regular Speciality Tea - Peppermint - 1.30, Regular Flavoured hot chocolate - Vanilla - 2.60, Regular Luxury hot chocolate - 2.40, Regular Chai latte - 2.30",13.8,CASH,
08/07/2024 09:05,London Camden,Stephen Brownie,"Regular Chai latte - 2.30, Regular Luxury hot chocolate - 2.40, Regular Hot chocolate - 2.20, Regular Luxury hot chocolate - 2.40",9.3,CASH,
08/07/2024 09:08,London Camden,Ivan Fernandez,"Large Flavoured hot chocolate - Hazelnut - 2.90, Regular Speciality Tea - Peppermint - 1.30, Large Flavoured hot chocolate - Vanilla - 2.90",7.1,CASH,
08/07/2024 09:10,London Camden,Maria Tharp,"Regular Speciality Tea - Peppermint - 1.30, Large Flavoured latte - Vanilla - 2.85, Regular Flavoured latte - Vanilla - 2.55",6.7,CARD,3210955855588768
08/07/2024 09:13,London Camden,Kyle Anderson,"Large Iced latte - 2.85, Regular Hot chocolate - 2.20",5.05,CARD,5241630398512893
08/07/2024 09:16,London Camden,Sandra Siddique,"Regular Hot chocolate - 2.20, Regular Chai latte - 2.30",4.5,CARD,4523021439422112
08/07/2024 09:19,London Camden,Joseph Emerson,Large Iced latte - 2.85,2.85,CASH,
08/07/2024 09:21,London Camden,Christine Romero,"Large Chai latte - 2.60, Regular Iced latte - 2.35",4.95,CARD,3376012589145509
08/07/2024 09:24,London Camden,Emma Holcomb,Large Flavoured hot chocolate - Hazelnut - 2.90,2.9,CARD,9521756557744553
08/07/2024 09:27,London Camden,Jerome Chamberlain,Large Speciality Tea - Peppermint - 1.60,1.6,CASH,
08/07/2024 09:29,London Camden,Winston Young,"Regular Luxury hot chocolate - 2.40, Regular Hot chocolate - 2.20, Large Speciality Tea - Peppermint - 1.60",6.2,CARD,9978140955890721
08/07/2024 09:32,London Camden,Thomas Tremper,Regular Flavoured hot chocolate - Vanilla - 2.60,2.6,CASH,
08/07/2024 09:35,London Camden,William Ashalintubbi,"Large Flavoured hot chocolate - Vanilla - 2.90, Regular Flavoured hot chocolate - Vanilla - 2.60, Large Chai latte - 2.60",8.1,CARD,3893417723078153
08/07/2024 09:38,London Camden,Faye Mikesell,"Regular Flavoured hot chocolate - Vanilla - 2.60, Large Flavoured hot chocolate - Vanilla - 2.90",5.5,CASH,
08/07/2024 09:40,London Camden,Amanda Burrow,"Large Luxury hot chocolate - 2.70, Regular Chai latte - 2.30, Regular Chai latte - 2.30, Regular Flavoured hot chocolate - Hazelnut - 2.60, Regular Flavoured hot chocolate - Vanilla - 2.60",12.5,CARD,8756729983569962
08/07/2024 09:43,London Camden,Jeffrey Smith,Large Speciality Tea - Peppermint - 1.60,1.6,CARD,2878509973830851
08/07/2024 09:46,London Camden,Jesse Paulsen,"Large Luxury hot chocolate - 2.70, Large Speciality Tea - Peppermint - 1.60",4.3,CARD,8736743746827377
08/07/2024 09:48,London Camden,Roy Cabral,Large Flavoured hot chocolate - Hazelnut - 2.90,2.9,CARD,7366997168018307
08/07/2024 09:51,London Camden,Bruce Ward,"Regular Hot chocolate - 2.20, Regular Chai latte - 2.30, Large Chai latte - 2.60",7.1,CARD,6631551961281390
08/07/2024 09:54,London Camden,Walter Morris,"Large Flavoured hot chocolate - Hazelnut - 2.90, Large Speciality Tea - Peppermint - 1.60, Regular Flavoured hot chocolate - Hazelnut - 2.60",7.1,CARD,3378727594078165
08/07/2024 09:57,London Camden,Doris Hail,"Large Luxury hot chocolate - 2.70, Regular Chai latte - 2.30, Regular Luxury hot chocolate - 2.40",7.4,CARD,2988372406834732
08/07/2024 09:59,London Camden,Jeffrey Galbraith,"Regular Luxury hot chocolate - 2.40, Large Iced latte - 2.85, Regular Flavoured latte - Vanilla - 2.55",7.8,CARD,2708304155680644
08/07/2024 10:02,London Camden,Lawrence Voorhees,Large Flavoured hot chocolate - Hazelnut - 2.90,2.9,CARD,3947732486385273
08/07/2024 10:04,London Camden,Ann Ford,Large Flavoured hot chocolate - Vanilla - 2.90,2.9,CASH,
08/07/2024 10:06,London Camden,Karla Mchugh,"Regular Hot chocolate - 2.20, Regular Speciality Tea - Peppermint - 1.30",3.5,CARD,2719672797884343
08/07/2024 10:09,London Camden,Alfred West,Large Hot chocolate - 2.90,2.9,CARD,1282135300795643
08/07/2024 10:11,London Camden,Brian Espinosa,"Large Luxury hot chocolate - 2.70, Large Chai latte - 2.60, Regular Iced latte - 2.35",7.65,CARD,1154366508885689
08/07/2024 10:13,London Camden,Martha Monaco,"Regular Chai latte - 2.30, Regular Hot chocolate - 2.20, Regular Hot chocolate - 2.20, Large Hot chocolate - 2.90, Regular Speciality Tea - Peppermint - 1.30",10.9,CARD,7062096121978075
08/07/2024 10:15,London Camden,Myriam Budney,"Regular Chai latte - 2.30, Regular Hot chocolate - 2.20, Regular Chai latte - 2.30, Regular Chai latte - 2.30, Large Flavoured hot chocolate - Hazelnut - 2.90",12.0,CARD,8358317803305286
08/07/2024 10:18,London Camden,Denise Orr,"Regular Iced latte - 2.35, Regular Hot chocolate - 2.20, Regular Flavoured hot chocolate - Vanilla - 2.60, Large Flavoured hot chocolate - Hazelnut - 2.90, Large Chai latte - 2.60, Regular Iced latte - 2.35",15.0,CARD,9898314672831589
08/07/2024 10:20,London Camden,Karen Cabrera,"Regular Speciality Tea - Peppermint - 1.30, Large Flavoured latte - Vanilla - 2.85, Large Flavoured latte - Vanilla - 2.85, Regular Speciality Tea - Peppermint - 1.30, Regular Luxury hot chocolate - 2.40, Large Flavoured hot chocolate - Hazelnut - 2.90",13.6,CARD,1795309141769944
08/07/2024 10:22,London Camden,Jack Hall,"Large Luxury hot chocolate - 2.70, Large Flavoured hot chocolate - Vanilla - 2.90, Large Flavoured hot chocolate - Vanilla - 2.90, Large Flavoured hot chocolate - Vanilla - 2.90",11.4,CARD,6314345409260043
08/07/2024 10:24,London Camden,Alan Lillibridge,"Large Flavoured hot chocolate - Hazelnut - 2.90, Large Speciality Tea - Peppermint - 1.60",4.5,CARD,7849115337890133
08/07/2024 10:26,London Camden,Edward Chambers,"Regular Iced latte - 2.35, Regular Chai latte - 2.30",4.65,CARD,1073925606025127
08/07/2024 10:29,London Camden,Allison Lee,"Regular Hot chocolate - 2.20, Regular Flavoured hot chocolate - Vanilla - 2.60, Regular Chai latte - 2.30, Regular Luxury hot chocolate - 2.40, Large Flavoured hot chocolate - Hazelnut - 2.90",12.4,CASH,
08/07/2024 10:31,London Camden,Roland Shields,Large Flavoured hot chocolate - Vanilla - 2.90,2.9,CARD,4032083458751579
08/07/2024 10:33,London Camden,Aurora Bonney,"Regular Speciality Tea - Peppermint - 1.30, Regular Iced latte - 2.35, Regular Flavoured latte - Vanilla - 2.55, Large Luxury hot chocolate - 2.70, Large Flavoured hot chocolate - Vanilla - 2.90, Large Speciality Tea - Peppermint - 1.60",13.4,CARD,9159162939035663
08/07/2024 10:35,London Camden,Ramiro Lopez,Large Speciality Tea - Peppermint - 1.60,1.6,CARD,4297182555807916
08/07/2024 10:37,London Camden,Lilian Champagne,"Large Speciality Tea - Peppermint - 1.60, Regular Speciality Tea - Peppermint - 1.30",2.9,CASH,
08/07/2024 10:40,London Camden,Jack Farley,"Regular Flavoured latte - Vanilla - 2.55, Large Speciality Tea - Peppermint - 1.60",4.15,CASH,
08/07/2024 10:42,London Camden,Timothy Holloway,"Large Iced latte - 2.85, Regular Flavoured latte - Vanilla - 2.55",5.4,CARD,5879407478649008
08/07/2024 10:44,London Camden,Richard Fernandez,"Large Iced latte - 2.85, Large Luxury hot chocolate - 2.70",5.55,CARD,5773608551033252
08/07/2024 10:46,London Camden,Morgan Leung,"Regular Speciality Tea - Peppermint - 1.30, Regular Speciality Tea - Peppermint - 1.30",2.6,CARD,2605993018611691
08/07/2024 10:49,London Camden,Heather Rutledge,"Regular Hot chocolate - 2.20, Large Flavoured latte - Vanilla - 2.85, Large Speciality Tea - Peppermint - 1.60, Large Flavoured hot chocolate - Vanilla - 2.90",9.55,CARD,1223884903724707
08/07/2024 10:51,London Camden,Mark Minton,"Regular Flavoured hot chocolate - Vanilla - 2.60, Regular Iced latte - 2.35, Regular Speciality Tea - Peppermint - 1.30",6.25,CARD,6976393015486636
08/07/2024 10:53,London Camden,Deedee Rowe,"Regular Hot chocolate - 2.20, Large Flavoured hot chocolate - Vanilla - 2.90, Large Flavoured hot chocolate - Vanilla - 2.90, Large Hot chocolate - 2.90, Large Flavoured latte - Vanilla - 2.85",13.75,CARD,8032776105057589
08/07/2024 10:55,London Camden,Michelle Collard,"Large Flavoured hot chocolate - Vanilla - 2.90, Large Flavoured latte - Vanilla - 2.85, Regular Iced latte - 2.35",8.1,CARD,1371799451850191
08/07/2024 10:57,London Camden,Brooks Culnane,"Large Chai latte - 2.60, Large Luxury hot chocolate - 2.70, Large Chai latte - 2.60",7.9,CARD,5822714369041198
08/07/2024 11:00,London Camden,Juan Duran,Large Flavoured latte - Vanilla - 2.85,2.85,CARD,7966287076194970
08/07/2024 11:02,London Camden,Emmanuel Gravely,"Regular Hot chocolate - 2.20, Large Flavoured hot chocolate - Vanilla - 2.90",5.1,CASH,
08/07/2024 11:05,London Camden,James Moore,"Large Flavoured latte - Vanilla - 2.85, Regular Flavoured latte - Vanilla - 2.55, Regular Iced latte - 2.35",7.75,CARD,6944546075201159
08/07/2024 11:07,London Camden,June Craig,"Large Flavoured hot chocolate - Vanilla - 2.90, Regular Luxury hot chocolate - 2.40, Regular Chai latte - 2.30, Regular Iced latte - 2.35, Regular Iced latte - 2.35, Large Hot chocolate - 2.90",15.2,CASH,
08/07/2024 11:10,London Camden,Claire Siegmund,"Large Hot chocolate - 2.90, Large Hot chocolate - 2.90",5.8,CARD,3434277641427859
08/07/2024 11:12,London Camden,Nancy Davis,Large Speciality Tea - Peppermint - 1.60,1.6,CASH,
08/07/2024 11:15,London Camden,Oscar Coleman,Regular Flavoured hot chocolate - Hazelnut - 2.60,2.6,CASH,
08/07/2024 11:17,London Camden,Otis Triggs,"Large Flavoured hot chocolate - Hazelnut - 2.90, Large Iced latte - 2.85, Large Hot chocolate - 2.90, Regular Speciality Tea - Peppermint - 1.30, Regular Luxury hot chocolate - 2.40",12.35,CARD,9662310927222621
08/07/2024 11:20,London Camden,Darius Huffman,"Large Flavoured hot chocolate - Vanilla - 2.90, Regular Flavoured latte - Vanilla - 2.55, Large Hot chocolate - 2.90, Large Speciality Tea - Peppermint - 1.60",9.95,CASH,
08/07/2024 11:22,London Camden,Mary Douglas,"Large Hot chocolate - 2.90, Regular Hot chocolate - 2.20, Large Iced latte - 2.85",7.95,CASH,
08/07/2024 11:25,London Camden,David Elliam,"Regular Speciality Tea - Peppermint - 1.30, Large Iced latte - 2.85",4.15,CARD,6811036935681077
08/07/2024 11:27,London Camden,Oliver Moore,"Regular Flavoured latte - Vanilla - 2.55, Regular Luxury hot chocolate - 2.40, Large Chai latte - 2.60, Large Luxury hot chocolate - 2.70",10.25,CARD,7331247725646772
08/07/2024 11:30,London Camden,Robert Weal,"Regular Speciality Tea - Peppermint - 1.30, Large Iced latte - 2.85, Regular Chai latte - 2.30, Large Flavoured hot chocolate - Vanilla - 2.90, Large Speciality Tea - Peppermint - 1.60",10.95,CASH,
08/07/2024 11:32,London Camden,Harold Vincent,"Large Iced latte - 2.85, Large Chai latte - 2.60, Regular Flavoured hot chocolate - Vanilla - 2.60",8.05,CASH,
08/07/2024 11:35,London Camden,Madeleine Rogers,"Regular Iced latte - 2.35, Regular Flavoured hot chocolate - Hazelnut - 2.60, Regular Iced latte - 2.35",7.3,CARD,9981974151637127
08/07/2024 11:37,London Camden,Elizabeth Lopes,"Large Hot chocolate - 2.90, Large Hot chocolate - 2.90",5.8,CARD,1561427373088875
08/07/2024 11:40,London Camden,Frank English,"Large Flavoured hot chocolate - Hazelnut - 2.90, Large Speciality Tea - Peppermint - 1.60",4.5,CARD,7755613282083487
08/07/2024 11:42,London Camden,Billy Rodriguez,Large Flavoured latte - Vanilla - 2.85,2.85,CARD,6616384137131318
08/07/2024 11:45,London Camden,Pamila Farmer,"Regular Iced latte - 2.35, Large Flavoured hot chocolate - Vanilla - 2.90, Large Chai latte - 2.60, Large Chai latte - 2.60",10.45,CARD,4682226569979007
08/07/2024 11:47,London Camden,Walter Fisher,"Large Flavoured hot chocolate - Vanilla - 2.90, Regular Flavoured hot chocolate - Hazelnut - 2.60, Regular Flavoured latte - Vanilla - 2.55, Regular Hot chocolate - 2.20",10.25,CARD,4316149955812487
08/07/2024 11:50,London Camden,Violet Garney,"Regular Flavoured hot chocolate - Hazelnut - 2.60, Regular Flavoured hot chocolate - Vanilla - 2.60, Regular Luxury hot chocolate - 2.40",7.6,CARD,5424012775346322
08/07/2024 11:52,London Camden,Caleb Chang,"Large Flavoured latte - Vanilla - 2.85, Large Luxury hot chocolate - 2.70, Regular Iced latte - 2.35",7.9,CARD,3946914240310117
08/07/2024 11:55,London Camden,Margarette Hughes,"Large Flavoured latte - Vanilla - 2.85, Regular Speciality Tea - Peppermint - 1.30",4.15,CASH,
08/07/2024 11:57,London Camden,Daniel Nolan,"Large Iced latte - 2.85, Regular Chai latte - 2.30",5.15,CARD,2206808255837835
08/07/2024 12:00,London Camden,Jacquelyn Hiraldo,"Regular Flavoured hot chocolate - Vanilla - 2.60, Large Luxury hot chocolate - 2.70, Large Chai latte - 2.60",7.9,CARD,4354870571164024
08/07/2024 12:02,London Camden,Roger Pagan,"Large Flavoured hot chocolate - Vanilla - 2.90, Large Luxury hot chocolate - 2.70, Regular Luxury hot chocolate - 2.40, Regular Flavoured hot chocolate - Hazelnut - 2.60",10.6,CARD,2543997256917257
08/07/2024 12:03,London Camden,Bertha Newman,Regular Iced latte - 2.35,2.35,CASH,
08/07/2024 12:05,London Camden,Patrica Miller,"Regular Chai latte - 2.30, Regular Speciality Tea - Peppermint - 1.30, Large Luxury hot chocolate - 2.70, Large Flavoured latte - Vanilla - 2.85",9.15,CARD,2176372963801734
08/07/2024 12:07,London Camden,Gordon Smith,"Regular Luxury hot chocolate - 2.40, Large Luxury hot chocolate - 2.70, Regular Flavoured hot chocolate - Hazelnut - 2.60, Large Speciality Tea - Peppermint - 1.60",9.3,CASH,
08/07/2024 12:09,London Camden,Eleanor Carmody,Regular Hot chocolate - 2.20,2.2,CASH,
08/07/2024 12:11,London Camden,Amanda Cloe,Regular Speciality Tea - Peppermint - 1.30,1.3,CARD,8371268619552925
08/07/2024 12:13,London Camden,Isiah Jones,"Large Flavoured latte - Vanilla - 2.85, Large Flavoured latte - Vanilla - 2.85",5.7,CARD,2598605107361149
08/07/2024 12:15,London Camden,James Dukes,Regular Flavoured hot chocolate - Hazelnut - 2.60,2.6,CARD,8408361813814933
08/07/2024 12:17,London Camden,Eric Coggins,"Large Flavoured hot chocolate - Hazelnut - 2.90, Large Chai latte - 2.60, Large Chai latte - 2.60",8.1,CARD,2458380468715758
08/07/2024 12:19,London Camden,Alex Lipham,"Regular Hot chocolate - 2.20, Regular Flavoured hot chocolate - Hazelnut - 2.60, Regular Hot chocolate - 2.20",7.0,CARD,8599942013591008
08/07/2024 12:21,London Camden,Robert Sumpter,"Large Iced latte - 2.85, Regular Chai latte - 2.30, Large Luxury hot chocolate - 2.70, Large Flavoured hot chocolate - Hazelnut - 2.90",10.75,CASH,
08/07/2024 12:23,London Camden,Lawrence Myers,"Large Speciality Tea - Peppermint - 1.60, Regular Speciality Tea - Peppermint - 1.30, Large Speciality Tea - Peppermint - 1.60, Large Flavoured latte - Vanilla - 2.85",7.35,CARD,2020315347811116
08/07/2024 12:25,London Camden,Jorge Taylor,"Large Flavoured hot chocolate - Hazelnut - 2.90, Large Chai latte - 2.60",5.5,CARD,9180329007570010
08/07/2024 12:27,London Camden,Beatriz Owens,Large Chai latte - 2.60,2.6,CASH,
08/07/2024 12:29,London Camden,Stephen Diga,Regular Iced latte - 2.35,2.35,CASH,
08/07/2024 12:31,London Camden,Joan Goodlett,"Large Luxury hot chocolate - 2.70, Large Luxury hot chocolate - 2.70, Large Flavoured latte - Vanilla - 2.85, Regular Luxury hot chocolate - 2.40, Regular Hot chocolate - 2.20, Regular Hot chocolate - 2.20",15.05,CARD,9498625732991485
08/07/2024 12:32,London Camden,Linda Bollig,"Regular Luxury hot chocolate - 2.40, Regular Speciality Tea - Peppermint - 1.30, Regular Flavoured hot chocolate - Vanilla - 2.60",6.3,CASH,
08/07/2024 12:34,London Camden,Kim Vassel,Regular Speciality Tea - Peppermint - 1.30,1.3,CARD,4859133349239755
08/07/2024 12:36,London Camden,Ronnie Hamilton,"Large Hot chocolate - 2.90, Regular Iced latte - 2.35, Regular Speciality Tea - Peppermint - 1.30, Large Flavoured hot chocolate - Hazelnut - 2.90, Regular Flavoured hot chocolate - Hazelnut - 2.60",12.05,CARD,4342272522978975
08/07/2024 12:38,London Camden,Richard Stone,"Regular Flavoured hot chocolate - Vanilla - 2.60, Regular Luxury hot chocolate - 2.40",5.0,CARD,7413253162766841
08/07/2024 12:40,London Camden,Janet Rosado,"Large Chai latte - 2.60, Regular Hot chocolate - 2.20",4.8,CARD,7859745214590153
08/07/2024 12:42,London Camden,Carrie Klena,"Regular Flavoured hot chocolate - Vanilla - 2.60, Large Speciality Tea - Peppermint - 1.60, Regular Flavoured latte - Vanilla - 2.55, Large Flavoured latte - Vanilla - 2.85, Large Flavoured hot chocolate - Vanilla - 2.90",12.5,CARD,7590255223494997
08/07/2024 12:44,London Camden,Robert Smith,"Regular Flavoured latte - Vanilla - 2.55, Large Flavoured hot chocolate - Vanilla - 2.90, Large Chai latte - 2.60, Large Chai latte - 2.60",10.65,CASH,
08/07/2024 12:46,London Camden,David Maisey,"Regular Flavoured hot chocolate - Vanilla - 2.60, Large Flavoured hot chocolate - Hazelnut - 2.90, Large Flavoured hot chocolate - Hazelnut - 2.90",8.4,CASH,
08/07/2024 12:48,London Camden,Margaret Escobar,Large Luxury hot chocolate - 2.70,2.7,CASH,
08/07/2024 12:50,London Camden,Bertha Fink,"Large Speciality Tea - Peppermint - 1.60, Regular Flavoured latte - Vanilla - 2.55, Regular Flavoured latte - Vanilla - 2.55",6.7,CASH,
08/07/2024 12:52,London Camden,Gerald Browne,"Large Flavoured hot chocolate - Vanilla - 2.90, Regular Flavoured hot chocolate - Vanilla - 2.60, Large Chai latte - 2.60",8.1,CARD,9594860934074900
08/07/2024 12:54,London Camden,Corrine Ziad,"Large Iced latte - 2.85, Large Flavoured latte - Vanilla - 2.85",5.7,CARD,4948393393042202
08/07/2024 12:56,London Camden,Marie Mcshea,"Large Flavoured hot chocolate - Vanilla - 2.90, Large Chai latte - 2.60, Large Chai latte - 2.60",8.1,CARD,6815566808148954
08/07/2024 12:58,London Camden,Jeffrey Tso,"Regular Hot chocolate - 2.20, Regular Flavoured hot chocolate - Hazelnut - 2.60",4.8,CARD,8735542449849208
08/07/2024 13:00,London Camden,Harvey Gaughan,Large Flavoured hot chocolate - Hazelnut - 2.90,2.9,CARD,5745263941148135
08/07/2024 13:00,London Camden,Dexter Judkins,"Regular Flavoured hot chocolate - Hazelnut - 2.60, Regular Flavoured hot chocolate - Hazelnut - 2.60, Regular Flavoured hot chocolate - Hazelnut - 2.60, Large Speciality Tea - Peppermint - 1.60, Regular Luxury hot chocolate - 2.40, Large Iced latte - 2.85",14.65,CARD,3607332566913239
08/07/2024 13:01,London Camden,Carolyn Dennie,"Regular Flavoured latte - Vanilla - 2.55, Regular Hot chocolate - 2.20",4.75,CARD,9474191782250287
08/07/2024 13:02,London Camden,Mary Harris,Regular Luxury hot chocolate - 2.40,2.4,CASH,
08/07/2024 13:03,London Camden,George Neer,"Regular Hot chocolate - 2.20, Regular Flavoured latte - Vanilla - 2.55",4.75,CARD,6609588592244009
08/07/2024 13:04,London Camden,Erik Ingram,Regular Chai latte - 2.30,2.3,CARD,4171292931946800
08/07/2024 13:05,London Camden,Cameron Hernandez,"Large Hot chocolate - 2.90, Large Luxury hot chocolate - 2.70, Regular Luxury hot chocolate - 2.40, Regular Flavoured hot chocolate - Hazelnut - 2.60",10.6,CARD,8636943501371334
08/07/2024 13:06,London Camden,Helen Valenti,"Regular Luxury hot chocolate - 2.40, Regular Hot chocolate - 2.20, Large Chai latte - 2.60, Regular Iced latte - 2.35",9.55,CASH,
08/07/2024 13:07,London Camden,Carol Grogan,"Regular Flavoured hot chocolate - Vanilla - 2.60, Regular Flavoured hot chocolate - Hazelnut - 2.60, Large Hot chocolate - 2.90, Regular Luxury hot chocolate - 2.40, Large Chai latte - 2.60",13.1,CARD,1770912042450762
08/07/2024 13:08,London Camden,Shelly Veach,Large Luxury hot chocolate - 2.70,2.7,CARD,8720655254462190
08/07/2024 13:08,London Camden,Jeffery Hedger,"Regular Iced latte - 2.35, Large Flavoured hot chocolate - Vanilla - 2.90, Large Luxury hot chocolate - 2.70, Regular Iced latte - 2.35, Large Speciality Tea - Peppermint - 1.60, Large Flavoured hot chocolate - Hazelnut - 2.90",14.8,CARD,9595189718658210
08/07/2024 13:09,London Camden,Miriam Brock,"Regular Chai latte - 2.30, Large Chai latte - 2.60, Regular Iced latte - 2.35, Large Luxury hot chocolate - 2.70, Large Speciality Tea - Peppermint - 1.60, Regular Flavoured latte - Vanilla - 2.55",14.1,CARD,2602885270290915
08/07/2024 13:10,London Camden,Ada Dugger,"Regular Flavoured hot chocolate - Vanilla - 2.60, Large Speciality Tea - Peppermint - 1.60, Large Hot chocolate - 2.90, Large Hot chocolate - 2.90, Regular Flavoured hot chocolate - Vanilla - 2.60, Large Hot chocolate - 2.90",15.5,CARD,8028970842609730
08/07/2024 13:11,London Camden,Cornelius Betts,Large Flavoured latte - Vanilla - 2.85,2.85,CARD,3688925796731845
08/07/2024 13:12,London Camden,Raymond Breland,"Regular Luxury hot chocolate - 2.40, Large Luxury hot chocolate - 2.70",5.1,CARD,4600893568761426
08/07/2024 13:13,London Camden,Murray Jones,"Large Luxury hot chocolate - 2.70, Regular Flavoured hot chocolate - Vanilla - 2.60",5.3,CARD,4278302976447816
08/07/2024 13:14,London Camden,Nancy Vieira,Large Flavoured latte - Vanilla - 2.85,2.85,CARD,1145108666621078
08/07/2024 13:15,London Camden,Jennie Kobashigawa,"Large Luxury hot chocolate - 2.70, Regular Speciality Tea - Peppermint - 1.30, Regular Speciality Tea - Peppermint - 1.30",5.3,CARD,6181182059605097
08/07/2024 13:15,London Camden,Melissa Starns,"Regular Luxury hot chocolate - 2.40, Large Flavoured hot chocolate - Vanilla - 2.90, Large Luxury hot chocolate - 2.70",8.0,CARD,9081967917591321
08/07/2024 13:16,London Camden,Lonny Spence,"Regular Hot chocolate - 2.20, Large Luxury hot chocolate - 2.70",4.9,CARD,9528482556671645
08/07/2024 13:17,London Camden,Elsie Acuna,"Large Luxury hot chocolate - 2.70, Large Flavoured hot chocolate - Hazelnut - 2.90, Regular Speciality Tea - Peppermint - 1.30, Regular Flavoured latte - Vanilla - 2.55, Large Flavoured hot chocolate - Hazelnut - 2.90, Large Speciality Tea - Peppermint - 1.60",13.95,CARD,8594063676731818
08/07/2024 13:18,London Camden,Verna Burris,Regular Speciality Tea - Peppermint - 1.30,1.3,CARD,8255209632332713
08/07/2024 13:19,London Camden,John Hamm,Regular Flavoured hot chocolate - Vanilla - 2.60,2.6,CARD,5610073306854150
08/07/2024 13:20,London Camden,Carrie Davidson,Large Chai latte - 2.60,2.6,CARD,8415000047757027
08/07/2024 13:21,London Camden,Steven Betterton,"Regular Luxury hot chocolate - 2.40, Regular Iced latte - 2.35, Large Flavoured hot chocolate - Hazelnut - 2.90, Regular Speciality Tea - Peppermint - 1.30",8.95,CARD,7240235975153816
08/07/2024 13:22,London Camden,Marsha Erdmann,"Large Luxury hot chocolate - 2.70, Large Chai latte - 2.60, Regular Iced latte - 2.35",7.65,CASH,
08/07/2024 13:23,London Camden,Zora Ross,Large Hot chocolate - 2.90,2.9,CARD,6560446834234965
08/07/2024 13:23,London Camden,James Wasson,"Large Luxury hot chocolate - 2.70, Regular Speciality Tea - Peppermint - 1.30",4.0,CARD,7199541534857559
08/07/2024 13:24,London Camden,Jack Bard,"Regular Chai latte - 2.30, Regular Chai latte - 2.30, Large Speciality Tea - Peppermint - 1.60",6.2,CARD,8561538831000762
08/07/2024 13:25,London Camden,Rene Ramirez,"Regular Hot chocolate - 2.20, Regular Luxury hot chocolate - 2.40, Large Chai latte - 2.60, Large Flavoured hot chocolate - Vanilla - 2.90",10.1,CARD,9217326218996926
08/07/2024 13:26,London Camden,John Pelaez,"Regular Luxury hot chocolate - 2.40, Large Luxury hot chocolate - 2.70, Large Iced latte - 2.85, Large Hot chocolate - 2.90",10.85,CASH,
08/07/2024 13:27,London Camden,Brian Martin,"Regular Speciality Tea - Peppermint - 1.30, Large Luxury hot chocolate - 2.70, Large Speciality Tea - Peppermint - 1.60",5.6,CARD,1045061347720547
08/07/2024 13:28,London Camden,Jack Cooper,"Regular Flavoured latte - Vanilla - 2.55, Large Flavoured hot chocolate - Hazelnut - 2.90, Large Flavoured hot chocolate - Hazelnut - 2.90, Large Speciality Tea - Peppermint - 1.60",9.95,CARD,5415736927361945
08/07/2024 13:29,London Camden,Santiago Moore,"Regular Flavoured hot chocolate - Hazelnut - 2.60, Regular Chai latte - 2.30, Regular Flavoured latte - Vanilla - 2.55, Regular Flavoured hot chocolate - Vanilla - 2.60, Large Hot chocolate - 2.90, Regular Chai latte - 2.30",15.25,CARD,2204417667348864
08/07/2024 13:30,London Camden,Jennifer Beresford,Large Flavoured latte - Vanilla - 2.85,2.85,CARD,2625261591182887
08/07/2024 13:30,London Camden,James Butler,Large Luxury hot chocolate - 2.70,2.7,CASH,
08/07/2024 13:31,London Camden,James Lopez,"Regular Chai latte - 2.30, Regular Speciality Tea - Peppermint - 1.30",3.6,CASH,
08/07/2024 13:32,London Camden,Christopher Green,"Large Flavoured hot chocolate - Vanilla - 2.90, Large Flavoured hot chocolate - Vanilla - 2.90, Large Speciality Tea - Peppermint - 1.60, Regular Flavoured hot chocolate - Hazelnut - 2.60",10.0,CARD,6175224149880458
08/07/2024 13:33,London Camden,Alvin Shumway,"Large Flavoured hot chocolate - Hazelnut - 2.90, Regular Hot chocolate - 2.20, Regular Iced latte - 2.35, Regular Flavoured hot chocolate - Vanilla - 2.60",10.05,CARD,6467522339315930
08/07/2024 13:34,London Camden,Darrell Berry,"Regular Chai latte - 2.30, Regular Luxury hot chocolate - 2.40, Regular Flavoured hot chocolate - Hazelnut - 2.60, Large Luxury hot chocolate - 2.70",10.0,CASH,
08/07/2024 13:35,London Camden,Melissa Kelso,"Large Iced latte - 2.85, Large Flavoured hot chocolate - Vanilla - 2.90, Regular Luxury hot chocolate - 2.40",8.15,CARD,1095625421179336
08/07/2024 13:36,London Camden,Deborah Griffin,"Large Speciality Tea - Peppermint - 1.60, Large Iced latte - 2.85, Large Speciality Tea - Peppermint - 1.60, Large Speciality Tea - Peppermint - 1.60, Regular Luxury hot chocolate - 2.40, Large Speciality Tea - Peppermint - 1.60",11.65,CARD,6783141355203231
08/07/2024 13:37,London Camden,Jonathan Ramsey,Large Speciality Tea - Peppermint - 1.60,1.6,CARD,3713113425251429
08/07/2024 13:38,London Camden,Jeffrey Deangelo,Regular Flavoured latte - Vanilla - 2.55,2.55,CASH,
08/07/2024 13:38,London Camden,Alfredo Graham,"Regular Speciality Tea - Peppermint - 1.30, Regular Flavoured latte - Vanilla - 2.55, Large Chai latte - 2.60, Large Chai latte - 2.60, Large Flavoured latte - Vanilla - 2.85",11.9,CASH,
08/07/2024 13:39,London Camden,Elizabeth Loudy,"Large Flavoured latte - Vanilla - 2.85, Large Flavoured hot chocolate - Hazelnut - 2.90",5.75,CARD,2836672525774406
08/07/2024 13:40,London Camden,Terry Hall,"Large Luxury hot chocolate - 2.70, Regular Luxury hot chocolate - 2.40, Large Speciality Tea - Peppermint - 1.60, Large Hot chocolate - 2.90, Regular Speciality Tea - Peppermint - 1.30, Large Speciality Tea - Peppermint - 1.60",12.5,CARD,5448837146123364
08/07/2024 13:41,London Camden,Gladys Brooks,"Regular Speciality Tea - Peppermint - 1.30, Regular Iced latte - 2.35",3.65,CARD,2956178842807269
08/07/2024 13:42,London Camden,William Brown,Regular Chai latte - 2.30,2.3,CASH,
08/07/2024 13:43,London Camden,Daniel Montoya,"Large Flavoured hot chocolate - Hazelnut - 2.90, Large Flavoured latte - Vanilla - 2.85, Regular Hot chocolate - 2.20",7.95,CARD,2452508135647268
08/07/2024 13:44,London Camden,Mark Beal,Regular Chai latte - 2.30,2.3,CARD,2602431953676548
08/07/2024 13:45,London Camden,Hattie Crosier,"Large Speciality Tea - Peppermint - 1.60, Large Flavoured hot chocolate - Vanilla - 2.90, Regular Flavoured hot chocolate - Hazelnut - 2.60, Regular Flavoured hot chocolate - Vanilla - 2.60",9.7,CASH,
08/07/2024 13:45,London Camden,Roger Goff,Large Flavoured latte - Vanilla - 2.85,2.85,CASH,
08/07/2024 13:46,London Camden,Kate Cunningham,"Large Flavoured hot chocolate - Hazelnut - 2.90, Large Speciality Tea - Peppermint - 1.60, Large Iced latte - 2.85, Large Flavoured hot chocolate - Vanilla - 2.90, Regular Flavoured hot chocolate - Vanilla - 2.60, Regular Flavoured hot chocolate - Hazelnut - 2.60",15.45,CASH,
08/07/2024 13:47,London Camden,Sabrina Bruce,"Large Flavoured hot chocolate - Vanilla - 2.90, Regular Flavoured hot chocolate - Hazelnut - 2.60, Large Flavoured latte - Vanilla - 2.85",8.35,CARD,9910146698833575
08/07/2024 13:48,London Camden,Victor Christou,"Regular Flavoured hot chocolate - Vanilla - 2.60, Regular Flavoured hot chocolate - Hazelnut - 2.60, Regular Flavoured hot chocolate - Hazelnut - 2.60, Regular Flavoured hot chocolate - Vanilla - 2.60",10.4,CARD,5573469087524249
08/07/2024 13:49,London Camden,Fay Bronder,"Large Hot chocolate - 2.90, Regular Flavoured hot chocolate - Hazelnut - 2.60, Regular Flavoured hot chocolate - Vanilla - 2.60, Regular Flavoured hot chocolate - Hazelnut - 2.60, Large Speciality Tea - Peppermint - 1.60",12.3,CARD,2177352995574712
08/07/2024 13:50,London Camden,Kathleen Collins,"Large Luxury hot chocolate - 2.70, Regular Flavoured hot chocolate - Hazelnut - 2.60, Large Flavoured hot chocolate - Hazelnut - 2.90",8.2,CASH,
08/07/2024 13:51,London Camden,Ken Manora,"Regular Speciality Tea - Peppermint - 1.30, Regular Iced latte - 2.35",3.65,CASH,
08/07/2024 13:52,London Camden,Chuck Hess,"Regular Flavoured hot chocolate - Hazelnut - 2.60, Regular Flavoured hot chocolate - Hazelnut - 2.60",5.2,CARD,6862503962587715
08/07/2024 13:53,London Camden,Wanda Presto,Large Hot chocolate - 2.90,2.9,CASH,
08/07/2024 13:53,London Camden,Donald Haynes,"Regular Speciality Tea - Peppermint - 1.30, Large Flavoured hot chocolate - Vanilla - 2.90, Large Flavoured hot chocolate - Hazelnut - 2.90",7.1,CARD,4849025565943669
08/07/2024 13:54,London Camden,David Murray,Regular Flavoured latte - Vanilla - 2.55,2.55,CARD,2935790669203927
08/07/2024 13:55,London Camden,Estella Ruff,"Large Iced latte - 2.85, Large Iced latte - 2.85, Large Iced latte - 2.85, Large Speciality Tea - Peppermint - 1.60, Regular Iced latte - 2.35",12.5,CARD,1038102483597282
08/07/2024 13:56,London Camden,Peggy Hammons,"Large Speciality Tea - Peppermint - 1.60, Regular Speciality Tea - Peppermint - 1.30, Regular Luxury hot chocolate - 2.40, Large Flavoured hot chocolate - Vanilla - 2.90, Regular Flavoured hot chocolate - Hazelnut - 2.60",10.8,CASH,
08/07/2024 13:57,London Camden,Billy Akins,"Regular Iced latte - 2.35, Large Chai latte - 2.60, Large Flavoured hot chocolate - Hazelnut - 2.90",7.85,CASH,
08/07/2024 13:58,London Camden,Tyisha Chow,Large Luxury hot chocolate - 2.70,2.7,CASH,
08/07/2024 13:59,London Camden,Marc Trevino,"Regular Flavoured hot chocolate - Hazelnut - 2.60, Regular Flavoured hot chocolate - Vanilla - 2.60",5.2,CARD,1376339172349966
08/07/2024 14:00,London Camden,Nelly Smullen,Large Hot chocolate - 2.90,2.9,CASH,
08/07/2024 14:00,London Camden,Lottie Wright,Large Chai latte - 2.60,2.6,CASH,
08/07/2024 14:01,London Camden,Jeanette Stallings,"Regular Chai latte - 2.30, Regular Luxury hot chocolate - 2.40, Regular Flavoured latte - Vanilla - 2.55, Large Speciality Tea - Peppermint - 1.60, Regular Hot chocolate - 2.20",11.05,CARD,3343605510066568
08/07/2024 14:02,London Camden,James Miles,"Large Iced latte - 2.85, Large Luxury hot chocolate - 2.70",5.55,CARD,3886827936292668
08/07/2024 14:03,London Camden,Steven Thompson,"Large Iced latte - 2.85, Large Speciality Tea - Peppermint - 1.60, Regular Flavoured hot chocolate - Vanilla - 2.60",7.05,CARD,6880540724148658
08/07/2024 14:04,London Camden,Adam Wiggins,"Regular Flavoured latte - Vanilla - 2.55, Regular Iced latte - 2.35",4.9,CASH,
08/07/2024 14:05,London Camden,Charles Smith,"Regular Speciality Tea - Peppermint - 1.30, Large Chai latte - 2.60, Regular Flavoured latte - Vanilla - 2.55, Large Iced latte - 2.85",9.3,CARD,5413557030722466
08/07/2024 14:06,London Camden,Velma Mitchell,"Regular Hot chocolate - 2.20, Large Chai latte - 2.60, Large Speciality Tea - Peppermint - 1.60",6.4,CARD,1253753049411737
08/07/2024 14:07,London Camden,Diane Grooms,"Regular Hot chocolate - 2.20, Large Chai latte - 2.60",4.8,CARD,3645856861321077
08/07/2024 14:07,London Camden,Crystal Allen,Regular Flavoured hot chocolate - Vanilla - 2.60,2.6,CASH,
08/07/2024 14:08,London Camden,William Graham,"Regular Iced latte - 2.35, Regular Iced latte - 2.35, Large Hot chocolate - 2.90, Large Flavoured latte - Vanilla - 2.85, Regular Flavoured hot chocolate - Hazelnut - 2.60",13.05,CASH,
08/07/2024 14:09,London Camden,Terry Gonzales,"Regular Speciality Tea - Peppermint - 1.30, Large Speciality Tea - Peppermint - 1.60",2.9,CARD,3289735665568678
08/07/2024 14:10,London Camden,Krystal Sturtz,"Regular Chai latte - 2.30, Regular Speciality Tea - Peppermint - 1.30, Large Luxury hot chocolate - 2.70",6.3,CARD,7013269745787105
08/07/2024 14:11,London Camden,Laci Ovalle,"Large Hot chocolate - 2.90, Large Hot chocolate - 2.90, Regular Chai latte - 2.30",8.1,CARD,6321786210191254
08/07/2024 14:12,London Camden,Sandra Rhodes,"Large Luxury hot chocolate - 2.70, Large Speciality Tea - Peppermint - 1.60",4.3,CARD,2497473096754192
08/07/2024 14:13,London Camden,Nick Aranda,Regular Flavoured latte - Vanilla - 2.55,2.55,CARD,5747418638809162
08/07/2024 14:13,London Camden,Kimberlee Whiting,"Large Chai latte - 2.60, Regular Luxury hot chocolate - 2.40, Large Flavoured hot chocolate - Hazelnut - 2.90",7.9,CARD,6567124178427174
08/07/2024 14:14,London Camden,Gertrude Hershman,"Large Iced latte - 2.85, Large Iced latte - 2.85, Regular Hot chocolate - 2.20",7.9,CARD,7715032985626932
08/07/2024 14:15,London Camden,Elaine Wright,"Regular Speciality Tea - Peppermint - 1.30, Regular Luxury hot chocolate - 2.40",3.7,CARD,4916078126570022
08/07/2024 14:16,London Camden,Robyn Sykes,"Regular Hot chocolate - 2.20, Large Flavoured hot chocolate - Hazelnut - 2.90, Large Flavoured hot chocolate - Vanilla - 2.90",8.0,CASH,
08/07/2024 14:17,London Camden,Elizabeth Garrido,"Large Speciality Tea - Peppermint - 1.60, Regular Flavoured hot chocolate - Vanilla - 2.60, Large Flavoured hot chocolate - Vanilla - 2.90",7.1,CASH,
08/07/2024 14:18,London Camden,Ian Anspach,"Large Hot chocolate - 2.90, Large Flavoured latte - Vanilla - 2.85, Regular Luxury hot chocolate - 2.40, Large Flavoured latte - Vanilla - 2.85",11.0,CARD,3908175409729848
08/07/2024 14:19,London Camden,Lorenzo Cobb,"Regular Speciality Tea - Peppermint - 1.30, Regular Flavoured hot chocolate - Hazelnut - 2.60, Large Luxury hot chocolate - 2.70",6.6,CARD,4221531319039847
08/07/2024 14:20,London Camden,Rachel Payton,"Regular Flavoured hot chocolate - Vanilla - 2.60, Large Luxury hot chocolate - 2.70, Regular Flavoured hot chocolate - Vanilla - 2.60, Large Flavoured latte - Vanilla - 2.85, Regular Luxury hot chocolate - 2.40",13.15,CASH,
08/07/2024 14:20,London Camden,Gay Moore,"Regular Speciality Tea - Peppermint - 1.30, Regular Flavoured hot chocolate - Hazelnut - 2.60, Large Speciality Tea - Peppermint - 1.60",5.5,CARD,6160882238537578
08/07/2024 14:21,London Camden,Robert Williams,"Regular Chai latte - 2.30, Large Hot chocolate - 2.90",5.2,CARD,3922571983971809
08/07/2024 14:22,London Camden,Andrew Gibbs,"Large Speciality Tea - Peppermint - 1.60, Large Chai latte - 2.60, Regular Luxury hot chocolate - 2.40",6.6,CASH,
08/07/2024 14:23,London Camden,John Smythe,"Large Flavoured hot chocolate - Hazelnut - 2.90, Regular Flavoured hot chocolate - Hazelnut - 2.60, Regular Hot chocolate - 2.20",7.7,CARD,3457327206665343
08/07/2024 14:24,London Camden,Robert Bruner,Regular Flavoured latte - Vanilla - 2.55,2.55,CARD,7826748035434571
08/07/2024 14:25,London Camden,Dorothy Faison,"Regular Iced latte - 2.35, Regular Iced latte - 2.35, Large Flavoured hot chocolate - Hazelnut - 2.90",7.6,CARD,8325521608208713
08/07/2024 14:26,London Camden,Cora Heidt,"Large Flavoured latte - Vanilla - 2.85, Regular Flavoured hot chocolate - Vanilla - 2.60",5.45,CARD,7325100761768179
08/07/2024 14:26,London Camden,Michelle Navarrete,Regular Iced latte - 2.35,2.35,CARD,6008332095599282
08/07/2024 14:27,London Camden,Gary Thomas,"Regular Flavoured latte - Vanilla - 2.55, Large Flavoured hot chocolate - Hazelnut - 2.90",5.45,CARD,6738110293043211
08/07/2024 14:28,London Camden,Ricky Bonds,"Regular Flavoured latte - Vanilla - 2.55, Regular Hot chocolate - 2.20",4.75,CARD,3758286884739100
08/07/2024 14:29,London Camden,Harvey Shields,"Large Flavoured hot chocolate - Vanilla - 2.90, Regular Chai latte - 2.30, Large Luxury hot chocolate - 2.70",7.9,CARD,7960598790246593
08/07/2024 14:30,London Camden,Moises Carmean,"Regular Flavoured hot chocolate - Hazelnut - 2.60, Regular Chai latte - 2.30, Large Flavoured latte - Vanilla - 2.85, Regular Flavoured hot chocolate - Hazelnut - 2.60, Regular Flavoured hot chocolate - Vanilla - 2.60",12.95,CASH,
08/07/2024 14:31,London Camden,Christopher Lahip,"Regular Hot chocolate - 2.20, Large Iced latte - 2.85, Regular Luxury hot chocolate - 2.40, Large Flavoured hot chocolate - Hazelnut - 2.90",10.35,CASH,
08/07/2024 14:32,London Camden,Troy Turner,Large Flavoured hot chocolate - Vanilla - 2.90,2.9,CARD,3654451887080528
08/07/2024 14:33,London Camden,Susan Larson,"Regular Luxury hot chocolate - 2.40, Regular Flavoured hot chocolate - Vanilla - 2.60, Large Speciality Tea - Peppermint - 1.60, Large Chai latte - 2.60",9.2,CARD,1431324639454428
08/07/2024 14:33,London Camden,Nona Lee,Regular Flavoured hot chocolate - Vanilla - 2.60,2.6,CASH,
08/07/2024 14:34,London Camden,Roy Dye,"Large Iced latte - 2.85, Large Luxury hot chocolate - 2.70",5.55,CASH,
08/07/2024 14:35,London Camden,Wanda Elliott,"Regular Flavoured latte - Vanilla - 2.55, Regular Iced latte - 2.35, Large Chai latte - 2.60, Regular Chai latte - 2.30",9.8,CASH,
08/07/2024 14:36,London Camden,George Hamm,"Large Hot chocolate - 2.90, Regular Flavoured hot chocolate - Vanilla - 2.60, Regular Speciality Tea - Peppermint - 1.30, Large Chai latte - 2.60",9.4,CARD,1811253054108340
08/07/2024 14:37,London Camden,Shaun Santana,Regular Flavoured hot chocolate - Hazelnut - 2.60,2.6,CASH,
08/07/2024 14:38,London Camden,Sadie Parris,Regular Flavoured latte - Vanilla - 2.55,2.55,CARD,6461430762839886
08/07/2024 14:39,London Camden,Laurie Henry,"Regular Iced latte - 2.35, Regular Luxury hot chocolate - 2.40, Large Speciality Tea - Peppermint - 1.60",6.35,CASH,
08/07/2024 14:39,London Camden,Michael Slaton,Regular Iced latte - 2.35,2.35,CARD,5650115511358074
08/07/2024 14:40,London Camden,Pauline Morton,Large Iced latte - 2.85,2.85,CASH,
08/07/2024 14:41,London Camden,John Pimentel,Large Flavoured hot chocolate - Vanilla - 2.90,2.9,CARD,2704690874747600
08/07/2024 14:42,London Camden,Robert Howard,"Regular Chai latte - 2.30, Regular Flavoured hot chocolate - Vanilla - 2.60, Large Speciality Tea - Peppermint - 1.60, Large Luxury hot chocolate - 2.70",9.2,CASH,
08/07/2024 14:43,London Camden,Antoinette Cameron,"Regular Iced latte - 2.35, Large Speciality Tea - Peppermint - 1.60",3.95,CARD,6758070773729120
08/07/2024 14:44,London Camden,Mack Baisley,"Large Flavoured hot chocolate - Vanilla - 2.90, Regular Luxury hot chocolate - 2.40, Regular Flavoured latte - Vanilla - 2.55",7.85,CASH,
08/07/2024 14:45,London Camden,Caroline Mccloud,"Large Hot chocolate - 2.90, Regular Hot chocolate - 2.20, Large Hot chocolate - 2.90, Large Speciality Tea - Peppermint - 1.60, Regular Hot chocolate - 2.20",11.8,CARD,5104201624000792
08/07/2024 14:46,London Camden,Michael Higgenbotham,Large Hot chocolate - 2.90,2.9,CASH,
08/07/2024 14:46,London Camden,Shirley Quinonez,Large Flavoured hot chocolate - Hazelnut - 2.90,2.9,CARD,9788649178015723
08/07/2024 14:47,London Camden,Lionel Creswell,Regular Hot chocolate - 2.20,2.2,CARD,8059049588486057
08/07/2024 14:48,London Camden,Megan Kimbrough,"Regular Hot chocolate - 2.20, Regular Speciality Tea - Peppermint - 1.30",3.5,CARD,3435023535634558
08/07/2024 14:49,London Camden,Sonia Lofquist,"Large Chai latte - 2.60, Regular Flavoured latte - Vanilla - 2.55",5.15,CASH,
08/07/2024 14:50,London Camden,Dorothy Olander,Large Chai latte - 2.60,2.6,CARD,5584525327602284
08/07/2024 14:51,London Camden,Wendy Stewart,"Large Flavoured hot chocolate - Hazelnut - 2.90, Large Chai latte - 2.60, Large Flavoured hot chocolate - Vanilla - 2.90, Regular Chai latte - 2.30, Large Speciality Tea - Peppermint - 1.60, Regular Flavoured hot chocolate - Vanilla - 2.60",14.9,CARD,7627636576547143
08/07/2024 14:52,London Camden,Charles Milne,"Regular Flavoured latte - Vanilla - 2.55, Large Flavoured hot chocolate - Hazelnut - 2.90",5.45,CASH,
08/07/2024 14:52,London Camden,James Kelly,Regular Chai latte - 2.30,2.3,CARD,7636786166914856
08/07/2024 14:53,London Camden,Barbara Morad,Regular Chai latte - 2.30,2.3,CASH,
08/07/2024 14:54,London Camden,Sharon Hargis,Large Flavoured latte - Vanilla - 2.85,2.85,CARD,4606393376483025
08/07/2024 14:55,London Camden,Tyler Ramos,"Large Luxury hot chocolate - 2.70, Large Luxury hot chocolate - 2.70, Regular Hot chocolate - 2.20",7.6,CARD,3344629743257014
08/07/2024 14:56,London Camden,Kim Mccann,Regular Flavoured hot chocolate - Vanilla - 2.60,2.6,CARD,7351229784325479
08/07/2024 14:57,London Camden,Jackie Lee,"Regular Flavoured latte - Vanilla - 2.55, Regular Iced latte - 2.35",4.9,CARD,5654123457317872
08/07/2024 14:58,London Camden,Marshall Cooper,"Large Flavoured latte - Vanilla - 2.85, Large Iced latte - 2.85, Large Luxury hot chocolate - 2.70",8.4,CARD,2850408921158462
08/07/2024 14:59,London Camden,Blair Healey,Large Flavoured latte - Vanilla - 2.85,2.85,CASH,
08/07/2024 14:59,London Camden,Henry Jones,"Regular Speciality Tea - Peppermint - 1.30, Regular Flavoured hot chocolate - Hazelnut - 2.60",3.9,CARD,4891875717335051
08/07/2024 15:00,London Camden,Melita Manuel,"Regular Flavoured hot chocolate - Vanilla - 2.60, Large Flavoured hot chocolate - Vanilla - 2.90, Large Luxury hot chocolate - 2.70",8.2,CARD,7206362314116379
08/07/2024 15:01,London Camden,Charles Louis,"Large Iced latte - 2.85, Large Flavoured latte - Vanilla - 2.85, Regular Speciality Tea - Peppermint - 1.30, Regular Luxury hot chocolate - 2.40, Regular Flavoured hot chocolate - Vanilla - 2.60",12.0,CARD,3844727009312111
08/07/2024 15:03,London Camden,Anthony Black,"Large Flavoured hot chocolate - Vanilla - 2.90, Regular Flavoured latte - Vanilla - 2.55",5.45,CARD,5943756043186418
08/07/2024 15:04,London Camden,Mary Hudson,"Regular Speciality Tea - Peppermint - 1.30, Regular Flavoured latte - Vanilla - 2.55",3.85,CARD,2183151173045514
08/07/2024 15:05,London Camden,Grace Mclaughlin,Large Luxury hot chocolate - 2.70,2.7,CASH,
08/07/2024 15:06,London Camden,James Jones,"Large Chai latte - 2.60, Large Iced latte - 2.85, Large Luxury hot chocolate - 2.70, Large Flavoured latte - Vanilla - 2.85, Regular Chai latte - 2.30, Large Flavoured latte - Vanilla - 2.85",16.15,CARD,1571384810916502
08/07/2024 15:07,London Camden,Tina Knudson,Regular Flavoured hot chocolate - Hazelnut - 2.60,2.6,CASH,
08/07/2024 15:08,London Camden,James Semien,Regular Flavoured hot chocolate - Hazelnut - 2.60,2.6,CASH,
08/07/2024 15:10,London Camden,Mary Siler,"Regular Chai latte - 2.30, Large Luxury hot chocolate - 2.70, Regular Flavoured latte - Vanilla - 2.55",7.55,CASH,
08/07/2024 15:11,London Camden,Iluminada Beard,"Large Speciality Tea - Peppermint - 1.60, Large Flavoured hot chocolate - Vanilla - 2.90, Regular Iced latte - 2.35, Regular Hot chocolate - 2.20",9.05,CARD,4696355892179601
08/07/2024 15:12,London Camden,Dorothy Walken,"Regular Chai latte - 2.30, Regular Flavoured hot chocolate - Hazelnut - 2.60, Large Luxury hot chocolate - 2.70",7.6,CASH,
08/07/2024 15:13,London Camden,Keith Squines,"Large Luxury hot chocolate - 2.70, Regular Chai latte - 2.30, Regular Iced latte - 2.35",7.35,CASH,
08/07/2024 15:14,London Camden,Kayla Thomas,Regular Flavoured latte - Vanilla - 2.55,2.55,CASH,
08/07/2024 15:15,London Camden,Jerrod Zima,"Regular Flavoured hot chocolate - Vanilla - 2.60, Large Hot chocolate - 2.90, Regular Hot chocolate - 2.20, Large Hot chocolate - 2.90, Regular Flavoured latte - Vanilla - 2.55, Regular Iced latte - 2.35",15.5,CARD,6063996506583560
08/07/2024 15:17,London Camden,Fred Harris,"Regular Speciality Tea - Peppermint - 1.30, Regular Hot chocolate - 2.20, Large Flavoured hot chocolate - Vanilla - 2.90",6.4,CASH,
08/07/2024 15:18,London Camden,Eva Cole,"Regular Flavoured hot chocolate - Hazelnut - 2.60, Regular Flavoured hot chocolate - Hazelnut - 2.60",5.2,CASH,
08/07/2024 15:19,London Camden,Beverly Mirr,"Regular Flavoured latte - Vanilla - 2.55, Large Iced latte - 2.85, Regular Speciality Tea - Peppermint - 1.30, Regular Luxury hot chocolate - 2.40, Large Flavoured latte - Vanilla - 2.85",11.95,CARD,3318345623400942
08/07/2024 15:20,London Camden,Gary Brooks,"Regular Speciality Tea - Peppermint - 1.30, Large Iced latte - 2.85, Regular Flavoured hot chocolate - Vanilla - 2.60",6.75,CASH,
08/07/2024 15:21,London Camden,Hilde Kolden,"Regular Speciality Tea - Peppermint - 1.30, Regular Hot chocolate - 2.20, Large Flavoured latte - Vanilla - 2.85",6.35,CARD,4229476892845215
08/07/2024 15:22,London Camden,Ana Merryman,"Large Iced latte - 2.85, Large Speciality Tea - Peppermint - 1.60, Large Hot chocolate - 2.90, Large Flavoured latte - Vanilla - 2.85",10.2,CASH,
08/07/2024 15:24,London Camden,Dean Drake,"Regular Flavoured hot chocolate - Vanilla - 2.60, Large Flavoured hot chocolate - Vanilla - 2.90, Large Flavoured latte - Vanilla - 2.85, Large Iced latte - 2.85",11.2,CARD,4177810960949480
08/07/2024 15:25,London Camden,William Foster,"Large Hot chocolate - 2.90, Regular Iced latte - 2.35",5.25,CASH,
08/07/2024 15:26,London Camden,Penny Debose,"Regular Flavoured hot chocolate - Vanilla - 2.60, Regular Speciality Tea - Peppermint - 1.30, Regular Iced latte - 2.35, Large Flavoured hot chocolate - Vanilla - 2.90, Regular Chai latte - 2.30, Large Flavoured hot chocolate - Vanilla - 2.90",14.35,CASH,
08/07/2024 15:27,London Camden,Claire Roderick,"Large Flavoured latte - Vanilla - 2.85, Regular Chai latte - 2.30, Large Flavoured hot chocolate - Vanilla - 2.90",8.05,CASH,
08/07/2024 15:28,London Camden,Ashly Basey,Regular Flavoured hot chocolate - Vanilla - 2.60,2.6,CARD,8485738664016690
08/07/2024 15:29,London Camden,Jenny Mccarrel,"Regular Flavoured hot chocolate - Hazelnut - 2.60, Regular Chai latte - 2.30",4.9,CARD,2200939185260718
08/07/2024 15:31,London Camden,Alejandro Lee,"Large Chai latte - 2.60, Regular Flavoured latte - Vanilla - 2.55, Large Hot chocolate - 2.90",8.05,CARD,6234159567399423
08/07/2024 15:32,London Camden,Young Hartigan,"Regular Chai latte - 2.30, Large Flavoured hot chocolate - Vanilla - 2.90, Regular Iced latte - 2.35, Regular Speciality Tea - Peppermint - 1.30",8.85,CARD,5112156859386580
08/07/2024 15:33,London Camden,Jerry Decastro,"Regular Flavoured hot chocolate - Hazelnut - 2.60, Large Speciality Tea - Peppermint - 1.60, Large Iced latte - 2.85, Large Speciality Tea - Peppermint - 1.60",8.65,CARD,6444063882238060
08/07/2024 15:34,London Camden,Kerry Marks,"Regular Flavoured hot chocolate - Vanilla - 2.60, Large Flavoured latte - Vanilla - 2.85, Regular Chai latte - 2.30, Large Speciality Tea - Peppermint - 1.60",9.35,CARD,9001094058052351
08/07/2024 15:35,London Camden,Tracy Thoma,"Large Iced latte - 2.85, Regular Flavoured latte - Vanilla - 2.55, Large Hot chocolate - 2.90, Regular Chai latte - 2.30",10.6,CARD,5686411930910603
08/07/2024 15:36,London Camden,James Gannon,"Large Hot chocolate - 2.90, Large Chai latte - 2.60, Regular Iced latte - 2.35, Large Flavoured hot chocolate - Hazelnut - 2.90",10.75,CARD,6493942316262793
08/07/2024 15:38,London Camden,Sean Richard,"Large Hot chocolate - 2.90, Regular Speciality Tea - Peppermint - 1.30",4.2,CARD,7850430088045412
08/07/2024 15:39,London Camden,James Cobb,"Regular Flavoured latte - Vanilla - 2.55, Regular Luxury hot chocolate - 2.40, Regular Speciality Tea - Peppermint - 1.30, Regular Hot chocolate - 2.20",8.45,CASH,
08/07/2024 15:40,London Camden,Michael Lobue,Large Flavoured hot chocolate - Hazelnut - 2.90,2.9,CASH,
08/07/2024 15:41,London Camden,Chong Ruffin,Large Speciality Tea - Peppermint - 1.60,1.6,CASH,
08/07/2024 15:42,London Camden,James Travers,"Large Flavoured latte - Vanilla - 2.85, Regular Speciality Tea - Peppermint - 1.30",4.15,CASH,
08/07/2024 15:43,London Camden,Andrew Gilliam,"Large Hot chocolate - 2.90, Large Luxury hot chocolate - 2.70, Large Speciality Tea - Peppermint - 1.60, Large Flavoured hot chocolate - Vanilla - 2.90",10.1,CARD,9092005962110830
08/07/2024 15:45,London Camden,Lauretta Ewing,"Regular Flavoured latte - Vanilla - 2.55, Regular Speciality Tea - Peppermint - 1.30",3.85,CARD,8138947346495670
08/07/2024 15:46,London Camden,Anne Bell,"Large Flavoured hot chocolate - Hazelnut - 2.90, Large Flavoured hot chocolate - Vanilla - 2.90, Regular Luxury hot chocolate - 2.40, Large Hot chocolate - 2.90, Large Hot chocolate - 2.90",14.0,CARD,7296037280832367
08/07/2024 15:47,London Camden,Joseph Clevenger,"Regular Flavoured hot chocolate - Hazelnut - 2.60, Regular Flavoured hot chocolate - Hazelnut - 2.60",5.2,CARD,6942262520698867
08/07/2024 15:48,London Camden,Ron Nelson,"Regular Hot chocolate - 2.20, Large Luxury hot chocolate - 2.70, Regular Hot chocolate - 2.20, Large Speciality Tea - Peppermint - 1.60, Large Flavoured hot chocolate - Vanilla - 2.90",11.6,CASH,
08/07/2024 15:49,London Camden,James Feliciano,"Regular Chai latte - 2.30, Regular Flavoured hot chocolate - Hazelnut - 2.60, Regular Flavoured hot chocolate - Hazelnut - 2.60",7.5,CARD,3902797328936095
08/07/2024 15:50,London Camden,William But,"Regular Speciality Tea - Peppermint - 1.30, Large Flavoured hot chocolate - Vanilla - 2.90",4.2,CASH,
08/07/2024 15:52,London Camden,Richard Medina,Regular Chai latte - 2.30,2.3,CARD,6798522220868359
08/07/2024 15:53,London Camden,Katina Ramos,"Regular Luxury hot chocolate - 2.40, Large Flavoured latte - Vanilla - 2.85, Regular Speciality Tea - Peppermint - 1.30",6.55,CARD,5009261385794586
08/07/2024 15:54,London Camden,Lazaro Landrum,Regular Flavoured latte - Vanilla - 2.55,2.55,CASH,
08/07/2024 15:55,London Camden,Carol Kail,"Large Flavoured hot chocolate - Hazelnut - 2.90, Regular Flavoured hot chocolate - Hazelnut - 2.60",5.5,CARD,3349568528697117
08/07/2024 15:56,London Camden,Stephanie Mcclure,"Large Flavoured hot chocolate - Hazelnut - 2.90, Regular Chai latte - 2.30, Regular Chai latte - 2.30",7.5,CARD,1579828888890399
08/07/2024 15:57,London Camden,Sharon Mackson,"Regular Speciality Tea - Peppermint - 1.30, Regular Flavoured latte - Vanilla - 2.55, Regular Luxury hot chocolate - 2.40, Regular Flavoured hot chocolate - Vanilla - 2.60, Regular Iced latte - 2.35, Large Chai latte - 2.60",13.8,CASH,
08/07/2024 15:59,London Camden,Antonio Bell,Regular Speciality Tea - Peppermint - 1.30,1.3,CARD,5326738377695852
08/07/2024 16:00,London Camden,Gary Williamson,"Regular Flavoured hot chocolate - Hazelnut - 2.60, Regular Chai latte - 2.30",4.9,CASH,
08/07/2024 16:02,London Camden,John Thompson,Regular Flavoured latte - Vanilla - 2.55,2.55,CASH,
08/07/2024 16:04,London Camden,Richard Becker,"Regular Iced latte - 2.35, Regular Luxury hot chocolate - 2.40, Large Chai latte - 2.60, Regular Flavoured latte - Vanilla - 2.55, Regular Flavoured hot chocolate - Vanilla - 2.60",12.5,CARD,9867705511055959
08/07/2024 16:06,London Camden,Dana Leon,"Large Flavoured latte - Vanilla - 2.85, Regular Speciality Tea - Peppermint - 1.30, Large Chai latte - 2.60, Large Hot chocolate - 2.90",9.65,CARD,8956419813609660
08/07/2024 16:09,London Camden,Rufus Williams,"Regular Speciality Tea - Peppermint - 1.30, Large Speciality Tea - Peppermint - 1.60, Large Speciality Tea - Peppermint - 1.60",4.5,CARD,8049962449474496
08/07/2024 16:11,London Camden,Susan Kim,Regular Flavoured hot chocolate - Hazelnut - 2.60,2.6,CASH,
08/07/2024 16:13,London Camden,Robert Faria,"Regular Hot chocolate - 2.20, Large Speciality Tea - Peppermint - 1.60, Large Flavoured hot chocolate - Vanilla - 2.90, Regular Flavoured hot chocolate - Hazelnut - 2.60, Large Flavoured hot chocolate - Hazelnut - 2.90",12.2,CASH,
08/07/2024 16:15,London Camden,Ramon Le,"Regular Iced latte - 2.35, Large Flavoured latte - Vanilla - 2.85",5.2,CASH,
08/07/2024 16:18,London Camden,William Kinslow,"Large Hot chocolate - 2.90, Regular Speciality Tea - Peppermint - 1.30",4.2,CARD,7243946590441193
08/07/2024 16:20,London Camden,Kenneth Hocker,"Large Flavoured hot chocolate - Vanilla - 2.90, Large Chai latte - 2.60, Large Luxury hot chocolate - 2.70",8.2,CARD,2433124304467248
08/07/2024 16:22,London Camden,James Delong,Regular Iced latte - 2.35,2.35,CARD,2273746590662188
08/07/2024 16:24,London Camden,Tiffany Williamson,"Large Iced latte - 2.85, Large Iced latte - 2.85",5.7,CASH,
08/07/2024 16:26,London Camden,Nicholas King,"Regular Flavoured hot chocolate - Vanilla - 2.60, Regular Flavoured hot chocolate - Vanilla - 2.60, Large Hot chocolate - 2.90, Regular Luxury hot chocolate - 2.40",10.5,CASH,
08/07/2024 16:29,London Camden,Delores Fuentes,"Large Luxury hot chocolate - 2.70, Large Flavoured hot chocolate - Vanilla - 2.90, Regular Hot chocolate - 2.20, Large Speciality Tea - Peppermint - 1.60",9.4,CARD,2069871018566681
08/07/2024 16:31,London Camden,Rosann Ball,"Large Hot chocolate - 2.90, Regular Flavoured hot chocolate - Vanilla - 2.60, Regular Flavoured latte - Vanilla - 2.55",8.05,CARD,5578478149228546
08/07/2024 16:33,London Camden,Doris Bathke,"Large Speciality Tea - Peppermint - 1.60, Regular Iced latte - 2.35",3.95,CASH,
08/07/2024 16:35,London Camden,Warren Meyer,"Large Flavoured latte - Vanilla - 2.85, Large Hot chocolate - 2.90",5.75,CARD,4539824784207326
08/07/2024 16:37,London Camden,Marcella Matthews,"Large Flavoured hot chocolate - Hazelnut - 2.90, Regular Flavoured latte - Vanilla - 2.55, Regular Luxury hot chocolate - 2.40",7.85,CARD,6261149509860826
08/07/2024 16:40,London Camden,Janette Ceja,Large Chai latte - 2.60,2.6,CARD,3791788550833965
08/07/2024 16:42,London Camden,David Winter,"Large Speciality Tea - Peppermint - 1.60, Large Luxury hot chocolate - 2.70",4.3,CARD,8939460986810570
08/07/2024 16:44,London Camden,David Mehserle,"Large Flavoured hot chocolate - Hazelnut - 2.90, Large Chai latte - 2.60, Regular Flavoured latte - Vanilla - 2.55, Regular Chai latte - 2.30, Regular Luxury hot chocolate - 2.40",12.75,CASH,
08/07/2024 16:46,London Camden,Connie Lusby,"Regular Iced latte - 2.35, Large Hot chocolate - 2.90",5.25,CARD,1429365552216889
08/07/2024 16:49,London Camden,Mary Price,Large Speciality Tea - Peppermint - 1.60,1.6,CARD,6555802662216183
08/07/2024 16:51,London Camden,Mary Chapman,"Regular Flavoured hot chocolate - Hazelnut - 2.60, Large Flavoured hot chocolate - Hazelnut - 2.90, Large Flavoured latte - Vanilla - 2.85",8.35,CASH,
08/07/2024 16:53,London Camden,Leona Paul,"Large Iced latte - 2.85, Large Luxury hot chocolate - 2.70, Large Flavoured hot chocolate - Hazelnut - 2.90",8.45,CASH,
08/07/2024 16:55,London Camden,Randy Simon,"Large Hot chocolate - 2.90, Large Chai latte - 2.60, Regular Hot chocolate - 2.20, Large Iced latte - 2.85, Regular Hot chocolate - 2.20",12.75,CARD,1637060275812780
08/07/2024 16:57,London Camden,Doris Brown,"Regular Flavoured hot chocolate - Hazelnut - 2.60, Regular Luxury hot chocolate - 2.40, Large Chai latte - 2.60",7.6,CARD,4845347870075675
