08/07/2024 08:00,London Brixton,Phyllis Atkins,"Regular Iced americano - 2.15, Large Speciality Tea - Earl Grey - 1.60, Regular Espresso - 1.50",5.25,CARD,9322117082072041
08/07/2024 08:00,London Brixton,Dean Fischer,Regular Smoothies - Carrot Kick - 2.00,2.0,CARD,1251734133999633
08/07/2024 08:01,London Brixton,Frank Oconor,Regular Frappes - Strawberries & Cream - 2.75,2.75,CASH,
08/07/2024 08:02,London Brixton,Maryann Brisbon,"Large Frappes - Strawberries & Cream - 3.25, Large Smoothies - Glowing Greens - 2.50, Regular Cappuccino - 2.15",7.9,CASH,
08/07/2024 08:03,London Brixton,Benedict Mirza,"Regular Espresso - 1.50, Large Smoothies - Glowing Greens - 2.50",4.0,CASH,
08/07/2024 08:04,London Brixton,Anthony Pollock,"Large Frappes - Strawberries & Cream - 3.25, Large Cappuccino - 2.45, Large Speciality Tea - Earl Grey - 1.60, Regular Cappuccino - 2.15, Large Espresso - 1.80",11.25,CARD,6222497587018754
08/07/2024 08:05,London Brixton,Joan Berry,Regular Smoothies - Glowing Greens - 2.00,2.0,CASH,
08/07/2024 08:06,London Brixton,Betty Labruzzo,Regular Iced americano - 2.15,2.15,CASH,
08/07/2024 08:07,London Brixton,Rodney Kendrick,"Large Espresso - 1.80, Large Hot chocolate - 2.90, Regular Cappuccino - 2.15",6.85,CASH,
08/07/2024 08:08,London Brixton,Curtis Hill,Regular Smoothies - Carrot Kick - 2.00,2.0,CARD,4701791420962653
08/07/2024 08:09,London Brixton,Emelia Thomas,"Large Cappuccino - 2.45, Large Speciality Tea - Earl Grey - 1.60, Regular Espresso - 1.50",5.55,CARD,6349566837954018
08/07/2024 08:10,London Brixton,Priscilla Giebner,Large Cappuccino - 2.45,2.45,CARD,1080070779216655
08/07/2024 08:11,London Brixton,Robert Greeson,"Regular Hot chocolate - 2.20, Large Smoothies - Carrot Kick - 2.50, Large Espresso - 1.80, Regular Cappuccino - 2.15, Regular Frappes - Strawberries & Cream - 2.75, Large Smoothies - Glowing Greens - 2.50",13.9,CARD,8104132288032184
08/07/2024 08:12,London Brixton,Jason Johnson,"Large Espresso - 1.80, Large Hot chocolate - 2.90, Regular Smoothies - Carrot Kick - 2.00",6.7,CARD,9312709216588062
08/07/2024 08:13,London Brixton,Carolyn Barkley,"Regular Hot chocolate - 2.20, Regular Espresso - 1.50",3.7,CARD,5362387349894403
08/07/2024 08:14,London Brixton,Beverly Barlow,Regular Espresso - 1.50,1.5,CARD,9580665009577535
08/07/2024 08:15,London Brixton,Desiree Walters,"Large Speciality Tea - Earl Grey - 1.60, Regular Iced americano - 2.15, Regular Iced americano - 2.15, Large Speciality Tea - Earl Grey - 1.60, Large Cappuccino - 2.45, Large Frappes - Strawberries & Cream - 3.25",13.2,CARD,6911111350102266
08/07/2024 08:16,London Brixton,Aron Mcelderry,"Large Frappes - Strawberries & Cream - 3.25, Regular Speciality Tea - Earl Grey - 1.30, Regular Smoothies - Carrot Kick - 2.00, Large Cappuccino - 2.45, Regular Hot chocolate - 2.20, Regular Hot chocolate - 2.20",13.4,CASH,
08/07/2024 08:17,London Brixton,Patrick Pettie,Large Frappes - Strawberries & Cream - 3.25,3.25,CASH,
08/07/2024 08:18,London Brixton,Daryl Souza,Large Frappes - Strawberries & Cream - 3.25,3.25,CARD,9049672217457640
08/07/2024 08:19,London Brixton,Joseph Pham,"Large Hot chocolate - 2.90, Regular Frappes - Strawberries & Cream - 2.75, Large Smoothies - Carrot Kick - 2.50, Regular Iced americano - 2.15",10.3,CASH,
08/07/2024 08:20,London Brixton,Rodney Noonkester,"Large Espresso - 1.80, Large Smoothies - Glowing Greens - 2.50, Large Frappes - Strawberries & Cream - 3.25",7.55,CARD,3553209979097335
08/07/2024 08:21,London Brixton,Joe Heredia,Large Iced americano - 2.50,2.5,CARD,7884040475441720
08/07/2024 08:22,London Brixton,Craig Newborn,"Large Iced americano - 2.50, Large Iced americano - 2.50, Regular Smoothies - Carrot Kick - 2.00",7.0,CARD,2200996388643828
08/07/2024 08:23,London Brixton,Art Palumbo,"Large Hot chocolate - 2.90, Regular Speciality Tea - Earl Grey - 1.30, Large Speciality Tea - Earl Grey - 1.60",5.8,CARD,9434250235472657
08/07/2024 08:24,London Brixton,David Glaus,Regular Iced americano - 2.15,2.15,CARD,7273970847443095
08/07/2024 08:25,London Brixton,Suzanne Oliver,"Regular Speciality Tea - Earl Grey - 1.30, Large Frappes - Strawberries & Cream - 3.25, Regular Iced americano - 2.15, Regular Cappuccino - 2.15, Large Smoothies - Glowing Greens - 2.50",11.35,CARD,5547543643394282
08/07/2024 08:26,London Brixton,Susan Cuningham,"Large Speciality Tea - Earl Grey - 1.60, Regular Cappuccino - 2.15",3.75,CARD,8480045629040269
08/07/2024 08:27,London Brixton,Rosario Sheriff,Large Iced americano - 2.50,2.5,CASH,
08/07/2024 08:28,London Brixton,Jacqueline Mcgee,"Regular Iced americano - 2.15, Regular Cappuccino - 2.15",4.3,CASH,
08/07/2024 08:29,London Brixton,Mary Moffitt,Regular Hot chocolate - 2.20,2.2,CASH,
08/07/2024 08:30,London Brixton,Trinidad Stark,Large Smoothies - Glowing Greens - 2.50,2.5,CASH,
08/07/2024 08:31,London Brixton,Kimberly Washington,Large Hot chocolate - 2.90,2.9,CARD,6816639030231234
08/07/2024 08:32,London Brixton,Mary Albright,"Regular Smoothies - Glowing Greens - 2.00, Large Hot chocolate - 2.90, Large Iced americano - 2.50",7.4,CARD,3889924680051637
08/07/2024 08:33,London Brixton,Bernie Woods,"Large Cappuccino - 2.45, Regular Iced americano - 2.15, Regular Cappuccino - 2.15",6.75,CARD,8290479030474145
08/07/2024 08:34,London Brixton,Kevin Hunter,"Large Cappuccino - 2.45, Regular Smoothies - Carrot Kick - 2.00",4.45,CARD,5994259516858459
08/07/2024 08:35,London Brixton,Daniel Swanston,Regular Speciality Tea - Earl Grey - 1.30,1.3,CASH,
08/07/2024 08:36,London Brixton,Jose Senft,"Regular Frappes - Strawberries & Cream - 2.75, Regular Frappes - Strawberries & Cream - 2.75, Regular Cappuccino - 2.15",7.65,CARD,5885079276845821
08/07/2024 08:37,London Brixton,Michele Curtis,Regular Frappes - Strawberries & Cream - 2.75,2.75,CASH,
08/07/2024 08:38,London Brixton,James Flores,Regular Hot chocolate - 2.20,2.2,CARD,8814976523035639
08/07/2024 08:39,London Brixton,Michael Busby,Large Cappuccino - 2.45,2.45,CARD,7437201536727099
08/07/2024 08:40,London Brixton,Christopher Sullivan,"Large Smoothies - Glowing Greens - 2.50, Large Smoothies - Carrot Kick - 2.50",5.0,CARD,8132202327057249
08/07/2024 08:41,London Brixton,Belinda Soares,"Large Iced americano - 2.50, Regular Speciality Tea - Earl Grey - 1.30, Large Hot chocolate - 2.90",6.7,CARD,1966713215922822
08/07/2024 08:42,London Brixton,James Bailey,"Regular Iced americano - 2.15, Large Smoothies - Glowing Greens - 2.50, Large Frappes - Strawberries & Cream - 3.25",7.9,CARD,1036446169730064
08/07/2024 08:43,London Brixton,Georgia Rivera,"Regular Cappuccino - 2.15, Large Cappuccino - 2.45, Large Smoothies - Glowing Greens - 2.50, Large Speciality Tea - Earl Grey - 1.60",8.7,CARD,3626633037527765
08/07/2024 08:44,London Brixton,Meagan Nash,"Regular Smoothies - Carrot Kick - 2.00, Large Frappes - Strawberries & Cream - 3.25, Regular Smoothies - Carrot Kick - 2.00, Regular Hot chocolate - 2.20",9.45,CARD,6586595871354525
08/07/2024 08:45,London Brixton,Jean Flecha,"Large Iced americano - 2.50, Large Frappes - Strawberries & Cream - 3.25, Regular Iced americano - 2.15, Regular Espresso - 1.50, Regular Smoothies - Carrot Kick - 2.00, Large Iced americano - 2.50",13.9,CASH,
08/07/2024 08:46,London Brixton,Anna Kiser,"Regular Hot chocolate - 2.20, Regular Smoothies - Carrot Kick - 2.00, Regular Speciality Tea - Earl Grey - 1.30, Large Cappuccino - 2.45",7.95,CASH,
08/07/2024 08:47,London Brixton,Robert Fox,"Large Frappes - Strawberries & Cream - 3.25, Large Smoothies - Glowing Greens - 2.50, Regular Smoothies - Carrot Kick - 2.00",7.75,CASH,
08/07/2024 08:48,London Brixton,Robert Ocampo,"Large Iced americano - 2.50, Regular Espresso - 1.50, Large Iced americano - 2.50",6.5,CARD,5174260744073102
08/07/2024 08:49,London Brixton,Theresa Lunsford,"Large Frappes - Strawberries & Cream - 3.25, Regular Smoothies - Carrot Kick - 2.00, Large Hot chocolate - 2.90, Regular Speciality Tea - Earl Grey - 1.30",9.45,CASH,
08/07/2024 08:50,London Brixton,Steven Willis,"Large Smoothies - Carrot Kick - 2.50, Regular Speciality Tea - Earl Grey - 1.30",3.8,CARD,2059586856916256
08/07/2024 08:51,London Brixton,Lela Loeza,Large Cappuccino - 2.45,2.45,CASH,
08/07/2024 08:52,London Brixton,Mario Beach,"Large Espresso - 1.80, Regular Cappuccino - 2.15",3.95,CARD,9515230540682716
08/07/2024 08:53,London Brixton,Meagan Cornett,Large Frappes - Strawberries & Cream - 3.25,3.25,CARD,6531117608674265
08/07/2024 08:54,London Brixton,Joseph Foster,"Regular Cappuccino - 2.15, Regular Iced americano - 2.15, Regular Frappes - Strawberries & Cream - 2.75, Large Espresso - 1.80",8.85,CASH,
08/07/2024 08:55,London Brixton,James Conger,"Regular Smoothies - Carrot Kick - 2.00, Large Espresso - 1.80",3.8,CARD,3191046764076740
08/07/2024 08:56,London Brixton,Jerome Pirtle,"Regular Frappes - Strawberries & Cream - 2.75, Large Speciality Tea - Earl Grey - 1.60, Regular Cappuccino - 2.15",6.5,CARD,9771923563910426
08/07/2024 08:57,London Brixton,Steven Lanigan,"Large Speciality Tea - Earl Grey - 1.60, Regular Speciality Tea - Earl Grey - 1.30, Large Frappes - Strawberries & Cream - 3.25",6.15,CASH,
08/07/2024 08:58,London Brixton,Maureen Puckett,"Large Smoothies - Carrot Kick - 2.50, Regular Hot chocolate - 2.20",4.7,CARD,8519399306479669
08/07/2024 08:59,London Brixton,Katherine Brubaker,"Regular Smoothies - Carrot Kick - 2.00, Large Speciality Tea - Earl Grey - 1.60, Large Smoothies - Glowing Greens - 2.50, Regular Espresso - 1.50, Large Frappes - Strawberries & Cream - 3.25",10.85,CASH,
08/07/2024 08:59,London Brixton,Frances Smith,"Large Hot chocolate - 2.90, Large Espresso - 1.80, Regular Speciality Tea - Earl Grey - 1.30, Large Espresso - 1.80",7.8,CASH,
08/07/2024 09:00,London Brixton,Dennis Perkins,"Regular Speciality Tea - Earl Grey - 1.30, Large Iced americano - 2.50, Regular Speciality Tea - Earl Grey - 1.30",5.1,CASH,
08/07/2024 09:02,London Brixton,Marcelo Holmes,"Large Cappuccino - 2.45, Large Cappuccino - 2.45, Large Hot chocolate - 2.90",7.8,CARD,8242538617842264
08/07/2024 09:03,London Brixton,Janice Gill,"Large Speciality Tea - Earl Grey - 1.60, Regular Frappes - Strawberries & Cream - 2.75, Large Frappes - Strawberries & Cream - 3.25",7.6,CARD,6888049900604341
08/07/2024 09:04,London Brixton,Casey Rose,"Regular Frappes - Strawberries & Cream - 2.75, Large Hot chocolate - 2.90, Regular Cappuccino - 2.15, Regular Speciality Tea - Earl Grey - 1.30",9.1,CARD,7899743254048774
08/07/2024 09:05,London Brixton,Donald Vasquez,"Large Cappuccino - 2.45, Large Cappuccino - 2.45",4.9,CARD,1151986981610925
08/07/2024 09:06,London Brixton,David Walling,Regular Espresso - 1.50,1.5,CASH,
08/07/2024 09:07,London Brixton,Chauncey Gonzalez,"Regular Iced americano - 2.15, Regular Smoothies - Carrot Kick - 2.00, Regular Hot chocolate - 2.20",6.35,CARD,2587048116708568
08/07/2024 09:09,London Brixton,Carolyn Welch,Large Speciality Tea - Earl Grey - 1.60,1.6,CARD,2157997395015122
08/07/2024 09:10,London Brixton,Susan Chavez,Regular Iced americano - 2.15,2.15,CARD,7113446662964537
08/07/2024 09:11,London Brixton,Earline Alford,Regular Espresso - 1.50,1.5,CARD,1023203131368148
08/07/2024 09:12,London Brixton,Andrew Fitzhugh,Large Cappuccino - 2.45,2.45,CARD,3040592514279979
08/07/2024 09:13,London Brixton,Micheal Wade,"Regular Cappuccino - 2.15, Regular Hot chocolate - 2.20, Regular Espresso - 1.50, Regular Smoothies - Glowing Greens - 2.00",7.85,CARD,1387788830918207
08/07/2024 09:14,London Brixton,Lee Mares,"Regular Smoothies - Glowing Greens - 2.00, Large Espresso - 1.80, Regular Speciality Tea - Earl Grey - 1.30, Regular Speciality Tea - Earl Grey - 1.30",6.4,CARD,6416566889079799
08/07/2024 09:16,London Brixton,May Strohmayer,"Regular Smoothies - Glowing Greens - 2.00, Large Iced americano - 2.50, Regular Iced americano - 2.15, Regular Smoothies - Carrot Kick - 2.00",8.65,CARD,5520894854118482
08/07/2024 09:17,London Brixton,Francisco Marlowe,"Large Hot chocolate - 2.90, Regular Cappuccino - 2.15, Large Frappes - Strawberries & Cream - 3.25",8.3,CARD,5432614716702867
08/07/2024 09:18,London Brixton,Judy Ramirez,"Regular Iced americano - 2.15, Large Espresso - 1.80, Large Hot chocolate - 2.90, Regular Smoothies - Glowing Greens - 2.00, Large Hot chocolate - 2.90",11.75,CARD,4632854532638237
08/07/2024 09:19,London Brixton,Jessie Hatcher,"Large Speciality Tea - Earl Grey - 1.60, Regular Smoothies - Glowing Greens - 2.00, Regular Hot chocolate - 2.20, Large Cappuccino - 2.45, Regular Speciality Tea - Earl Grey - 1.30",9.55,CARD,6877336559074152
08/07/2024 09:20,London Brixton,Paul Hyer,Large Speciality Tea - Earl Grey - 1.60,1.6,CARD,3038162438354003
08/07/2024 09:21,London Brixton,Anna Haire,"Large Smoothies - Carrot Kick - 2.50, Regular Hot chocolate - 2.20, Regular Hot chocolate - 2.20",6.9,CASH,
08/07/2024 09:23,London Brixton,Alexander Vinson,Regular Smoothies - Glowing Greens - 2.00,2.0,CARD,8681934666898450
08/07/2024 09:24,London Brixton,Lori Yusuf,"Regular Smoothies - Glowing Greens - 2.00, Regular Hot chocolate - 2.20, Large Smoothies - Carrot Kick - 2.50, Regular Speciality Tea - Earl Grey - 1.30",8.0,CARD,6531916621001358
08/07/2024 09:25,London Brixton,Kim Faycurry,"Regular Smoothies - Carrot Kick - 2.00, Large Speciality Tea - Earl Grey - 1.60",3.6,CARD,1567686075297392
08/07/2024 09:26,London Brixton,Allison Castro,"Large Smoothies - Carrot Kick - 2.50, Regular Speciality Tea - Earl Grey - 1.30, Large Iced americano - 2.50, Large Speciality Tea - Earl Grey - 1.60",7.9,CARD,6854526828635631
08/07/2024 09:27,London Brixton,Virginia Monteiro,Large Frappes - Strawberries & Cream - 3.25,3.25,CARD,2205085923053341
08/07/2024 09:28,London Brixton,Helen Scott,"Large Smoothies - Carrot Kick - 2.50, Regular Espresso - 1.50",4.0,CARD,1817305816798922
08/07/2024 09:30,London Brixton,Nelson Acosta,Large Smoothies - Glowing Greens - 2.50,2.5,CARD,9484708368915311
08/07/2024 09:31,London Brixton,Vickie Adkins,"Regular Cappuccino - 2.15, Regular Cappuccino - 2.15, Regular Smoothies - Carrot Kick - 2.00",6.3,CASH,
08/07/2024 09:32,London Brixton,Alvin Mcdonald,"Large Iced americano - 2.50, Regular Iced americano - 2.15, Large Frappes - Strawberries & Cream - 3.25, Large Smoothies - Carrot Kick - 2.50, Large Smoothies - Glowing Greens - 2.50, Regular Hot chocolate - 2.20",15.1,CARD,3105732295444681
08/07/2024 09:33,London Brixton,Jane Vanhamlin,Large Cappuccino - 2.45,2.45,CARD,8090690573490255
08/07/2024 09:34,London Brixton,Dorothy Fairbanks,"Large Iced americano - 2.50, Regular Smoothies - Glowing Greens - 2.00, Large Hot chocolate - 2.90, Regular Smoothies - Carrot Kick - 2.00",9.4,CARD,8479828087412358
08/07/2024 09:35,London Brixton,Rodney Thompson,"Large Hot chocolate - 2.90, Regular Smoothies - Carrot Kick - 2.00",4.9,CASH,
08/07/2024 09:37,London Brixton,Nancy Earley,"Large Cappuccino - 2.45, Large Espresso - 1.80, Regular Smoothies - Carrot Kick - 2.00, Large Hot chocolate - 2.90",9.15,CARD,6846016124799066
08/07/2024 09:38,London Brixton,Grace Barr,"Regular Speciality Tea - Earl Grey - 1.30, Large Frappes - Strawberries & Cream - 3.25, Large Iced americano - 2.50, Regular Espresso - 1.50",8.55,CARD,1023800779675390
08/07/2024 09:39,London Brixton,Darryl Hall,"Large Iced americano - 2.50, Regular Hot chocolate - 2.20, Large Iced americano - 2.50, Large Iced americano - 2.50, Regular Iced americano - 2.15",11.85,CARD,6784621152933023
08/07/2024 09:40,London Brixton,Joshua Maraldo,Large Frappes - Strawberries & Cream - 3.25,3.25,CARD,5700223925118735
08/07/2024 09:41,London Brixton,Thomas Fitzgerald,"Large Hot chocolate - 2.90, Regular Iced americano - 2.15, Regular Speciality Tea - Earl Grey - 1.30, Regular Cappuccino - 2.15, Regular Cappuccino - 2.15",10.65,CARD,4341087900318272
08/07/2024 09:42,London Brixton,Michele Hanson,Large Iced americano - 2.50,2.5,CARD,2948837039253690
08/07/2024 09:44,London Brixton,Doris Friend,Regular Hot chocolate - 2.20,2.2,CARD,8719087950163926
08/07/2024 09:45,London Brixton,Jean Coleman,Large Frappes - Strawberries & Cream - 3.25,3.25,CARD,2085288294719784
08/07/2024 09:46,London Brixton,Mario Ortiz,"Regular Speciality Tea - Earl Grey - 1.30, Large Hot chocolate - 2.90, Large Frappes - Strawberries & Cream - 3.25",7.45,CARD,7255863062677667
08/07/2024 09:47,London Brixton,Angela Montz,Regular Espresso - 1.50,1.5,CARD,4907182169995441
08/07/2024 09:48,London Brixton,Daniel Hazlett,"Large Iced americano - 2.50, Regular Smoothies - Carrot Kick - 2.00",4.5,CASH,
08/07/2024 09:49,London Brixton,George White,Regular Cappuccino - 2.15,2.15,CARD,7265915944095366
08/07/2024 09:51,London Brixton,Vance Benjamin,Large Cappuccino - 2.45,2.45,CARD,2357758577570609
08/07/2024 09:52,London Brixton,Elizabeth Quinn,"Regular Hot chocolate - 2.20, Large Hot chocolate - 2.90, Large Cappuccino - 2.45, Regular Smoothies - Glowing Greens - 2.00",9.55,CARD,5690987691350331
08/07/2024 09:53,London Brixton,Irene Rico,"Large Smoothies - Carrot Kick - 2.50, Regular Espresso - 1.50, Large Iced americano - 2.50, Large Smoothies - Carrot Kick - 2.50, Large Iced americano - 2.50",11.5,CASH,
08/07/2024 09:54,London Brixton,Clarence Maroun,"Regular Cappuccino - 2.15, Regular Smoothies - Carrot Kick - 2.00",4.15,CASH,
08/07/2024 09:55,London Brixton,Shirley Massengale,"Regular Cappuccino - 2.15, Large Frappes - Strawberries & Cream - 3.25, Large Speciality Tea - Earl Grey - 1.60",7.0,CARD,1320620273317937
08/07/2024 09:56,London Brixton,Regina Johnson,"Large Frappes - Strawberries & Cream - 3.25, Regular Speciality Tea - Earl Grey - 1.30, Large Speciality Tea - Earl Grey - 1.60, Regular Speciality Tea - Earl Grey - 1.30",7.45,CARD,9353183306643771
08/07/2024 09:58,London Brixton,Michelle Kim,Regular Hot chocolate - 2.20,2.2,CARD,3273424872526014
08/07/2024 09:59,London Brixton,Sadie Flores,"Regular Espresso - 1.50, Regular Frappes - Strawberries & Cream - 2.75, Regular Smoothies - Glowing Greens - 2.00, Large Cappuccino - 2.45",8.7,CARD,6537200458767998
08/07/2024 10:00,London Brixton,Charles Bolton,Large Espresso - 1.80,1.8,CARD,5669519787226895
08/07/2024 10:01,London Brixton,Helen Winkler,Large Speciality Tea - Earl Grey - 1.60,1.6,CASH,
08/07/2024 10:02,London Brixton,Mark Evans,"Large Smoothies - Glowing Greens - 2.50, Large Smoothies - Carrot Kick - 2.50",5.0,CARD,1432795501810424
08/07/2024 10:03,London Brixton,Janise Niederberger,Regular Frappes - Strawberries & Cream - 2.75,2.75,CARD,9991294073721840
08/07/2024 10:05,London Brixton,Maria Sinclair,"Regular Cappuccino - 2.15, Regular Speciality Tea - Earl Grey - 1.30, Regular Smoothies - Carrot Kick - 2.00, Large Iced americano - 2.50",7.95,CARD,4207830572398742
08/07/2024 10:06,London Brixton,Karen Jean,"Large Hot chocolate - 2.90, Large Frappes - Strawberries & Cream - 3.25, Regular Speciality Tea - Earl Grey - 1.30",7.45,CARD,7356333290965461
08/07/2024 10:07,London Brixton,Joyce Charles,Regular Smoothies - Glowing Greens - 2.00,2.0,CASH,
08/07/2024 10:08,London Brixton,Alvina Brus,"Large Smoothies - Carrot Kick - 2.50, Large Espresso - 1.80, Large Speciality Tea - Earl Grey - 1.60, Regular Smoothies - Glowing Greens - 2.00",7.9,CARD,5157839620137114
08/07/2024 10:09,London Brixton,Lamar Hanna,"Regular Speciality Tea - Earl Grey - 1.30, Large Iced americano - 2.50",3.8,CASH,
08/07/2024 10:10,London Brixton,Joanne Robinson,"Regular Speciality Tea - Earl Grey - 1.30, Regular Speciality Tea - Earl Grey - 1.30",2.6,CARD,1642161597998472
08/07/2024 10:12,London Brixton,Maureen Staples,"Regular Iced americano - 2.15, Large Cappuccino - 2.45, Large Smoothies - Glowing Greens - 2.50, Regular Iced americano - 2.15",9.25,CASH,
08/07/2024 10:13,London Brixton,Carl Rosales,"Regular Smoothies - Glowing Greens - 2.00, Large Cappuccino - 2.45, Regular Smoothies - Glowing Greens - 2.00, Large Iced americano - 2.50, Large Speciality Tea - Earl Grey - 1.60, Regular Iced americano - 2.15",12.7,CARD,6358541273174150
08/07/2024 10:14,London Brixton,Charlotte Mccullough,"Large Espresso - 1.80, Regular Cappuccino - 2.15, Regular Espresso - 1.50, Regular Iced americano - 2.15",7.6,CARD,5972921926452692
08/07/2024 10:15,London Brixton,Nellie York,"Large Iced americano - 2.50, Regular Smoothies - Carrot Kick - 2.00",4.5,CARD,7995230807524530
08/07/2024 10:16,London Brixton,Terri Eason,"Regular Speciality Tea - Earl Grey - 1.30, Regular Smoothies - Glowing Greens - 2.00, Large Hot chocolate - 2.90, Large Espresso - 1.80",8.0,CARD,5878384279119625
08/07/2024 10:17,London Brixton,Deborah Mcintosh,Regular Espresso - 1.50,1.5,CASH,
08/07/2024 10:19,London Brixton,Felicia Reed,"Regular Speciality Tea - Earl Grey - 1.30, Large Smoothies - Glowing Greens - 2.50, Large Hot chocolate - 2.90, Large Frappes - Strawberries & Cream - 3.25",9.95,CARD,6419035322807748
08/07/2024 10:20,London Brixton,Anita Chun,"Large Hot chocolate - 2.90, Regular Iced americano - 2.15, Regular Espresso - 1.50, Regular Frappes - Strawberries & Cream - 2.75",9.3,CASH,
08/07/2024 10:21,London Brixton,Cecelia Twitchell,Regular Frappes - Strawberries & Cream - 2.75,2.75,CARD,7149012623787177
08/07/2024 10:22,London Brixton,Jessie Dempsey,"Regular Smoothies - Glowing Greens - 2.00, Regular Frappes - Strawberries & Cream - 2.75, Regular Hot chocolate - 2.20, Large Smoothies - Carrot Kick - 2.50, Large Iced americano - 2.50",11.95,CASH,
08/07/2024 10:23,London Brixton,James White,"Large Cappuccino - 2.45, Large Iced americano - 2.50",4.95,CARD,1830111791835793
08/07/2024 10:24,London Brixton,Deandrea Santorelli,"Regular Smoothies - Glowing Greens - 2.00, Regular Smoothies - Glowing Greens - 2.00",4.0,CARD,5868820409728586
08/07/2024 10:26,London Brixton,John Ledbetter,"Regular Speciality Tea - Earl Grey - 1.30, Regular Speciality Tea - Earl Grey - 1.30",2.6,CARD,7568525550681915
08/07/2024 10:27,London Brixton,Nathan Mcmillen,"Large Speciality Tea - Earl Grey - 1.60, Large Cappuccino - 2.45, Large Frappes - Strawberries & Cream - 3.25, Large Smoothies - Glowing Greens - 2.50",9.8,CARD,3784419727293380
08/07/2024 10:28,London Brixton,Juana Hillman,"Large Frappes - Strawberries & Cream - 3.25, Regular Smoothies - Glowing Greens - 2.00, Regular Iced americano - 2.15",7.4,CARD,9467770196076400
08/07/2024 10:29,London Brixton,Harry Torres,Large Iced americano - 2.50,2.5,CARD,1534210091327814
08/07/2024 10:30,London Brixton,Elaine Grajeda,"Regular Hot chocolate - 2.20, Regular Smoothies - Carrot Kick - 2.00",4.2,CASH,
08/07/2024 10:31,London Brixton,Mary Valcourt,"Large Smoothies - Carrot Kick - 2.50, Large Iced americano - 2.50, Large Speciality Tea - Earl Grey - 1.60, Large Hot chocolate - 2.90, Large Smoothies - Carrot Kick - 2.50",12.0,CARD,4816580970501742
08/07/2024 10:33,London Brixton,Logan Graham,"Large Speciality Tea - Earl Grey - 1.60, Regular Hot chocolate - 2.20, Regular Cappuccino - 2.15, Regular Smoothies - Carrot Kick - 2.00",7.95,CARD,1643237151003883
08/07/2024 10:34,London Brixton,Geraldine Greenan,"Large Frappes - Strawberries & Cream - 3.25, Large Hot chocolate - 2.90, Regular Cappuccino - 2.15, Large Speciality Tea - Earl Grey - 1.60",9.9,CASH,
08/07/2024 10:35,London Brixton,Betty Currin,"Regular Hot chocolate - 2.20, Regular Iced americano - 2.15, Large Speciality Tea - Earl Grey - 1.60, Regular Smoothies - Carrot Kick - 2.00",7.95,CASH,
08/07/2024 10:36,London Brixton,Juan Keene,"Regular Speciality Tea - Earl Grey - 1.30, Regular Speciality Tea - Earl Grey - 1.30, Regular Speciality Tea - Earl Grey - 1.30, Regular Smoothies - Glowing Greens - 2.00",5.9,CARD,5881635821333446
08/07/2024 10:37,London Brixton,Greg Thompson,"Large Smoothies - Glowing Greens - 2.50, Large Cappuccino - 2.45",4.95,CASH,
08/07/2024 10:38,London Brixton,Bonnie Wheeler,Large Frappes - Strawberries & Cream - 3.25,3.25,CARD,4327951758858653
08/07/2024 10:40,London Brixton,Nathan Jones,"Large Espresso - 1.80, Large Iced americano - 2.50, Regular Speciality Tea - Earl Grey - 1.30, Regular Speciality Tea - Earl Grey - 1.30",6.9,CARD,7041232087349216
08/07/2024 10:41,London Brixton,Eric Vanmiddleswor,Regular Cappuccino - 2.15,2.15,CARD,2093370778530551
08/07/2024 10:42,London Brixton,Charles Bryant,"Regular Smoothies - Glowing Greens - 2.00, Large Iced americano - 2.50, Large Espresso - 1.80",6.3,CASH,
08/07/2024 10:43,London Brixton,Marie Petersen,Large Espresso - 1.80,1.8,CARD,2394854998161776
08/07/2024 10:44,London Brixton,Amanda Brann,"Regular Frappes - Strawberries & Cream - 2.75, Large Hot chocolate - 2.90, Regular Smoothies - Carrot Kick - 2.00, Large Hot chocolate - 2.90, Large Iced americano - 2.50",13.05,CARD,7535639412128263
08/07/2024 10:45,London Brixton,Franklin Main,"Regular Cappuccino - 2.15, Large Cappuccino - 2.45",4.6,CARD,1253358594087038
08/07/2024 10:47,London Brixton,Roy Sullivan,"Regular Cappuccino - 2.15, Regular Speciality Tea - Earl Grey - 1.30, Regular Frappes - Strawberries & Cream - 2.75",6.2,CARD,6251244789391389
08/07/2024 10:48,London Brixton,James Wilson,"Regular Cappuccino - 2.15, Large Frappes - Strawberries & Cream - 3.25",5.4,CARD,6418606428946181
08/07/2024 10:49,London Brixton,Maurice Labianca,"Regular Speciality Tea - Earl Grey - 1.30, Large Hot chocolate - 2.90, Large Iced americano - 2.50, Regular Speciality Tea - Earl Grey - 1.30, Regular Iced americano - 2.15",10.15,CASH,
08/07/2024 10:50,London Brixton,Beverly Johnson,"Large Hot chocolate - 2.90, Regular Cappuccino - 2.15, Large Smoothies - Glowing Greens - 2.50",7.55,CARD,6001912649855602
08/07/2024 10:51,London Brixton,Paul Beck,"Regular Cappuccino - 2.15, Regular Speciality Tea - Earl Grey - 1.30, Regular Smoothies - Glowing Greens - 2.00, Regular Smoothies - Carrot Kick - 2.00",7.45,CARD,4225172236379293
08/07/2024 10:52,London Brixton,Charles Oreilly,"Large Smoothies - Carrot Kick - 2.50, Regular Cappuccino - 2.15, Large Espresso - 1.80, Regular Iced americano - 2.15",8.6,CARD,6866124091257338
08/07/2024 10:54,London Brixton,William Mitchell,"Regular Speciality Tea - Earl Grey - 1.30, Large Hot chocolate - 2.90, Large Cappuccino - 2.45, Regular Smoothies - Carrot Kick - 2.00, Regular Smoothies - Glowing Greens - 2.00",10.65,CARD,7863311631367975
08/07/2024 10:55,London Brixton,Betty Allman,"Regular Espresso - 1.50, Regular Espresso - 1.50, Regular Frappes - Strawberries & Cream - 2.75, Regular Espresso - 1.50",7.25,CASH,
08/07/2024 10:56,London Brixton,Deanna Finder,Regular Frappes - Strawberries & Cream - 2.75,2.75,CARD,3734660070819013
08/07/2024 10:57,London Brixton,Maria Folsom,"Regular Espresso - 1.50, Large Iced americano - 2.50",4.0,CASH,
08/07/2024 10:58,London Brixton,Charles Grizzard,"Regular Speciality Tea - Earl Grey - 1.30, Large Espresso - 1.80, Large Speciality Tea - Earl Grey - 1.60",4.7,CASH,
08/07/2024 10:59,London Brixton,Minta Gutsche,"Regular Hot chocolate - 2.20, Regular Smoothies - Glowing Greens - 2.00",4.2,CASH,
08/07/2024 11:01,London Brixton,Louis Kerney,"Regular Cappuccino - 2.15, Large Iced americano - 2.50, Regular Speciality Tea - Earl Grey - 1.30",5.95,CARD,5423393407589468
08/07/2024 11:03,London Brixton,Donald Springer,"Large Speciality Tea - Earl Grey - 1.60, Regular Speciality Tea - Earl Grey - 1.30, Regular Cappuccino - 2.15",5.05,CARD,8115223253966169
08/07/2024 11:04,London Brixton,Frances Brammer,"Large Iced americano - 2.50, Regular Smoothies - Glowing Greens - 2.00, Large Cappuccino - 2.45, Regular Cappuccino - 2.15",9.1,CARD,1853251891863770
08/07/2024 11:06,London Brixton,Mark Perry,"Large Iced americano - 2.50, Large Frappes - Strawberries & Cream - 3.25",5.75,CARD,3479923247481529
08/07/2024 11:08,London Brixton,Lucille Watts,Large Speciality Tea - Earl Grey - 1.60,1.6,CARD,7687942221690512
08/07/2024 11:10,London Brixton,Cathy Miller,"Large Speciality Tea - Earl Grey - 1.60, Large Iced americano - 2.50, Large Smoothies - Glowing Greens - 2.50, Regular Cappuccino - 2.15, Large Iced americano - 2.50, Regular Smoothies - Carrot Kick - 2.00",13.25,CARD,4882920722351478
08/07/2024 11:12,London Brixton,Betty Horal,"Large Speciality Tea - Earl Grey - 1.60, Large Cappuccino - 2.45",4.05,CASH,
08/07/2024 11:14,London Brixton,Claudia Taylor,Large Smoothies - Carrot Kick - 2.50,2.5,CARD,1403820239091044
08/07/2024 11:16,London Brixton,Robert Pope,"Large Speciality Tea - Earl Grey - 1.60, Large Cappuccino - 2.45, Regular Iced americano - 2.15, Large Espresso - 1.80",8.0,CARD,3839786791919010
08/07/2024 11:17,London Brixton,Rosalie Vallone,"Regular Frappes - Strawberries & Cream - 2.75, Regular Cappuccino - 2.15",4.9,CASH,
08/07/2024 11:19,London Brixton,Mary Ruvalcaba,Large Smoothies - Carrot Kick - 2.50,2.5,CARD,3576550500590329
08/07/2024 11:21,London Brixton,Thelma Moon,"Regular Speciality Tea - Earl Grey - 1.30, Regular Iced americano - 2.15, Large Hot chocolate - 2.90",6.35,CARD,9003322395803034
08/07/2024 11:23,London Brixton,Richard Hong,"Large Iced americano - 2.50, Regular Smoothies - Glowing Greens - 2.00, Regular Hot chocolate - 2.20",6.7,CARD,4642746988401508
08/07/2024 11:25,London Brixton,Jerrod Shearin,Large Hot chocolate - 2.90,2.9,CASH,
08/07/2024 11:27,London Brixton,Ranae Schlaefli,"Large Hot chocolate - 2.90, Regular Iced americano - 2.15",5.05,CARD,9332361216270604
08/07/2024 11:29,London Brixton,Aaron Cantu,"Large Frappes - Strawberries & Cream - 3.25, Regular Iced americano - 2.15, Large Iced americano - 2.50, Regular Smoothies - Carrot Kick - 2.00, Regular Espresso - 1.50",11.4,CASH,
08/07/2024 11:31,London Brixton,George Moore,Regular Hot chocolate - 2.20,2.2,CARD,2092274948004165
08/07/2024 11:32,London Brixton,Virginia Hertenstein,Regular Iced americano - 2.15,2.15,CARD,7506258835794683
08/07/2024 11:34,London Brixton,Ernie Melena,Regular Frappes - Strawberries & Cream - 2.75,2.75,CARD,3735046961845538
08/07/2024 11:36,London Brixton,Robert Hayes,"Large Smoothies - Carrot Kick - 2.50, Large Hot chocolate - 2.90, Regular Speciality Tea - Earl Grey - 1.30",6.7,CARD,9068987276588549
08/07/2024 11:38,London Brixton,Betty Samuels,Large Frappes - Strawberries & Cream - 3.25,3.25,CARD,1303920313954534
08/07/2024 11:40,London Brixton,Christine Wiley,"Large Cappuccino - 2.45, Large Speciality Tea - Earl Grey - 1.60, Regular Cappuccino - 2.15, Regular Smoothies - Glowing Greens - 2.00",8.2,CARD,8615946268114948
08/07/2024 11:42,London Brixton,Betty Eagleton,"Large Smoothies - Glowing Greens - 2.50, Regular Cappuccino - 2.15, Large Smoothies - Carrot Kick - 2.50, Large Smoothies - Glowing Greens - 2.50",9.65,CARD,1565461418970583
08/07/2024 11:44,London Brixton,Elizabeth Blazejewski,Regular Iced americano - 2.15,2.15,CARD,4299021812006432
08/07/2024 11:45,London Brixton,Kevin Scholl,"Regular Speciality Tea - Earl Grey - 1.30, Regular Hot chocolate - 2.20",3.5,CARD,7309182256942731
08/07/2024 11:47,London Brixton,Jean Rowley,"Large Speciality Tea - Earl Grey - 1.60, Large Smoothies - Carrot Kick - 2.50, Large Speciality Tea - Earl Grey - 1.60, Regular Speciality Tea - Earl Grey - 1.30",7.0,CASH,
08/07/2024 11:49,London Brixton,Maxwell Saito,Large Smoothies - Carrot Kick - 2.50,2.5,CASH,
08/07/2024 11:51,London Brixton,Teresa Smith,Regular Smoothies - Carrot Kick - 2.00,2.0,CARD,5556714938661538
08/07/2024 11:53,London Brixton,Jamie Mullin,"Large Smoothies - Carrot Kick - 2.50, Regular Iced americano - 2.15",4.65,CARD,9737737715102288
08/07/2024 11:55,London Brixton,Thomas Dorsey,Regular Hot chocolate - 2.20,2.2,CARD,6521808841080750
08/07/2024 11:57,London Brixton,Joseph Smith,"Large Cappuccino - 2.45, Large Hot chocolate - 2.90, Regular Iced americano - 2.15",7.5,CARD,2382611132178149
08/07/2024 11:59,London Brixton,Nick Lord,Large Speciality Tea - Earl Grey - 1.60,1.6,CARD,6480737835094140
08/07/2024 12:00,London Brixton,Matthew Smith,"Regular Espresso - 1.50, Large Hot chocolate - 2.90, Large Speciality Tea - Earl Grey - 1.60, Regular Smoothies - Carrot Kick - 2.00, Regular Cappuccino - 2.15, Regular Cappuccino - 2.15",12.3,CARD,4178748352593991
08/07/2024 12:02,London Brixton,Judy Burlock,"Large Iced americano - 2.50, Regular Espresso - 1.50, Regular Frappes - Strawberries & Cream - 2.75, Large Smoothies - Glowing Greens - 2.50",9.25,CASH,
08/07/2024 12:04,London Brixton,Julia Hayes,"Large Speciality Tea - Earl Grey - 1.60, Large Speciality Tea - Earl Grey - 1.60, Large Hot chocolate - 2.90",6.1,CASH,
08/07/2024 12:06,London Brixton,Carol Capron,"Regular Smoothies - Carrot Kick - 2.00, Large Iced americano - 2.50",4.5,CARD,3536780246184441
08/07/2024 12:08,London Brixton,Walter Lyons,"Regular Speciality Tea - Earl Grey - 1.30, Large Hot chocolate - 2.90, Regular Hot chocolate - 2.20",6.4,CARD,2723630908719852
08/07/2024 12:10,London Brixton,Debra Fink,"Regular Hot chocolate - 2.20, Regular Iced americano - 2.15, Regular Hot chocolate - 2.20",6.55,CASH,
08/07/2024 12:12,London Brixton,Quyen Keller,"Large Frappes - Strawberries & Cream - 3.25, Regular Iced americano - 2.15, Large Iced americano - 2.50",7.9,CARD,8826546950734268
08/07/2024 12:14,London Brixton,Jarvis Harwood,"Regular Iced americano - 2.15, Large Smoothies - Glowing Greens - 2.50, Regular Cappuccino - 2.15, Large Smoothies - Carrot Kick - 2.50",9.3,CARD,4987876129469674
08/07/2024 12:16,London Brixton,Lisa Mathews,Regular Smoothies - Glowing Greens - 2.00,2.0,CASH,
08/07/2024 12:18,London Brixton,Charles Scoles,Large Hot chocolate - 2.90,2.9,CARD,9222334324741973
08/07/2024 12:20,London Brixton,Francisco Waters,"Regular Frappes - Strawberries & Cream - 2.75, Regular Iced americano - 2.15",4.9,CASH,
08/07/2024 12:22,London Brixton,Gloria Granthan,"Regular Cappuccino - 2.15, Regular Hot chocolate - 2.20, Regular Hot chocolate - 2.20, Regular Cappuccino - 2.15",8.7,CASH,
08/07/2024 12:24,London Brixton,Jason Munro,Large Speciality Tea - Earl Grey - 1.60,1.6,CARD,5879181492952539
08/07/2024 12:26,London Brixton,Evelyn Kanemoto,"Regular Speciality Tea - Earl Grey - 1.30, Regular Smoothies - Glowing Greens - 2.00, Regular Speciality Tea - Earl Grey - 1.30",4.6,CASH,
08/07/2024 12:27,London Brixton,Asia Jones,"Regular Iced americano - 2.15, Large Frappes - Strawberries & Cream - 3.25, Regular Smoothies - Carrot Kick - 2.00",7.4,CARD,4157704695439296
08/07/2024 12:29,London Brixton,Larissa Williams,"Regular Speciality Tea - Earl Grey - 1.30, Regular Frappes - Strawberries & Cream - 2.75, Large Iced americano - 2.50, Large Frappes - Strawberries & Cream - 3.25",9.8,CARD,8166060687468213
08/07/2024 12:31,London Brixton,Michael Burnham,"Large Speciality Tea - Earl Grey - 1.60, Regular Iced americano - 2.15",3.75,CARD,4878471252203229
08/07/2024 12:33,London Brixton,Michele Walker,"Large Smoothies - Glowing Greens - 2.50, Regular Iced americano - 2.15, Regular Hot chocolate - 2.20, Large Hot chocolate - 2.90",9.75,CASH,
08/07/2024 12:35,London Brixton,Dominique Fitts,"Large Hot chocolate - 2.90, Regular Smoothies - Carrot Kick - 2.00, Large Cappuccino - 2.45, Large Espresso - 1.80",9.15,CARD,8785803178852355
08/07/2024 12:37,London Brixton,David Hatfield,"Regular Speciality Tea - Earl Grey - 1.30, Large Espresso - 1.80",3.1,CARD,3088341829294024
08/07/2024 12:39,London Brixton,Robert Graham,"Regular Speciality Tea - Earl Grey - 1.30, Large Iced americano - 2.50, Large Hot chocolate - 2.90, Large Hot chocolate - 2.90",9.6,CARD,9422811091633066
08/07/2024 12:41,London Brixton,Regena Coleman,"Regular Iced americano - 2.15, Regular Frappes - Strawberries & Cream - 2.75, Large Frappes - Strawberries & Cream - 3.25",8.15,CASH,
08/07/2024 12:43,London Brixton,Diane Clark,"Regular Iced americano - 2.15, Large Hot chocolate - 2.90, Regular Smoothies - Carrot Kick - 2.00, Large Cappuccino - 2.45, Large Frappes - Strawberries & Cream - 3.25, Regular Hot chocolate - 2.20",14.95,CASH,
08/07/2024 12:45,London Brixton,Joseph Freeman,"Large Smoothies - Carrot Kick - 2.50, Regular Speciality Tea - Earl Grey - 1.30",3.8,CARD,9332621754686715
08/07/2024 12:47,London Brixton,Barbara Kwong,"Regular Smoothies - Glowing Greens - 2.00, Regular Smoothies - Glowing Greens - 2.00",4.0,CARD,3727097008808370
08/07/2024 12:49,London Brixton,Richard Kimball,"Regular Smoothies - Carrot Kick - 2.00, Large Hot chocolate - 2.90, Regular Iced americano - 2.15",7.05,CARD,8659635059917614
08/07/2024 12:51,London Brixton,Betty Torrie,"Regular Speciality Tea - Earl Grey - 1.30, Regular Smoothies - Glowing Greens - 2.00, Large Speciality Tea - Earl Grey - 1.60, Large Smoothies - Carrot Kick - 2.50, Regular Smoothies - Glowing Greens - 2.00",9.4,CARD,7046632900252959
08/07/2024 12:53,London Brixton,Jeffrey Whittington,"Large Frappes - Strawberries & Cream - 3.25, Large Cappuccino - 2.45, Regular Cappuccino - 2.15, Large Espresso - 1.80",9.65,CASH,
08/07/2024 12:55,London Brixton,Michael Davis,"Regular Speciality Tea - Earl Grey - 1.30, Large Smoothies - Glowing Greens - 2.50, Regular Espresso - 1.50, Regular Hot chocolate - 2.20",7.5,CASH,
08/07/2024 12:56,London Brixton,Theresa Stinchcomb,"Regular Hot chocolate - 2.20, Regular Iced americano - 2.15, Large Iced americano - 2.50",6.85,CARD,7230935419601901
08/07/2024 12:58,London Brixton,Mary Chauez,"Regular Iced americano - 2.15, Large Speciality Tea - Earl Grey - 1.60, Regular Hot chocolate - 2.20",5.95,CASH,
08/07/2024 13:00,London Brixton,Susan Thurman,"Regular Cappuccino - 2.15, Regular Iced americano - 2.15, Regular Iced americano - 2.15",6.45,CARD,6614792907399570
08/07/2024 13:01,London Brixton,Nathan Norton,Large Smoothies - Carrot Kick - 2.50,2.5,CASH,
08/07/2024 13:02,London Brixton,Oscar Cocker,Large Cappuccino - 2.45,2.45,CASH,
08/07/2024 13:03,London Brixton,Pedro Richardson,Large Cappuccino - 2.45,2.45,CASH,
08/07/2024 13:04,London Brixton,Alex Sanderson,"Regular Cappuccino - 2.15, Regular Iced americano - 2.15, Large Espresso - 1.80, Large Frappes - Strawberries & Cream - 3.25, Regular Smoothies - Carrot Kick - 2.00, Large Smoothies - Glowing Greens - 2.50",13.85,CASH,
08/07/2024 13:05,London Brixton,Juan Frazier,"Large Smoothies - Carrot Kick - 2.50, Large Iced americano - 2.50, Large Speciality Tea - Earl Grey - 1.60, Large Espresso - 1.80",8.4,CARD,2584994029126584
08/07/2024 13:06,London Brixton,Casey Stembridge,"Large Smoothies - Carrot Kick - 2.50, Regular Iced americano - 2.15, Large Smoothies - Glowing Greens - 2.50",7.15,CARD,5856222059797396
08/07/2024 13:07,London Brixton,Glen Gutierrez,Large Cappuccino - 2.45,2.45,CASH,
08/07/2024 13:08,London Brixton,Angela Ligon,"Regular Frappes - Strawberries & Cream - 2.75, Regular Iced americano - 2.15",4.9,CASH,
08/07/2024 13:09,London Brixton,Joe Stoops,Large Smoothies - Glowing Greens - 2.50,2.5,CARD,5658276549560323
08/07/2024 13:09,London Brixton,Guadalupe Barrera,"Large Espresso - 1.80, Large Speciality Tea - Earl Grey - 1.60, Regular Smoothies - Glowing Greens - 2.00",5.4,CARD,7603483799775401
08/07/2024 13:10,London Brixton,Christine Seta,"Regular Smoothies - Glowing Greens - 2.00, Large Espresso - 1.80, Regular Smoothies - Carrot Kick - 2.00, Large Hot chocolate - 2.90, Regular Frappes - Strawberries & Cream - 2.75",11.45,CARD,9401052721965812
08/07/2024 13:11,London Brixton,Luther Ray,"Large Smoothies - Glowing Greens - 2.50, Large Smoothies - Glowing Greens - 2.50",5.0,CARD,9446128104054387
08/07/2024 13:12,London Brixton,Olivia Stern,Regular Iced americano - 2.15,2.15,CARD,7229558339577840
08/07/2024 13:13,London Brixton,Robert Phillips,Large Frappes - Strawberries & Cream - 3.25,3.25,CASH,
08/07/2024 13:14,London Brixton,Johnny Bailey,"Regular Cappuccino - 2.15, Large Smoothies - Glowing Greens - 2.50",4.65,CASH,
08/07/2024 13:15,London Brixton,David Westover,Regular Smoothies - Glowing Greens - 2.00,2.0,CASH,
08/07/2024 13:16,London Brixton,Margaret Nichols,Large Hot chocolate - 2.90,2.9,CARD,9654792015079920
08/07/2024 13:17,London Brixton,Linda Tabor,"Large Frappes - Strawberries & Cream - 3.25, Large Speciality Tea - Earl Grey - 1.60, Regular Speciality Tea - Earl Grey - 1.30",6.15,CARD,5061340936883916
08/07/2024 13:18,London Brixton,Dennis Kibler,Large Speciality Tea - Earl Grey - 1.60,1.6,CASH,
08/07/2024 13:19,London Brixton,Eula Sastre,"Regular Cappuccino - 2.15, Regular Espresso - 1.50",3.65,CARD,6895476226780836
08/07/2024 13:20,London Brixton,Julius Adams,"Large Smoothies - Glowing Greens - 2.50, Regular Frappes - Strawberries & Cream - 2.75",5.25,CASH,
08/07/2024 13:20,London Brixton,Kelly Patton,Regular Smoothies - Glowing Greens - 2.00,2.0,CASH,
08/07/2024 13:21,London Brixton,Barbara Nolin,"Large Smoothies - Carrot Kick - 2.50, Regular Speciality Tea - Earl Grey - 1.30",3.8,CARD,4519228720788644
08/07/2024 13:22,London Brixton,Florence Johnson,Large Speciality Tea - Earl Grey - 1.60,1.6,CARD,7818854287143179
08/07/2024 13:23,London Brixton,Shirley Cunningham,Regular Cappuccino - 2.15,2.15,CARD,7570069123672666
08/07/2024 13:24,London Brixton,William Dixon,"Regular Frappes - Strawberries & Cream - 2.75, Large Cappuccino - 2.45",5.2,CASH,
08/07/2024 13:25,London Brixton,Michele Mcguire,"Large Espresso - 1.80, Regular Speciality Tea - Earl Grey - 1.30, Large Iced americano - 2.50",5.6,CARD,9086650482861827
08/07/2024 13:26,London Brixton,Charles Mckinney,"Regular Cappuccino - 2.15, Large Smoothies - Glowing Greens - 2.50, Regular Iced americano - 2.15",6.8,CARD,2964905324470020
08/07/2024 13:27,London Brixton,Nathan Clay,"Large Smoothies - Carrot Kick - 2.50, Regular Iced americano - 2.15",4.65,CARD,8428917898179548
08/07/2024 13:28,London Brixton,Kimberly Parks,"Regular Smoothies - Glowing Greens - 2.00, Large Espresso - 1.80, Large Iced americano - 2.50",6.3,CARD,7861769561690576
08/07/2024 13:29,London Brixton,Gary Gorsky,"Regular Smoothies - Glowing Greens - 2.00, Large Hot chocolate - 2.90, Regular Hot chocolate - 2.20",7.1,CARD,4485543962850311
08/07/2024 13:30,London Brixton,Anna Hill,"Large Speciality Tea - Earl Grey - 1.60, Regular Speciality Tea - Earl Grey - 1.30",2.9,CARD,2537957606517019
08/07/2024 13:31,London Brixton,Darlene Taggart,"Large Hot chocolate - 2.90, Regular Speciality Tea - Earl Grey - 1.30, Large Cappuccino - 2.45, Large Speciality Tea - Earl Grey - 1.60",8.25,CARD,5843658130126583
08/07/2024 13:31,London Brixton,Ronald Hillis,Regular Iced americano - 2.15,2.15,CARD,6376738553151835
08/07/2024 13:32,London Brixton,Michael Carpenter,"Regular Espresso - 1.50, Large Cappuccino - 2.45",3.95,CARD,9116459154711232
08/07/2024 13:33,London Brixton,Dave Upton,"Regular Speciality Tea - Earl Grey - 1.30, Large Hot chocolate - 2.90",4.2,CARD,2887879394625165
08/07/2024 13:34,London Brixton,Kara Rinehart,"Large Cappuccino - 2.45, Regular Hot chocolate - 2.20",4.65,CARD,4628292300771355
08/07/2024 13:35,London Brixton,Kurt Kinroth,"Large Iced americano - 2.50, Large Hot chocolate - 2.90, Regular Frappes - Strawberries & Cream - 2.75",8.15,CASH,
08/07/2024 13:36,London Brixton,Marie Eady,"Regular Speciality Tea - Earl Grey - 1.30, Regular Cappuccino - 2.15, Regular Smoothies - Glowing Greens - 2.00",5.45,CASH,
08/07/2024 13:37,London Brixton,Sonya Hill,"Large Iced americano - 2.50, Large Frappes - Strawberries & Cream - 3.25, Large Hot chocolate - 2.90",8.65,CARD,4489427519240141
08/07/2024 13:38,London Brixton,Deborah Rivas,Regular Cappuccino - 2.15,2.15,CASH,
08/07/2024 13:39,London Brixton,Patricia Bentley,"Regular Cappuccino - 2.15, Large Espresso - 1.80",3.95,CARD,8743500337330831
08/07/2024 13:40,London Brixton,Michael Sayers,"Large Frappes - Strawberries & Cream - 3.25, Large Smoothies - Glowing Greens - 2.50",5.75,CASH,
08/07/2024 13:41,London Brixton,Tom Fall,"Large Frappes - Strawberries & Cream - 3.25, Regular Iced americano - 2.15",5.4,CASH,
08/07/2024 13:42,London Brixton,Andrew Steib,"Regular Speciality Tea - Earl Grey - 1.30, Large Frappes - Strawberries & Cream - 3.25",4.55,CARD,1383925040442841
08/07/2024 13:42,London Brixton,Roman Sanchez,Large Speciality Tea - Earl Grey - 1.60,1.6,CARD,8279786419762650
08/07/2024 13:43,London Brixton,Barbara Canady,"Regular Iced americano - 2.15, Large Speciality Tea - Earl Grey - 1.60, Regular Smoothies - Glowing Greens - 2.00, Regular Smoothies - Carrot Kick - 2.00",7.75,CARD,6513084935622968
08/07/2024 13:44,London Brixton,Joe Barnes,"Regular Smoothies - Glowing Greens - 2.00, Regular Speciality Tea - Earl Grey - 1.30",3.3,CASH,
08/07/2024 13:45,London Brixton,Kay Greenlee,"Large Hot chocolate - 2.90, Regular Smoothies - Glowing Greens - 2.00, Regular Cappuccino - 2.15, Regular Iced americano - 2.15, Large Frappes - Strawberries & Cream - 3.25",12.45,CASH,
08/07/2024 13:46,London Brixton,Elnora Hall,"Regular Cappuccino - 2.15, Regular Iced americano - 2.15",4.3,CARD,8591677231597423
08/07/2024 13:47,London Brixton,Annie Anderson,"Large Frappes - Strawberries & Cream - 3.25, Regular Hot chocolate - 2.20",5.45,CARD,2887113137033508
08/07/2024 13:48,London Brixton,Jeffrey Green,Large Hot chocolate - 2.90,2.9,CARD,1321874317162089
08/07/2024 13:49,London Brixton,James Wood,Regular Speciality Tea - Earl Grey - 1.30,1.3,CARD,4595534703673549
08/07/2024 13:50,London Brixton,Staci Horth,"Large Iced americano - 2.50, Regular Iced americano - 2.15",4.65,CARD,9680865689176293
08/07/2024 13:51,London Brixton,Evelyn Ruble,"Large Smoothies - Carrot Kick - 2.50, Large Cappuccino - 2.45, Regular Frappes - Strawberries & Cream - 2.75",7.7,CARD,5168333075364052
08/07/2024 13:52,London Brixton,Miguel Krumroy,"Large Smoothies - Glowing Greens - 2.50, Regular Cappuccino - 2.15",4.65,CARD,5999260540008778
08/07/2024 13:53,London Brixton,Lindsey Pereira,"Large Iced americano - 2.50, Large Frappes - Strawberries & Cream - 3.25, Regular Iced americano - 2.15, Regular Iced americano - 2.15, Regular Frappes - Strawberries & Cream - 2.75, Regular Speciality Tea - Earl Grey - 1.30",14.1,CASH,
08/07/2024 13:53,London Brixton,Wesley Savage,"Large Frappes - Strawberries & Cream - 3.25, Regular Smoothies - Glowing Greens - 2.00",5.25,CASH,
08/07/2024 13:54,London Brixton,Eddie Campbell,Regular Cappuccino - 2.15,2.15,CARD,8010142105211474
08/07/2024 13:55,London Brixton,Erin Notter,"Regular Smoothies - Glowing Greens - 2.00, Large Smoothies - Carrot Kick - 2.50",4.5,CARD,2443944069155917
08/07/2024 13:56,London Brixton,Joseph Collins,"Regular Iced americano - 2.15, Large Smoothies - Glowing Greens - 2.50, Regular Smoothies - Glowing Greens - 2.00",6.65,CARD,6184426648007646
08/07/2024 13:57,London Brixton,Rosemary Risbeck,"Large Smoothies - Glowing Greens - 2.50, Regular Smoothies - Glowing Greens - 2.00, Large Hot chocolate - 2.90",7.4,CARD,4244757810721383
08/07/2024 13:58,London Brixton,Carlos Stevens,"Large Cappuccino - 2.45, Large Cappuccino - 2.45, Regular Frappes - Strawberries & Cream - 2.75, Regular Iced americano - 2.15, Regular Smoothies - Carrot Kick - 2.00",11.8,CARD,2898814971633153
08/07/2024 13:59,London Brixton,Alexander Lefler,"Large Speciality Tea - Earl Grey - 1.60, Large Frappes - Strawberries & Cream - 3.25, Regular Frappes - Strawberries & Cream - 2.75, Large Espresso - 1.80, Large Espresso - 1.80",11.2,CARD,1334229530565512
08/07/2024 14:00,London Brixton,Esther Mcbride,Large Frappes - Strawberries & Cream - 3.25,3.25,CASH,
08/07/2024 14:01,London Brixton,Kevin Mcpherson,"Regular Hot chocolate - 2.20, Regular Speciality Tea - Earl Grey - 1.30, Large Frappes - Strawberries & Cream - 3.25, Regular Iced americano - 2.15",8.9,CASH,
08/07/2024 14:02,London Brixton,John Baker,Regular Smoothies - Carrot Kick - 2.00,2.0,CARD,7369518953269659
08/07/2024 14:03,London Brixton,Paul Czajkowski,"Regular Smoothies - Carrot Kick - 2.00, Large Iced americano - 2.50, Regular Frappes - Strawberries & Cream - 2.75, Regular Speciality Tea - Earl Grey - 1.30, Large Frappes - Strawberries & Cream - 3.25",11.8,CARD,5959538897715912
08/07/2024 14:04,London Brixton,Jose Dorval,Large Cappuccino - 2.45,2.45,CARD,3080536758929727
08/07/2024 14:05,London Brixton,Micheal Pfifer,"Large Smoothies - Carrot Kick - 2.50, Large Hot chocolate - 2.90, Regular Iced americano - 2.15",7.55,CASH,
08/07/2024 14:06,London Brixton,Jamie Kohn,"Regular Hot chocolate - 2.20, Large Espresso - 1.80, Large Speciality Tea - Earl Grey - 1.60, Regular Smoothies - Glowing Greens - 2.00",7.6,CASH,
08/07/2024 14:07,London Brixton,Julie Wood,Regular Espresso - 1.50,1.5,CASH,
08/07/2024 14:08,London Brixton,Robert Jimenez,"Large Speciality Tea - Earl Grey - 1.60, Large Iced americano - 2.50, Large Smoothies - Carrot Kick - 2.50, Large Hot chocolate - 2.90, Large Speciality Tea - Earl Grey - 1.60, Regular Smoothies - Glowing Greens - 2.00",13.1,CASH,
08/07/2024 14:09,London Brixton,Kristi Labounty,"Large Hot chocolate - 2.90, Large Speciality Tea - Earl Grey - 1.60, Large Speciality Tea - Earl Grey - 1.60, Regular Smoothies - Glowing Greens - 2.00, Large Espresso - 1.80, Regular Speciality Tea - Earl Grey - 1.30",11.2,CASH,
08/07/2024 14:10,London Brixton,Alma Stanley,Regular Speciality Tea - Earl Grey - 1.30,1.3,CARD,5445035445139313
08/07/2024 14:11,London Brixton,Michelle Hatfield,"Regular Hot chocolate - 2.20, Regular Frappes - Strawberries & Cream - 2.75",4.95,CARD,3412858268240597
08/07/2024 14:12,London Brixton,Laura Riley,Regular Smoothies - Glowing Greens - 2.00,2.0,CASH,
08/07/2024 14:13,London Brixton,Frank Craig,"Regular Iced americano - 2.15, Large Espresso - 1.80",3.95,CARD,9721785260548314
08/07/2024 14:14,London Brixton,John Kalupa,"Regular Cappuccino - 2.15, Regular Smoothies - Glowing Greens - 2.00, Large Iced americano - 2.50, Regular Cappuccino - 2.15",8.8,CASH,
08/07/2024 14:15,London Brixton,Lee Wallace,Large Frappes - Strawberries & Cream - 3.25,3.25,CARD,9228710925601439
08/07/2024 14:16,London Brixton,Doris Madlung,Large Frappes - Strawberries & Cream - 3.25,3.25,CARD,6131683569297981
08/07/2024 14:17,London Brixton,Jeremiah Collins,"Large Speciality Tea - Earl Grey - 1.60, Regular Smoothies - Glowing Greens - 2.00, Large Cappuccino - 2.45",6.05,CASH,
08/07/2024 14:18,London Brixton,Anitra Diggs,"Regular Smoothies - Carrot Kick - 2.00, Regular Speciality Tea - Earl Grey - 1.30, Regular Frappes - Strawberries & Cream - 2.75, Regular Frappes - Strawberries & Cream - 2.75, Regular Espresso - 1.50, Large Iced americano - 2.50",12.8,CASH,
08/07/2024 14:19,London Brixton,Lenora Seddon,"Regular Espresso - 1.50, Regular Speciality Tea - Earl Grey - 1.30",2.8,CASH,
08/07/2024 14:20,London Brixton,Amy Powers,"Large Smoothies - Glowing Greens - 2.50, Large Smoothies - Carrot Kick - 2.50, Regular Speciality Tea - Earl Grey - 1.30, Large Iced americano - 2.50",8.8,CARD,8951791717993781
08/07/2024 14:21,London Brixton,Chad Silva,Large Speciality Tea - Earl Grey - 1.60,1.6,CARD,5854113962312414
08/07/2024 14:22,London Brixton,Kenneth Vargas,"Large Hot chocolate - 2.90, Large Iced americano - 2.50, Large Smoothies - Carrot Kick - 2.50, Regular Smoothies - Carrot Kick - 2.00, Large Espresso - 1.80",11.7,CASH,
08/07/2024 14:23,London Brixton,Terry Garza,Regular Smoothies - Glowing Greens - 2.00,2.0,CARD,6656900224951094
08/07/2024 14:23,London Brixton,Michael Feldt,Regular Cappuccino - 2.15,2.15,CASH,
08/07/2024 14:24,London Brixton,Elbert Martinez,"Large Cappuccino - 2.45, Regular Frappes - Strawberries & Cream - 2.75, Large Iced americano - 2.50, Large Speciality Tea - Earl Grey - 1.60, Large Hot chocolate - 2.90",12.2,CASH,
08/07/2024 14:25,London Brixton,Matilda Rice,"Large Cappuccino - 2.45, Large Hot chocolate - 2.90, Large Smoothies - Glowing Greens - 2.50, Large Iced americano - 2.50",10.35,CARD,6114024512093985
08/07/2024 14:26,London Brixton,Lori Rolen,"Regular Frappes - Strawberries & Cream - 2.75, Large Espresso - 1.80, Large Espresso - 1.80",6.35,CASH,
08/07/2024 14:27,London Brixton,Beverly Hunt,"Regular Hot chocolate - 2.20, Large Smoothies - Glowing Greens - 2.50",4.7,CASH,
08/07/2024 14:28,London Brixton,Eddie Keller,"Regular Speciality Tea - Earl Grey - 1.30, Large Cappuccino - 2.45",3.75,CASH,
08/07/2024 14:29,London Brixton,David Thomas,"Large Cappuccino - 2.45, Large Smoothies - Glowing Greens - 2.50, Regular Frappes - Strawberries & Cream - 2.75",7.7,CASH,
08/07/2024 14:30,London Brixton,Karen Hammond,"Regular Speciality Tea - Earl Grey - 1.30, Large Cappuccino - 2.45, Large Speciality Tea - Earl Grey - 1.60",5.35,CASH,
08/07/2024 14:31,London Brixton,Carl Parker,"Large Hot chocolate - 2.90, Large Frappes - Strawberries & Cream - 3.25, Large Frappes - Strawberries & Cream - 3.25",9.4,CARD,7876650847129253
08/07/2024 14:32,London Brixton,Carlos Jones,Large Smoothies - Carrot Kick - 2.50,2.5,CARD,6959916793901907
08/07/2024 14:33,London Brixton,Michael Woolverton,Regular Smoothies - Carrot Kick - 2.00,2.0,CASH,
08/07/2024 14:34,London Brixton,Ginger Callender,"Large Iced americano - 2.50, Large Espresso - 1.80, Large Iced americano - 2.50, Regular Smoothies - Carrot Kick - 2.00, Large Hot chocolate - 2.90",11.7,CASH,
08/07/2024 14:35,London Brixton,Paris Crow,"Regular Iced americano - 2.15, Large Speciality Tea - Earl Grey - 1.60, Regular Cappuccino - 2.15, Large Speciality Tea - Earl Grey - 1.60",7.5,CASH,
08/07/2024 14:36,London Brixton,Claire Smith,"Large Speciality Tea - Earl Grey - 1.60, Large Smoothies - Glowing Greens - 2.50",4.1,CARD,7116210545129972
08/07/2024 14:37,London Brixton,Jane Ballard,"Regular Iced americano - 2.15, Large Espresso - 1.80, Large Espresso - 1.80, Regular Smoothies - Glowing Greens - 2.00",7.75,CASH,
08/07/2024 14:38,London Brixton,Luis Kilmer,"Regular Frappes - Strawberries & Cream - 2.75, Regular Cappuccino - 2.15, Regular Frappes - Strawberries & Cream - 2.75, Regular Espresso - 1.50",9.15,CARD,2259466508609421
08/07/2024 14:39,London Brixton,Rena Crimmins,"Large Speciality Tea - Earl Grey - 1.60, Large Espresso - 1.80",3.4,CARD,5333926805225903
08/07/2024 14:40,London Brixton,Toni Gordon,"Regular Speciality Tea - Earl Grey - 1.30, Large Frappes - Strawberries & Cream - 3.25",4.55,CARD,1950158866078305
08/07/2024 14:41,London Brixton,Moises Kassab,Large Frappes - Strawberries & Cream - 3.25,3.25,CARD,9257964274759787
08/07/2024 14:42,London Brixton,Sarah Nieto,Regular Smoothies - Carrot Kick - 2.00,2.0,CASH,
08/07/2024 14:43,London Brixton,Jay Ball,"Large Smoothies - Carrot Kick - 2.50, Regular Frappes - Strawberries & Cream - 2.75",5.25,CARD,4287518916215362
08/07/2024 14:44,London Brixton,Craig Burns,"Large Smoothies - Glowing Greens - 2.50, Regular Cappuccino - 2.15, Regular Iced americano - 2.15",6.8,CASH,
08/07/2024 14:45,London Brixton,Luis Salizar,"Large Cappuccino - 2.45, Large Frappes - Strawberries & Cream - 3.25",5.7,CARD,9363688778173128
08/07/2024 14:46,London Brixton,Barbara Riley,"Large Smoothies - Carrot Kick - 2.50, Regular Smoothies - Glowing Greens - 2.00, Regular Espresso - 1.50",6.0,CARD,2439729916952499
08/07/2024 14:47,London Brixton,Barbara Means,"Large Cappuccino - 2.45, Large Speciality Tea - Earl Grey - 1.60, Large Iced americano - 2.50, Large Smoothies - Glowing Greens - 2.50",9.05,CARD,3196663024057054
08/07/2024 14:48,London Brixton,Donald Martin,Regular Hot chocolate - 2.20,2.2,CARD,2844831286243593
08/07/2024 14:49,London Brixton,Paul Irving,"Large Frappes - Strawberries & Cream - 3.25, Large Smoothies - Glowing Greens - 2.50, Large Smoothies - Carrot Kick - 2.50",8.25,CARD,2421821323494333
08/07/2024 14:50,London Brixton,Angela Cunningham,"Regular Cappuccino - 2.15, Large Speciality Tea - Earl Grey - 1.60, Regular Frappes - Strawberries & Cream - 2.75, Regular Frappes - Strawberries & Cream - 2.75, Large Hot chocolate - 2.90, Large Iced americano - 2.50",14.65,CARD,6875382198513988
08/07/2024 14:51,London Brixton,Elizabeth Reilly,"Regular Cappuccino - 2.15, Regular Hot chocolate - 2.20",4.35,CASH,
08/07/2024 14:52,London Brixton,Melody Gregory,"Large Smoothies - Glowing Greens - 2.50, Large Smoothies - Carrot Kick - 2.50, Regular Cappuccino - 2.15",7.15,CARD,7398491860262660
08/07/2024 14:53,London Brixton,James Bretz,"Regular Smoothies - Glowing Greens - 2.00, Regular Hot chocolate - 2.20, Large Hot chocolate - 2.90, Regular Smoothies - Glowing Greens - 2.00",9.1,CARD,7573806033126303
08/07/2024 14:54,London Brixton,Elizabeth Desbiens,"Regular Frappes - Strawberries & Cream - 2.75, Large Frappes - Strawberries & Cream - 3.25, Regular Speciality Tea - Earl Grey - 1.30, Regular Smoothies - Glowing Greens - 2.00",9.3,CARD,7437451617410971
08/07/2024 14:55,London Brixton,Royce Osborn,"Regular Cappuccino - 2.15, Large Hot chocolate - 2.90, Regular Cappuccino - 2.15",7.2,CARD,7816810847439738
08/07/2024 14:56,London Brixton,John Baker,"Regular Frappes - Strawberries & Cream - 2.75, Regular Smoothies - Glowing Greens - 2.00",4.75,CARD,1261759245105470
08/07/2024 14:57,London Brixton,John Mccaughey,"Large Smoothies - Carrot Kick - 2.50, Regular Speciality Tea - Earl Grey - 1.30, Regular Smoothies - Glowing Greens - 2.00",5.8,CARD,5842255310343202
08/07/2024 14:58,London Brixton,Flossie Kosiorek,"Regular Smoothies - Carrot Kick - 2.00, Regular Speciality Tea - Earl Grey - 1.30",3.3,CARD,2208045525298286
08/07/2024 14:59,London Brixton,Debbie Williams,"Regular Iced americano - 2.15, Large Speciality Tea - Earl Grey - 1.60, Large Frappes - Strawberries & Cream - 3.25, Large Frappes - Strawberries & Cream - 3.25",10.25,CARD,6252200914344551
08/07/2024 15:00,London Brixton,Michael Leddy,"Regular Iced americano - 2.15, Large Iced americano - 2.50, Large Smoothies - Glowing Greens - 2.50, Large Smoothies - Carrot Kick - 2.50, Large Cappuccino - 2.45",12.1,CASH,
08/07/2024 15:02,London Brixton,Donald Rominger,"Regular Speciality Tea - Earl Grey - 1.30, Regular Espresso - 1.50, Large Hot chocolate - 2.90",5.7,CARD,8193052543675504
08/07/2024 15:03,London Brixton,Stella Jones,"Large Smoothies - Glowing Greens - 2.50, Large Frappes - Strawberries & Cream - 3.25",5.75,CASH,
08/07/2024 15:05,London Brixton,Walter Rogers,Regular Speciality Tea - Earl Grey - 1.30,1.3,CASH,
08/07/2024 15:07,London Brixton,Darrell Abild,"Regular Smoothies - Glowing Greens - 2.00, Large Speciality Tea - Earl Grey - 1.60, Regular Iced americano - 2.15, Regular Speciality Tea - Earl Grey - 1.30, Regular Hot chocolate - 2.20, Large Hot chocolate - 2.90",12.15,CARD,2633711621349569
08/07/2024 15:08,London Brixton,Teresa Mcclintock,"Regular Smoothies - Glowing Greens - 2.00, Large Speciality Tea - Earl Grey - 1.60, Large Iced americano - 2.50, Regular Cappuccino - 2.15",8.25,CARD,5045816434296588
08/07/2024 15:10,London Brixton,Andrew Roberts,"Regular Smoothies - Glowing Greens - 2.00, Large Speciality Tea - Earl Grey - 1.60",3.6,CASH,
08/07/2024 15:12,London Brixton,Wayne Mackenzie,"Large Frappes - Strawberries & Cream - 3.25, Regular Espresso - 1.50, Regular Speciality Tea - Earl Grey - 1.30, Regular Iced americano - 2.15",8.2,CARD,1546220614726304
08/07/2024 15:14,London Brixton,Celia Robbins,Regular Hot chocolate - 2.20,2.2,CASH,
08/07/2024 15:15,London Brixton,Thomas Marable,"Large Espresso - 1.80, Regular Speciality Tea - Earl Grey - 1.30, Large Iced americano - 2.50",5.6,CASH,
08/07/2024 15:17,London Brixton,David Hyde,"Large Hot chocolate - 2.90, Large Speciality Tea - Earl Grey - 1.60, Large Smoothies - Glowing Greens - 2.50, Regular Smoothies - Glowing Greens - 2.00",9.0,CARD,8977587917301667
08/07/2024 15:19,London Brixton,Jon Jordan,Large Espresso - 1.80,1.8,CARD,7321022647224284
08/07/2024 15:20,London Brixton,Christopher Sears,"Large Hot chocolate - 2.90, Large Smoothies - Glowing Greens - 2.50, Regular Speciality Tea - Earl Grey - 1.30",6.7,CARD,1812189205485886
08/07/2024 15:22,London Brixton,Effie Munn,"Large Smoothies - Carrot Kick - 2.50, Large Speciality Tea - Earl Grey - 1.60",4.1,CARD,8813616765256604
08/07/2024 15:24,London Brixton,Orville Levesque,Regular Smoothies - Glowing Greens - 2.00,2.0,CARD,5627018179156388
08/07/2024 15:26,London Brixton,Andrea Middleton,"Regular Smoothies - Glowing Greens - 2.00, Large Smoothies - Carrot Kick - 2.50, Large Smoothies - Carrot Kick - 2.50, Regular Hot chocolate - 2.20, Large Iced americano - 2.50, Large Iced americano - 2.50",14.2,CARD,4644773909428304
08/07/2024 15:27,London Brixton,Mary Henderson,"Large Hot chocolate - 2.90, Regular Cappuccino - 2.15, Regular Smoothies - Carrot Kick - 2.00, Large Cappuccino - 2.45, Regular Smoothies - Carrot Kick - 2.00",11.5,CASH,
08/07/2024 15:29,London Brixton,Jerome Ray,"Regular Smoothies - Glowing Greens - 2.00, Regular Iced americano - 2.15, Large Espresso - 1.80, Large Speciality Tea - Earl Grey - 1.60",7.55,CARD,4059739811469518
08/07/2024 15:31,London Brixton,Daniel Bradley,"Large Hot chocolate - 2.90, Large Smoothies - Glowing Greens - 2.50",5.4,CARD,8408872053253494
08/07/2024 15:32,London Brixton,Rene Sims,"Large Cappuccino - 2.45, Large Iced americano - 2.50, Large Iced americano - 2.50, Regular Cappuccino - 2.15, Regular Iced americano - 2.15",11.75,CASH,
08/07/2024 15:34,London Brixton,Michael Transue,Large Smoothies - Carrot Kick - 2.50,2.5,CARD,1509535523925245
08/07/2024 15:36,London Brixton,Juan Liggett,"Large Speciality Tea - Earl Grey - 1.60, Regular Cappuccino - 2.15, Large Iced americano - 2.50, Regular Espresso - 1.50",7.75,CARD,8134639775408047
08/07/2024 15:37,London Brixton,Cindy Arredondo,"Regular Espresso - 1.50, Large Smoothies - Carrot Kick - 2.50, Regular Espresso - 1.50",5.5,CARD,3587102244715703
08/07/2024 15:39,London Brixton,Michael Sanders,Large Speciality Tea - Earl Grey - 1.60,1.6,CASH,
08/07/2024 15:41,London Brixton,Monica Davis,"Large Speciality Tea - Earl Grey - 1.60, Large Smoothies - Glowing Greens - 2.50, Large Hot chocolate - 2.90, Regular Iced americano - 2.15, Regular Iced americano - 2.15, Large Smoothies - Glowing Greens - 2.50",13.8,CASH,
08/07/2024 15:43,London Brixton,Jonnie Rook,"Large Speciality Tea - Earl Grey - 1.60, Large Frappes - Strawberries & Cream - 3.25, Regular Smoothies - Glowing Greens - 2.00",6.85,CARD,8749833725428447
08/07/2024 15:44,London Brixton,Melvin Bolanos,Large Speciality Tea - Earl Grey - 1.60,1.6,CARD,6619151684228539
08/07/2024 15:46,London Brixton,Richard Nance,"Large Frappes - Strawberries & Cream - 3.25, Large Hot chocolate - 2.90, Large Hot chocolate - 2.90, Regular Smoothies - Glowing Greens - 2.00",11.05,CASH,
08/07/2024 15:48,London Brixton,Eleanor Santucci,"Large Speciality Tea - Earl Grey - 1.60, Regular Smoothies - Glowing Greens - 2.00",3.6,CASH,
08/07/2024 15:49,London Brixton,Maria Freund,"Regular Speciality Tea - Earl Grey - 1.30, Large Speciality Tea - Earl Grey - 1.60, Large Iced americano - 2.50",5.4,CARD,1724781845505469
08/07/2024 15:51,London Brixton,James Moldrem,"Regular Smoothies - Glowing Greens - 2.00, Large Cappuccino - 2.45",4.45,CASH,
08/07/2024 15:53,London Brixton,Adam Collett,"Large Espresso - 1.80, Regular Cappuccino - 2.15",3.95,CASH,
08/07/2024 15:54,London Brixton,Ming Palmer,Regular Espresso - 1.50,1.5,CARD,4367185782049834
08/07/2024 15:56,London Brixton,Jesus Mcbride,"Large Iced americano - 2.50, Regular Smoothies - Carrot Kick - 2.00, Large Frappes - Strawberries & Cream - 3.25, Large Iced americano - 2.50",10.25,CARD,1209577398644302
08/07/2024 15:58,London Brixton,Michael Quinn,Regular Speciality Tea - Earl Grey - 1.30,1.3,CARD,2687911258986844
08/07/2024 16:00,London Brixton,Richard Ramos,"Regular Hot chocolate - 2.20, Large Hot chocolate - 2.90, Large Speciality Tea - Earl Grey - 1.60, Large Frappes - Strawberries & Cream - 3.25",9.95,CARD,1330638110421809
08/07/2024 16:03,London Brixton,Ellen Gerardi,Regular Cappuccino - 2.15,2.15,CARD,6095314820618620
08/07/2024 16:06,London Brixton,Lee Landolfi,"Regular Smoothies - Glowing Greens - 2.00, Regular Espresso - 1.50, Regular Smoothies - Carrot Kick - 2.00, Regular Smoothies - Carrot Kick - 2.00, Large Hot chocolate - 2.90",10.4,CARD,6072303112718205
08/07/2024 16:09,London Brixton,Ronald Huggins,"Large Speciality Tea - Earl Grey - 1.60, Large Cappuccino - 2.45, Regular Iced americano - 2.15",6.2,CARD,8100376806568777
08/07/2024 16:12,London Brixton,David Schaller,"Regular Iced americano - 2.15, Regular Speciality Tea - Earl Grey - 1.30",3.45,CARD,9278743217454481
08/07/2024 16:15,London Brixton,Aaron Westmoreland,"Large Frappes - Strawberries & Cream - 3.25, Regular Smoothies - Glowing Greens - 2.00",5.25,CARD,8076458169814093
08/07/2024 16:18,London Brixton,Sabrina Adams,"Large Smoothies - Glowing Greens - 2.50, Large Iced americano - 2.50, Regular Cappuccino - 2.15",7.15,CARD,1508130320276379
08/07/2024 16:22,London Brixton,James Rice,Large Smoothies - Carrot Kick - 2.50,2.5,CARD,1706239803711639
08/07/2024 16:25,London Brixton,Zachary Barber,"Regular Hot chocolate - 2.20, Regular Smoothies - Glowing Greens - 2.00",4.2,CASH,
08/07/2024 16:28,London Brixton,Karlene Nedley,"Regular Smoothies - Glowing Greens - 2.00, Large Smoothies - Glowing Greens - 2.50, Large Smoothies - Carrot Kick - 2.50, Large Iced americano - 2.50, Large Iced americano - 2.50, Regular Hot chocolate - 2.20",14.2,CASH,
08/07/2024 16:31,London Brixton,Warren Gonzales,"Large Frappes - Strawberries & Cream - 3.25, Large Smoothies - Glowing Greens - 2.50, Regular Speciality Tea - Earl Grey - 1.30, Regular Iced americano - 2.15, Large Cappuccino - 2.45",11.65,CASH,
08/07/2024 16:34,London Brixton,Mark Johnson,"Large Cappuccino - 2.45, Regular Iced americano - 2.15, Large Cappuccino - 2.45",7.05,CARD,3106568013493224
08/07/2024 16:37,London Brixton,Maxine Grey,Large Cappuccino - 2.45,2.45,CARD,8549431566782498
08/07/2024 16:41,London Brixton,Amy Shaver,"Large Hot chocolate - 2.90, Large Smoothies - Carrot Kick - 2.50",5.4,CARD,6298613499182450
08/07/2024 16:44,London Brixton,Verna Thompson,"Regular Cappuccino - 2.15, Regular Smoothies - Glowing Greens - 2.00, Regular Smoothies - Glowing Greens - 2.00, Large Espresso - 1.80, Regular Iced americano - 2.15, Regular Cappuccino - 2.15",12.25,CARD,2204774782021895
08/07/2024 16:47,London Brixton,Thomas Busch,Regular Smoothies - Glowing Greens - 2.00,2.0,CARD,4955517582823312
08/07/2024 16:50,London Brixton,Bobby Bunch,"Large Speciality Tea - Earl Grey - 1.60, Regular Espresso - 1.50, Large Smoothies - Glowing Greens - 2.50, Regular Iced americano - 2.15, Regular Hot chocolate - 2.20",9.95,CARD,6760135578036854
08/07/2024 16:53,London Brixton,Karen Sparkman,"Large Speciality Tea - Earl Grey - 1.60, Regular Speciality Tea - Earl Grey - 1.30, Large Smoothies - Carrot Kick - 2.50, Regular Frappes - Strawberries & Cream - 2.75",8.15,CARD,3999022570630658
08/07/2024 16:56,London Brixton,Rebecca Retchless,Large Cappuccino - 2.45,2.45,CASH,
08/07/2024 16:59,London Brixton,Mary Shinn,"Large Iced americano - 2.50, Regular Frappes - Strawberries & Cream - 2.75",5.25,CASH,
08/07/2024 17:03,London Brixton,Amanda Mills,"Large Frappes - Strawberries & Cream - 3.25, Large Smoothies - Glowing Greens - 2.50, Regular Hot chocolate - 2.20",7.95,CARD,5548038889048197
08/07/2024 17:05,London Brixton,Priscilla Hernandez,Regular Iced americano - 2.15,2.15,CARD,8428052278015138
08/07/2024 17:07,London Brixton,Barbara Grabner,Large Hot chocolate - 2.90,2.9,CASH,
08/07/2024 17:10,London Brixton,Robert Murphy,"Regular Iced americano - 2.15, Large Smoothies - Glowing Greens - 2.50, Large Cappuccino - 2.45",7.1,CASH,
08/07/2024 17:12,London Brixton,Dave Gonzalez,"Regular Cappuccino - 2.15, Regular Iced americano - 2.15, Regular Speciality Tea - Earl Grey - 1.30",5.6,CASH,
08/07/2024 17:15,London Brixton,Don White,"Regular Espresso - 1.50, Regular Smoothies - Glowing Greens - 2.00, Regular Speciality Tea - Earl Grey - 1.30, Large Frappes - Strawberries & Cream - 3.25, Large Frappes - Strawberries & Cream - 3.25, Regular Smoothies - Carrot Kick - 2.00",13.3,CARD,6844672333620445
08/07/2024 17:17,London Brixton,Andrea Tai,Regular Smoothies - Glowing Greens - 2.00,2.0,CARD,9403160740796686
08/07/2024 17:19,London Brixton,Stephen Bell,"Large Iced americano - 2.50, Large Iced americano - 2.50, Regular Hot chocolate - 2.20",7.2,CARD,9737569498556137
08/07/2024 17:22,London Brixton,Bryce Purnell,"Regular Smoothies - Glowing Greens - 2.00, Regular Speciality Tea - Earl Grey - 1.30",3.3,CARD,8742972684752596
08/07/2024 17:24,London Brixton,John Hensley,"Regular Frappes - Strawberries & Cream - 2.75, Large Espresso - 1.80",4.55,CARD,6492615068197964
08/07/2024 17:27,London Brixton,Kari Thompson,"Large Iced americano - 2.50, Large Hot chocolate - 2.90, Regular Iced americano - 2.15, Large Hot chocolate - 2.90",10.45,CARD,9299088916964391
08/07/2024 17:29,London Brixton,Lester Turner,"Large Frappes - Strawberries & Cream - 3.25, Large Smoothies - Carrot Kick - 2.50",5.75,CARD,4587972306427716
08/07/2024 17:31,London Brixton,Bernard Delong,Regular Speciality Tea - Earl Grey - 1.30,1.3,CARD,3879754217246056
08/07/2024 17:34,London Brixton,Bernard Trevino,"Large Hot chocolate - 2.90, Large Frappes - Strawberries & Cream - 3.25, Large Smoothies - Carrot Kick - 2.50",8.65,CARD,8768559134395561
08/07/2024 17:36,London Brixton,Fernando Loudermilk,"Regular Iced americano - 2.15, Large Cappuccino - 2.45, Large Espresso - 1.80, Regular Espresso - 1.50, Large Speciality Tea - Earl Grey - 1.60, Regular Frappes - Strawberries & Cream - 2.75",12.25,CARD,7204306198537507
08/07/2024 17:39,London Brixton,Lois Davis,"Large Speciality Tea - Earl Grey - 1.60, Regular Smoothies - Carrot Kick - 2.00, Regular Iced americano - 2.15",5.75,CARD,1094120320576312
08/07/2024 17:41,London Brixton,Donald Barnes,"Large Frappes - Strawberries & Cream - 3.25, Large Cappuccino - 2.45",5.7,CASH,
08/07/2024 17:43,London Brixton,Kristin Burden,"Large Smoothies - Carrot Kick - 2.50, Regular Hot chocolate - 2.20, Large Smoothies - Carrot Kick - 2.50",7.2,CARD,7684032792793355
08/07/2024 17:46,London Brixton,Lesley Amundson,"Regular Smoothies - Carrot Kick - 2.00, Regular Smoothies - Glowing Greens - 2.00, Regular Smoothies - Carrot Kick - 2.00",6.0,CASH,
08/07/2024 17:48,London Brixton,Corey Tran,Large Espresso - 1.80,1.8,CASH,
08/07/2024 17:51,London Brixton,Sharon Gibbs,"Large Espresso - 1.80, Large Smoothies - Glowing Greens - 2.50",4.3,CARD,8656242195473974
08/07/2024 17:53,London Brixton,Micheal Porter,Regular Speciality Tea - Earl Grey - 1.30,1.3,CARD,7932381915797437
08/07/2024 17:55,London Brixton,Christopher Grider,Regular Frappes - Strawberries & Cream - 2.75,2.75,CARD,9224572662758894
08/07/2024 17:58,London Brixton,David Ramos,"Regular Espresso - 1.50, Regular Espresso - 1.50, Regular Frappes - Strawberries & Cream - 2.75",5.75,CARD,8161546901271514
08/07/2024 18:00,London Brixton,Tiffany Martinez,Large Cappuccino - 2.45,2.45,CARD,8147151604826139
08/07/2024 18:02,London Brixton,Janice Santiago,"Regular Hot chocolate - 2.20, Regular Speciality Tea - Earl Grey - 1.30",3.5,CASH,
08/07/2024 18:04,London Brixton,Matthew Alvarado,"Large Smoothies - Carrot Kick - 2.50, Large Speciality Tea - Earl Grey - 1.60, Regular Speciality Tea - Earl Grey - 1.30",5.4,CARD,8567295325027665
08/07/2024 18:07,London Brixton,Tonya Stiltner,Large Speciality Tea - Earl Grey - 1.60,1.6,CASH,
08/07/2024 18:09,London Brixton,Ronald Lackey,"Large Frappes - Strawberries & Cream - 3.25, Regular Smoothies - Carrot Kick - 2.00",5.25,CASH,
08/07/2024 18:11,London Brixton,Kelly Johnson,Large Iced americano - 2.50,2.5,CASH,
08/07/2024 18:13,London Brixton,Albert Madeiros,"Large Speciality Tea - Earl Grey - 1.60, Regular Smoothies - Glowing Greens - 2.00, Regular Espresso - 1.50",5.1,CARD,6302481029078338
08/07/2024 18:15,London Brixton,Martha Budd,"Regular Espresso - 1.50, Large Smoothies - Carrot Kick - 2.50, Large Speciality Tea - Earl Grey - 1.60, Large Speciality Tea - Earl Grey - 1.60",7.2,CASH,
08/07/2024 18:17,London Brixton,Kristine Johnson,"Regular Iced americano - 2.15, Regular Smoothies - Carrot Kick - 2.00",4.15,CARD,9078784514233195
08/07/2024 18:19,London Brixton,Lisa Ferreira,"Large Espresso - 1.80, Regular Espresso - 1.50, Regular Hot chocolate - 2.20",5.5,CASH,
08/07/2024 18:22,London Brixton,Chanelle Andersen,"Regular Frappes - Strawberries & Cream - 2.75, Regular Espresso - 1.50, Large Iced americano - 2.50, Large Iced americano - 2.50",9.25,CARD,6064802101701167
08/07/2024 18:24,London Brixton,Santo Heidema,"Regular Iced americano - 2.15, Regular Smoothies - Glowing Greens - 2.00, Regular Iced americano - 2.15",6.3,CASH,
08/07/2024 18:26,London Brixton,Vernon Sullivan,Large Smoothies - Glowing Greens - 2.50,2.5,CASH,
08/07/2024 18:28,London Brixton,Bonnie Shabel,"Large Cappuccino - 2.45, Large Cappuccino - 2.45, Large Smoothies - Carrot Kick - 2.50",7.4,CARD,8081083078769364
08/07/2024 18:30,London Brixton,John Waszkiewicz,Large Frappes - Strawberries & Cream - 3.25,3.25,CARD,4136454064813616
08/07/2024 18:32,London Brixton,Christine Wilson,"Large Espresso - 1.80, Regular Smoothies - Glowing Greens - 2.00, Large Espresso - 1.80, Regular Iced americano - 2.15, Large Speciality Tea - Earl Grey - 1.60",9.35,CARD,9638425363307390
08/07/2024 18:34,London Brixton,Guadalupe Colin,"Large Iced americano - 2.50, Large Smoothies - Glowing Greens - 2.50",5.0,CASH,
08/07/2024 18:36,London Brixton,Thomas Martinez,"Regular Smoothies - Carrot Kick - 2.00, Regular Espresso - 1.50, Large Iced americano - 2.50, Large Frappes - Strawberries & Cream - 3.25, Large Cappuccino - 2.45",11.7,CARD,7661851423868021
08/07/2024 18:39,London Brixton,Susan Booker,"Large Cappuccino - 2.45, Large Smoothies - Glowing Greens - 2.50, Regular Cappuccino - 2.15, Large Hot chocolate - 2.90, Regular Speciality Tea - Earl Grey - 1.30",11.3,CASH,
08/07/2024 18:41,London Brixton,Darcie Santiago,"Regular Speciality Tea - Earl Grey - 1.30, Regular Smoothies - Carrot Kick - 2.00, Regular Speciality Tea - Earl Grey - 1.30, Regular Iced americano - 2.15, Regular Frappes - Strawberries & Cream - 2.75",9.5,CARD,7183279354142625
08/07/2024 18:43,London Brixton,Jonathan Jacques,Large Hot chocolate - 2.90,2.9,CASH,
08/07/2024 18:45,London Brixton,Margaret Holt,"Large Iced americano - 2.50, Large Frappes - Strawberries & Cream - 3.25, Large Espresso - 1.80, Large Speciality Tea - Earl Grey - 1.60, Large Smoothies - Glowing Greens - 2.50",11.65,CARD,1983787307893811
08/07/2024 18:47,London Brixton,Gina Love,"Large Espresso - 1.80, Large Smoothies - Glowing Greens - 2.50",4.3,CARD,6136343607552627
08/07/2024 18:49,London Brixton,Elizabeth Ballard,"Regular Smoothies - Glowing Greens - 2.00, Regular Espresso - 1.50, Regular Smoothies - Glowing Greens - 2.00, Large Iced americano - 2.50, Regular Hot chocolate - 2.20, Large Hot chocolate - 2.90",13.1,CARD,9144513084088576
08/07/2024 18:51,London Brixton,Jeannette Reed,"Large Smoothies - Carrot Kick - 2.50, Large Smoothies - Glowing Greens - 2.50, Regular Speciality Tea - Earl Grey - 1.30",6.3,CARD,2508475374293829
08/07/2024 18:54,London Brixton,Lorraine Walters,"Large Iced americano - 2.50, Large Espresso - 1.80, Regular Smoothies - Carrot Kick - 2.00, Regular Cappuccino - 2.15",8.45,CASH,
08/07/2024 18:56,London Brixton,Marjorie Mcphatter,"Large Speciality Tea - Earl Grey - 1.60, Regular Espresso - 1.50, Large Hot chocolate - 2.90",6.0,CASH,
08/07/2024 18:58,London Brixton,Kirsten Heim,"Large Smoothies - Glowing Greens - 2.50, Regular Cappuccino - 2.15",4.65,CARD,1812840890764049
08/07/2024 19:00,London Brixton,Thomas Newitt,"Regular Frappes - Strawberries & Cream - 2.75, Large Espresso - 1.80, Large Espresso - 1.80, Regular Espresso - 1.50",7.85,CARD,5238003390239183
08/07/2024 19:01,London Brixton,Michael Tower,"Regular Speciality Tea - Earl Grey - 1.30, Regular Smoothies - Carrot Kick - 2.00",3.3,CASH,
08/07/2024 19:03,London Brixton,Nicholas Zapata,Large Speciality Tea - Earl Grey - 1.60,1.6,CARD,5196119782764885
08/07/2024 19:04,London Brixton,Samuel Rosales,"Large Smoothies - Carrot Kick - 2.50, Large Frappes - Strawberries & Cream - 3.25, Large Smoothies - Carrot Kick - 2.50, Large Speciality Tea - Earl Grey - 1.60, Large Cappuccino - 2.45, Regular Frappes - Strawberries & Cream - 2.75",15.05,CARD,8565852698712985
08/07/2024 19:05,London Brixton,Ruben Morris,"Large Hot chocolate - 2.90, Large Hot chocolate - 2.90",5.8,CASH,
08/07/2024 19:07,London Brixton,Gilbert Bailey,Regular Hot chocolate - 2.20,2.2,CASH,
08/07/2024 19:08,London Brixton,Donald Bonner,"Large Espresso - 1.80, Regular Smoothies - Carrot Kick - 2.00, Large Cappuccino - 2.45",6.25,CARD,4363397219454437
08/07/2024 19:09,London Brixton,Kenny Colvin,"Regular Hot chocolate - 2.20, Large Iced americano - 2.50, Regular Frappes - Strawberries & Cream - 2.75, Regular Frappes - Strawberries & Cream - 2.75",10.2,CARD,8186296549108614
08/07/2024 19:11,London Brixton,Christina Gross,"Large Cappuccino - 2.45, Large Speciality Tea - Earl Grey - 1.60, Regular Espresso - 1.50, Large Espresso - 1.80, Regular Speciality Tea - Earl Grey - 1.30",8.65,CARD,5705767017936026
08/07/2024 19:12,London Brixton,Dorothy Sanchez,"Large Hot chocolate - 2.90, Regular Cappuccino - 2.15",5.05,CARD,1831980860712895
08/07/2024 19:13,London Brixton,Helen Upton,"Regular Smoothies - Carrot Kick - 2.00, Regular Hot chocolate - 2.20, Large Iced americano - 2.50",6.7,CARD,7433226323568702
08/07/2024 19:15,London Brixton,Michelle Killingworth,Regular Hot chocolate - 2.20,2.2,CARD,1254795549652982
08/07/2024 19:16,London Brixton,Melissa Finch,"Large Hot chocolate - 2.90, Large Iced americano - 2.50, Regular Smoothies - Glowing Greens - 2.00",7.4,CARD,3859668343035737
08/07/2024 19:17,London Brixton,Brian Cantu,Large Iced americano - 2.50,2.5,CASH,
08/07/2024 19:19,London Brixton,Mark Hoskins,"Regular Smoothies - Glowing Greens - 2.00, Large Iced americano - 2.50, Large Cappuccino - 2.45",6.95,CARD,5554236879212958
08/07/2024 19:20,London Brixton,Lavina Lord,"Large Speciality Tea - Earl Grey - 1.60, Large Smoothies - Carrot Kick - 2.50",4.1,CARD,6392667688740612
08/07/2024 19:22,London Brixton,Shelia Cleaves,"Regular Smoothies - Glowing Greens - 2.00, Large Iced americano - 2.50, Large Speciality Tea - Earl Grey - 1.60, Large Espresso - 1.80, Regular Iced americano - 2.15",10.05,CARD,3361186671145166
08/07/2024 19:23,London Brixton,Emily Zayicek,Large Smoothies - Glowing Greens - 2.50,2.5,CARD,5925607584110530
08/07/2024 19:24,London Brixton,Susan Fantauzzi,"Regular Iced americano - 2.15, Regular Hot chocolate - 2.20",4.35,CASH,
08/07/2024 19:26,London Brixton,Cody Luthy,Regular Cappuccino - 2.15,2.15,CARD,3387968096543221
08/07/2024 19:27,London Brixton,Rhonda Benet,Regular Smoothies - Glowing Greens - 2.00,2.0,CARD,1118826058116639
08/07/2024 19:28,London Brixton,Edwin Levandowski,"Regular Smoothies - Glowing Greens - 2.00, Regular Smoothies - Glowing Greens - 2.00, Regular Speciality Tea - Earl Grey - 1.30, Regular Iced americano - 2.15, Large Cappuccino - 2.45",9.9,CASH,
08/07/2024 19:30,London Brixton,Archie Willmann,"Large Smoothies - Glowing Greens - 2.50, Large Smoothies - Carrot Kick - 2.50, Regular Frappes - Strawberries & Cream - 2.75, Large Frappes - Strawberries & Cream - 3.25",11.0,CARD,4127580553123759
08/07/2024 19:31,London Brixton,Frances Zayas,"Large Hot chocolate - 2.90, Regular Cappuccino - 2.15, Regular Smoothies - Carrot Kick - 2.00, Large Iced americano - 2.50, Large Smoothies - Carrot Kick - 2.50",12.05,CARD,1803291226496006
08/07/2024 19:32,London Brixton,Dorothy Williams,Large Smoothies - Glowing Greens - 2.50,2.5,CASH,
08/07/2024 19:34,London Brixton,Brenda Peters,Regular Speciality Tea - Earl Grey - 1.30,1.3,CARD,9055370086787145
08/07/2024 19:35,London Brixton,Stephen Bolden,Large Smoothies - Carrot Kick - 2.50,2.5,CARD,9537052361814338
08/07/2024 19:36,London Brixton,Travis Shearer,"Regular Iced americano - 2.15, Regular Cappuccino - 2.15",4.3,CARD,2483597265300253
08/07/2024 19:38,London Brixton,Crystal Underdown,"Large Frappes - Strawberries & Cream - 3.25, Large Hot chocolate - 2.90, Regular Iced americano - 2.15, Regular Frappes - Strawberries & Cream - 2.75, Regular Frappes - Strawberries & Cream - 2.75, Regular Speciality Tea - Earl Grey - 1.30",15.1,CASH,
08/07/2024 19:39,London Brixton,Sandee Schweizer,"Regular Cappuccino - 2.15, Large Hot chocolate - 2.90, Large Smoothies - Glowing Greens - 2.50",7.55,CASH,
08/07/2024 19:40,London Brixton,Jennifer Dickey,Regular Hot chocolate - 2.20,2.2,CASH,
08/07/2024 19:42,London Brixton,Sheryl Cannata,Regular Speciality Tea - Earl Grey - 1.30,1.3,CARD,3148235745355361
08/07/2024 19:43,London Brixton,Edward Anderson,"Regular Speciality Tea - Earl Grey - 1.30, Regular Iced americano - 2.15, Regular Espresso - 1.50, Large Speciality Tea - Earl Grey - 1.60",6.55,CASH,
08/07/2024 19:45,London Brixton,Robert Brown,Regular Speciality Tea - Earl Grey - 1.30,1.3,CARD,7267795685649617
08/07/2024 19:46,London Brixton,Amanda Tsai,"Regular Smoothies - Glowing Greens - 2.00, Large Frappes - Strawberries & Cream - 3.25",5.25,CARD,9665355984120025
08/07/2024 19:47,London Brixton,Russel Bailey,"Regular Speciality Tea - Earl Grey - 1.30, Large Hot chocolate - 2.90, Large Frappes - Strawberries & Cream - 3.25, Regular Speciality Tea - Earl Grey - 1.30, Large Iced americano - 2.50",11.25,CARD,1406952483746168
08/07/2024 19:49,London Brixton,Carl Mehling,"Large Speciality Tea - Earl Grey - 1.60, Large Iced americano - 2.50",4.1,CASH,
08/07/2024 19:50,London Brixton,James Davis,"Regular Iced americano - 2.15, Regular Frappes - Strawberries & Cream - 2.75, Large Speciality Tea - Earl Grey - 1.60, Large Frappes - Strawberries & Cream - 3.25, Large Hot chocolate - 2.90",12.65,CASH,
08/07/2024 19:51,London Brixton,Gene Espinoza,"Large Smoothies - Carrot Kick - 2.50, Regular Smoothies - Glowing Greens - 2.00",4.5,CARD,2424742325449738
08/07/2024 19:53,London Brixton,Vernon Fluitt,Large Smoothies - Carrot Kick - 2.50,2.5,CARD,7774291775798466
08/07/2024 19:54,London Brixton,Sherri Sullivan,Regular Frappes - Strawberries & Cream - 2.75,2.75,CASH,
08/07/2024 19:55,London Brixton,Jeff Estrada,"Regular Cappuccino - 2.15, Large Smoothies - Glowing Greens - 2.50",4.65,CARD,9561084444666005
08/07/2024 19:57,London Brixton,Lydia Francis,"Regular Espresso - 1.50, Regular Iced americano - 2.15, Large Smoothies - Carrot Kick - 2.50",6.15,CARD,3857711875828633
08/07/2024 19:58,London Brixton,Raymond Guerrero,"Regular Smoothies - Glowing Greens - 2.00, Large Hot chocolate - 2.90",4.9,CARD,2227313405902853
08/07/2024 19:59,London Brixton,Linda Corman,"Regular Espresso - 1.50, Regular Speciality Tea - Earl Grey - 1.30, Regular Iced americano - 2.15, Regular Iced americano - 2.15, Large Smoothies - Carrot Kick - 2.50",9.6,CARD,8232832803252745
08/07/2024 20:01,London Brixton,Everett Eastwood,"Large Espresso - 1.80, Regular Smoothies - Glowing Greens - 2.00, Regular Speciality Tea - Earl Grey - 1.30",5.1,CARD,1204051112665897
08/07/2024 20:03,London Brixton,Toni Lumpkins,Large Speciality Tea - Earl Grey - 1.60,1.6,CARD,4920604944562588
08/07/2024 20:06,London Brixton,Stephen Evans,"Regular Frappes - Strawberries & Cream - 2.75, Large Hot chocolate - 2.90, Regular Smoothies - Carrot Kick - 2.00",7.65,CARD,8508766867330176
08/07/2024 20:08,London Brixton,Tammy Crichton,"Large Iced americano - 2.50, Large Smoothies - Glowing Greens - 2.50, Large Frappes - Strawberries & Cream - 3.25",8.25,CARD,5981057120060309
08/07/2024 20:10,London Brixton,Joseph Vert,"Large Iced americano - 2.50, Large Speciality Tea - Earl Grey - 1.60",4.1,CARD,1306691351684202
08/07/2024 20:13,London Brixton,Griselda Wilson,Large Cappuccino - 2.45,2.45,CASH,
08/07/2024 20:15,London Brixton,George Sweet,"Large Speciality Tea - Earl Grey - 1.60, Large Smoothies - Glowing Greens - 2.50, Regular Cappuccino - 2.15, Large Speciality Tea - Earl Grey - 1.60",7.85,CASH,
08/07/2024 20:18,London Brixton,Francis Mitchell,"Large Iced americano - 2.50, Regular Smoothies - Carrot Kick - 2.00, Large Espresso - 1.80",6.3,CARD,7382761439671097
08/07/2024 20:20,London Brixton,Debra Williams,"Regular Smoothies - Carrot Kick - 2.00, Regular Frappes - Strawberries & Cream - 2.75, Large Speciality Tea - Earl Grey - 1.60, Large Hot chocolate - 2.90",9.25,CASH,
08/07/2024 20:22,London Brixton,Minnie Taylor,"Large Speciality Tea - Earl Grey - 1.60, Regular Speciality Tea - Earl Grey - 1.30, Regular Espresso - 1.50, Regular Espresso - 1.50, Regular Cappuccino - 2.15",8.05,CARD,7045334672526925
08/07/2024 20:25,London Brixton,Tyree Roberts,"Regular Frappes - Strawberries & Cream - 2.75, Large Frappes - Strawberries & Cream - 3.25, Large Cappuccino - 2.45, Large Iced americano - 2.50, Large Espresso - 1.80",12.75,CARD,3434516722808909
08/07/2024 20:27,London Brixton,James Clayton,"Large Cappuccino - 2.45, Regular Smoothies - Glowing Greens - 2.00, Large Smoothies - Carrot Kick - 2.50, Large Speciality Tea - Earl Grey - 1.60, Regular Espresso - 1.50, Regular Cappuccino - 2.15",12.2,CARD,8381008594929293
08/07/2024 20:30,London Brixton,David Hildebrand,"Regular Speciality Tea - Earl Grey - 1.30, Regular Iced americano - 2.15",3.45,CARD,8477319672962981
08/07/2024 20:32,London Brixton,Debra Johnston,"Regular Espresso - 1.50, Regular Smoothies - Carrot Kick - 2.00, Large Iced americano - 2.50, Regular Frappes - Strawberries & Cream - 2.75",8.75,CASH,
08/07/2024 20:34,London Brixton,Michael Headrick,"Large Smoothies - Glowing Greens - 2.50, Regular Smoothies - Glowing Greens - 2.00, Regular Smoothies - Glowing Greens - 2.00, Large Espresso - 1.80, Regular Frappes - Strawberries & Cream - 2.75",11.05,CARD,4545887718639810
08/07/2024 20:37,London Brixton,Elizabeth Gary,Regular Smoothies - Carrot Kick - 2.00,2.0,CARD,5288403396674702
08/07/2024 20:39,London Brixton,Genevieve Vaughn,"Large Espresso - 1.80, Regular Hot chocolate - 2.20, Large Speciality Tea - Earl Grey - 1.60",5.6,CASH,
08/07/2024 20:42,London Brixton,Mitchel Ponce,Large Iced americano - 2.50,2.5,CARD,1651697018733672
08/07/2024 20:44,London Brixton,Robert Lahti,"Large Smoothies - Glowing Greens - 2.50, Large Cappuccino - 2.45",4.95,CASH,
08/07/2024 20:46,London Brixton,Charles Walker,"Regular Iced americano - 2.15, Large Smoothies - Glowing Greens - 2.50, Large Smoothies - Glowing Greens - 2.50",7.15,CARD,2042823321647272
08/07/2024 20:49,London Brixton,Nancy Johnson,Regular Iced americano - 2.15,2.15,CARD,5300451832502336
08/07/2024 20:51,London Brixton,Mable Zehr,Large Espresso - 1.80,1.8,CARD,8740981074002713
08/07/2024 20:54,London Brixton,Penny Reneau,Large Iced americano - 2.50,2.5,CARD,1169533157653926
08/07/2024 20:56,London Brixton,Cyrus Johnson,"Large Speciality Tea - Earl Grey - 1.60, Regular Cappuccino - 2.15",3.75,CASH,
08/07/2024 20:58,London Brixton,Chris Rode,"Regular Iced americano - 2.15, Large Cappuccino - 2.45",4.6,CASH,
