08/07/2024 09:00,London Piccadilly,Nancy Trinka,"Large Cortado - 2.35, Large Flavoured hot chocolate - Vanilla - 2.90, Large Flavoured hot chocolate - Vanilla - 2.90",8.15,CARD,2885381149939060
08/07/2024 09:04,London Piccadilly,George Scott,"Regular Flavoured iced latte - Caramel - 2.75, Regular Flavoured latte - Hazelnut - 2.55",5.3,CARD,3388544477996739
08/07/2024 09:08,London Piccadilly,Elizabeth Mcaleer,"Large Cortado - 2.35, Regular Flavoured iced latte - Vanilla - 2.75, Regular Flavoured latte - Hazelnut - 2.55, Large Iced latte - 2.85, Regular Cortado - 2.05",12.55,CARD,6657934621022677
08/07/2024 09:12,London Piccadilly,Lillie Thompson,"Large Iced latte - 2.85, Regular Smoothies - Carrot Kick - 2.00",4.85,CARD,3571748905020934
08/07/2024 09:17,London Piccadilly,Chrystal Surdam,Large Flavoured iced latte - Vanilla - 3.25,3.25,CARD,9618111081586961
08/07/2024 09:21,London Piccadilly,Linda Bancroft,Large Smoothies - Carrot Kick - 2.50,2.5,CASH,
08/07/2024 09:25,London Piccadilly,Mary Soto,"Large Smoothies - Carrot Kick - 2.50, Large Cortado - 2.35, Regular Smoothies - Carrot Kick - 2.00, Regular Iced latte - 2.35",9.2,CARD,8759360976774483
08/07/2024 09:29,London Piccadilly,Raymond Burke,"Regular Iced latte - 2.35, Large Smoothies - Carrot Kick - 2.50, Regular Flavoured hot chocolate - Vanilla - 2.60, Large Flavoured latte - Hazelnut - 2.85, Regular Flavoured latte - Hazelnut - 2.55",12.85,CARD,2826362747177967
08/07/2024 09:34,London Piccadilly,Gladys Alamilla,Large Flavoured iced latte - Vanilla - 3.25,3.25,CARD,8063144360376468
08/07/2024 09:38,London Piccadilly,Amanda Gray,"Regular Iced latte - 2.35, Regular Flavoured iced latte - Caramel - 2.75, Large Flavoured hot chocolate - Vanilla - 2.90",8.0,CASH,
08/07/2024 09:42,London Piccadilly,Jose Bass,"Large Speciality Tea - Peppermint - 1.60, Large Smoothies - Carrot Kick - 2.50, Regular Flavoured hot chocolate - Vanilla - 2.60, Regular Flavoured latte - Hazelnut - 2.55, Large Flavoured latte - Hazelnut - 2.85",12.1,CARD,4471216000132167
08/07/2024 09:47,London Piccadilly,Darlene Hornbacher,"Large Flavoured hot chocolate - Vanilla - 2.90, Large Iced latte - 2.85",5.75,CARD,8958056357033295
08/07/2024 09:51,London Piccadilly,Tonya Perry,"Large Cortado - 2.35, Large Flavoured latte - Hazelnut - 2.85",5.2,CASH,
08/07/2024 09:55,London Piccadilly,Lawrence Keeney,"Regular Flavoured latte - Hazelnut - 2.55, Regular Flavoured iced latte - Caramel - 2.75, Regular Iced latte - 2.35",7.65,CASH,
08/07/2024 09:59,London Piccadilly,Susan Moris,"Regular Cortado - 2.05, Regular Flavoured hot chocolate - Vanilla - 2.60, Regular Smoothies - Carrot Kick - 2.00, Large Speciality Tea - Peppermint - 1.60, Large Cortado - 2.35",10.6,CARD,6056990483742347
08/07/2024 10:04,London Piccadilly,Jeanne Veil,"Large Flavoured latte - Hazelnut - 2.85, Regular Flavoured hot chocolate - Vanilla - 2.60",5.45,CARD,8491505052145204
08/07/2024 10:05,London Piccadilly,Jerri Mclaine,"Large Flavoured hot chocolate - Vanilla - 2.90, Large Flavoured iced latte - Caramel - 3.25, Regular Iced latte - 2.35",8.5,CARD,7929534591483851
08/07/2024 10:06,London Piccadilly,Angela Bailey,Regular Smoothies - Carrot Kick - 2.00,2.0,CARD,6483260416870317
08/07/2024 10:07,London Piccadilly,Violet Crank,Large Cortado - 2.35,2.35,CASH,
08/07/2024 10:08,London Piccadilly,Joseph Taylor,"Large Flavoured iced latte - Caramel - 3.25, Large Speciality Tea - Peppermint - 1.60, Large Flavoured iced latte - Caramel - 3.25",8.1,CARD,9241206425187225
08/07/2024 10:09,London Piccadilly,John Swann,"Regular Speciality Tea - Peppermint - 1.30, Regular Speciality Tea - Peppermint - 1.30, Large Iced latte - 2.85, Regular Speciality Tea - Peppermint - 1.30",6.75,CARD,5926320958016531
08/07/2024 10:11,London Piccadilly,Patricia Smith,"Regular Cortado - 2.05, Large Iced latte - 2.85, Regular Flavoured iced latte - Vanilla - 2.75",7.65,CARD,3052574652050974
08/07/2024 10:12,London Piccadilly,Maxine Remington,"Large Flavoured hot chocolate - Vanilla - 2.90, Regular Flavoured hot chocolate - Vanilla - 2.60, Large Speciality Tea - Peppermint - 1.60, Large Flavoured latte - Hazelnut - 2.85, Large Speciality Tea - Peppermint - 1.60, Regular Iced latte - 2.35",13.9,CARD,2499255549472323
08/07/2024 10:13,London Piccadilly,Crystal Logue,"Large Flavoured iced latte - Caramel - 3.25, Large Cortado - 2.35, Regular Cortado - 2.05",7.65,CARD,5023882280138401
08/07/2024 10:14,London Piccadilly,Frances Leon,"Large Speciality Tea - Peppermint - 1.60, Regular Smoothies - Carrot Kick - 2.00, Regular Speciality Tea - Peppermint - 1.30, Large Flavoured hot chocolate - Vanilla - 2.90",7.8,CARD,4493976538992403
08/07/2024 10:15,London Piccadilly,Hazel Weaver,"Regular Cortado - 2.05, Regular Flavoured iced latte - Caramel - 2.75, Regular Smoothies - Carrot Kick - 2.00, Large Smoothies - Carrot Kick - 2.50, Large Smoothies - Carrot Kick - 2.50, Regular Flavoured iced latte - Vanilla - 2.75",14.55,CARD,6708948191021694
08/07/2024 10:16,London Piccadilly,Maureen Smith,Large Flavoured hot chocolate - Vanilla - 2.90,2.9,CARD,4774963202005552
08/07/2024 10:17,London Piccadilly,Joseph Smith,"Regular Flavoured iced latte - Vanilla - 2.75, Large Iced latte - 2.85",5.6,CARD,5398481509873866
08/07/2024 10:18,London Piccadilly,Angela Tsosie,"Regular Smoothies - Carrot Kick - 2.00, Regular Iced latte - 2.35, Regular Flavoured hot chocolate - Vanilla - 2.60, Large Flavoured iced latte - Caramel - 3.25, Large Speciality Tea - Peppermint - 1.60",11.8,CARD,2534431154135811
08/07/2024 10:20,London Piccadilly,Genevieve Simeone,Large Flavoured latte - Hazelnut - 2.85,2.85,CARD,7960940272004660
08/07/2024 10:21,London Piccadilly,Melody Gray,"Regular Smoothies - Carrot Kick - 2.00, Large Flavoured iced latte - Caramel - 3.25",5.25,CARD,2767731667429383
08/07/2024 10:22,London Piccadilly,Carla Sanchez,Regular Cortado - 2.05,2.05,CARD,7194430570390811
08/07/2024 10:23,London Piccadilly,Adam Vanderhoef,Large Flavoured iced latte - Caramel - 3.25,3.25,CARD,9956658870351612
08/07/2024 10:24,London Piccadilly,Cynthia Brown,"Regular Flavoured iced latte - Caramel - 2.75, Regular Smoothies - Carrot Kick - 2.00",4.75,CASH,
08/07/2024 10:25,London Piccadilly,Helen Dunton,"Regular Flavoured latte - Hazelnut - 2.55, Large Flavoured iced latte - Caramel - 3.25, Regular Flavoured latte - Hazelnut - 2.55, Large Iced latte - 2.85",11.2,CASH,
08/07/2024 10:26,London Piccadilly,Tammi Miller,Regular Speciality Tea - Peppermint - 1.30,1.3,CARD,6512155612895483
08/07/2024 10:27,London Piccadilly,Kevin Vick,"Large Flavoured iced latte - Vanilla - 3.25, Large Flavoured hot chocolate - Vanilla - 2.90, Regular Flavoured hot chocolate - Vanilla - 2.60, Large Iced latte - 2.85",11.6,CARD,5756032398039529
08/07/2024 10:29,London Piccadilly,Duane Dellavalle,"Regular Flavoured iced latte - Vanilla - 2.75, Regular Flavoured latte - Hazelnut - 2.55, Regular Cortado - 2.05, Regular Flavoured latte - Hazelnut - 2.55",9.9,CARD,8577318017812166
08/07/2024 10:30,London Piccadilly,Eric Miller,"Large Flavoured iced latte - Caramel - 3.25, Large Smoothies - Carrot Kick - 2.50, Large Smoothies - Carrot Kick - 2.50",8.25,CASH,
08/07/2024 10:31,London Piccadilly,Shawn Snelson,Regular Flavoured iced latte - Caramel - 2.75,2.75,CARD,8010262477298799
08/07/2024 10:32,London Piccadilly,Suzanne Bond,"Regular Smoothies - Carrot Kick - 2.00, Regular Flavoured latte - Hazelnut - 2.55",4.55,CARD,9145456526940190
08/07/2024 10:33,London Piccadilly,Robert Carbary,"Regular Iced latte - 2.35, Regular Flavoured iced latte - Caramel - 2.75",5.1,CASH,
08/07/2024 10:34,London Piccadilly,Ruth Ford,"Regular Flavoured iced latte - Caramel - 2.75, Large Flavoured iced latte - Caramel - 3.25",6.0,CARD,1433146937903524
08/07/2024 10:35,London Piccadilly,Jeffrey Steel,Regular Flavoured latte - Hazelnut - 2.55,2.55,CARD,5478170897308667
08/07/2024 10:36,London Piccadilly,Erik Garcia,Regular Flavoured iced latte - Caramel - 2.75,2.75,CARD,8791608329618491
08/07/2024 10:38,London Piccadilly,Chad Galloway,"Regular Flavoured latte - Hazelnut - 2.55, Large Smoothies - Carrot Kick - 2.50",5.05,CARD,6424130094292357
08/07/2024 10:39,London Piccadilly,Leon Smith,"Regular Flavoured latte - Hazelnut - 2.55, Large Flavoured hot chocolate - Vanilla - 2.90, Large Smoothies - Carrot Kick - 2.50, Regular Speciality Tea - Peppermint - 1.30",9.25,CARD,8727368737046977
08/07/2024 10:40,London Piccadilly,Willie Crocker,"Regular Iced latte - 2.35, Regular Flavoured hot chocolate - Vanilla - 2.60, Regular Flavoured hot chocolate - Vanilla - 2.60, Regular Flavoured iced latte - Caramel - 2.75",10.3,CARD,9510627640468045
08/07/2024 10:41,London Piccadilly,Larry Atkinson,"Regular Flavoured iced latte - Caramel - 2.75, Large Iced latte - 2.85, Regular Cortado - 2.05",7.65,CASH,
08/07/2024 10:42,London Piccadilly,Charles Stefanski,"Regular Flavoured iced latte - Caramel - 2.75, Regular Flavoured iced latte - Caramel - 2.75, Large Iced latte - 2.85",8.35,CARD,2317632672559089
08/07/2024 10:43,London Piccadilly,Mauricio Gifford,Large Flavoured iced latte - Vanilla - 3.25,3.25,CASH,
08/07/2024 10:44,London Piccadilly,Earl Sizemore,"Regular Flavoured iced latte - Vanilla - 2.75, Large Flavoured hot chocolate - Vanilla - 2.90, Large Flavoured iced latte - Caramel - 3.25",8.9,CARD,9066201163898282
08/07/2024 10:45,London Piccadilly,David Salazar,"Large Iced latte - 2.85, Regular Flavoured iced latte - Vanilla - 2.75",5.6,CASH,
08/07/2024 10:47,London Piccadilly,Glen Umbaugh,Regular Speciality Tea - Peppermint - 1.30,1.3,CARD,7933609023758813
08/07/2024 10:48,London Piccadilly,Paul Parente,"Large Cortado - 2.35, Large Speciality Tea - Peppermint - 1.60, Large Iced latte - 2.85, Regular Flavoured latte - Hazelnut - 2.55, Large Flavoured latte - Hazelnut - 2.85",12.2,CARD,9707256719396492
08/07/2024 10:49,London Piccadilly,Frances Phillips,Regular Flavoured latte - Hazelnut - 2.55,2.55,CARD,5020512456324059
08/07/2024 10:50,London Piccadilly,Kirk Virgil,"Large Iced latte - 2.85, Large Flavoured hot chocolate - Vanilla - 2.90, Large Iced latte - 2.85, Regular Flavoured iced latte - Caramel - 2.75",11.35,CARD,3009975908456912
08/07/2024 10:51,London Piccadilly,Dustin Matos,"Regular Speciality Tea - Peppermint - 1.30, Regular Flavoured iced latte - Vanilla - 2.75, Regular Flavoured hot chocolate - Vanilla - 2.60, Regular Flavoured latte - Hazelnut - 2.55",9.2,CASH,
08/07/2024 10:52,London Piccadilly,Curtis Peterson,"Regular Flavoured latte - Hazelnut - 2.55, Large Iced latte - 2.85, Large Speciality Tea - Peppermint - 1.60, Large Flavoured hot chocolate - Vanilla - 2.90, Regular Cortado - 2.05",11.95,CASH,
08/07/2024 10:53,London Piccadilly,Clarence Weiker,"Large Flavoured hot chocolate - Vanilla - 2.90, Regular Flavoured iced latte - Vanilla - 2.75",5.65,CARD,5358410487119808
08/07/2024 10:54,London Piccadilly,Hugh Baran,"Large Flavoured iced latte - Caramel - 3.25, Regular Smoothies - Carrot Kick - 2.00, Large Cortado - 2.35, Large Cortado - 2.35, Large Flavoured iced latte - Caramel - 3.25",13.2,CARD,7350211952816571
08/07/2024 10:56,London Piccadilly,Lawrence Quattlebaum,"Regular Flavoured iced latte - Caramel - 2.75, Regular Flavoured hot chocolate - Vanilla - 2.60, Large Flavoured iced latte - Caramel - 3.25",8.6,CARD,2063688485336837
08/07/2024 10:57,London Piccadilly,Cesar Pearce,"Large Flavoured latte - Hazelnut - 2.85, Large Flavoured hot chocolate - Vanilla - 2.90, Regular Flavoured iced latte - Vanilla - 2.75",8.5,CARD,3534977311123210
08/07/2024 10:58,London Piccadilly,David Jackson,"Regular Flavoured latte - Hazelnut - 2.55, Regular Iced latte - 2.35",4.9,CASH,
08/07/2024 10:59,London Piccadilly,Louise Serano,Regular Iced latte - 2.35,2.35,CASH,
08/07/2024 11:00,London Piccadilly,Teresa Reed,Large Flavoured iced latte - Caramel - 3.25,3.25,CARD,3709470176090680
08/07/2024 11:12,London Piccadilly,William Johnston,"Regular Cortado - 2.05, Regular Smoothies - Carrot Kick - 2.00, Large Smoothies - Carrot Kick - 2.50, Regular Speciality Tea - Peppermint - 1.30",7.85,CASH,
08/07/2024 11:24,London Piccadilly,Louise Rooney,"Large Cortado - 2.35, Large Flavoured hot chocolate - Vanilla - 2.90",5.25,CARD,7782673935241582
08/07/2024 11:36,London Piccadilly,Steven Pugh,"Regular Iced latte - 2.35, Regular Cortado - 2.05",4.4,CARD,1315772499039740
08/07/2024 11:48,London Piccadilly,Linda Lafrance,Regular Flavoured latte - Hazelnut - 2.55,2.55,CARD,3302840269646498
08/07/2024 12:00,London Piccadilly,Donald Davis,"Large Flavoured latte - Hazelnut - 2.85, Large Flavoured iced latte - Caramel - 3.25, Large Flavoured iced latte - Caramel - 3.25",9.35,CARD,3700064860234040
08/07/2024 12:07,London Piccadilly,Augustine Govea,"Regular Flavoured iced latte - Caramel - 2.75, Large Speciality Tea - Peppermint - 1.60",4.35,CARD,5198772275373160
08/07/2024 12:13,London Piccadilly,Elvia Shipp,"Regular Flavoured hot chocolate - Vanilla - 2.60, Large Cortado - 2.35, Regular Flavoured iced latte - Vanilla - 2.75, Regular Flavoured iced latte - Vanilla - 2.75, Regular Flavoured hot chocolate - Vanilla - 2.60",13.05,CARD,6879649157080446
08/07/2024 12:20,London Piccadilly,David Balser,"Large Cortado - 2.35, Large Speciality Tea - Peppermint - 1.60, Large Iced latte - 2.85",6.8,CARD,3310047548983281
08/07/2024 12:27,London Piccadilly,Angel Taylor,"Large Smoothies - Carrot Kick - 2.50, Regular Flavoured iced latte - Vanilla - 2.75",5.25,CARD,3677653868134289
08/07/2024 12:33,London Piccadilly,Cindy Garcia,Regular Flavoured hot chocolate - Vanilla - 2.60,2.6,CARD,6071106856725706
08/07/2024 12:40,London Piccadilly,Robert Wickham,"Regular Flavoured iced latte - Caramel - 2.75, Large Flavoured iced latte - Vanilla - 3.25, Regular Iced latte - 2.35, Large Smoothies - Carrot Kick - 2.50",10.85,CASH,
08/07/2024 12:47,London Piccadilly,Richard Childs,"Regular Flavoured iced latte - Vanilla - 2.75, Regular Flavoured latte - Hazelnut - 2.55, Regular Speciality Tea - Peppermint - 1.30, Regular Flavoured iced latte - Vanilla - 2.75, Regular Cortado - 2.05",11.4,CARD,5165889862308075
08/07/2024 12:53,London Piccadilly,Maybelle Bourgeois,"Regular Speciality Tea - Peppermint - 1.30, Regular Flavoured hot chocolate - Vanilla - 2.60",3.9,CARD,8387983022574041
08/07/2024 13:00,London Piccadilly,Betty Hall,"Large Speciality Tea - Peppermint - 1.60, Large Cortado - 2.35, Regular Iced latte - 2.35, Large Smoothies - Carrot Kick - 2.50, Regular Flavoured iced latte - Caramel - 2.75, Regular Flavoured latte - Hazelnut - 2.55",14.1,CARD,9720747343713506
08/07/2024 13:03,London Piccadilly,Vada Weir,"Regular Flavoured latte - Hazelnut - 2.55, Regular Flavoured latte - Hazelnut - 2.55, Large Cortado - 2.35",7.45,CARD,4796660262547778
08/07/2024 13:06,London Piccadilly,Mary Doonan,"Large Smoothies - Carrot Kick - 2.50, Large Cortado - 2.35",4.85,CARD,1597728967263419
08/07/2024 13:08,London Piccadilly,Tina Steffen,"Large Flavoured latte - Hazelnut - 2.85, Large Flavoured iced latte - Vanilla - 3.25, Large Smoothies - Carrot Kick - 2.50, Large Flavoured latte - Hazelnut - 2.85, Regular Iced latte - 2.35",13.8,CARD,6938715627500770
08/07/2024 13:11,London Piccadilly,Gia Reynolds,"Regular Flavoured latte - Hazelnut - 2.55, Large Flavoured iced latte - Caramel - 3.25, Regular Iced latte - 2.35, Regular Flavoured latte - Hazelnut - 2.55",10.7,CASH,
08/07/2024 13:14,London Piccadilly,Adam Sloan,"Large Flavoured latte - Hazelnut - 2.85, Regular Flavoured iced latte - Vanilla - 2.75",5.6,CASH,
08/07/2024 13:16,London Piccadilly,Sal Diaz,"Regular Flavoured latte - Hazelnut - 2.55, Regular Iced latte - 2.35, Large Flavoured iced latte - Caramel - 3.25, Large Cortado - 2.35",10.5,CARD,6023207402210737
08/07/2024 13:19,London Piccadilly,Jonathan Beatty,"Large Flavoured iced latte - Caramel - 3.25, Regular Flavoured iced latte - Caramel - 2.75",6.0,CARD,5507760223822629
08/07/2024 13:22,London Piccadilly,Eddie Humphrey,"Regular Iced latte - 2.35, Regular Smoothies - Carrot Kick - 2.00, Large Iced latte - 2.85",7.2,CARD,7955998794928575
08/07/2024 13:25,London Piccadilly,Nancy Dergance,"Large Speciality Tea - Peppermint - 1.60, Large Cortado - 2.35, Regular Flavoured latte - Hazelnut - 2.55, Large Flavoured iced latte - Vanilla - 3.25, Large Flavoured iced latte - Vanilla - 3.25, Large Flavoured iced latte - Vanilla - 3.25",16.25,CARD,8677142042862676
08/07/2024 13:27,London Piccadilly,Edward Smith,"Regular Smoothies - Carrot Kick - 2.00, Regular Flavoured hot chocolate - Vanilla - 2.60",4.6,CARD,1538320242865742
08/07/2024 13:30,London Piccadilly,Ivory Adcock,"Large Iced latte - 2.85, Large Iced latte - 2.85, Regular Flavoured iced latte - Vanilla - 2.75, Large Cortado - 2.35, Regular Smoothies - Carrot Kick - 2.00",12.8,CARD,9493079035488989
08/07/2024 13:33,London Piccadilly,Philip Whitmer,"Large Flavoured hot chocolate - Vanilla - 2.90, Large Flavoured latte - Hazelnut - 2.85",5.75,CARD,7834774707930907
08/07/2024 13:35,London Piccadilly,Gilbert Isenhart,"Large Flavoured hot chocolate - Vanilla - 2.90, Large Speciality Tea - Peppermint - 1.60",4.5,CARD,5024961539754504
08/07/2024 13:38,London Piccadilly,Amy Wright,"Regular Iced latte - 2.35, Large Flavoured iced latte - Caramel - 3.25, Regular Iced latte - 2.35, Regular Flavoured iced latte - Vanilla - 2.75, Regular Speciality Tea - Peppermint - 1.30, Large Iced latte - 2.85",14.85,CARD,8071040890914519
08/07/2024 13:41,London Piccadilly,Laura Bush,"Regular Flavoured iced latte - Caramel - 2.75, Regular Flavoured iced latte - Caramel - 2.75",5.5,CARD,5338620641795010
08/07/2024 13:44,London Piccadilly,David Mccormick,"Large Cortado - 2.35, Large Flavoured iced latte - Vanilla - 3.25, Large Iced latte - 2.85",8.45,CASH,
08/07/2024 13:46,London Piccadilly,Margaret Maness,"Large Speciality Tea - Peppermint - 1.60, Large Flavoured iced latte - Caramel - 3.25, Regular Speciality Tea - Peppermint - 1.30",6.15,CASH,
08/07/2024 13:49,London Piccadilly,Mary Childs,"Large Flavoured iced latte - Vanilla - 3.25, Large Flavoured iced latte - Caramel - 3.25, Large Flavoured iced latte - Caramel - 3.25, Regular Iced latte - 2.35, Regular Speciality Tea - Peppermint - 1.30",13.4,CASH,
08/07/2024 13:52,London Piccadilly,Jose Burchett,Regular Flavoured iced latte - Caramel - 2.75,2.75,CARD,6015469664151769
08/07/2024 13:54,London Piccadilly,Monique Stout,"Large Flavoured iced latte - Caramel - 3.25, Large Flavoured iced latte - Caramel - 3.25",6.5,CARD,5967597682129083
08/07/2024 13:57,London Piccadilly,Anthony Watkins,"Regular Flavoured iced latte - Vanilla - 2.75, Large Smoothies - Carrot Kick - 2.50, Large Speciality Tea - Peppermint - 1.60, Regular Flavoured hot chocolate - Vanilla - 2.60",9.45,CARD,8224849344357051
08/07/2024 14:00,London Piccadilly,Roland Doucet,"Regular Flavoured iced latte - Caramel - 2.75, Regular Smoothies - Carrot Kick - 2.00",4.75,CARD,8249870204033681
08/07/2024 14:01,London Piccadilly,Mary Lundsten,"Regular Speciality Tea - Peppermint - 1.30, Regular Flavoured iced latte - Vanilla - 2.75, Regular Cortado - 2.05",6.1,CARD,4628126326891948
08/07/2024 14:03,London Piccadilly,Paulette Ramirez,Large Speciality Tea - Peppermint - 1.60,1.6,CARD,1588057480609198
08/07/2024 14:05,London Piccadilly,John Blank,"Regular Iced latte - 2.35, Regular Speciality Tea - Peppermint - 1.30, Regular Cortado - 2.05, Regular Speciality Tea - Peppermint - 1.30, Regular Flavoured iced latte - Vanilla - 2.75, Large Flavoured iced latte - Caramel - 3.25",13.0,CARD,9886531654603166
08/07/2024 14:06,London Piccadilly,Jessie Southard,"Regular Iced latte - 2.35, Regular Iced latte - 2.35, Large Flavoured iced latte - Vanilla - 3.25, Large Flavoured latte - Hazelnut - 2.85, Large Smoothies - Carrot Kick - 2.50",13.3,CASH,
08/07/2024 14:08,London Piccadilly,Lillie Cracchiolo,"Regular Smoothies - Carrot Kick - 2.00, Regular Flavoured latte - Hazelnut - 2.55, Large Speciality Tea - Peppermint - 1.60",6.15,CARD,1811868335737143
08/07/2024 14:10,London Piccadilly,Kelly Maier,"Large Speciality Tea - Peppermint - 1.60, Regular Cortado - 2.05",3.65,CARD,2700161282767190
08/07/2024 14:11,London Piccadilly,Charity Santini,"Regular Flavoured hot chocolate - Vanilla - 2.60, Regular Iced latte - 2.35, Regular Flavoured latte - Hazelnut - 2.55",7.5,CARD,1310947049641189
08/07/2024 14:13,London Piccadilly,Dennis Gibeau,"Large Smoothies - Carrot Kick - 2.50, Large Flavoured latte - Hazelnut - 2.85, Large Flavoured iced latte - Caramel - 3.25",8.6,CARD,3416892043788184
08/07/2024 14:14,London Piccadilly,Bret Galindo,"Regular Flavoured hot chocolate - Vanilla - 2.60, Large Flavoured latte - Hazelnut - 2.85",5.45,CARD,2100231773441477
08/07/2024 14:16,London Piccadilly,Ola Barbosa,"Large Flavoured iced latte - Caramel - 3.25, Regular Iced latte - 2.35, Large Flavoured hot chocolate - Vanilla - 2.90, Large Flavoured latte - Hazelnut - 2.85",11.35,CASH,
08/07/2024 14:18,London Piccadilly,Kevin Pichler,Regular Cortado - 2.05,2.05,CARD,4329730708413953
08/07/2024 14:19,London Piccadilly,Melinda Young,Large Cortado - 2.35,2.35,CASH,
08/07/2024 14:21,London Piccadilly,Ralph Meyer,Large Flavoured hot chocolate - Vanilla - 2.90,2.9,CARD,6834995318462580
08/07/2024 14:22,London Piccadilly,Martin Abramowski,"Regular Cortado - 2.05, Regular Smoothies - Carrot Kick - 2.00, Regular Flavoured latte - Hazelnut - 2.55, Regular Flavoured iced latte - Vanilla - 2.75, Large Iced latte - 2.85, Large Flavoured iced latte - Caramel - 3.25",15.45,CASH,
08/07/2024 14:24,London Piccadilly,Nicole Ortiz,"Regular Smoothies - Carrot Kick - 2.00, Large Iced latte - 2.85, Large Flavoured hot chocolate - Vanilla - 2.90",7.75,CASH,
08/07/2024 14:26,London Piccadilly,Johnathon Matas,"Large Smoothies - Carrot Kick - 2.50, Regular Flavoured iced latte - Caramel - 2.75, Regular Flavoured hot chocolate - Vanilla - 2.60",7.85,CARD,8829770520410837
08/07/2024 14:27,London Piccadilly,Carl Hill,Regular Speciality Tea - Peppermint - 1.30,1.3,CARD,4967170725009196
08/07/2024 14:29,London Piccadilly,Evelyn Leeds,"Large Iced latte - 2.85, Regular Flavoured iced latte - Caramel - 2.75, Regular Flavoured hot chocolate - Vanilla - 2.60, Large Smoothies - Carrot Kick - 2.50, Large Smoothies - Carrot Kick - 2.50",13.2,CARD,1803051048473590
08/07/2024 14:31,London Piccadilly,Elizabeth Givens,"Large Flavoured iced latte - Vanilla - 3.25, Regular Flavoured latte - Hazelnut - 2.55",5.8,CASH,
08/07/2024 14:32,London Piccadilly,Frank Mcgee,"Large Iced latte - 2.85, Regular Speciality Tea - Peppermint - 1.30, Large Flavoured latte - Hazelnut - 2.85, Regular Flavoured iced latte - Caramel - 2.75",9.75,CARD,5455111206265705
08/07/2024 14:34,London Piccadilly,John Williams,"Regular Flavoured iced latte - Vanilla - 2.75, Large Flavoured iced latte - Vanilla - 3.25, Regular Flavoured latte - Hazelnut - 2.55, Regular Flavoured hot chocolate - Vanilla - 2.60, Large Iced latte - 2.85",14.0,CARD,9676279990506009
08/07/2024 14:35,London Piccadilly,Tommy Blasengame,Regular Speciality Tea - Peppermint - 1.30,1.3,CARD,8167478039758344
08/07/2024 14:37,London Piccadilly,Weldon Davenport,"Regular Speciality Tea - Peppermint - 1.30, Large Cortado - 2.35",3.65,CARD,1823349624262055
08/07/2024 14:39,London Piccadilly,Maxine Morris,"Regular Smoothies - Carrot Kick - 2.00, Regular Smoothies - Carrot Kick - 2.00",4.0,CASH,
08/07/2024 14:40,London Piccadilly,Carlos Branton,"Large Flavoured iced latte - Vanilla - 3.25, Regular Flavoured latte - Hazelnut - 2.55",5.8,CASH,
08/07/2024 14:42,London Piccadilly,Robert Kreidel,"Regular Flavoured iced latte - Vanilla - 2.75, Regular Speciality Tea - Peppermint - 1.30, Regular Flavoured latte - Hazelnut - 2.55",6.6,CARD,6272893203482957
08/07/2024 14:44,London Piccadilly,Anthony Leroy,Regular Cortado - 2.05,2.05,CASH,
08/07/2024 14:45,London Piccadilly,Frances Skaggs,"Large Smoothies - Carrot Kick - 2.50, Large Flavoured iced latte - Caramel - 3.25, Regular Smoothies - Carrot Kick - 2.00, Large Flavoured hot chocolate - Vanilla - 2.90, Large Flavoured iced latte - Vanilla - 3.25",13.9,CARD,7579427765623800
08/07/2024 14:47,London Piccadilly,Sondra Caldwell,"Regular Flavoured latte - Hazelnut - 2.55, Regular Cortado - 2.05",4.6,CARD,5610601692671296
08/07/2024 14:48,London Piccadilly,Patricia Bires,Large Flavoured latte - Hazelnut - 2.85,2.85,CARD,8246754085884091
08/07/2024 14:50,London Piccadilly,Beatrice Griffin,"Regular Cortado - 2.05, Regular Flavoured latte - Hazelnut - 2.55",4.6,CASH,
08/07/2024 14:52,London Piccadilly,Kevin Jarvie,"Regular Cortado - 2.05, Regular Flavoured iced latte - Caramel - 2.75, Large Smoothies - Carrot Kick - 2.50",7.3,CASH,
08/07/2024 14:53,London Piccadilly,Rose Summerville,Large Iced latte - 2.85,2.85,CASH,
08/07/2024 14:55,London Piccadilly,Jake Pascua,Large Flavoured latte - Hazelnut - 2.85,2.85,CARD,6872841636964516
08/07/2024 14:56,London Piccadilly,Linda Bailey,Regular Smoothies - Carrot Kick - 2.00,2.0,CASH,
08/07/2024 14:58,London Piccadilly,Mark Banuelos,"Regular Iced latte - 2.35, Regular Flavoured iced latte - Caramel - 2.75, Large Flavoured iced latte - Caramel - 3.25, Regular Flavoured latte - Hazelnut - 2.55, Regular Flavoured iced latte - Vanilla - 2.75, Regular Cortado - 2.05",15.7,CARD,8369350814215509
08/07/2024 15:00,London Piccadilly,Annette Compton,"Large Speciality Tea - Peppermint - 1.60, Regular Flavoured hot chocolate - Vanilla - 2.60, Regular Flavoured latte - Hazelnut - 2.55",6.75,CASH,
08/07/2024 15:03,London Piccadilly,Alex Wood,"Large Flavoured hot chocolate - Vanilla - 2.90, Regular Iced latte - 2.35, Large Flavoured hot chocolate - Vanilla - 2.90",8.15,CASH,
08/07/2024 15:07,London Piccadilly,Steve Maestas,"Large Flavoured latte - Hazelnut - 2.85, Large Flavoured latte - Hazelnut - 2.85, Large Flavoured iced latte - Vanilla - 3.25, Regular Flavoured hot chocolate - Vanilla - 2.60, Large Iced latte - 2.85",14.4,CARD,6406879210446861
08/07/2024 15:10,London Piccadilly,Judy Dixon,"Large Speciality Tea - Peppermint - 1.60, Large Flavoured latte - Hazelnut - 2.85, Large Smoothies - Carrot Kick - 2.50, Large Speciality Tea - Peppermint - 1.60",8.55,CARD,4262120995172662
08/07/2024 15:14,London Piccadilly,Carla Hackleman,Large Flavoured iced latte - Vanilla - 3.25,3.25,CARD,3900365322604174
08/07/2024 15:17,London Piccadilly,Michelle Todd,"Regular Flavoured iced latte - Caramel - 2.75, Large Flavoured iced latte - Caramel - 3.25, Regular Flavoured latte - Hazelnut - 2.55, Regular Speciality Tea - Peppermint - 1.30",9.85,CARD,4020828794823465
08/07/2024 15:21,London Piccadilly,Olga Washburn,"Regular Flavoured latte - Hazelnut - 2.55, Large Flavoured hot chocolate - Vanilla - 2.90, Large Speciality Tea - Peppermint - 1.60, Large Cortado - 2.35, Regular Iced latte - 2.35",11.75,CARD,8843582239320977
08/07/2024 15:24,London Piccadilly,Sheron Yale,"Regular Flavoured iced latte - Caramel - 2.75, Large Flavoured iced latte - Vanilla - 3.25, Regular Flavoured iced latte - Vanilla - 2.75, Regular Flavoured hot chocolate - Vanilla - 2.60, Large Cortado - 2.35",13.7,CARD,8024643363483695
08/07/2024 15:28,London Piccadilly,Helen Poyner,"Regular Flavoured iced latte - Caramel - 2.75, Regular Flavoured iced latte - Vanilla - 2.75",5.5,CASH,
08/07/2024 15:31,London Piccadilly,Lloyd Ramos,"Regular Flavoured iced latte - Caramel - 2.75, Large Cortado - 2.35",5.1,CARD,6289541023085070
08/07/2024 15:35,London Piccadilly,Sally Larson,"Regular Cortado - 2.05, Large Cortado - 2.35, Large Flavoured hot chocolate - Vanilla - 2.90",7.3,CASH,
08/07/2024 15:38,London Piccadilly,Kathryn Urban,"Large Flavoured hot chocolate - Vanilla - 2.90, Large Flavoured hot chocolate - Vanilla - 2.90, Large Flavoured latte - Hazelnut - 2.85",8.65,CARD,8482401221046260
08/07/2024 15:42,London Piccadilly,Roger Dawkins,"Large Flavoured latte - Hazelnut - 2.85, Regular Iced latte - 2.35, Regular Flavoured latte - Hazelnut - 2.55, Regular Flavoured iced latte - Caramel - 2.75, Large Iced latte - 2.85",13.35,CARD,6536448075003624
08/07/2024 15:45,London Piccadilly,Nathan Padmore,"Large Flavoured latte - Hazelnut - 2.85, Large Iced latte - 2.85, Large Iced latte - 2.85, Regular Flavoured iced latte - Vanilla - 2.75, Large Flavoured iced latte - Vanilla - 3.25, Large Flavoured latte - Hazelnut - 2.85",17.4,CARD,4397895407270304
08/07/2024 15:49,London Piccadilly,Jennifer Heath,Regular Cortado - 2.05,2.05,CARD,6770731330619705
08/07/2024 15:52,London Piccadilly,Peggy Bishop,Regular Flavoured hot chocolate - Vanilla - 2.60,2.6,CASH,
08/07/2024 15:56,London Piccadilly,Donna Volpe,Large Flavoured hot chocolate - Vanilla - 2.90,2.9,CARD,6362015068052698
08/07/2024 15:59,London Piccadilly,Lana Handy,Large Flavoured hot chocolate - Vanilla - 2.90,2.9,CARD,1913888240528065
08/07/2024 16:03,London Piccadilly,Lawrence Ingram,Regular Flavoured iced latte - Vanilla - 2.75,2.75,CARD,8092820993467226
08/07/2024 16:05,London Piccadilly,Thomas Martinez,Large Flavoured iced latte - Vanilla - 3.25,3.25,CARD,5793057911728924
08/07/2024 16:07,London Piccadilly,Helen Holter,"Large Flavoured iced latte - Caramel - 3.25, Regular Iced latte - 2.35, Regular Cortado - 2.05",7.65,CARD,8157924349526871
08/07/2024 16:09,London Piccadilly,Martha Prucha,"Regular Smoothies - Carrot Kick - 2.00, Large Flavoured hot chocolate - Vanilla - 2.90",4.9,CARD,9678404894889206
08/07/2024 16:11,London Piccadilly,Melanie Sanchez,"Large Smoothies - Carrot Kick - 2.50, Regular Cortado - 2.05, Regular Smoothies - Carrot Kick - 2.00, Large Speciality Tea - Peppermint - 1.60, Large Iced latte - 2.85",11.0,CASH,
08/07/2024 16:13,London Piccadilly,Maude Ellis,"Large Flavoured iced latte - Caramel - 3.25, Regular Smoothies - Carrot Kick - 2.00, Regular Flavoured iced latte - Vanilla - 2.75",8.0,CASH,
08/07/2024 16:15,London Piccadilly,Gloria Milliken,"Regular Speciality Tea - Peppermint - 1.30, Regular Smoothies - Carrot Kick - 2.00, Large Flavoured latte - Hazelnut - 2.85",6.15,CARD,5626207001370120
08/07/2024 16:17,London Piccadilly,Alan Wilson,"Large Flavoured latte - Hazelnut - 2.85, Regular Flavoured iced latte - Caramel - 2.75, Regular Flavoured iced latte - Vanilla - 2.75",8.35,CARD,2196686061347399
08/07/2024 16:19,London Piccadilly,Timmy Koon,"Large Iced latte - 2.85, Regular Iced latte - 2.35",5.2,CARD,5140883097755959
08/07/2024 16:21,London Piccadilly,Cindy Hickman,"Large Flavoured iced latte - Vanilla - 3.25, Large Flavoured iced latte - Vanilla - 3.25, Regular Flavoured hot chocolate - Vanilla - 2.60",9.1,CARD,6560432584750558
08/07/2024 16:23,London Piccadilly,Paul Barahona,"Large Iced latte - 2.85, Regular Cortado - 2.05",4.9,CARD,3425902730139976
08/07/2024 16:25,London Piccadilly,Ann Benjamin,"Regular Flavoured iced latte - Vanilla - 2.75, Large Flavoured hot chocolate - Vanilla - 2.90",5.65,CARD,8982202889407659
08/07/2024 16:27,London Piccadilly,Mark Fritz,"Large Flavoured latte - Hazelnut - 2.85, Regular Flavoured latte - Hazelnut - 2.55, Regular Flavoured iced latte - Caramel - 2.75, Large Smoothies - Carrot Kick - 2.50, Regular Iced latte - 2.35, Large Flavoured iced latte - Caramel - 3.25",16.25,CARD,4003888925736616
08/07/2024 16:29,London Piccadilly,James Mason,Large Flavoured latte - Hazelnut - 2.85,2.85,CARD,1337613908935657
08/07/2024 16:31,London Piccadilly,Cynthia Forehand,"Large Iced latte - 2.85, Regular Flavoured iced latte - Vanilla - 2.75",5.6,CARD,4799232828801730
08/07/2024 16:33,London Piccadilly,Jenise Wells,Large Smoothies - Carrot Kick - 2.50,2.5,CARD,3133297353091741
08/07/2024 16:35,London Piccadilly,James Rivera,Large Flavoured iced latte - Caramel - 3.25,3.25,CASH,
08/07/2024 16:37,London Piccadilly,Flora Ray,"Large Iced latte - 2.85, Regular Flavoured iced latte - Vanilla - 2.75, Regular Cortado - 2.05",7.65,CASH,
08/07/2024 16:39,London Piccadilly,Richard Kuhn,"Regular Speciality Tea - Peppermint - 1.30, Regular Speciality Tea - Peppermint - 1.30",2.6,CASH,
08/07/2024 16:41,London Piccadilly,Jackie Crowley,Regular Flavoured hot chocolate - Vanilla - 2.60,2.6,CARD,8579043057952991
08/07/2024 16:43,London Piccadilly,Gregory Dishong,"Large Flavoured latte - Hazelnut - 2.85, Large Smoothies - Carrot Kick - 2.50, Regular Flavoured iced latte - Caramel - 2.75, Regular Flavoured latte - Hazelnut - 2.55, Large Flavoured hot chocolate - Vanilla - 2.90",13.55,CARD,1554581366918315
08/07/2024 16:45,London Piccadilly,Christopher Horton,"Regular Flavoured iced latte - Caramel - 2.75, Regular Cortado - 2.05",4.8,CASH,
08/07/2024 16:47,London Piccadilly,Jessica Ertel,Regular Cortado - 2.05,2.05,CARD,1795241912188614
08/07/2024 16:49,London Piccadilly,Andrea Shade,Large Flavoured latte - Hazelnut - 2.85,2.85,CARD,5583903944591286
08/07/2024 16:51,London Piccadilly,Arthur Currin,"Large Flavoured iced latte - Vanilla - 3.25, Large Smoothies - Carrot Kick - 2.50",5.75,CASH,
08/07/2024 16:53,London Piccadilly,Helen Purser,"Large Flavoured hot chocolate - Vanilla - 2.90, Large Cortado - 2.35",5.25,CARD,3651172584910212
08/07/2024 16:55,London Piccadilly,Emma Teel,"Regular Iced latte - 2.35, Large Cortado - 2.35, Large Flavoured iced latte - Caramel - 3.25",7.95,CASH,
08/07/2024 16:57,London Piccadilly,William Kelley,"Regular Smoothies - Carrot Kick - 2.00, Large Speciality Tea - Peppermint - 1.60, Regular Flavoured iced latte - Vanilla - 2.75, Regular Smoothies - Carrot Kick - 2.00, Regular Flavoured latte - Hazelnut - 2.55",10.9,CARD,2887161716405759
08/07/2024 16:59,London Piccadilly,William Bernstein,"Regular Flavoured hot chocolate - Vanilla - 2.60, Large Flavoured latte - Hazelnut - 2.85",5.45,CARD,9542422637673747
