08/07/2024 09:00,London Soho,Annie Banks,"Large Espresso - 1.80, Regular Espresso - 1.50, Large Espresso - 1.80, Large Speciality Tea - Camomile - 1.60",6.7,CASH,
08/07/2024 09:02,London Soho,Richard Hammond,"Large Espresso - 1.80, Large Frappes - Coffee - 3.25, Regular Speciality Tea - Camomile - 1.30",6.35,CARD,9362729692643776
08/07/2024 09:04,London Soho,Veronica Graham,"Large Speciality Tea - Camomile - 1.60, Large Espresso - 1.80, Regular Frappes - Coffee - 2.75, Large Espresso - 1.80, Large Speciality Tea - Camomile - 1.60, Regular Espresso - 1.50",11.05,CARD,2613287753489286
08/07/2024 09:06,London Soho,Timothy Maynard,"Large Frappes - Coffee - 3.25, Large Speciality Tea - Camomile - 1.60, Large Speciality Tea - Camomile - 1.60, Regular Frappes - Coffee - 2.75",9.2,CASH,
08/07/2024 09:08,London Soho,Filomena Knapp,"Large Speciality Tea - Camomile - 1.60, Large Speciality Tea - Camomile - 1.60, Regular Speciality Tea - Camomile - 1.30",4.5,CARD,4939013049399745
08/07/2024 09:10,London Soho,Raymond Hopkins,"Regular Espresso - 1.50, Regular Frappes - Coffee - 2.75",4.25,CARD,3583955293883158
08/07/2024 09:12,London Soho,Linda Garcia,"Regular Espresso - 1.50, Large Frappes - Coffee - 3.25, Regular Espresso - 1.50, Large Speciality Tea - Camomile - 1.60, Large Speciality Tea - Camomile - 1.60",9.45,CARD,4006168819398090
08/07/2024 09:14,London Soho,Calvin Johnson,"Large Speciality Tea - Camomile - 1.60, Regular Speciality Tea - Camomile - 1.30, Large Speciality Tea - Camomile - 1.60, Large Espresso - 1.80",6.3,CASH,
08/07/2024 09:16,London Soho,Angela Geesey,"Large Frappes - Coffee - 3.25, Regular Espresso - 1.50",4.75,CASH,
08/07/2024 09:18,London Soho,Lisa Houghtelling,"Large Frappes - Coffee - 3.25, Large Speciality Tea - Camomile - 1.60, Regular Espresso - 1.50",6.35,CARD,5422637008857699
08/07/2024 09:20,London Soho,Junko Sullivan,"Regular Speciality Tea - Camomile - 1.30, Large Frappes - Coffee - 3.25, Large Speciality Tea - Camomile - 1.60",6.15,CASH,
08/07/2024 09:22,London Soho,Norma Swedlund,Large Speciality Tea - Camomile - 1.60,1.6,CARD,8654224269119509
08/07/2024 09:24,London Soho,Leslie Hammer,"Regular Frappes - Coffee - 2.75, Regular Speciality Tea - Camomile - 1.30",4.05,CARD,7942156581382417
08/07/2024 09:26,London Soho,Kristina Chavez,Regular Speciality Tea - Camomile - 1.30,1.3,CARD,6493172085417975
08/07/2024 09:28,London Soho,Mary Smith,Large Speciality Tea - Camomile - 1.60,1.6,CASH,
08/07/2024 09:30,London Soho,Joe Whiting,"Large Frappes - Coffee - 3.25, Regular Speciality Tea - Camomile - 1.30",4.55,CARD,7903739829305256
08/07/2024 09:32,London Soho,Joseph Manzo,"Regular Speciality Tea - Camomile - 1.30, Large Frappes - Coffee - 3.25, Large Frappes - Coffee - 3.25",7.8,CARD,1476294076362223
08/07/2024 09:34,London Soho,Whitney Scheppke,Regular Speciality Tea - Camomile - 1.30,1.3,CARD,9528051735344526
08/07/2024 09:36,London Soho,Matthew Ray,Large Espresso - 1.80,1.8,CARD,2713747417746030
08/07/2024 09:38,London Soho,Paul Tudor,Large Speciality Tea - Camomile - 1.60,1.6,CARD,7740818382357510
08/07/2024 09:40,London Soho,John Reed,"Large Espresso - 1.80, Regular Espresso - 1.50, Regular Frappes - Coffee - 2.75",6.05,CASH,
08/07/2024 09:42,London Soho,Ida Dyer,"Large Speciality Tea - Camomile - 1.60, Large Frappes - Coffee - 3.25, Regular Frappes - Coffee - 2.75, Large Espresso - 1.80",9.4,CASH,
08/07/2024 09:44,London Soho,Flavia Bren,"Large Frappes - Coffee - 3.25, Regular Speciality Tea - Camomile - 1.30, Regular Frappes - Coffee - 2.75",7.3,CARD,8766873230727911
08/07/2024 09:46,London Soho,Deborah Leach,"Regular Speciality Tea - Camomile - 1.30, Regular Frappes - Coffee - 2.75, Large Espresso - 1.80, Regular Speciality Tea - Camomile - 1.30, Regular Speciality Tea - Camomile - 1.30",8.45,CARD,3655431167309658
08/07/2024 09:48,London Soho,Anthony Gamboa,"Regular Speciality Tea - Camomile - 1.30, Large Speciality Tea - Camomile - 1.60, Large Espresso - 1.80",4.7,CARD,7172331736927774
08/07/2024 09:50,London Soho,Jerome Denney,"Large Speciality Tea - Camomile - 1.60, Regular Espresso - 1.50, Large Speciality Tea - Camomile - 1.60, Large Frappes - Coffee - 3.25, Large Espresso - 1.80",9.75,CARD,7815805223440361
08/07/2024 09:52,London Soho,Roger Estrada,"Large Speciality Tea - Camomile - 1.60, Regular Espresso - 1.50, Regular Espresso - 1.50",4.6,CASH,
08/07/2024 09:54,London Soho,Russell Corley,"Regular Speciality Tea - Camomile - 1.30, Regular Espresso - 1.50, Regular Espresso - 1.50",4.3,CARD,9217149850777670
08/07/2024 09:56,London Soho,Zachary Bush,"Large Speciality Tea - Camomile - 1.60, Regular Espresso - 1.50, Large Frappes - Coffee - 3.25, Regular Frappes - Coffee - 2.75, Large Speciality Tea - Camomile - 1.60",10.7,CARD,2358822524832701
08/07/2024 09:58,London Soho,Charles Couch,"Regular Speciality Tea - Camomile - 1.30, Large Frappes - Coffee - 3.25, Large Frappes - Coffee - 3.25",7.8,CARD,2666489434133221
08/07/2024 10:00,London Soho,Brandon Lewis,"Large Espresso - 1.80, Large Speciality Tea - Camomile - 1.60, Large Frappes - Coffee - 3.25, Large Frappes - Coffee - 3.25, Regular Espresso - 1.50",11.4,CASH,
08/07/2024 10:02,London Soho,Delmar Millerd,"Large Speciality Tea - Camomile - 1.60, Regular Frappes - Coffee - 2.75, Regular Espresso - 1.50, Regular Speciality Tea - Camomile - 1.30",7.15,CARD,7956558687621860
08/07/2024 10:04,London Soho,Michael Wright,Regular Espresso - 1.50,1.5,CARD,4051896804100775
08/07/2024 10:06,London Soho,Bruce Freudenburg,"Large Espresso - 1.80, Regular Frappes - Coffee - 2.75, Regular Frappes - Coffee - 2.75, Large Speciality Tea - Camomile - 1.60",8.9,CARD,9877526368320505
08/07/2024 10:08,London Soho,Daryl Ocampo,"Regular Espresso - 1.50, Regular Espresso - 1.50",3.0,CASH,
08/07/2024 10:10,London Soho,Kim Merlino,Large Frappes - Coffee - 3.25,3.25,CARD,7240921360223213
08/07/2024 10:12,London Soho,Alice Smith,"Regular Espresso - 1.50, Regular Speciality Tea - Camomile - 1.30, Regular Speciality Tea - Camomile - 1.30, Regular Espresso - 1.50, Regular Frappes - Coffee - 2.75",8.35,CARD,3528431449916428
08/07/2024 10:14,London Soho,Roger Goodwin,Regular Speciality Tea - Camomile - 1.30,1.3,CARD,8133698119092590
08/07/2024 10:17,London Soho,Theresa Anaya,Regular Espresso - 1.50,1.5,CASH,
08/07/2024 10:19,London Soho,Frederic Christian,Regular Speciality Tea - Camomile - 1.30,1.3,CASH,
08/07/2024 10:21,London Soho,Larry Davis,Large Frappes - Coffee - 3.25,3.25,CASH,
08/07/2024 10:23,London Soho,Roger Decker,"Large Speciality Tea - Camomile - 1.60, Regular Frappes - Coffee - 2.75, Large Espresso - 1.80",6.15,CARD,1080562560846587
08/07/2024 10:25,London Soho,James Carlson,"Large Espresso - 1.80, Large Frappes - Coffee - 3.25, Regular Espresso - 1.50, Regular Frappes - Coffee - 2.75, Large Frappes - Coffee - 3.25",12.55,CARD,1361194376879541
08/07/2024 10:27,London Soho,William Adams,"Large Speciality Tea - Camomile - 1.60, Large Espresso - 1.80, Regular Espresso - 1.50, Regular Speciality Tea - Camomile - 1.30",6.2,CASH,
08/07/2024 10:29,London Soho,Lloyd Raso,"Large Speciality Tea - Camomile - 1.60, Large Speciality Tea - Camomile - 1.60, Regular Espresso - 1.50",4.7,CARD,5334572741577397
08/07/2024 10:32,London Soho,Patricia Horan,"Large Espresso - 1.80, Large Frappes - Coffee - 3.25, Regular Speciality Tea - Camomile - 1.30",6.35,CARD,5432591992941395
08/07/2024 10:34,London Soho,Ginger Waits,"Regular Espresso - 1.50, Regular Speciality Tea - Camomile - 1.30",2.8,CASH,
08/07/2024 10:36,London Soho,Jessica Stocks,"Large Frappes - Coffee - 3.25, Regular Espresso - 1.50, Regular Speciality Tea - Camomile - 1.30, Regular Speciality Tea - Camomile - 1.30, Regular Frappes - Coffee - 2.75",10.1,CASH,
08/07/2024 10:38,London Soho,Ashley Alexander,"Large Espresso - 1.80, Large Espresso - 1.80, Regular Speciality Tea - Camomile - 1.30, Large Espresso - 1.80, Large Speciality Tea - Camomile - 1.60",8.3,CARD,2339199131387794
08/07/2024 10:40,London Soho,Elba Maxie,"Regular Espresso - 1.50, Large Frappes - Coffee - 3.25",4.75,CASH,
08/07/2024 10:42,London Soho,John Singer,"Regular Speciality Tea - Camomile - 1.30, Regular Espresso - 1.50",2.8,CARD,2515873155892024
08/07/2024 10:44,London Soho,Stefan Williams,Large Speciality Tea - Camomile - 1.60,1.6,CARD,6344271781998105
08/07/2024 10:46,London Soho,Richard Henderson,"Large Speciality Tea - Camomile - 1.60, Regular Frappes - Coffee - 2.75, Regular Espresso - 1.50, Regular Speciality Tea - Camomile - 1.30",7.15,CARD,5961276130732684
08/07/2024 10:49,London Soho,Helen Horning,"Regular Espresso - 1.50, Regular Espresso - 1.50, Large Speciality Tea - Camomile - 1.60",4.6,CARD,5824700716037895
08/07/2024 10:51,London Soho,Casey Kiser,"Large Speciality Tea - Camomile - 1.60, Large Frappes - Coffee - 3.25, Large Frappes - Coffee - 3.25, Large Frappes - Coffee - 3.25, Regular Speciality Tea - Camomile - 1.30",12.65,CASH,
08/07/2024 10:53,London Soho,Sylvia Taylor,Large Espresso - 1.80,1.8,CARD,7847613556385761
08/07/2024 10:55,London Soho,Peter Sampson,"Regular Espresso - 1.50, Large Speciality Tea - Camomile - 1.60, Regular Speciality Tea - Camomile - 1.30, Large Espresso - 1.80, Regular Speciality Tea - Camomile - 1.30",7.5,CASH,
08/07/2024 10:57,London Soho,Norma Jackson,Large Espresso - 1.80,1.8,CARD,6538692425292738
08/07/2024 10:59,London Soho,John Martin,"Large Espresso - 1.80, Large Espresso - 1.80",3.6,CARD,3831841897506630
08/07/2024 11:01,London Soho,Walter Dover,"Regular Speciality Tea - Camomile - 1.30, Large Espresso - 1.80, Regular Espresso - 1.50, Regular Espresso - 1.50, Large Frappes - Coffee - 3.25",9.35,CARD,4425195341034527
08/07/2024 11:13,London Soho,Eric Munoz,"Regular Speciality Tea - Camomile - 1.30, Regular Speciality Tea - Camomile - 1.30, Large Speciality Tea - Camomile - 1.60",4.2,CASH,
08/07/2024 11:25,London Soho,Lisa Mitchell,Large Speciality Tea - Camomile - 1.60,1.6,CARD,7405372304495434
08/07/2024 11:37,London Soho,Kip Stewart,"Large Espresso - 1.80, Regular Espresso - 1.50, Regular Speciality Tea - Camomile - 1.30, Large Espresso - 1.80, Large Speciality Tea - Camomile - 1.60",8.0,CASH,
08/07/2024 11:49,London Soho,Marvin Mccarter,Regular Frappes - Coffee - 2.75,2.75,CARD,1576583920704414
08/07/2024 12:01,London Soho,Dwayne Dixon,"Regular Espresso - 1.50, Large Speciality Tea - Camomile - 1.60, Large Frappes - Coffee - 3.25, Regular Frappes - Coffee - 2.75",9.1,CASH,
08/07/2024 12:04,London Soho,Ronald Waddell,Large Speciality Tea - Camomile - 1.60,1.6,CARD,2751711821411377
08/07/2024 12:06,London Soho,Joyce Spikes,"Regular Frappes - Coffee - 2.75, Large Espresso - 1.80",4.55,CASH,
08/07/2024 12:08,London Soho,John Ali,"Large Espresso - 1.80, Large Frappes - Coffee - 3.25, Regular Espresso - 1.50",6.55,CASH,
08/07/2024 12:10,London Soho,Rosina Fuller,Large Frappes - Coffee - 3.25,3.25,CARD,1239413295488055
08/07/2024 12:12,London Soho,Elisa Scherrer,"Regular Speciality Tea - Camomile - 1.30, Large Frappes - Coffee - 3.25, Large Frappes - Coffee - 3.25, Large Frappes - Coffee - 3.25",11.05,CASH,
08/07/2024 12:14,London Soho,Martin Phillips,"Large Speciality Tea - Camomile - 1.60, Large Frappes - Coffee - 3.25",4.85,CARD,3165505854713085
08/07/2024 12:16,London Soho,William Hitz,"Large Speciality Tea - Camomile - 1.60, Regular Speciality Tea - Camomile - 1.30",2.9,CASH,
08/07/2024 12:18,London Soho,Rolanda Nowak,"Regular Espresso - 1.50, Large Speciality Tea - Camomile - 1.60, Regular Espresso - 1.50",4.6,CARD,8546096431851130
08/07/2024 12:21,London Soho,Scott Gary,"Regular Frappes - Coffee - 2.75, Large Frappes - Coffee - 3.25, Large Speciality Tea - Camomile - 1.60",7.6,CARD,2031427044283535
08/07/2024 12:23,London Soho,Beatrice Stewart,"Large Speciality Tea - Camomile - 1.60, Large Frappes - Coffee - 3.25, Large Frappes - Coffee - 3.25, Large Speciality Tea - Camomile - 1.60",9.7,CARD,3745415518162127
08/07/2024 12:25,London Soho,Wanda Lasky,Large Frappes - Coffee - 3.25,3.25,CARD,1962637945947144
08/07/2024 12:27,London Soho,Dorothy Mona,Regular Espresso - 1.50,1.5,CARD,4654988274544589
08/07/2024 12:29,London Soho,Gail Hammond,"Large Espresso - 1.80, Large Speciality Tea - Camomile - 1.60, Large Espresso - 1.80, Large Espresso - 1.80, Regular Frappes - Coffee - 2.75",9.75,CARD,5634216536150940
08/07/2024 12:31,London Soho,Gerald Jo,"Large Espresso - 1.80, Regular Frappes - Coffee - 2.75",4.55,CASH,
08/07/2024 12:33,London Soho,Mimi Cole,"Large Frappes - Coffee - 3.25, Regular Espresso - 1.50, Large Speciality Tea - Camomile - 1.60",6.35,CASH,
08/07/2024 12:36,London Soho,Patricia Holling,"Regular Espresso - 1.50, Regular Speciality Tea - Camomile - 1.30, Regular Espresso - 1.50, Regular Espresso - 1.50",5.8,CASH,
08/07/2024 12:38,London Soho,Terry Ayaia,"Regular Frappes - Coffee - 2.75, Large Speciality Tea - Camomile - 1.60, Large Speciality Tea - Camomile - 1.60",5.95,CARD,3584609735867387
08/07/2024 12:40,London Soho,Margaret Krivanek,Regular Speciality Tea - Camomile - 1.30,1.3,CASH,
08/07/2024 12:42,London Soho,Barry Williams,"Large Frappes - Coffee - 3.25, Regular Speciality Tea - Camomile - 1.30, Large Frappes - Coffee - 3.25",7.8,CARD,9305015940205353
08/07/2024 12:44,London Soho,Dean Gill,"Regular Speciality Tea - Camomile - 1.30, Regular Espresso - 1.50",2.8,CARD,5062790292697355
08/07/2024 12:46,London Soho,Robert Rennie,Large Espresso - 1.80,1.8,CARD,1079143034000564
08/07/2024 12:48,London Soho,Albert Clarke,Large Speciality Tea - Camomile - 1.60,1.6,CASH,
08/07/2024 12:50,London Soho,Regina Monette,"Large Frappes - Coffee - 3.25, Large Speciality Tea - Camomile - 1.60",4.85,CASH,
08/07/2024 12:53,London Soho,Brenda Omalley,"Regular Espresso - 1.50, Regular Frappes - Coffee - 2.75, Regular Frappes - Coffee - 2.75, Regular Espresso - 1.50",8.5,CASH,
08/07/2024 12:55,London Soho,Jon Tenbusch,"Regular Speciality Tea - Camomile - 1.30, Large Espresso - 1.80, Regular Espresso - 1.50",4.6,CASH,
08/07/2024 12:57,London Soho,Jason Grantham,"Regular Frappes - Coffee - 2.75, Large Frappes - Coffee - 3.25",6.0,CARD,1671833383600165
08/07/2024 12:59,London Soho,Laura Dondero,"Regular Speciality Tea - Camomile - 1.30, Large Espresso - 1.80, Large Espresso - 1.80",4.9,CARD,9032030051252938
08/07/2024 13:01,London Soho,Elizabeth Grant,"Large Frappes - Coffee - 3.25, Large Espresso - 1.80, Large Espresso - 1.80, Regular Espresso - 1.50, Regular Frappes - Coffee - 2.75, Regular Espresso - 1.50",12.6,CARD,9811366644772110
08/07/2024 13:04,London Soho,James Keller,"Large Speciality Tea - Camomile - 1.60, Regular Espresso - 1.50, Regular Speciality Tea - Camomile - 1.30",4.4,CASH,
08/07/2024 13:06,London Soho,James Anderson,Large Speciality Tea - Camomile - 1.60,1.6,CARD,9942217985968957
08/07/2024 13:09,London Soho,Jacqueline Diggs,"Regular Frappes - Coffee - 2.75, Regular Speciality Tea - Camomile - 1.30, Large Speciality Tea - Camomile - 1.60",5.65,CASH,
08/07/2024 13:12,London Soho,Debra Polk,Regular Speciality Tea - Camomile - 1.30,1.3,CARD,7910814959201020
08/07/2024 13:14,London Soho,Sheila Yazzie,"Regular Espresso - 1.50, Large Frappes - Coffee - 3.25",4.75,CARD,6466270504764288
08/07/2024 13:17,London Soho,Carl Reed,"Large Espresso - 1.80, Regular Espresso - 1.50, Large Speciality Tea - Camomile - 1.60, Regular Speciality Tea - Camomile - 1.30",6.2,CARD,7170484791520924
08/07/2024 13:19,London Soho,Felipe Bilski,"Regular Espresso - 1.50, Large Frappes - Coffee - 3.25, Large Speciality Tea - Camomile - 1.60",6.35,CARD,9668895470299638
08/07/2024 13:22,London Soho,Eliza Hardwick,"Regular Frappes - Coffee - 2.75, Large Frappes - Coffee - 3.25, Large Frappes - Coffee - 3.25, Regular Espresso - 1.50",10.75,CARD,9579463478059708
08/07/2024 13:25,London Soho,Steven Serrano,"Regular Speciality Tea - Camomile - 1.30, Regular Frappes - Coffee - 2.75, Large Frappes - Coffee - 3.25",7.3,CARD,4955034203126472
08/07/2024 13:27,London Soho,Fred Crowder,"Large Frappes - Coffee - 3.25, Large Frappes - Coffee - 3.25, Large Frappes - Coffee - 3.25, Regular Frappes - Coffee - 2.75",12.5,CARD,3624227222791967
08/07/2024 13:30,London Soho,Ray Brown,"Regular Speciality Tea - Camomile - 1.30, Large Speciality Tea - Camomile - 1.60, Large Espresso - 1.80",4.7,CASH,
08/07/2024 13:32,London Soho,John Adames,"Regular Speciality Tea - Camomile - 1.30, Regular Speciality Tea - Camomile - 1.30, Large Speciality Tea - Camomile - 1.60, Regular Frappes - Coffee - 2.75",6.95,CASH,
08/07/2024 13:35,London Soho,Sheryl Dewey,"Regular Frappes - Coffee - 2.75, Regular Espresso - 1.50",4.25,CARD,5549455093887652
08/07/2024 13:38,London Soho,Sharon Newsom,"Regular Speciality Tea - Camomile - 1.30, Regular Frappes - Coffee - 2.75, Large Frappes - Coffee - 3.25",7.3,CASH,
08/07/2024 13:40,London Soho,Eduardo Peters,"Regular Espresso - 1.50, Large Speciality Tea - Camomile - 1.60",3.1,CASH,
08/07/2024 13:43,London Soho,Michael Guzman,"Large Speciality Tea - Camomile - 1.60, Regular Espresso - 1.50",3.1,CARD,4057940177119523
08/07/2024 13:45,London Soho,Arlette Whitfield,"Regular Espresso - 1.50, Regular Espresso - 1.50, Large Frappes - Coffee - 3.25",6.25,CASH,
08/07/2024 13:48,London Soho,Joan Davis,"Regular Frappes - Coffee - 2.75, Large Speciality Tea - Camomile - 1.60, Large Frappes - Coffee - 3.25, Large Frappes - Coffee - 3.25",10.85,CASH,
08/07/2024 13:51,London Soho,Bettie Jacques,Large Espresso - 1.80,1.8,CARD,1458951327848872
08/07/2024 13:53,London Soho,Cathleen Marra,Regular Frappes - Coffee - 2.75,2.75,CASH,
08/07/2024 13:56,London Soho,Karen Matthews,Regular Espresso - 1.50,1.5,CASH,
08/07/2024 13:58,London Soho,Douglas Baker,"Regular Speciality Tea - Camomile - 1.30, Large Speciality Tea - Camomile - 1.60, Large Speciality Tea - Camomile - 1.60, Regular Espresso - 1.50, Regular Frappes - Coffee - 2.75, Regular Frappes - Coffee - 2.75",11.5,CASH,
08/07/2024 14:01,London Soho,Vicki Bussey,"Regular Espresso - 1.50, Large Frappes - Coffee - 3.25, Large Espresso - 1.80",6.55,CASH,
08/07/2024 14:02,London Soho,Jerry Carlson,"Regular Frappes - Coffee - 2.75, Large Frappes - Coffee - 3.25",6.0,CARD,5245274379475714
08/07/2024 14:03,London Soho,Ronald Grove,"Large Frappes - Coffee - 3.25, Regular Speciality Tea - Camomile - 1.30, Large Frappes - Coffee - 3.25",7.8,CASH,
08/07/2024 14:04,London Soho,Eric Olsen,"Regular Speciality Tea - Camomile - 1.30, Regular Speciality Tea - Camomile - 1.30",2.6,CARD,2465609715374453
08/07/2024 14:05,London Soho,Joshua Gault,Regular Espresso - 1.50,1.5,CARD,6128199734747523
08/07/2024 14:05,London Soho,Trudy Davis,Regular Frappes - Coffee - 2.75,2.75,CASH,
08/07/2024 14:06,London Soho,Tony Ahmad,"Regular Espresso - 1.50, Large Frappes - Coffee - 3.25",4.75,CASH,
08/07/2024 14:07,London Soho,Raymond Anderson,"Regular Espresso - 1.50, Regular Speciality Tea - Camomile - 1.30, Large Speciality Tea - Camomile - 1.60",4.4,CASH,
08/07/2024 14:08,London Soho,Karen Cannon,Large Frappes - Coffee - 3.25,3.25,CARD,6668099195756621
08/07/2024 14:09,London Soho,David Scrivner,"Large Espresso - 1.80, Regular Speciality Tea - Camomile - 1.30",3.1,CARD,7211378274428837
08/07/2024 14:10,London Soho,Jim Grisham,"Large Espresso - 1.80, Regular Speciality Tea - Camomile - 1.30, Regular Frappes - Coffee - 2.75",5.85,CARD,1936139874409410
08/07/2024 14:11,London Soho,George Kinnamon,"Large Espresso - 1.80, Large Frappes - Coffee - 3.25, Large Frappes - Coffee - 3.25",8.3,CASH,
08/07/2024 14:12,London Soho,Jeannie Parker,"Regular Speciality Tea - Camomile - 1.30, Large Speciality Tea - Camomile - 1.60, Large Speciality Tea - Camomile - 1.60, Large Frappes - Coffee - 3.25",7.75,CARD,8666278077326938
08/07/2024 14:13,London Soho,Jean Price,"Regular Frappes - Coffee - 2.75, Regular Espresso - 1.50, Large Speciality Tea - Camomile - 1.60",5.85,CARD,5900299790387362
08/07/2024 14:14,London Soho,Dorothy Gonzalez,"Large Espresso - 1.80, Regular Speciality Tea - Camomile - 1.30, Large Speciality Tea - Camomile - 1.60",4.7,CASH,
08/07/2024 14:15,London Soho,Desiree Garrett,Large Espresso - 1.80,1.8,CARD,3190373963604138
08/07/2024 14:16,London Soho,Frances Lawrence,"Large Frappes - Coffee - 3.25, Regular Espresso - 1.50",4.75,CARD,7644972612872508
08/07/2024 14:16,London Soho,Florence Rieben,"Large Speciality Tea - Camomile - 1.60, Regular Espresso - 1.50, Large Frappes - Coffee - 3.25",6.35,CASH,
08/07/2024 14:17,London Soho,Charles Zavala,"Large Espresso - 1.80, Large Speciality Tea - Camomile - 1.60, Regular Speciality Tea - Camomile - 1.30",4.7,CASH,
08/07/2024 14:18,London Soho,Sonya Galvan,"Large Espresso - 1.80, Regular Speciality Tea - Camomile - 1.30, Large Frappes - Coffee - 3.25, Regular Espresso - 1.50",7.85,CARD,3330709210353107
08/07/2024 14:19,London Soho,Hector Wilkins,"Large Speciality Tea - Camomile - 1.60, Regular Frappes - Coffee - 2.75",4.35,CASH,
08/07/2024 14:20,London Soho,Paul Villani,"Regular Speciality Tea - Camomile - 1.30, Large Speciality Tea - Camomile - 1.60, Regular Speciality Tea - Camomile - 1.30, Large Frappes - Coffee - 3.25, Regular Espresso - 1.50",8.95,CARD,3965335750917976
08/07/2024 14:21,London Soho,Tamiko Alves,Regular Espresso - 1.50,1.5,CARD,4884071274791796
08/07/2024 14:22,London Soho,Glayds Sears,"Large Speciality Tea - Camomile - 1.60, Large Frappes - Coffee - 3.25, Regular Frappes - Coffee - 2.75",7.6,CASH,
08/07/2024 14:23,London Soho,Bryan West,"Large Speciality Tea - Camomile - 1.60, Large Speciality Tea - Camomile - 1.60, Regular Speciality Tea - Camomile - 1.30",4.5,CASH,
08/07/2024 14:24,London Soho,Minnie Babineaux,"Large Espresso - 1.80, Large Frappes - Coffee - 3.25, Large Espresso - 1.80, Regular Frappes - Coffee - 2.75, Large Frappes - Coffee - 3.25",12.85,CARD,1412454237826209
08/07/2024 14:25,London Soho,David Pickens,"Large Espresso - 1.80, Large Espresso - 1.80, Regular Speciality Tea - Camomile - 1.30, Large Espresso - 1.80, Regular Speciality Tea - Camomile - 1.30, Large Espresso - 1.80",9.8,CARD,1491072727530921
08/07/2024 14:26,London Soho,Gail Glass,"Regular Espresso - 1.50, Large Speciality Tea - Camomile - 1.60, Regular Espresso - 1.50, Regular Frappes - Coffee - 2.75, Regular Espresso - 1.50, Regular Espresso - 1.50",10.35,CARD,8896827062740977
08/07/2024 14:27,London Soho,Dolores Shirilla,"Regular Frappes - Coffee - 2.75, Large Espresso - 1.80, Regular Frappes - Coffee - 2.75, Regular Frappes - Coffee - 2.75",10.05,CARD,8083895703810949
08/07/2024 14:27,London Soho,John Little,"Regular Espresso - 1.50, Regular Espresso - 1.50",3.0,CARD,8321630325642847
08/07/2024 14:28,London Soho,Brian Gibbons,Regular Frappes - Coffee - 2.75,2.75,CARD,6107188338332836
08/07/2024 14:29,London Soho,David Kelly,Large Frappes - Coffee - 3.25,3.25,CARD,5546542577782022
08/07/2024 14:30,London Soho,Charles Nozum,Regular Speciality Tea - Camomile - 1.30,1.3,CARD,5802513758779083
08/07/2024 14:31,London Soho,Phillip Pentek,"Large Espresso - 1.80, Large Espresso - 1.80",3.6,CASH,
08/07/2024 14:32,London Soho,Jesse Toledo,"Regular Espresso - 1.50, Regular Espresso - 1.50, Regular Speciality Tea - Camomile - 1.30, Large Speciality Tea - Camomile - 1.60, Large Frappes - Coffee - 3.25",9.15,CARD,3325427010090704
08/07/2024 14:33,London Soho,Bernice Slagle,"Large Speciality Tea - Camomile - 1.60, Regular Frappes - Coffee - 2.75, Large Speciality Tea - Camomile - 1.60, Large Frappes - Coffee - 3.25",9.2,CASH,
08/07/2024 14:34,London Soho,Selena Reed,"Regular Espresso - 1.50, Regular Speciality Tea - Camomile - 1.30",2.8,CASH,
08/07/2024 14:35,London Soho,Andrea Roudebush,"Large Espresso - 1.80, Regular Speciality Tea - Camomile - 1.30, Regular Speciality Tea - Camomile - 1.30, Regular Espresso - 1.50, Large Espresso - 1.80, Regular Espresso - 1.50",9.2,CARD,3640099609903731
08/07/2024 14:36,London Soho,James Newman,"Large Frappes - Coffee - 3.25, Large Frappes - Coffee - 3.25, Large Espresso - 1.80",8.3,CARD,5487978704984963
08/07/2024 14:37,London Soho,Brian Worthington,Large Espresso - 1.80,1.8,CASH,
08/07/2024 14:38,London Soho,Gwen Looney,"Regular Frappes - Coffee - 2.75, Large Espresso - 1.80, Regular Speciality Tea - Camomile - 1.30, Regular Frappes - Coffee - 2.75",8.6,CARD,6723129615935210
08/07/2024 14:38,London Soho,Karen Gamez,"Regular Espresso - 1.50, Regular Espresso - 1.50, Large Speciality Tea - Camomile - 1.60",4.6,CASH,
08/07/2024 14:39,London Soho,Andrew Lemons,"Regular Speciality Tea - Camomile - 1.30, Large Espresso - 1.80, Large Espresso - 1.80",4.9,CASH,
08/07/2024 14:40,London Soho,Cheryl Vargas,Regular Speciality Tea - Camomile - 1.30,1.3,CARD,3911019409527437
08/07/2024 14:41,London Soho,Monica Keifer,"Regular Speciality Tea - Camomile - 1.30, Large Speciality Tea - Camomile - 1.60, Regular Espresso - 1.50, Large Speciality Tea - Camomile - 1.60",6.0,CASH,
08/07/2024 14:42,London Soho,David Thorson,"Regular Frappes - Coffee - 2.75, Large Espresso - 1.80, Large Speciality Tea - Camomile - 1.60, Regular Frappes - Coffee - 2.75",8.9,CARD,7837546287869870
08/07/2024 14:43,London Soho,Jeanette Bates,"Large Speciality Tea - Camomile - 1.60, Large Espresso - 1.80, Large Espresso - 1.80, Large Frappes - Coffee - 3.25, Regular Speciality Tea - Camomile - 1.30",9.75,CARD,3784197324913324
08/07/2024 14:44,London Soho,Carolyn Lawrence,Large Espresso - 1.80,1.8,CARD,6724875540436510
08/07/2024 14:45,London Soho,Armando Storms,"Large Speciality Tea - Camomile - 1.60, Regular Espresso - 1.50, Regular Speciality Tea - Camomile - 1.30",4.4,CARD,7158781670853817
08/07/2024 14:46,London Soho,Vincent Rodriguez,"Regular Frappes - Coffee - 2.75, Regular Speciality Tea - Camomile - 1.30, Large Speciality Tea - Camomile - 1.60, Regular Espresso - 1.50, Regular Speciality Tea - Camomile - 1.30",8.45,CASH,
08/07/2024 14:47,London Soho,Mary Francis,"Large Speciality Tea - Camomile - 1.60, Regular Speciality Tea - Camomile - 1.30",2.9,CASH,
08/07/2024 14:48,London Soho,Charles Lovejoy,"Regular Espresso - 1.50, Regular Espresso - 1.50, Regular Espresso - 1.50, Regular Frappes - Coffee - 2.75, Large Espresso - 1.80",9.05,CARD,7692566835861793
08/07/2024 14:49,London Soho,Gary Weber,"Regular Espresso - 1.50, Regular Frappes - Coffee - 2.75, Regular Speciality Tea - Camomile - 1.30, Regular Frappes - Coffee - 2.75",8.3,CARD,9145757610611627
08/07/2024 14:49,London Soho,Gerald Jackson,Large Frappes - Coffee - 3.25,3.25,CASH,
08/07/2024 14:50,London Soho,Charles Thomas,"Regular Espresso - 1.50, Regular Frappes - Coffee - 2.75",4.25,CASH,
08/07/2024 14:51,London Soho,Terri Conklin,Regular Speciality Tea - Camomile - 1.30,1.3,CASH,
08/07/2024 14:52,London Soho,Marilyn Ortiz,"Large Speciality Tea - Camomile - 1.60, Regular Frappes - Coffee - 2.75, Large Frappes - Coffee - 3.25, Regular Frappes - Coffee - 2.75, Large Speciality Tea - Camomile - 1.60, Large Espresso - 1.80",13.75,CARD,3189273352449388
08/07/2024 14:53,London Soho,Sarah Langlois,"Regular Espresso - 1.50, Large Speciality Tea - Camomile - 1.60, Large Frappes - Coffee - 3.25",6.35,CARD,4960133673667033
08/07/2024 14:54,London Soho,Mary Ball,"Large Speciality Tea - Camomile - 1.60, Large Espresso - 1.80, Large Speciality Tea - Camomile - 1.60",5.0,CARD,3647525627616292
08/07/2024 14:55,London Soho,Kerri White,"Large Speciality Tea - Camomile - 1.60, Large Speciality Tea - Camomile - 1.60",3.2,CARD,3035826725554064
08/07/2024 14:56,London Soho,Harry Black,"Large Espresso - 1.80, Regular Speciality Tea - Camomile - 1.30",3.1,CARD,1038171955802005
08/07/2024 14:57,London Soho,Gerald Deering,"Regular Speciality Tea - Camomile - 1.30, Large Speciality Tea - Camomile - 1.60, Regular Speciality Tea - Camomile - 1.30, Regular Frappes - Coffee - 2.75, Large Frappes - Coffee - 3.25",10.2,CASH,
08/07/2024 14:58,London Soho,Hilda Cruz,"Regular Speciality Tea - Camomile - 1.30, Regular Espresso - 1.50, Large Speciality Tea - Camomile - 1.60, Large Espresso - 1.80",6.2,CARD,4639396664482271
08/07/2024 14:59,London Soho,Randall Wear,"Regular Speciality Tea - Camomile - 1.30, Regular Frappes - Coffee - 2.75, Regular Speciality Tea - Camomile - 1.30, Regular Speciality Tea - Camomile - 1.30, Regular Espresso - 1.50",8.15,CASH,
08/07/2024 15:00,London Soho,Thomas Schlueter,"Regular Speciality Tea - Camomile - 1.30, Regular Speciality Tea - Camomile - 1.30, Regular Espresso - 1.50, Large Speciality Tea - Camomile - 1.60, Large Espresso - 1.80, Regular Speciality Tea - Camomile - 1.30",8.8,CARD,1241139690978446
08/07/2024 15:02,London Soho,Sandra Rogers,"Large Frappes - Coffee - 3.25, Regular Espresso - 1.50, Regular Speciality Tea - Camomile - 1.30, Large Speciality Tea - Camomile - 1.60, Regular Frappes - Coffee - 2.75",10.4,CARD,8452093866592979
08/07/2024 15:04,London Soho,Detra Crandall,"Large Espresso - 1.80, Regular Speciality Tea - Camomile - 1.30",3.1,CARD,4327944833126392
08/07/2024 15:06,London Soho,Robert Zahri,"Regular Speciality Tea - Camomile - 1.30, Large Speciality Tea - Camomile - 1.60, Regular Speciality Tea - Camomile - 1.30, Regular Espresso - 1.50, Regular Speciality Tea - Camomile - 1.30, Regular Frappes - Coffee - 2.75",9.75,CARD,2061403562409666
08/07/2024 15:09,London Soho,Michael Joseph,Regular Espresso - 1.50,1.5,CASH,
08/07/2024 15:11,London Soho,Amber Clark,Regular Espresso - 1.50,1.5,CASH,
08/07/2024 15:13,London Soho,Elvin Veronesi,"Regular Frappes - Coffee - 2.75, Regular Frappes - Coffee - 2.75, Large Speciality Tea - Camomile - 1.60",7.1,CARD,8052087120666848
08/07/2024 15:16,London Soho,Charles Horta,"Regular Speciality Tea - Camomile - 1.30, Regular Speciality Tea - Camomile - 1.30, Regular Frappes - Coffee - 2.75",5.35,CARD,6667522860306337
08/07/2024 15:18,London Soho,Barbara Conlon,Regular Frappes - Coffee - 2.75,2.75,CARD,7202220147534195
08/07/2024 15:20,London Soho,Perry Moss,"Regular Espresso - 1.50, Regular Frappes - Coffee - 2.75, Regular Frappes - Coffee - 2.75, Large Speciality Tea - Camomile - 1.60, Regular Espresso - 1.50",10.1,CARD,3362530071755088
08/07/2024 15:23,London Soho,Bonnie Alexander,"Regular Speciality Tea - Camomile - 1.30, Large Espresso - 1.80",3.1,CARD,8674358745760045
08/07/2024 15:25,London Soho,Sharee Manuelito,"Large Espresso - 1.80, Large Espresso - 1.80, Regular Frappes - Coffee - 2.75, Regular Espresso - 1.50, Large Speciality Tea - Camomile - 1.60",9.45,CASH,
08/07/2024 15:27,London Soho,Jane Meek,"Regular Speciality Tea - Camomile - 1.30, Large Speciality Tea - Camomile - 1.60",2.9,CASH,
08/07/2024 15:29,London Soho,Rose Russell,Large Frappes - Coffee - 3.25,3.25,CARD,5287807397993074
08/07/2024 15:32,London Soho,William Frank,Regular Speciality Tea - Camomile - 1.30,1.3,CASH,
08/07/2024 15:34,London Soho,Elizabeth Hayes,"Large Speciality Tea - Camomile - 1.60, Large Frappes - Coffee - 3.25, Regular Espresso - 1.50",6.35,CASH,
08/07/2024 15:36,London Soho,Albert Black,Regular Espresso - 1.50,1.5,CASH,
08/07/2024 15:39,London Soho,Charlie Tang,Large Speciality Tea - Camomile - 1.60,1.6,CASH,
08/07/2024 15:41,London Soho,Bettina Leonberger,"Large Frappes - Coffee - 3.25, Regular Espresso - 1.50, Regular Speciality Tea - Camomile - 1.30",6.05,CASH,
08/07/2024 15:43,London Soho,Linda Chaffee,"Large Frappes - Coffee - 3.25, Regular Espresso - 1.50",4.75,CARD,2014360538057623
08/07/2024 15:46,London Soho,Billy Kessinger,"Regular Frappes - Coffee - 2.75, Large Frappes - Coffee - 3.25, Large Espresso - 1.80, Large Speciality Tea - Camomile - 1.60",9.4,CARD,8735837860466283
08/07/2024 15:48,London Soho,Mathew Leyh,"Regular Speciality Tea - Camomile - 1.30, Large Frappes - Coffee - 3.25, Regular Frappes - Coffee - 2.75, Regular Espresso - 1.50, Large Frappes - Coffee - 3.25",12.05,CASH,
08/07/2024 15:50,London Soho,Brandi Putnam,"Large Frappes - Coffee - 3.25, Large Espresso - 1.80",5.05,CARD,4775501308666782
08/07/2024 15:52,London Soho,John Edgerton,"Large Frappes - Coffee - 3.25, Large Frappes - Coffee - 3.25, Large Frappes - Coffee - 3.25, Large Espresso - 1.80",11.55,CASH,
08/07/2024 15:55,London Soho,Mary Skinner,Large Speciality Tea - Camomile - 1.60,1.6,CASH,
08/07/2024 15:57,London Soho,Stephanie Allen,"Large Frappes - Coffee - 3.25, Regular Speciality Tea - Camomile - 1.30",4.55,CASH,
08/07/2024 15:59,London Soho,Catherine Bagley,"Large Speciality Tea - Camomile - 1.60, Regular Speciality Tea - Camomile - 1.30, Large Speciality Tea - Camomile - 1.60, Regular Espresso - 1.50",6.0,CARD,4228842180785730
08/07/2024 16:02,London Soho,Andrew Bailey,"Large Espresso - 1.80, Regular Speciality Tea - Camomile - 1.30, Regular Espresso - 1.50",4.6,CARD,3303712495077693
08/07/2024 16:04,London Soho,Walter Winkler,"Regular Frappes - Coffee - 2.75, Regular Frappes - Coffee - 2.75, Regular Frappes - Coffee - 2.75",8.25,CARD,1457557821139962
08/07/2024 16:06,London Soho,Erica Querry,"Large Espresso - 1.80, Regular Speciality Tea - Camomile - 1.30, Regular Frappes - Coffee - 2.75, Regular Frappes - Coffee - 2.75",8.6,CASH,
08/07/2024 16:09,London Soho,Wanda Kelly,"Regular Espresso - 1.50, Regular Frappes - Coffee - 2.75",4.25,CARD,6801107565748450
08/07/2024 16:11,London Soho,Carol Tisdale,"Regular Speciality Tea - Camomile - 1.30, Large Espresso - 1.80",3.1,CARD,7215516274641390
08/07/2024 16:13,London Soho,Karen Davis,"Regular Espresso - 1.50, Large Espresso - 1.80",3.3,CARD,9377323061258311
08/07/2024 16:15,London Soho,John Juncaj,"Regular Frappes - Coffee - 2.75, Large Frappes - Coffee - 3.25",6.0,CARD,6246271643644557
08/07/2024 16:18,London Soho,Susan Economou,"Regular Espresso - 1.50, Large Speciality Tea - Camomile - 1.60",3.1,CARD,9519558569054878
08/07/2024 16:20,London Soho,Chris Ketcham,"Large Espresso - 1.80, Regular Espresso - 1.50, Large Speciality Tea - Camomile - 1.60",4.9,CASH,
08/07/2024 16:22,London Soho,Francis King,"Regular Speciality Tea - Camomile - 1.30, Regular Speciality Tea - Camomile - 1.30, Regular Espresso - 1.50",4.1,CARD,2266775785319532
08/07/2024 16:25,London Soho,Marion Walken,"Large Speciality Tea - Camomile - 1.60, Regular Espresso - 1.50, Large Speciality Tea - Camomile - 1.60",4.7,CARD,5624447332282199
08/07/2024 16:27,London Soho,Alma Nielsen,Large Speciality Tea - Camomile - 1.60,1.6,CARD,4464891871255273
08/07/2024 16:29,London Soho,Herbert Tewani,Regular Frappes - Coffee - 2.75,2.75,CARD,8236781083877235
08/07/2024 16:32,London Soho,Lori Lay,"Large Espresso - 1.80, Regular Espresso - 1.50, Large Speciality Tea - Camomile - 1.60, Large Speciality Tea - Camomile - 1.60, Large Frappes - Coffee - 3.25",9.75,CARD,7541819659666607
08/07/2024 16:34,London Soho,Joan Martin,"Regular Speciality Tea - Camomile - 1.30, Regular Speciality Tea - Camomile - 1.30, Regular Frappes - Coffee - 2.75",5.35,CARD,4348791782517196
08/07/2024 16:36,London Soho,Christopher Howard,"Large Frappes - Coffee - 3.25, Large Frappes - Coffee - 3.25",6.5,CARD,9458549764293230
08/07/2024 16:38,London Soho,Nicole Burd,"Regular Espresso - 1.50, Regular Speciality Tea - Camomile - 1.30",2.8,CARD,3177391817132966
08/07/2024 16:41,London Soho,Victor Wilson,"Large Frappes - Coffee - 3.25, Regular Speciality Tea - Camomile - 1.30, Large Speciality Tea - Camomile - 1.60",6.15,CASH,
08/07/2024 16:43,London Soho,Josie Wilburn,"Large Espresso - 1.80, Large Espresso - 1.80, Regular Frappes - Coffee - 2.75, Large Speciality Tea - Camomile - 1.60",7.95,CASH,
08/07/2024 16:45,London Soho,Ralph Walz,"Regular Espresso - 1.50, Regular Frappes - Coffee - 2.75, Regular Espresso - 1.50",5.75,CARD,1985543964746547
08/07/2024 16:48,London Soho,Marie Lynch,"Regular Speciality Tea - Camomile - 1.30, Large Espresso - 1.80",3.1,CARD,1743710217144072
08/07/2024 16:50,London Soho,Beth Shane,"Large Espresso - 1.80, Regular Espresso - 1.50",3.3,CASH,
08/07/2024 16:52,London Soho,Maria Ramirez,"Regular Frappes - Coffee - 2.75, Regular Speciality Tea - Camomile - 1.30, Regular Frappes - Coffee - 2.75",6.8,CASH,
08/07/2024 16:55,London Soho,Bertha Dobson,"Regular Frappes - Coffee - 2.75, Large Speciality Tea - Camomile - 1.60",4.35,CARD,7788414670730705
08/07/2024 16:57,London Soho,Neva Goodrich,Regular Frappes - Coffee - 2.75,2.75,CARD,3668586851386033
08/07/2024 16:59,London Soho,Andrew Hatley,"Large Speciality Tea - Camomile - 1.60, Regular Frappes - Coffee - 2.75",4.35,CARD,2744288567652875
