08/07/2024 09:00,Longridge,Jeanie Akins,"Regular Speciality Tea - Earl Grey - 1.30, Regular Speciality Tea - Earl Grey - 1.30",2.6,CARD,5993278134135306
08/07/2024 09:01,Longridge,Stephanie Gray,"Large Frappes - Strawberries & Cream - 3.25, Regular Flavoured iced latte - Caramel - 2.75, Regular Flavoured iced latte - Caramel - 2.75, Regular Glass of milk - 0.70",9.45,CARD,1945488827287264
08/07/2024 09:02,Longridge,Harland Netolicky,"Large Frappes - Strawberries & Cream - 3.25, Regular Speciality Tea - Earl Grey - 1.30, Regular Frappes - Strawberries & Cream - 2.75",7.3,CASH,
08/07/2024 09:03,Longridge,Frances Hallett,"Large Glass of milk - 1.10, Regular Mocha - 2.30, Large Speciality Tea - Earl Grey - 1.60",5.0,CARD,8063857363960296
08/07/2024 09:04,Longridge,Rachel Henke,Regular Speciality Tea - Earl Grey - 1.30,1.3,CASH,
08/07/2024 09:05,Longridge,Joshua Richard,"Regular Glass of milk - 0.70, Large Mocha - 2.70, Large Flavoured iced latte - Caramel - 3.25, Large Mocha - 2.70, Large Mocha - 2.70",12.05,CARD,6649619461867441
08/07/2024 09:06,Longridge,John Mitchell,"Regular Mocha - 2.30, Large Frappes - Strawberries & Cream - 3.25",5.55,CARD,7553773766972857
08/07/2024 09:07,Longridge,John Howard,"Large Glass of milk - 1.10, Large Smoothies - Glowing Greens - 2.50, Large Speciality Tea - Earl Grey - 1.60, Large Frappes - Strawberries & Cream - 3.25",8.45,CARD,2445629754633075
08/07/2024 09:08,Longridge,James Hofmann,"Regular Frappes - Strawberries & Cream - 2.75, Regular Glass of milk - 0.70",3.45,CASH,
08/07/2024 09:09,Longridge,Annabelle Rice,"Regular Speciality Tea - Earl Grey - 1.30, Regular Frappes - Strawberries & Cream - 2.75",4.05,CASH,
08/07/2024 09:10,Longridge,Mary Carrillo,"Regular Smoothies - Glowing Greens - 2.00, Regular Speciality Tea - Earl Grey - 1.30, Regular Glass of milk - 0.70, Regular Flavoured iced latte - Caramel - 2.75",6.75,CARD,8233626711473143
08/07/2024 09:11,Longridge,Jerome Traughber,"Regular Flavoured iced latte - Caramel - 2.75, Large Flavoured iced latte - Caramel - 3.25, Regular Speciality Tea - Earl Grey - 1.30, Large Flavoured iced latte - Caramel - 3.25",10.55,CASH,
08/07/2024 09:13,Longridge,Houston Barker,"Regular Mocha - 2.30, Regular Mocha - 2.30",4.6,CARD,1025250185470794
08/07/2024 09:14,Longridge,Luis Corley,Large Smoothies - Glowing Greens - 2.50,2.5,CARD,2876317432302231
08/07/2024 09:15,Longridge,Randall Ramirez,"Regular Speciality Tea - Earl Grey - 1.30, Large Mocha - 2.70, Large Frappes - Strawberries & Cream - 3.25, Large Flavoured iced latte - Caramel - 3.25, Regular Frappes - Strawberries & Cream - 2.75, Regular Flavoured iced latte - Caramel - 2.75",16.0,CARD,8084279279753848
08/07/2024 09:16,Longridge,Anthony Cook,"Large Speciality Tea - Earl Grey - 1.60, Regular Flavoured iced latte - Caramel - 2.75, Regular Speciality Tea - Earl Grey - 1.30, Regular Smoothies - Glowing Greens - 2.00",7.65,CARD,8780576739835669
08/07/2024 09:17,Longridge,Joyce Campbell,Regular Speciality Tea - Earl Grey - 1.30,1.3,CARD,7306432851320981
08/07/2024 09:18,Longridge,Paul Williams,"Large Mocha - 2.70, Regular Frappes - Strawberries & Cream - 2.75, Regular Glass of milk - 0.70",6.15,CARD,9555862707154716
08/07/2024 09:19,Longridge,David Meyer,"Regular Frappes - Strawberries & Cream - 2.75, Regular Speciality Tea - Earl Grey - 1.30, Regular Frappes - Strawberries & Cream - 2.75, Large Flavoured iced latte - Caramel - 3.25, Large Speciality Tea - Earl Grey - 1.60",11.65,CARD,6917613599888600
08/07/2024 09:20,Longridge,Barry Garris,Regular Mocha - 2.30,2.3,CARD,3576880912174707
08/07/2024 09:21,Longridge,Samuel Ransom,"Large Smoothies - Glowing Greens - 2.50, Regular Frappes - Strawberries & Cream - 2.75",5.25,CARD,3466052924179987
08/07/2024 09:22,Longridge,James Beeman,"Regular Speciality Tea - Earl Grey - 1.30, Large Smoothies - Glowing Greens - 2.50, Large Mocha - 2.70",6.5,CASH,
08/07/2024 09:23,Longridge,Thomas Snell,"Regular Glass of milk - 0.70, Large Glass of milk - 1.10",1.8,CARD,4542179042114197
08/07/2024 09:24,Longridge,Leroy Kellem,"Large Smoothies - Glowing Greens - 2.50, Regular Frappes - Strawberries & Cream - 2.75",5.25,CARD,6637587540065110
08/07/2024 09:26,Longridge,Danny Sherman,Regular Speciality Tea - Earl Grey - 1.30,1.3,CASH,
08/07/2024 09:27,Longridge,Roy Clancy,"Regular Mocha - 2.30, Regular Frappes - Strawberries & Cream - 2.75, Large Flavoured iced latte - Caramel - 3.25",8.3,CASH,
08/07/2024 09:28,Longridge,Alma Slemmons,"Regular Flavoured iced latte - Caramel - 2.75, Regular Speciality Tea - Earl Grey - 1.30, Regular Flavoured iced latte - Caramel - 2.75",6.8,CARD,9424305030175877
08/07/2024 09:29,Longridge,Mark Ramirez,"Regular Flavoured iced latte - Caramel - 2.75, Regular Glass of milk - 0.70, Large Speciality Tea - Earl Grey - 1.60, Regular Speciality Tea - Earl Grey - 1.30, Regular Speciality Tea - Earl Grey - 1.30",7.65,CARD,2838104884240439
08/07/2024 09:30,Longridge,Herman Stewart,"Regular Flavoured iced latte - Caramel - 2.75, Regular Flavoured iced latte - Caramel - 2.75",5.5,CASH,
08/07/2024 09:31,Longridge,Martina Greene,"Large Speciality Tea - Earl Grey - 1.60, Large Smoothies - Glowing Greens - 2.50, Large Frappes - Strawberries & Cream - 3.25, Regular Glass of milk - 0.70, Regular Frappes - Strawberries & Cream - 2.75",10.8,CASH,
08/07/2024 09:32,Longridge,Jennifer Lewis,"Large Frappes - Strawberries & Cream - 3.25, Regular Flavoured iced latte - Caramel - 2.75",6.0,CASH,
08/07/2024 09:33,Longridge,Bradley Mumma,"Regular Speciality Tea - Earl Grey - 1.30, Large Mocha - 2.70, Regular Smoothies - Glowing Greens - 2.00, Large Mocha - 2.70, Large Mocha - 2.70, Large Smoothies - Glowing Greens - 2.50",13.9,CARD,4123919316894344
08/07/2024 09:34,Longridge,Chester Cromwell,"Regular Smoothies - Glowing Greens - 2.00, Regular Frappes - Strawberries & Cream - 2.75, Regular Frappes - Strawberries & Cream - 2.75",7.5,CARD,2324817529609550
08/07/2024 09:35,Longridge,Melissa Conti,"Large Glass of milk - 1.10, Regular Smoothies - Glowing Greens - 2.00, Large Smoothies - Glowing Greens - 2.50",5.6,CASH,
08/07/2024 09:36,Longridge,Carl Davis,"Large Flavoured iced latte - Caramel - 3.25, Regular Flavoured iced latte - Caramel - 2.75, Large Flavoured iced latte - Caramel - 3.25",9.25,CARD,3201889788774969
08/07/2024 09:37,Longridge,Robin Skimehorn,"Large Frappes - Strawberries & Cream - 3.25, Regular Glass of milk - 0.70",3.95,CASH,
08/07/2024 09:39,Longridge,Florence Lucero,"Large Smoothies - Glowing Greens - 2.50, Regular Speciality Tea - Earl Grey - 1.30, Regular Frappes - Strawberries & Cream - 2.75",6.55,CARD,5284577952278404
08/07/2024 09:40,Longridge,Deborah Buford,"Regular Frappes - Strawberries & Cream - 2.75, Regular Glass of milk - 0.70, Large Smoothies - Glowing Greens - 2.50",5.95,CARD,5771504794312164
08/07/2024 09:41,Longridge,Vanessa Green,"Regular Flavoured iced latte - Caramel - 2.75, Large Frappes - Strawberries & Cream - 3.25, Regular Glass of milk - 0.70, Regular Flavoured iced latte - Caramel - 2.75",9.45,CARD,8214508235565879
08/07/2024 09:42,Longridge,Mary Jones,Regular Frappes - Strawberries & Cream - 2.75,2.75,CARD,1392538819949637
08/07/2024 09:43,Longridge,Eugene Miller,"Regular Glass of milk - 0.70, Regular Speciality Tea - Earl Grey - 1.30, Regular Frappes - Strawberries & Cream - 2.75",4.75,CARD,8471041891284454
08/07/2024 09:44,Longridge,John Merritt,"Regular Mocha - 2.30, Regular Smoothies - Glowing Greens - 2.00",4.3,CARD,8502517823308698
08/07/2024 09:45,Longridge,Carrie Hyatt,Large Frappes - Strawberries & Cream - 3.25,3.25,CARD,9535329443151371
08/07/2024 09:46,Longridge,Kenneth Pike,"Regular Smoothies - Glowing Greens - 2.00, Large Smoothies - Glowing Greens - 2.50, Regular Speciality Tea - Earl Grey - 1.30, Large Flavoured iced latte - Caramel - 3.25",9.05,CASH,
08/07/2024 09:47,Longridge,James Carreiro,"Large Frappes - Strawberries & Cream - 3.25, Regular Speciality Tea - Earl Grey - 1.30",4.55,CASH,
08/07/2024 09:48,Longridge,Steve Fegley,"Regular Smoothies - Glowing Greens - 2.00, Large Frappes - Strawberries & Cream - 3.25, Regular Frappes - Strawberries & Cream - 2.75, Regular Glass of milk - 0.70, Regular Mocha - 2.30",11.0,CARD,1452300514929718
08/07/2024 09:49,Longridge,Wilburn Lee,Large Speciality Tea - Earl Grey - 1.60,1.6,CARD,7536243437723371
08/07/2024 09:50,Longridge,Michael Chapman,Large Speciality Tea - Earl Grey - 1.60,1.6,CASH,
08/07/2024 09:52,Longridge,Carlene Hoelscher,"Large Flavoured iced latte - Caramel - 3.25, Large Speciality Tea - Earl Grey - 1.60, Regular Frappes - Strawberries & Cream - 2.75",7.6,CARD,4667055834964095
08/07/2024 09:53,Longridge,Shannon Robinson,"Large Frappes - Strawberries & Cream - 3.25, Regular Smoothies - Glowing Greens - 2.00, Large Mocha - 2.70",7.95,CARD,3924322285758271
08/07/2024 09:54,Longridge,Jeremy Jorge,"Large Flavoured iced latte - Caramel - 3.25, Large Speciality Tea - Earl Grey - 1.60, Large Glass of milk - 1.10, Large Frappes - Strawberries & Cream - 3.25",9.2,CARD,2195453805459807
08/07/2024 09:55,Longridge,Deanna Clark,"Large Speciality Tea - Earl Grey - 1.60, Regular Speciality Tea - Earl Grey - 1.30, Large Flavoured iced latte - Caramel - 3.25",6.15,CARD,5985269533601158
08/07/2024 09:56,Longridge,Delbert Suttles,"Regular Mocha - 2.30, Large Mocha - 2.70, Large Flavoured iced latte - Caramel - 3.25, Regular Mocha - 2.30, Large Flavoured iced latte - Caramel - 3.25",13.8,CARD,5676309495509678
08/07/2024 09:57,Longridge,Michael Parsons,"Regular Smoothies - Glowing Greens - 2.00, Large Mocha - 2.70, Large Glass of milk - 1.10",5.8,CASH,
08/07/2024 09:58,Longridge,Mark Boudreau,"Regular Smoothies - Glowing Greens - 2.00, Large Flavoured iced latte - Caramel - 3.25",5.25,CARD,9053016073761570
08/07/2024 09:59,Longridge,Anna Horace,Regular Flavoured iced latte - Caramel - 2.75,2.75,CASH,
08/07/2024 10:00,Longridge,Bennie Black,"Large Frappes - Strawberries & Cream - 3.25, Large Frappes - Strawberries & Cream - 3.25, Regular Glass of milk - 0.70, Regular Smoothies - Glowing Greens - 2.00, Large Frappes - Strawberries & Cream - 3.25",12.45,CARD,7898776392191976
08/07/2024 10:03,Longridge,Alfred Campas,"Large Glass of milk - 1.10, Regular Frappes - Strawberries & Cream - 2.75, Large Smoothies - Glowing Greens - 2.50",6.35,CARD,8674635246415002
08/07/2024 10:06,Longridge,Patricia Lingberg,"Regular Flavoured iced latte - Caramel - 2.75, Large Flavoured iced latte - Caramel - 3.25, Large Speciality Tea - Earl Grey - 1.60, Regular Glass of milk - 0.70, Large Speciality Tea - Earl Grey - 1.60",9.9,CARD,8165003344053256
08/07/2024 10:10,Longridge,Nancy Vanleuven,"Regular Smoothies - Glowing Greens - 2.00, Regular Mocha - 2.30",4.3,CARD,1213140713952211
08/07/2024 10:13,Longridge,Lauren Rivera,"Regular Speciality Tea - Earl Grey - 1.30, Regular Frappes - Strawberries & Cream - 2.75, Regular Flavoured iced latte - Caramel - 2.75, Large Mocha - 2.70",9.5,CARD,9503777550947634
08/07/2024 10:16,Longridge,Justin Anthon,Regular Mocha - 2.30,2.3,CASH,
08/07/2024 10:19,Longridge,Rodney Thomas,Regular Glass of milk - 0.70,0.7,CARD,5766623781788200
08/07/2024 10:22,Longridge,Arthur Heaton,Regular Flavoured iced latte - Caramel - 2.75,2.75,CARD,8986070382745008
08/07/2024 10:25,Longridge,James Downing,Regular Frappes - Strawberries & Cream - 2.75,2.75,CARD,5064086808165831
08/07/2024 10:29,Longridge,Luis Galindo,"Regular Flavoured iced latte - Caramel - 2.75, Regular Speciality Tea - Earl Grey - 1.30, Regular Speciality Tea - Earl Grey - 1.30",5.35,CARD,4727414796351058
08/07/2024 10:32,Longridge,Chante Jones,"Large Flavoured iced latte - Caramel - 3.25, Large Speciality Tea - Earl Grey - 1.60, Regular Mocha - 2.30",7.15,CARD,7782027305518653
08/07/2024 10:35,Longridge,Robert Campbell,"Large Glass of milk - 1.10, Large Flavoured iced latte - Caramel - 3.25",4.35,CARD,5122746821178683
08/07/2024 10:38,Longridge,Billy Jones,"Large Smoothies - Glowing Greens - 2.50, Regular Glass of milk - 0.70, Regular Smoothies - Glowing Greens - 2.00, Large Flavoured iced latte - Caramel - 3.25, Regular Glass of milk - 0.70",9.15,CARD,3272118393411631
08/07/2024 10:41,Longridge,Rebecca Christensen,"Large Flavoured iced latte - Caramel - 3.25, Large Smoothies - Glowing Greens - 2.50, Large Flavoured iced latte - Caramel - 3.25",9.0,CARD,1662263757610022
08/07/2024 10:44,Longridge,Patricia Pontius,"Large Flavoured iced latte - Caramel - 3.25, Large Glass of milk - 1.10, Large Flavoured iced latte - Caramel - 3.25, Large Frappes - Strawberries & Cream - 3.25",10.85,CARD,9114706212341232
08/07/2024 10:47,Longridge,Nathan English,Regular Glass of milk - 0.70,0.7,CARD,8100797944963268
08/07/2024 10:51,Longridge,George Carmona,"Large Frappes - Strawberries & Cream - 3.25, Regular Smoothies - Glowing Greens - 2.00, Large Mocha - 2.70",7.95,CARD,5580458125780480
08/07/2024 10:54,Longridge,Norman Diaz,"Regular Speciality Tea - Earl Grey - 1.30, Regular Speciality Tea - Earl Grey - 1.30, Large Glass of milk - 1.10, Large Mocha - 2.70",6.4,CARD,5552863592672245
08/07/2024 10:57,Longridge,Timothy Depuy,"Large Frappes - Strawberries & Cream - 3.25, Regular Speciality Tea - Earl Grey - 1.30",4.55,CASH,
08/07/2024 11:00,Longridge,George Cantrel,"Large Flavoured iced latte - Caramel - 3.25, Large Flavoured iced latte - Caramel - 3.25",6.5,CARD,1672822726034010
08/07/2024 11:08,Longridge,Fannie Jackson,"Large Frappes - Strawberries & Cream - 3.25, Regular Flavoured iced latte - Caramel - 2.75, Large Frappes - Strawberries & Cream - 3.25",9.25,CARD,6514827486804125
08/07/2024 11:15,Longridge,Julius Johnson,"Regular Glass of milk - 0.70, Large Flavoured iced latte - Caramel - 3.25",3.95,CARD,8255862476642613
08/07/2024 11:23,Longridge,Georgia Phillips,"Large Speciality Tea - Earl Grey - 1.60, Large Frappes - Strawberries & Cream - 3.25",4.85,CASH,
08/07/2024 11:30,Longridge,Christine Batten,"Large Smoothies - Glowing Greens - 2.50, Regular Flavoured iced latte - Caramel - 2.75, Large Frappes - Strawberries & Cream - 3.25, Regular Mocha - 2.30",10.8,CASH,
08/07/2024 11:38,Longridge,Matthew Quiroz,"Regular Frappes - Strawberries & Cream - 2.75, Large Smoothies - Glowing Greens - 2.50",5.25,CASH,
08/07/2024 11:45,Longridge,Richard Hua,"Large Flavoured iced latte - Caramel - 3.25, Regular Smoothies - Glowing Greens - 2.00, Regular Frappes - Strawberries & Cream - 2.75, Large Glass of milk - 1.10",9.1,CASH,
08/07/2024 11:53,Longridge,Karen Gorman,"Large Frappes - Strawberries & Cream - 3.25, Large Flavoured iced latte - Caramel - 3.25, Regular Mocha - 2.30",8.8,CARD,1583868582282803
08/07/2024 12:00,Longridge,Bradford Montgomery,"Regular Flavoured iced latte - Caramel - 2.75, Regular Smoothies - Glowing Greens - 2.00, Large Flavoured iced latte - Caramel - 3.25, Large Frappes - Strawberries & Cream - 3.25, Regular Mocha - 2.30",13.55,CARD,4522708573638452
08/07/2024 12:06,Longridge,Marlene Abramson,"Large Speciality Tea - Earl Grey - 1.60, Regular Glass of milk - 0.70, Regular Mocha - 2.30",4.6,CASH,
08/07/2024 12:12,Longridge,Maryellen Kittrell,"Large Flavoured iced latte - Caramel - 3.25, Regular Mocha - 2.30, Regular Mocha - 2.30",7.85,CARD,8491034602087263
08/07/2024 12:18,Longridge,Helen Butler,"Large Flavoured iced latte - Caramel - 3.25, Regular Frappes - Strawberries & Cream - 2.75, Regular Flavoured iced latte - Caramel - 2.75, Large Mocha - 2.70",11.45,CARD,4918078938234664
08/07/2024 12:24,Longridge,Kenneth Herrington,"Regular Frappes - Strawberries & Cream - 2.75, Regular Speciality Tea - Earl Grey - 1.30, Regular Smoothies - Glowing Greens - 2.00, Regular Mocha - 2.30",8.35,CASH,
08/07/2024 12:30,Longridge,Jack Serra,"Large Frappes - Strawberries & Cream - 3.25, Large Flavoured iced latte - Caramel - 3.25",6.5,CARD,4512305555118855
08/07/2024 12:36,Longridge,Irving Piper,"Regular Flavoured iced latte - Caramel - 2.75, Regular Flavoured iced latte - Caramel - 2.75",5.5,CARD,8547831348996619
08/07/2024 12:42,Longridge,Joan Paisley,"Regular Smoothies - Glowing Greens - 2.00, Large Speciality Tea - Earl Grey - 1.60, Regular Smoothies - Glowing Greens - 2.00, Large Flavoured iced latte - Caramel - 3.25, Large Smoothies - Glowing Greens - 2.50",11.35,CARD,3821988846242789
08/07/2024 12:48,Longridge,Mark Peters,"Regular Smoothies - Glowing Greens - 2.00, Regular Mocha - 2.30",4.3,CASH,
08/07/2024 12:54,Longridge,Kerry Betance,"Regular Mocha - 2.30, Regular Speciality Tea - Earl Grey - 1.30, Large Frappes - Strawberries & Cream - 3.25, Regular Speciality Tea - Earl Grey - 1.30, Regular Flavoured iced latte - Caramel - 2.75, Large Frappes - Strawberries & Cream - 3.25",14.15,CARD,2044714018685451
08/07/2024 13:00,Longridge,Mary Hedrick,"Regular Speciality Tea - Earl Grey - 1.30, Regular Smoothies - Glowing Greens - 2.00",3.3,CASH,
08/07/2024 13:01,Longridge,Douglas Comans,Regular Glass of milk - 0.70,0.7,CARD,9373726782587120
08/07/2024 13:02,Longridge,Oliver Hunter,"Regular Flavoured iced latte - Caramel - 2.75, Large Glass of milk - 1.10",3.85,CASH,
08/07/2024 13:03,Longridge,Rafael Olson,"Large Speciality Tea - Earl Grey - 1.60, Large Mocha - 2.70, Large Mocha - 2.70, Large Speciality Tea - Earl Grey - 1.60, Regular Frappes - Strawberries & Cream - 2.75",11.35,CARD,5340313708087813
08/07/2024 13:04,Longridge,William Hicks,Large Glass of milk - 1.10,1.1,CARD,4520286503680131
08/07/2024 13:05,Longridge,Emanuel Pawlicki,"Regular Speciality Tea - Earl Grey - 1.30, Regular Flavoured iced latte - Caramel - 2.75",4.05,CASH,
08/07/2024 13:06,Longridge,Edmund Arias,"Large Speciality Tea - Earl Grey - 1.60, Regular Glass of milk - 0.70, Large Glass of milk - 1.10, Large Mocha - 2.70, Large Speciality Tea - Earl Grey - 1.60",7.7,CARD,7005427810269996
08/07/2024 13:07,Longridge,Timmy Jones,"Large Glass of milk - 1.10, Large Speciality Tea - Earl Grey - 1.60, Regular Speciality Tea - Earl Grey - 1.30, Regular Frappes - Strawberries & Cream - 2.75",6.75,CASH,
08/07/2024 13:08,Longridge,Stephanie Thompson,"Large Glass of milk - 1.10, Regular Flavoured iced latte - Caramel - 2.75, Large Frappes - Strawberries & Cream - 3.25",7.1,CARD,9357212015981139
08/07/2024 13:09,Longridge,Katherine Dewitt,"Regular Smoothies - Glowing Greens - 2.00, Large Glass of milk - 1.10",3.1,CARD,9482969493416681
08/07/2024 13:10,Longridge,Robert Bonilla,"Large Frappes - Strawberries & Cream - 3.25, Large Glass of milk - 1.10, Large Glass of milk - 1.10",5.45,CASH,
08/07/2024 13:10,Longridge,Mary Watts,"Regular Speciality Tea - Earl Grey - 1.30, Regular Speciality Tea - Earl Grey - 1.30, Regular Speciality Tea - Earl Grey - 1.30",3.9,CASH,
08/07/2024 13:11,Longridge,Raquel Couch,Regular Speciality Tea - Earl Grey - 1.30,1.3,CARD,6832377835513246
08/07/2024 13:12,Longridge,Katherine Shinault,Regular Flavoured iced latte - Caramel - 2.75,2.75,CASH,
08/07/2024 13:13,Longridge,Hugo Bermudez,"Large Smoothies - Glowing Greens - 2.50, Regular Speciality Tea - Earl Grey - 1.30, Large Frappes - Strawberries & Cream - 3.25, Regular Glass of milk - 0.70, Large Smoothies - Glowing Greens - 2.50",10.25,CARD,3498207307232053
08/07/2024 13:14,Longridge,Leo Williams,"Regular Frappes - Strawberries & Cream - 2.75, Regular Mocha - 2.30",5.05,CARD,1361034817272197
08/07/2024 13:15,Longridge,Paul Souza,"Large Mocha - 2.70, Large Smoothies - Glowing Greens - 2.50, Large Glass of milk - 1.10",6.3,CARD,7913380824625208
08/07/2024 13:16,Longridge,Carmen Payne,"Regular Mocha - 2.30, Regular Flavoured iced latte - Caramel - 2.75, Large Mocha - 2.70",7.75,CARD,6477169840564352
08/07/2024 13:17,Longridge,Susan Brothers,Regular Flavoured iced latte - Caramel - 2.75,2.75,CARD,5325751355880081
08/07/2024 13:18,Longridge,David Ferrell,"Regular Smoothies - Glowing Greens - 2.00, Large Frappes - Strawberries & Cream - 3.25, Regular Mocha - 2.30",7.55,CARD,1417891135032795
08/07/2024 13:19,Longridge,David Crawford,"Large Mocha - 2.70, Regular Glass of milk - 0.70",3.4,CARD,6757132084089995
08/07/2024 13:20,Longridge,Donna Clancy,"Regular Frappes - Strawberries & Cream - 2.75, Regular Glass of milk - 0.70, Large Frappes - Strawberries & Cream - 3.25",6.7,CARD,7713959879597251
08/07/2024 13:21,Longridge,Victor Chew,Large Mocha - 2.70,2.7,CARD,8019792977285862
08/07/2024 13:22,Longridge,Clara Greve,Large Mocha - 2.70,2.7,CASH,
08/07/2024 13:23,Longridge,Joseph Carrier,"Regular Glass of milk - 0.70, Regular Frappes - Strawberries & Cream - 2.75, Regular Flavoured iced latte - Caramel - 2.75, Large Speciality Tea - Earl Grey - 1.60, Large Smoothies - Glowing Greens - 2.50",10.3,CARD,7816688453098704
08/07/2024 13:24,Longridge,Sandy Mitchell,"Large Flavoured iced latte - Caramel - 3.25, Regular Speciality Tea - Earl Grey - 1.30",4.55,CARD,1316748642459108
08/07/2024 13:25,Longridge,Jose Bogle,Regular Flavoured iced latte - Caramel - 2.75,2.75,CASH,
08/07/2024 13:26,Longridge,Luis Byrd,"Large Flavoured iced latte - Caramel - 3.25, Regular Flavoured iced latte - Caramel - 2.75",6.0,CARD,1195707985553610
08/07/2024 13:27,Longridge,Beverly Butler,Large Flavoured iced latte - Caramel - 3.25,3.25,CARD,9438227559301977
08/07/2024 13:28,Longridge,Maria Mckee,"Large Smoothies - Glowing Greens - 2.50, Large Smoothies - Glowing Greens - 2.50, Large Speciality Tea - Earl Grey - 1.60, Large Smoothies - Glowing Greens - 2.50, Large Flavoured iced latte - Caramel - 3.25",12.35,CARD,2540604910657919
08/07/2024 13:29,Longridge,Eric Meyers,Regular Glass of milk - 0.70,0.7,CARD,7539198317117141
08/07/2024 13:29,Longridge,Ray Mason,"Large Mocha - 2.70, Regular Glass of milk - 0.70, Large Frappes - Strawberries & Cream - 3.25, Regular Smoothies - Glowing Greens - 2.00",8.65,CARD,8875514551533941
08/07/2024 13:30,Longridge,Shayne Massey,"Large Frappes - Strawberries & Cream - 3.25, Large Mocha - 2.70, Regular Smoothies - Glowing Greens - 2.00, Large Frappes - Strawberries & Cream - 3.25",11.2,CARD,6025535428272065
08/07/2024 13:31,Longridge,Annie Gibbons,"Regular Speciality Tea - Earl Grey - 1.30, Regular Smoothies - Glowing Greens - 2.00, Regular Flavoured iced latte - Caramel - 2.75, Large Frappes - Strawberries & Cream - 3.25",9.3,CASH,
08/07/2024 13:32,Longridge,Jorge Torres,"Regular Flavoured iced latte - Caramel - 2.75, Regular Mocha - 2.30",5.05,CARD,3798772967932578
08/07/2024 13:33,Longridge,Linda Stinson,"Regular Flavoured iced latte - Caramel - 2.75, Regular Speciality Tea - Earl Grey - 1.30, Regular Mocha - 2.30",6.35,CARD,3938429876462685
08/07/2024 13:34,Longridge,Linda Valentine,Large Glass of milk - 1.10,1.1,CASH,
08/07/2024 13:35,Longridge,Norris Bledsoe,"Regular Smoothies - Glowing Greens - 2.00, Regular Flavoured iced latte - Caramel - 2.75",4.75,CASH,
08/07/2024 13:36,Longridge,Jose Mullins,"Regular Frappes - Strawberries & Cream - 2.75, Regular Speciality Tea - Earl Grey - 1.30, Large Speciality Tea - Earl Grey - 1.60, Regular Speciality Tea - Earl Grey - 1.30",6.95,CARD,1356214974983484
08/07/2024 13:37,Longridge,Benjamin Nelson,Regular Smoothies - Glowing Greens - 2.00,2.0,CASH,
08/07/2024 13:38,Longridge,Dennis Began,"Large Frappes - Strawberries & Cream - 3.25, Regular Mocha - 2.30",5.55,CARD,7879914637544220
08/07/2024 13:39,Longridge,Angela Johnson,"Regular Smoothies - Glowing Greens - 2.00, Regular Mocha - 2.30, Regular Smoothies - Glowing Greens - 2.00",6.3,CARD,9251510846532865
08/07/2024 13:40,Longridge,Walter Foley,"Regular Frappes - Strawberries & Cream - 2.75, Regular Glass of milk - 0.70, Regular Mocha - 2.30",5.75,CASH,
08/07/2024 13:41,Longridge,Patrick Joshua,"Large Smoothies - Glowing Greens - 2.50, Large Flavoured iced latte - Caramel - 3.25",5.75,CARD,7537250724872613
08/07/2024 13:42,Longridge,Vivian Brown,"Regular Speciality Tea - Earl Grey - 1.30, Regular Speciality Tea - Earl Grey - 1.30, Regular Frappes - Strawberries & Cream - 2.75, Regular Flavoured iced latte - Caramel - 2.75",8.1,CASH,
08/07/2024 13:43,Longridge,Jennifer Jones,"Large Speciality Tea - Earl Grey - 1.60, Regular Flavoured iced latte - Caramel - 2.75, Regular Glass of milk - 0.70",5.05,CASH,
08/07/2024 13:44,Longridge,Rick Adams,"Large Mocha - 2.70, Large Speciality Tea - Earl Grey - 1.60",4.3,CASH,
08/07/2024 13:45,Longridge,Theresa Winn,"Regular Frappes - Strawberries & Cream - 2.75, Large Glass of milk - 1.10, Regular Flavoured iced latte - Caramel - 2.75, Regular Mocha - 2.30",8.9,CARD,6566337674794888
08/07/2024 13:46,Longridge,Addie Kremer,"Large Mocha - 2.70, Regular Speciality Tea - Earl Grey - 1.30",4.0,CARD,4739276385481841
08/07/2024 13:47,Longridge,Jennifer Sosa,Regular Speciality Tea - Earl Grey - 1.30,1.3,CASH,
08/07/2024 13:48,Longridge,Janice Goff,"Regular Glass of milk - 0.70, Large Flavoured iced latte - Caramel - 3.25, Regular Frappes - Strawberries & Cream - 2.75",6.7,CASH,
08/07/2024 13:48,Longridge,Kori Gannon,"Large Frappes - Strawberries & Cream - 3.25, Regular Frappes - Strawberries & Cream - 2.75",6.0,CASH,
08/07/2024 13:49,Longridge,Lilian Warner,"Large Flavoured iced latte - Caramel - 3.25, Large Mocha - 2.70",5.95,CASH,
08/07/2024 13:50,Longridge,Michael Gibbs,"Regular Mocha - 2.30, Large Frappes - Strawberries & Cream - 3.25",5.55,CARD,1328395662360699
08/07/2024 13:51,Longridge,Brittany Dominguez,"Large Glass of milk - 1.10, Regular Flavoured iced latte - Caramel - 2.75",3.85,CARD,5587027031704306
08/07/2024 13:52,Longridge,David Farris,Regular Frappes - Strawberries & Cream - 2.75,2.75,CASH,
08/07/2024 13:53,Longridge,David Schrack,"Large Mocha - 2.70, Regular Frappes - Strawberries & Cream - 2.75, Regular Mocha - 2.30, Large Mocha - 2.70, Regular Flavoured iced latte - Caramel - 2.75",13.2,CARD,6623190702712965
08/07/2024 13:54,Longridge,Jean Brown,"Regular Speciality Tea - Earl Grey - 1.30, Large Flavoured iced latte - Caramel - 3.25, Regular Smoothies - Glowing Greens - 2.00",6.55,CASH,
08/07/2024 13:55,Longridge,Steve Devito,"Large Glass of milk - 1.10, Regular Mocha - 2.30",3.4,CARD,1638826799408971
08/07/2024 13:56,Longridge,Michael Uribe,"Large Frappes - Strawberries & Cream - 3.25, Regular Smoothies - Glowing Greens - 2.00",5.25,CARD,6598184236123433
08/07/2024 13:57,Longridge,Angelina Tango,"Regular Frappes - Strawberries & Cream - 2.75, Regular Glass of milk - 0.70, Large Speciality Tea - Earl Grey - 1.60, Large Mocha - 2.70",7.75,CARD,9967971436778077
08/07/2024 13:58,Longridge,Aaron Anthony,"Regular Speciality Tea - Earl Grey - 1.30, Regular Frappes - Strawberries & Cream - 2.75, Large Flavoured iced latte - Caramel - 3.25, Regular Glass of milk - 0.70",8.0,CARD,5468974062363094
08/07/2024 13:59,Longridge,Andrew Obermeyer,"Regular Mocha - 2.30, Regular Flavoured iced latte - Caramel - 2.75, Regular Smoothies - Glowing Greens - 2.00, Regular Flavoured iced latte - Caramel - 2.75",9.8,CASH,
08/07/2024 14:00,Longridge,Irene Walker,"Regular Smoothies - Glowing Greens - 2.00, Large Mocha - 2.70",4.7,CASH,
08/07/2024 14:03,Longridge,Jackie Lemon,Regular Flavoured iced latte - Caramel - 2.75,2.75,CASH,
08/07/2024 14:06,Longridge,Anna Willard,"Large Smoothies - Glowing Greens - 2.50, Large Mocha - 2.70, Regular Mocha - 2.30",7.5,CARD,9607304005821197
08/07/2024 14:09,Longridge,Michelle Guidi,"Large Frappes - Strawberries & Cream - 3.25, Regular Glass of milk - 0.70",3.95,CASH,
08/07/2024 14:12,Longridge,Stephen Yard,"Regular Smoothies - Glowing Greens - 2.00, Regular Smoothies - Glowing Greens - 2.00",4.0,CARD,3938093926086632
08/07/2024 14:16,Longridge,David Mellon,"Large Smoothies - Glowing Greens - 2.50, Regular Glass of milk - 0.70, Regular Smoothies - Glowing Greens - 2.00, Large Frappes - Strawberries & Cream - 3.25, Regular Flavoured iced latte - Caramel - 2.75, Regular Smoothies - Glowing Greens - 2.00",13.2,CARD,3120444539519543
08/07/2024 14:19,Longridge,Robert Johnson,Regular Speciality Tea - Earl Grey - 1.30,1.3,CARD,4727828419969854
08/07/2024 14:22,Longridge,Walter Stone,"Regular Frappes - Strawberries & Cream - 2.75, Large Glass of milk - 1.10, Regular Flavoured iced latte - Caramel - 2.75, Regular Smoothies - Glowing Greens - 2.00, Regular Flavoured iced latte - Caramel - 2.75",11.35,CASH,
08/07/2024 14:25,Longridge,Richard Reyes,"Regular Smoothies - Glowing Greens - 2.00, Regular Frappes - Strawberries & Cream - 2.75, Large Smoothies - Glowing Greens - 2.50, Large Glass of milk - 1.10, Regular Frappes - Strawberries & Cream - 2.75",11.1,CARD,7638108072506236
08/07/2024 14:28,Longridge,Gerald Prather,"Regular Mocha - 2.30, Regular Mocha - 2.30",4.6,CARD,7114773320393151
08/07/2024 14:31,Longridge,Mindy Higgins,"Large Flavoured iced latte - Caramel - 3.25, Regular Frappes - Strawberries & Cream - 2.75",6.0,CARD,2165242265458653
08/07/2024 14:35,Longridge,Nettie Gahagan,"Large Speciality Tea - Earl Grey - 1.60, Regular Speciality Tea - Earl Grey - 1.30, Regular Glass of milk - 0.70",3.6,CARD,1597079471259048
08/07/2024 14:38,Longridge,Alvina Hankins,"Regular Speciality Tea - Earl Grey - 1.30, Large Speciality Tea - Earl Grey - 1.60",2.9,CASH,
08/07/2024 14:41,Longridge,Garry Davis,Large Frappes - Strawberries & Cream - 3.25,3.25,CARD,8667471420466561
08/07/2024 14:44,Longridge,Anna Dugger,"Regular Glass of milk - 0.70, Regular Frappes - Strawberries & Cream - 2.75, Regular Glass of milk - 0.70, Large Speciality Tea - Earl Grey - 1.60",5.75,CASH,
08/07/2024 14:47,Longridge,Sarah Balde,"Regular Smoothies - Glowing Greens - 2.00, Large Glass of milk - 1.10, Regular Flavoured iced latte - Caramel - 2.75, Regular Speciality Tea - Earl Grey - 1.30, Regular Frappes - Strawberries & Cream - 2.75",9.9,CARD,2275429676446101
08/07/2024 14:50,Longridge,Rosa Tanner,"Regular Speciality Tea - Earl Grey - 1.30, Regular Speciality Tea - Earl Grey - 1.30, Large Glass of milk - 1.10, Regular Smoothies - Glowing Greens - 2.00",5.7,CARD,1914340895069865
08/07/2024 14:53,Longridge,Grace Campbell,Large Smoothies - Glowing Greens - 2.50,2.5,CARD,6627327773539315
08/07/2024 14:57,Longridge,Erin Donati,"Large Mocha - 2.70, Regular Glass of milk - 0.70",3.4,CARD,8340410742966709
08/07/2024 15:00,Longridge,Edna Dahlman,Large Smoothies - Glowing Greens - 2.50,2.5,CASH,
08/07/2024 15:01,Longridge,Marvin Bruner,Large Mocha - 2.70,2.7,CASH,
08/07/2024 15:02,Longridge,Lisa Tibbs,"Regular Flavoured iced latte - Caramel - 2.75, Large Mocha - 2.70, Large Mocha - 2.70, Large Frappes - Strawberries & Cream - 3.25, Large Smoothies - Glowing Greens - 2.50",13.9,CASH,
08/07/2024 15:03,Longridge,Joanne Hidinger,Regular Speciality Tea - Earl Grey - 1.30,1.3,CARD,5238763615291573
08/07/2024 15:04,Longridge,Kenneth Melgar,Regular Glass of milk - 0.70,0.7,CARD,3689145171647718
08/07/2024 15:05,Longridge,Suzanne Sandlin,Large Frappes - Strawberries & Cream - 3.25,3.25,CARD,7078507260701068
08/07/2024 15:06,Longridge,Charlene Valdez,Regular Flavoured iced latte - Caramel - 2.75,2.75,CARD,3238290401025917
08/07/2024 15:07,Longridge,Sandra Johnston,Regular Smoothies - Glowing Greens - 2.00,2.0,CARD,3484120614616762
08/07/2024 15:08,Longridge,Paul Wilcox,"Large Flavoured iced latte - Caramel - 3.25, Regular Glass of milk - 0.70",3.95,CASH,
08/07/2024 15:09,Longridge,Edris Mccluney,"Regular Speciality Tea - Earl Grey - 1.30, Large Frappes - Strawberries & Cream - 3.25, Large Glass of milk - 1.10, Large Speciality Tea - Earl Grey - 1.60",7.25,CASH,
08/07/2024 15:10,Longridge,Michael Brown,"Regular Flavoured iced latte - Caramel - 2.75, Regular Frappes - Strawberries & Cream - 2.75, Large Frappes - Strawberries & Cream - 3.25",8.75,CASH,
08/07/2024 15:11,Longridge,Justin Rodriguez,Regular Frappes - Strawberries & Cream - 2.75,2.75,CARD,6609672345230945
08/07/2024 15:12,Longridge,Hector Wilson,"Large Smoothies - Glowing Greens - 2.50, Regular Smoothies - Glowing Greens - 2.00, Large Glass of milk - 1.10, Large Glass of milk - 1.10, Regular Speciality Tea - Earl Grey - 1.30, Regular Smoothies - Glowing Greens - 2.00",10.0,CARD,6066293419994393
08/07/2024 15:13,Longridge,Dorothy Williams,"Regular Glass of milk - 0.70, Large Flavoured iced latte - Caramel - 3.25",3.95,CARD,5047564378025096
08/07/2024 15:14,Longridge,Joy Barr,"Large Flavoured iced latte - Caramel - 3.25, Large Smoothies - Glowing Greens - 2.50, Large Flavoured iced latte - Caramel - 3.25, Regular Flavoured iced latte - Caramel - 2.75, Regular Flavoured iced latte - Caramel - 2.75, Regular Smoothies - Glowing Greens - 2.00",16.5,CASH,
08/07/2024 15:15,Longridge,Rosemary Maldonado,Regular Glass of milk - 0.70,0.7,CASH,
08/07/2024 15:16,Longridge,Michael Schrock,"Large Flavoured iced latte - Caramel - 3.25, Large Smoothies - Glowing Greens - 2.50, Regular Frappes - Strawberries & Cream - 2.75, Large Mocha - 2.70, Large Smoothies - Glowing Greens - 2.50",13.7,CARD,1643895051346723
08/07/2024 15:17,Longridge,Shelby Fonder,"Regular Mocha - 2.30, Regular Mocha - 2.30, Regular Smoothies - Glowing Greens - 2.00, Regular Speciality Tea - Earl Grey - 1.30, Large Flavoured iced latte - Caramel - 3.25, Regular Speciality Tea - Earl Grey - 1.30",12.45,CARD,6019814218027349
08/07/2024 15:18,Longridge,Eric Demar,"Large Glass of milk - 1.10, Regular Flavoured iced latte - Caramel - 2.75, Regular Mocha - 2.30",6.15,CASH,
08/07/2024 15:19,Longridge,David Widera,"Large Mocha - 2.70, Large Frappes - Strawberries & Cream - 3.25",5.95,CARD,9974340310993903
08/07/2024 15:20,Longridge,Alice Pennell,"Large Speciality Tea - Earl Grey - 1.60, Large Flavoured iced latte - Caramel - 3.25, Large Speciality Tea - Earl Grey - 1.60, Regular Frappes - Strawberries & Cream - 2.75, Large Smoothies - Glowing Greens - 2.50, Large Frappes - Strawberries & Cream - 3.25",14.95,CARD,5323531738174759
08/07/2024 15:21,Longridge,Addie Foy,Large Flavoured iced latte - Caramel - 3.25,3.25,CARD,5506311974900779
08/07/2024 15:22,Longridge,Jennifer Claudio,"Large Speciality Tea - Earl Grey - 1.60, Regular Glass of milk - 0.70",2.3,CARD,9865833812637746
08/07/2024 15:23,Longridge,Walter Garza,Regular Flavoured iced latte - Caramel - 2.75,2.75,CARD,6806588056951993
08/07/2024 15:25,Longridge,Cory Cortese,"Regular Flavoured iced latte - Caramel - 2.75, Large Frappes - Strawberries & Cream - 3.25, Large Smoothies - Glowing Greens - 2.50",8.5,CARD,4607124288998378
08/07/2024 15:26,Longridge,Donna Wilson,"Large Speciality Tea - Earl Grey - 1.60, Large Flavoured iced latte - Caramel - 3.25, Large Mocha - 2.70",7.55,CASH,
08/07/2024 15:27,Longridge,David Reid,"Large Smoothies - Glowing Greens - 2.50, Regular Frappes - Strawberries & Cream - 2.75, Regular Flavoured iced latte - Caramel - 2.75",8.0,CARD,8821577428952412
08/07/2024 15:28,Longridge,Frank Rankin,"Large Smoothies - Glowing Greens - 2.50, Large Frappes - Strawberries & Cream - 3.25, Regular Mocha - 2.30",8.05,CASH,
08/07/2024 15:29,Longridge,Walter Halladay,Large Flavoured iced latte - Caramel - 3.25,3.25,CASH,
08/07/2024 15:30,Longridge,Mary Wright,"Large Mocha - 2.70, Regular Flavoured iced latte - Caramel - 2.75",5.45,CARD,9716399738860908
08/07/2024 15:31,Longridge,Judy Anderson,Regular Smoothies - Glowing Greens - 2.00,2.0,CARD,3238273226288043
08/07/2024 15:32,Longridge,Susan Follmer,"Regular Flavoured iced latte - Caramel - 2.75, Regular Smoothies - Glowing Greens - 2.00",4.75,CARD,1594746045674237
08/07/2024 15:33,Longridge,Rae Price,Large Smoothies - Glowing Greens - 2.50,2.5,CARD,6769154984853769
08/07/2024 15:34,Longridge,Gladys Cole,"Regular Mocha - 2.30, Large Speciality Tea - Earl Grey - 1.60",3.9,CASH,
08/07/2024 15:35,Longridge,Thomas Greene,"Large Speciality Tea - Earl Grey - 1.60, Large Smoothies - Glowing Greens - 2.50, Large Speciality Tea - Earl Grey - 1.60, Large Frappes - Strawberries & Cream - 3.25, Regular Glass of milk - 0.70, Regular Mocha - 2.30",11.95,CASH,
08/07/2024 15:36,Longridge,John Heatherly,"Large Flavoured iced latte - Caramel - 3.25, Large Flavoured iced latte - Caramel - 3.25, Large Glass of milk - 1.10",7.6,CASH,
08/07/2024 15:37,Longridge,Eli Sutton,Large Glass of milk - 1.10,1.1,CASH,
08/07/2024 15:38,Longridge,Christine Moneyhun,Regular Smoothies - Glowing Greens - 2.00,2.0,CARD,4024904096989791
08/07/2024 15:39,Longridge,Gary Bell,Large Speciality Tea - Earl Grey - 1.60,1.6,CASH,
08/07/2024 15:40,Longridge,Kelly Kenny,"Regular Speciality Tea - Earl Grey - 1.30, Regular Frappes - Strawberries & Cream - 2.75, Regular Mocha - 2.30",6.35,CARD,3250973234891000
08/07/2024 15:41,Longridge,Peter Rodriguez,Large Glass of milk - 1.10,1.1,CARD,8432935353845861
08/07/2024 15:42,Longridge,Tim Gill,Regular Flavoured iced latte - Caramel - 2.75,2.75,CARD,3235599574533955
08/07/2024 15:43,Longridge,Mike Mcfall,"Regular Glass of milk - 0.70, Regular Flavoured iced latte - Caramel - 2.75, Large Smoothies - Glowing Greens - 2.50",5.95,CARD,6119945863008912
08/07/2024 15:44,Longridge,Ralph Browning,"Regular Frappes - Strawberries & Cream - 2.75, Regular Smoothies - Glowing Greens - 2.00",4.75,CARD,6432214946190158
08/07/2024 15:45,Longridge,Latonya Neely,"Large Flavoured iced latte - Caramel - 3.25, Large Smoothies - Glowing Greens - 2.50",5.75,CASH,
08/07/2024 15:46,Longridge,Charlie Turner,"Large Frappes - Strawberries & Cream - 3.25, Regular Flavoured iced latte - Caramel - 2.75, Large Frappes - Strawberries & Cream - 3.25, Large Glass of milk - 1.10, Regular Smoothies - Glowing Greens - 2.00",12.35,CASH,
08/07/2024 15:47,Longridge,Harold Nelson,"Regular Speciality Tea - Earl Grey - 1.30, Regular Smoothies - Glowing Greens - 2.00, Large Speciality Tea - Earl Grey - 1.60, Large Frappes - Strawberries & Cream - 3.25, Large Mocha - 2.70",10.85,CASH,
08/07/2024 15:48,Longridge,Vicki Toland,"Regular Mocha - 2.30, Regular Glass of milk - 0.70",3.0,CARD,8568745698388057
08/07/2024 15:49,Longridge,Doris Mchugh,"Large Mocha - 2.70, Regular Flavoured iced latte - Caramel - 2.75, Regular Mocha - 2.30",7.75,CARD,8508097468982371
08/07/2024 15:50,Longridge,Bianca Reposa,"Large Mocha - 2.70, Regular Mocha - 2.30, Regular Glass of milk - 0.70",5.7,CARD,2715565680462401
08/07/2024 15:51,Longridge,Marvin Emmons,"Regular Glass of milk - 0.70, Large Flavoured iced latte - Caramel - 3.25",3.95,CARD,6470452719888322
08/07/2024 15:52,Longridge,Elizabeth Sanpedro,Large Speciality Tea - Earl Grey - 1.60,1.6,CASH,
08/07/2024 15:53,Longridge,Eileen Harris,"Large Flavoured iced latte - Caramel - 3.25, Regular Glass of milk - 0.70, Regular Smoothies - Glowing Greens - 2.00",5.95,CASH,
08/07/2024 15:54,Longridge,Ernest Snell,"Regular Frappes - Strawberries & Cream - 2.75, Regular Mocha - 2.30",5.05,CARD,2743520355429392
08/07/2024 15:56,Longridge,Monica Parra,"Large Frappes - Strawberries & Cream - 3.25, Large Mocha - 2.70, Regular Smoothies - Glowing Greens - 2.00",7.95,CASH,
08/07/2024 15:57,Longridge,Lottie Eash,"Regular Speciality Tea - Earl Grey - 1.30, Regular Frappes - Strawberries & Cream - 2.75",4.05,CARD,4115107544235168
08/07/2024 15:58,Longridge,Adele Burrell,Large Frappes - Strawberries & Cream - 3.25,3.25,CASH,
08/07/2024 15:59,Longridge,Hobert Jepson,"Large Mocha - 2.70, Regular Speciality Tea - Earl Grey - 1.30",4.0,CASH,
08/07/2024 16:00,Longridge,Ronald Espinoza,Large Mocha - 2.70,2.7,CARD,1137984223218116
08/07/2024 16:02,Longridge,Karen Smith,"Regular Mocha - 2.30, Large Mocha - 2.70",5.0,CARD,8487820256608647
08/07/2024 16:04,Longridge,Sabrina Dudley,Large Smoothies - Glowing Greens - 2.50,2.5,CARD,8076545573294848
08/07/2024 16:06,Longridge,George Somers,"Large Mocha - 2.70, Large Glass of milk - 1.10, Large Glass of milk - 1.10",4.9,CARD,2800353142334644
08/07/2024 16:08,Longridge,Robert Stollar,Large Flavoured iced latte - Caramel - 3.25,3.25,CASH,
08/07/2024 16:10,Longridge,Gary Thrasher,Regular Frappes - Strawberries & Cream - 2.75,2.75,CASH,
08/07/2024 16:12,Longridge,Margaret Velasquez,"Large Frappes - Strawberries & Cream - 3.25, Regular Speciality Tea - Earl Grey - 1.30, Regular Smoothies - Glowing Greens - 2.00",6.55,CARD,7582278129523010
08/07/2024 16:14,Longridge,Ramon Steger,Large Mocha - 2.70,2.7,CARD,5607689547129314
08/07/2024 16:16,Longridge,Ruth Griffin,Large Glass of milk - 1.10,1.1,CARD,8621655621330169
08/07/2024 16:18,Longridge,Frances Cooper,"Large Speciality Tea - Earl Grey - 1.60, Large Mocha - 2.70, Regular Speciality Tea - Earl Grey - 1.30",5.6,CARD,6759572053205612
08/07/2024 16:20,Longridge,Edison Hays,Large Speciality Tea - Earl Grey - 1.60,1.6,CASH,
08/07/2024 16:22,Longridge,Janice Brown,"Large Frappes - Strawberries & Cream - 3.25, Large Frappes - Strawberries & Cream - 3.25",6.5,CARD,3598991448198872
08/07/2024 16:24,Longridge,Emily Figures,"Large Smoothies - Glowing Greens - 2.50, Regular Glass of milk - 0.70",3.2,CARD,3335434730583539
08/07/2024 16:26,Longridge,Walter Zymowski,Regular Mocha - 2.30,2.3,CARD,8629288889593422
08/07/2024 16:28,Longridge,Richard Brown,"Regular Frappes - Strawberries & Cream - 2.75, Regular Frappes - Strawberries & Cream - 2.75",5.5,CARD,1385670134897833
08/07/2024 16:30,Longridge,Malka Behrens,"Regular Frappes - Strawberries & Cream - 2.75, Large Glass of milk - 1.10",3.85,CARD,5487921010527303
08/07/2024 16:32,Longridge,Amy Johnson,"Regular Frappes - Strawberries & Cream - 2.75, Large Smoothies - Glowing Greens - 2.50",5.25,CASH,
08/07/2024 16:34,Longridge,Faith Jarrell,"Large Speciality Tea - Earl Grey - 1.60, Large Glass of milk - 1.10, Regular Mocha - 2.30",5.0,CARD,7545418011153479
08/07/2024 16:36,Longridge,Kenneth Strobel,"Large Speciality Tea - Earl Grey - 1.60, Regular Glass of milk - 0.70",2.3,CARD,8753386200402472
08/07/2024 16:38,Longridge,Wilbur Hammons,"Regular Speciality Tea - Earl Grey - 1.30, Regular Smoothies - Glowing Greens - 2.00, Regular Speciality Tea - Earl Grey - 1.30, Large Glass of milk - 1.10",5.7,CARD,7970796712008589
08/07/2024 16:40,Longridge,David Hernandez,Regular Frappes - Strawberries & Cream - 2.75,2.75,CARD,9884023876417504
08/07/2024 16:42,Longridge,Edward Nguyen,"Regular Flavoured iced latte - Caramel - 2.75, Large Flavoured iced latte - Caramel - 3.25, Regular Frappes - Strawberries & Cream - 2.75, Regular Mocha - 2.30, Large Flavoured iced latte - Caramel - 3.25",14.3,CARD,8307140627551991
08/07/2024 16:44,Longridge,Jessie Reynolds,Regular Glass of milk - 0.70,0.7,CASH,
08/07/2024 16:46,Longridge,Edward Romero,"Regular Glass of milk - 0.70, Large Speciality Tea - Earl Grey - 1.60, Regular Speciality Tea - Earl Grey - 1.30",3.6,CARD,9442903823989912
08/07/2024 16:48,Longridge,Clifton Walker,Large Glass of milk - 1.10,1.1,CARD,3589317108698382
08/07/2024 16:50,Longridge,Keith Perisho,"Regular Speciality Tea - Earl Grey - 1.30, Large Smoothies - Glowing Greens - 2.50, Regular Frappes - Strawberries & Cream - 2.75, Large Speciality Tea - Earl Grey - 1.60, Large Smoothies - Glowing Greens - 2.50",10.65,CARD,8717786699055673
08/07/2024 16:52,Longridge,Kathleen Esh,"Regular Smoothies - Glowing Greens - 2.00, Large Smoothies - Glowing Greens - 2.50, Regular Mocha - 2.30",6.8,CARD,5357791266793795
08/07/2024 16:54,Longridge,Gina Yancy,"Large Flavoured iced latte - Caramel - 3.25, Regular Smoothies - Glowing Greens - 2.00, Large Glass of milk - 1.10, Regular Glass of milk - 0.70",7.05,CARD,3484804547076294
08/07/2024 16:56,Longridge,Katherine Mcneely,Large Frappes - Strawberries & Cream - 3.25,3.25,CARD,4840207931474292
08/07/2024 16:58,Longridge,Daniel Mcginty,"Large Speciality Tea - Earl Grey - 1.60, Large Speciality Tea - Earl Grey - 1.60",3.2,CASH,
