07/07/2024 09:00,Leeds,Edwin Hite,"Regular Hot Chocolate - 1.40, Regular Hot Chocolate - 1.40",2.8,CASH,
07/07/2024 09:01,Leeds,Dorothy Alfaro,"Large Speciality Tea - English breakfast - 1.60, Regular Iced americano - 2.15, Regular Filter coffee - 1.50",5.25,CARD,6889437134595175
07/07/2024 09:03,Leeds,Audrey Hurley,"Large Speciality Tea - English breakfast - 1.60, Regular Filter coffee - 1.50, Regular Filter coffee - 1.50",4.6,CARD,6811412681929214
07/07/2024 09:04,Leeds,Shayna Lee,"Large Iced americano - 2.50, Regular Hot Chocolate - 1.40, Large Filter coffee - 1.80, Regular Filter coffee - 1.50, Large Speciality Tea - English breakfast - 1.60",8.8,CARD,8606053153005967
07/07/2024 09:06,Leeds,Daniel Han,"Regular Iced americano - 2.15, Large Iced americano - 2.50, Large Speciality Tea - English breakfast - 1.60, Regular Speciality Tea - English breakfast - 1.30, Regular Hot Chocolate - 1.40",8.95,CARD,1775071249200523
07/07/2024 09:08,Leeds,Arlen Balistrieri,"Large Chai latte - 2.60, Large Hot Chocolate - 1.70, Large Iced americano - 2.50",6.8,CARD,6250980986395757
07/07/2024 09:09,Leeds,Timothy Sargent,"Regular Hot Chocolate - 1.40, Regular Speciality Tea - English breakfast - 1.30",2.7,CARD,9625866944252961
07/07/2024 09:11,Leeds,Thomas Brady,"Large Filter coffee - 1.80, Regular Speciality Tea - English breakfast - 1.30, Regular Speciality Tea - English breakfast - 1.30",4.4,CASH,
07/07/2024 09:12,Leeds,Michael Anthony,"Large Chai latte - 2.60, Large Hot Chocolate - 1.70, Large Chai latte - 2.60, Large Chai latte - 2.60, Regular Filter coffee - 1.50",11.0,CARD,6970833912559287
07/07/2024 09:14,Leeds,Leonard Lewis,"Large Chai latte - 2.60, Large Iced americano - 2.50",5.1,CARD,6942922037970281
07/07/2024 09:16,Leeds,Rebecca Swartz,"Regular Iced americano - 2.15, Regular Iced americano - 2.15",4.3,CARD,6521255893115378
07/07/2024 09:17,Leeds,Michael Kramarczyk,"Large Filter coffee - 1.80, Large Iced americano - 2.50",4.3,CARD,8950097740282003
07/07/2024 09:19,Leeds,Steven Coley,Large Filter coffee - 1.80,1.8,CARD,6794009961949722
07/07/2024 09:21,Leeds,Ronny Harper,"Large Chai latte - 2.60, Regular Iced americano - 2.15",4.75,CARD,7776763076687069
07/07/2024 09:22,Leeds,Nora Vargas,"Large Speciality Tea - English breakfast - 1.60, Large Iced americano - 2.50",4.1,CARD,3142858712255236
07/07/2024 09:24,Leeds,Paula Gadsden,"Regular Filter coffee - 1.50, Regular Iced americano - 2.15, Large Speciality Tea - English breakfast - 1.60, Regular Iced americano - 2.15, Regular Iced americano - 2.15",9.55,CASH,
07/07/2024 09:25,Leeds,Jose Adams,"Large Filter coffee - 1.80, Regular Speciality Tea - English breakfast - 1.30",3.1,CASH,
07/07/2024 09:27,Leeds,Maria Baker,Regular Filter coffee - 1.50,1.5,CARD,2816266974805359
07/07/2024 09:29,Leeds,James Tolbert,"Regular Speciality Tea - English breakfast - 1.30, Regular Filter coffee - 1.50",2.8,CARD,5911780200764457
07/07/2024 09:30,Leeds,Sean Ramirez,"Large Chai latte - 2.60, Large Filter coffee - 1.80, Regular Iced americano - 2.15",6.55,CARD,2143038154294052
07/07/2024 09:32,Leeds,David Ezell,"Regular Filter coffee - 1.50, Large Filter coffee - 1.80, Regular Iced americano - 2.15",5.45,CARD,7502463653549212
07/07/2024 09:33,Leeds,Luz Egan,"Large Iced americano - 2.50, Regular Speciality Tea - English breakfast - 1.30, Regular Filter coffee - 1.50, Regular Speciality Tea - English breakfast - 1.30, Regular Chai latte - 2.30, Regular Filter coffee - 1.50",10.4,CARD,2831527544010865
07/07/2024 09:35,Leeds,Lucille Hatch,"Large Filter coffee - 1.80, Regular Hot Chocolate - 1.40, Large Iced americano - 2.50",5.7,CARD,3217064694077849
07/07/2024 09:37,Leeds,Lisa Roberson,"Large Chai latte - 2.60, Regular Filter coffee - 1.50, Large Hot Chocolate - 1.70, Large Filter coffee - 1.80",7.6,CARD,5554953793844329
07/07/2024 09:38,Leeds,Matthew Thomas,"Regular Hot Chocolate - 1.40, Regular Hot Chocolate - 1.40",2.8,CARD,7388686719832105
07/07/2024 09:40,Leeds,Sue Washington,"Large Speciality Tea - English breakfast - 1.60, Regular Speciality Tea - English breakfast - 1.30",2.9,CARD,3802776264495317
07/07/2024 09:42,Leeds,Monica Roop,Large Filter coffee - 1.80,1.8,CARD,6407665696823136
07/07/2024 09:43,Leeds,Bradley Walker,"Regular Filter coffee - 1.50, Regular Iced americano - 2.15, Regular Hot Chocolate - 1.40",5.05,CARD,9025813779442849
07/07/2024 09:45,Leeds,Nancy Egan,"Large Hot Chocolate - 1.70, Large Iced americano - 2.50",4.2,CARD,2771894973566986
07/07/2024 09:46,Leeds,Brandon Aviles,"Regular Hot Chocolate - 1.40, Regular Chai latte - 2.30, Regular Chai latte - 2.30",6.0,CASH,
07/07/2024 09:48,Leeds,Caroline Reyes,"Large Chai latte - 2.60, Regular Iced americano - 2.15, Large Hot Chocolate - 1.70, Regular Chai latte - 2.30, Regular Hot Chocolate - 1.40",10.15,CARD,5636505749370890
07/07/2024 09:50,Leeds,Francis Bean,"Regular Hot Chocolate - 1.40, Large Chai latte - 2.60, Regular Filter coffee - 1.50",5.5,CARD,8478033812376090
07/07/2024 09:51,Leeds,Brittney Carr,Regular Filter coffee - 1.50,1.5,CASH,
07/07/2024 09:53,Leeds,Monique Gibbons,Regular Chai latte - 2.30,2.3,CARD,1355522383207569
07/07/2024 09:54,Leeds,Robert Colbert,"Regular Iced americano - 2.15, Large Filter coffee - 1.80, Large Filter coffee - 1.80, Regular Speciality Tea - English breakfast - 1.30",7.05,CARD,9424309670886807
07/07/2024 09:56,Leeds,Kyle Saunders,"Regular Filter coffee - 1.50, Regular Filter coffee - 1.50",3.0,CARD,8812824200688705
07/07/2024 09:58,Leeds,Victor Guerrero,"Large Chai latte - 2.60, Regular Filter coffee - 1.50",4.1,CARD,3075226789536499
07/07/2024 09:59,Leeds,Irma Tichenor,"Regular Hot Chocolate - 1.40, Regular Iced americano - 2.15, Large Filter coffee - 1.80, Large Speciality Tea - English breakfast - 1.60",6.95,CARD,5199681269460408
07/07/2024 10:01,Leeds,Jimmy Jenkins,"Large Filter coffee - 1.80, Regular Hot Chocolate - 1.40, Large Filter coffee - 1.80",5.0,CARD,5194366094655752
07/07/2024 10:02,Leeds,Jack Honda,"Large Filter coffee - 1.80, Regular Filter coffee - 1.50",3.3,CARD,8291839632509462
07/07/2024 10:03,Leeds,Larry Crafton,"Regular Hot Chocolate - 1.40, Large Filter coffee - 1.80, Regular Speciality Tea - English breakfast - 1.30",4.5,CASH,
07/07/2024 10:04,Leeds,Sharon Mendez,"Regular Filter coffee - 1.50, Regular Hot Chocolate - 1.40, Regular Chai latte - 2.30",5.2,CASH,
07/07/2024 10:05,Leeds,Larry Thomas,"Large Speciality Tea - English breakfast - 1.60, Regular Filter coffee - 1.50, Large Chai latte - 2.60, Large Chai latte - 2.60",8.3,CARD,2116188623080605
07/07/2024 10:06,Leeds,Ruth Brennan,Regular Chai latte - 2.30,2.3,CARD,4498812438858115
07/07/2024 10:07,Leeds,Norma Negron,"Regular Chai latte - 2.30, Large Chai latte - 2.60, Large Speciality Tea - English breakfast - 1.60, Large Iced americano - 2.50",9.0,CARD,1285499440230888
07/07/2024 10:08,Leeds,Angela King,"Regular Filter coffee - 1.50, Regular Hot Chocolate - 1.40",2.9,CARD,9982737704656295
07/07/2024 10:09,Leeds,Neil Small,"Regular Speciality Tea - English breakfast - 1.30, Large Filter coffee - 1.80, Regular Hot Chocolate - 1.40, Large Iced americano - 2.50",7.0,CARD,5737429439432206
07/07/2024 10:11,Leeds,Rachel Burns,"Regular Iced americano - 2.15, Regular Filter coffee - 1.50",3.65,CARD,8883524678907108
07/07/2024 10:12,Leeds,Minnie Bacon,Regular Speciality Tea - English breakfast - 1.30,1.3,CARD,1243613853133001
07/07/2024 10:13,Leeds,Anne Lowther,Regular Iced americano - 2.15,2.15,CARD,1721879758671200
07/07/2024 10:14,Leeds,Judy Bradford,"Large Hot Chocolate - 1.70, Large Speciality Tea - English breakfast - 1.60, Regular Speciality Tea - English breakfast - 1.30, Large Iced americano - 2.50",7.1,CARD,7456397356505010
07/07/2024 10:15,Leeds,Chad Cantrell,"Large Speciality Tea - English breakfast - 1.60, Regular Filter coffee - 1.50, Regular Speciality Tea - English breakfast - 1.30, Regular Hot Chocolate - 1.40",5.8,CARD,7880167786742123
07/07/2024 10:16,Leeds,Patrick Gorrell,"Large Iced americano - 2.50, Large Filter coffee - 1.80, Large Filter coffee - 1.80, Large Filter coffee - 1.80",7.9,CARD,7013714297213265
07/07/2024 10:17,Leeds,Michael Bindel,"Regular Iced americano - 2.15, Large Chai latte - 2.60",4.75,CARD,6332945057675217
07/07/2024 10:18,Leeds,Henrietta Mooring,"Regular Hot Chocolate - 1.40, Regular Filter coffee - 1.50, Large Speciality Tea - English breakfast - 1.60, Regular Speciality Tea - English breakfast - 1.30, Large Hot Chocolate - 1.70",7.5,CARD,1903320250615526
07/07/2024 10:19,Leeds,Katrina Patridge,"Regular Filter coffee - 1.50, Large Chai latte - 2.60, Regular Speciality Tea - English breakfast - 1.30",5.4,CARD,9112346744569999
07/07/2024 10:20,Leeds,Lucille Hernandez,"Large Iced americano - 2.50, Large Speciality Tea - English breakfast - 1.60, Regular Filter coffee - 1.50, Regular Filter coffee - 1.50",7.1,CARD,9913078178369815
07/07/2024 10:21,Leeds,Warren Simpson,"Large Filter coffee - 1.80, Large Hot Chocolate - 1.70, Regular Chai latte - 2.30",5.8,CARD,4103422724009482
07/07/2024 10:22,Leeds,Susie Smith,Regular Filter coffee - 1.50,1.5,CARD,5954219891333901
07/07/2024 10:23,Leeds,Barry Phagan,"Large Speciality Tea - English breakfast - 1.60, Regular Chai latte - 2.30, Large Filter coffee - 1.80",5.7,CARD,3059095800623862
07/07/2024 10:24,Leeds,Janice Hoover,"Regular Speciality Tea - English breakfast - 1.30, Large Iced americano - 2.50, Regular Chai latte - 2.30, Regular Iced americano - 2.15, Large Iced americano - 2.50",10.75,CASH,
07/07/2024 10:25,Leeds,Joseph Skipper,Regular Iced americano - 2.15,2.15,CARD,2450244570125063
07/07/2024 10:27,Leeds,Alice Hunt,"Large Iced americano - 2.50, Regular Iced americano - 2.15, Regular Filter coffee - 1.50, Large Filter coffee - 1.80, Large Iced americano - 2.50",10.45,CASH,
07/07/2024 10:28,Leeds,Marcel Bierce,Regular Hot Chocolate - 1.40,1.4,CASH,
07/07/2024 10:29,Leeds,Jenny Hardy,Large Filter coffee - 1.80,1.8,CARD,9101105347613159
07/07/2024 10:30,Leeds,Moises Hanson,"Regular Iced americano - 2.15, Large Chai latte - 2.60, Large Speciality Tea - English breakfast - 1.60",6.35,CARD,9061337911162775
07/07/2024 10:31,Leeds,Mary Ramin,"Regular Speciality Tea - English breakfast - 1.30, Large Speciality Tea - English breakfast - 1.60, Regular Filter coffee - 1.50, Large Filter coffee - 1.80",6.2,CARD,6057798228737394
07/07/2024 10:32,Leeds,Paula Ray,"Large Hot Chocolate - 1.70, Regular Iced americano - 2.15, Regular Speciality Tea - English breakfast - 1.30",5.15,CARD,8180765083366924
07/07/2024 10:33,Leeds,Kyle Sawin,"Regular Filter coffee - 1.50, Large Speciality Tea - English breakfast - 1.60, Large Filter coffee - 1.80, Large Iced americano - 2.50",7.4,CARD,7943479347728190
07/07/2024 10:34,Leeds,Amy Hargis,"Large Iced americano - 2.50, Large Speciality Tea - English breakfast - 1.60",4.1,CARD,6572221812627569
07/07/2024 10:35,Leeds,Harold Farmer,Regular Filter coffee - 1.50,1.5,CASH,
07/07/2024 10:36,Leeds,Anthony Pomeroy,Large Iced americano - 2.50,2.5,CASH,
07/07/2024 10:37,Leeds,Janet Eberhard,Large Chai latte - 2.60,2.6,CASH,
07/07/2024 10:38,Leeds,Adele Renfro,"Regular Filter coffee - 1.50, Regular Chai latte - 2.30, Large Filter coffee - 1.80, Regular Filter coffee - 1.50",7.1,CASH,
07/07/2024 10:39,Leeds,Irene Hamilton,"Large Iced americano - 2.50, Regular Hot Chocolate - 1.40, Regular Iced americano - 2.15, Regular Speciality Tea - English breakfast - 1.30, Regular Speciality Tea - English breakfast - 1.30",8.65,CASH,
07/07/2024 10:40,Leeds,Stephan Smith,"Regular Filter coffee - 1.50, Regular Chai latte - 2.30, Large Speciality Tea - English breakfast - 1.60, Large Filter coffee - 1.80, Large Iced americano - 2.50",9.7,CARD,9980566713357662
07/07/2024 10:41,Leeds,Rosario Mcqueen,Large Iced americano - 2.50,2.5,CASH,
07/07/2024 10:43,Leeds,June Wayland,"Large Speciality Tea - English breakfast - 1.60, Regular Speciality Tea - English breakfast - 1.30",2.9,CARD,7815685577407327
07/07/2024 10:44,Leeds,Tresa Keen,Regular Filter coffee - 1.50,1.5,CARD,5611138355871699
07/07/2024 10:45,Leeds,Willie Ortego,"Regular Speciality Tea - English breakfast - 1.30, Large Chai latte - 2.60",3.9,CARD,1276423917010672
07/07/2024 10:46,Leeds,Dylan Carls,"Regular Chai latte - 2.30, Regular Filter coffee - 1.50",3.8,CARD,4446865446930756
07/07/2024 10:47,Leeds,Amy Becker,"Large Hot Chocolate - 1.70, Large Filter coffee - 1.80, Large Chai latte - 2.60, Regular Speciality Tea - English breakfast - 1.30",7.4,CASH,
07/07/2024 10:48,Leeds,Marjorie Markel,"Regular Speciality Tea - English breakfast - 1.30, Large Hot Chocolate - 1.70, Regular Filter coffee - 1.50, Large Iced americano - 2.50",7.0,CARD,4811728009607523
07/07/2024 10:49,Leeds,Annette Ward,"Regular Chai latte - 2.30, Large Filter coffee - 1.80, Large Hot Chocolate - 1.70, Regular Speciality Tea - English breakfast - 1.30, Regular Iced americano - 2.15",9.25,CARD,8385371337050104
07/07/2024 10:50,Leeds,Adela Borges,Regular Hot Chocolate - 1.40,1.4,CARD,8719986295544496
07/07/2024 10:51,Leeds,Michael Samuel,"Large Filter coffee - 1.80, Regular Hot Chocolate - 1.40, Regular Chai latte - 2.30, Regular Hot Chocolate - 1.40, Large Speciality Tea - English breakfast - 1.60",8.5,CASH,
07/07/2024 10:52,Leeds,Amy Tucker,Large Hot Chocolate - 1.70,1.7,CARD,9242356834964233
07/07/2024 10:53,Leeds,Cari Williams,"Large Chai latte - 2.60, Regular Filter coffee - 1.50",4.1,CARD,5426952086036151
07/07/2024 10:54,Leeds,Aaron Clark,"Large Filter coffee - 1.80, Large Chai latte - 2.60, Large Filter coffee - 1.80",6.2,CASH,
07/07/2024 10:55,Leeds,Sandra Scheffler,Regular Chai latte - 2.30,2.3,CARD,1945918427447156
07/07/2024 10:56,Leeds,Linda Delavega,Large Iced americano - 2.50,2.5,CARD,4557328128127567
07/07/2024 10:57,Leeds,Mary Mcnab,"Regular Speciality Tea - English breakfast - 1.30, Large Iced americano - 2.50",3.8,CARD,8732377971202320
07/07/2024 10:59,Leeds,Mary Jones,Regular Filter coffee - 1.50,1.5,CARD,4082981575077971
07/07/2024 11:00,Leeds,Edward Faust,Regular Chai latte - 2.30,2.3,CARD,5313795145537278
07/07/2024 11:04,Leeds,Beverly Rushing,"Large Filter coffee - 1.80, Large Filter coffee - 1.80, Regular Filter coffee - 1.50",5.1,CASH,
07/07/2024 11:08,Leeds,Benita Sanford,Regular Hot Chocolate - 1.40,1.4,CASH,
07/07/2024 11:12,Leeds,James Gonzalez,"Regular Filter coffee - 1.50, Regular Chai latte - 2.30, Large Iced americano - 2.50, Large Iced americano - 2.50",8.8,CARD,2402173291094063
07/07/2024 11:16,Leeds,Bryan Harris,"Regular Filter coffee - 1.50, Regular Iced americano - 2.15, Large Chai latte - 2.60, Regular Filter coffee - 1.50, Large Hot Chocolate - 1.70",9.45,CARD,2909551397567021
07/07/2024 11:20,Leeds,Thelma Michael,Regular Speciality Tea - English breakfast - 1.30,1.3,CARD,2194153825103264
07/07/2024 11:24,Leeds,Charles Rayburn,"Large Hot Chocolate - 1.70, Regular Iced americano - 2.15, Regular Iced americano - 2.15, Regular Filter coffee - 1.50",7.5,CARD,1567150366572807
07/07/2024 11:28,Leeds,Gloria Weathers,Large Filter coffee - 1.80,1.8,CARD,6520574552165014
07/07/2024 11:32,Leeds,Terri Jackson,"Regular Chai latte - 2.30, Regular Speciality Tea - English breakfast - 1.30, Regular Hot Chocolate - 1.40",5.0,CARD,2246248080943936
07/07/2024 11:36,Leeds,James Daugherty,Large Filter coffee - 1.80,1.8,CARD,7930548331017194
07/07/2024 11:40,Leeds,James Hufton,"Large Hot Chocolate - 1.70, Regular Filter coffee - 1.50, Large Filter coffee - 1.80",5.0,CARD,9009063108232574
07/07/2024 11:44,Leeds,Robert Garay,"Large Iced americano - 2.50, Large Iced americano - 2.50",5.0,CARD,4012077894313735
07/07/2024 11:48,Leeds,Shelly Handel,"Regular Filter coffee - 1.50, Regular Speciality Tea - English breakfast - 1.30, Large Filter coffee - 1.80",4.6,CARD,7634930784434454
07/07/2024 11:52,Leeds,Matthew Humbert,"Large Filter coffee - 1.80, Regular Speciality Tea - English breakfast - 1.30, Large Hot Chocolate - 1.70, Regular Chai latte - 2.30",7.1,CARD,3106177794084599
07/07/2024 11:56,Leeds,Naomi Bellew,"Large Filter coffee - 1.80, Large Iced americano - 2.50, Large Chai latte - 2.60, Large Iced americano - 2.50",9.4,CARD,8843350564708548
07/07/2024 12:00,Leeds,Manuel Ball,"Regular Filter coffee - 1.50, Large Filter coffee - 1.80, Large Iced americano - 2.50, Regular Speciality Tea - English breakfast - 1.30",7.1,CARD,9352624283994246
07/07/2024 12:01,Leeds,Donna Rivera,"Large Iced americano - 2.50, Large Hot Chocolate - 1.70",4.2,CARD,1257217563006260
07/07/2024 12:03,Leeds,Frances Stewart,"Regular Hot Chocolate - 1.40, Regular Filter coffee - 1.50, Regular Filter coffee - 1.50",4.4,CASH,
07/07/2024 12:05,Leeds,Nina Uccio,"Large Filter coffee - 1.80, Large Iced americano - 2.50, Large Speciality Tea - English breakfast - 1.60",5.9,CASH,
07/07/2024 12:06,Leeds,Albert Bryant,"Regular Hot Chocolate - 1.40, Regular Iced americano - 2.15, Regular Hot Chocolate - 1.40",4.95,CARD,1275815092787956
07/07/2024 12:08,Leeds,Christopher Crespo,"Regular Filter coffee - 1.50, Large Iced americano - 2.50, Large Filter coffee - 1.80",5.8,CASH,
07/07/2024 12:10,Leeds,Gordon Gordon,"Large Iced americano - 2.50, Large Chai latte - 2.60, Large Chai latte - 2.60",7.7,CARD,2275315978108653
07/07/2024 12:11,Leeds,Roger Moody,"Regular Hot Chocolate - 1.40, Large Iced americano - 2.50, Large Iced americano - 2.50, Large Hot Chocolate - 1.70, Large Iced americano - 2.50, Large Speciality Tea - English breakfast - 1.60",12.2,CARD,2212572353578775
07/07/2024 12:13,Leeds,Jerry Gerdes,"Regular Hot Chocolate - 1.40, Large Hot Chocolate - 1.70",3.1,CARD,8155753754028980
07/07/2024 12:15,Leeds,Joseph Brown,"Regular Iced americano - 2.15, Regular Speciality Tea - English breakfast - 1.30, Large Filter coffee - 1.80",5.25,CASH,
07/07/2024 12:16,Leeds,Brittany Turner,Large Hot Chocolate - 1.70,1.7,CASH,
07/07/2024 12:18,Leeds,Karen Meyer,"Regular Filter coffee - 1.50, Regular Filter coffee - 1.50, Regular Filter coffee - 1.50",4.5,CARD,4941246578760989
07/07/2024 12:20,Leeds,Charlene Williams,"Regular Chai latte - 2.30, Regular Hot Chocolate - 1.40",3.7,CARD,4627241869296149
07/07/2024 12:21,Leeds,Sara Allah,"Large Hot Chocolate - 1.70, Large Iced americano - 2.50",4.2,CASH,
07/07/2024 12:23,Leeds,Maxine Young,Large Speciality Tea - English breakfast - 1.60,1.6,CARD,6141537584087824
07/07/2024 12:25,Leeds,Tracy Lambert,Regular Filter coffee - 1.50,1.5,CARD,5055310301080997
07/07/2024 12:26,Leeds,Adam Sheffield,"Large Filter coffee - 1.80, Large Speciality Tea - English breakfast - 1.60, Large Hot Chocolate - 1.70",5.1,CARD,5413163324059708
07/07/2024 12:28,Leeds,Ramon Smith,"Regular Chai latte - 2.30, Large Iced americano - 2.50, Large Filter coffee - 1.80, Regular Filter coffee - 1.50",8.1,CARD,6149655145841371
07/07/2024 12:30,Leeds,Donald Dwyer,Large Filter coffee - 1.80,1.8,CASH,
07/07/2024 12:31,Leeds,Susan Shelton,"Regular Filter coffee - 1.50, Regular Filter coffee - 1.50, Regular Hot Chocolate - 1.40",4.4,CARD,9683019308738824
07/07/2024 12:33,Leeds,Kelley Price,"Regular Chai latte - 2.30, Regular Speciality Tea - English breakfast - 1.30, Large Chai latte - 2.60, Regular Filter coffee - 1.50, Large Speciality Tea - English breakfast - 1.60",9.3,CASH,
07/07/2024 12:35,Leeds,Madonna Odom,"Large Chai latte - 2.60, Regular Filter coffee - 1.50, Regular Hot Chocolate - 1.40",5.5,CASH,
07/07/2024 12:36,Leeds,Henry Fletcher,Regular Speciality Tea - English breakfast - 1.30,1.3,CASH,
07/07/2024 12:38,Leeds,Monica Fink,"Regular Filter coffee - 1.50, Regular Filter coffee - 1.50",3.0,CARD,4415117585480321
07/07/2024 12:40,Leeds,Doris Ball,Large Filter coffee - 1.80,1.8,CASH,
07/07/2024 12:41,Leeds,Anna Mitchell,"Large Iced americano - 2.50, Regular Filter coffee - 1.50, Large Chai latte - 2.60",6.6,CARD,6967221346224428
07/07/2024 12:43,Leeds,William Price,"Large Chai latte - 2.60, Large Hot Chocolate - 1.70, Regular Hot Chocolate - 1.40, Large Iced americano - 2.50",8.2,CARD,1621260868818330
07/07/2024 12:45,Leeds,Maria Jenkins,"Large Filter coffee - 1.80, Regular Chai latte - 2.30, Regular Iced americano - 2.15, Regular Filter coffee - 1.50, Regular Chai latte - 2.30",10.05,CARD,3690706879514248
07/07/2024 12:46,Leeds,Robert Shebby,"Large Filter coffee - 1.80, Regular Chai latte - 2.30",4.1,CARD,2347749106222352
07/07/2024 12:48,Leeds,Michael Brady,"Large Speciality Tea - English breakfast - 1.60, Large Hot Chocolate - 1.70, Regular Filter coffee - 1.50, Regular Chai latte - 2.30",7.1,CASH,
07/07/2024 12:50,Leeds,Maria Aadland,"Regular Speciality Tea - English breakfast - 1.30, Large Iced americano - 2.50, Regular Hot Chocolate - 1.40",5.2,CASH,
07/07/2024 12:51,Leeds,Madaline Posas,Large Hot Chocolate - 1.70,1.7,CARD,9291111191852959
07/07/2024 12:53,Leeds,Barbara Stapleton,Large Hot Chocolate - 1.70,1.7,CARD,9934479281109269
07/07/2024 12:55,Leeds,William Butler,Large Iced americano - 2.50,2.5,CARD,6775421443574936
07/07/2024 12:56,Leeds,James Kam,Large Chai latte - 2.60,2.6,CARD,6163726221056639
07/07/2024 12:58,Leeds,James Figueroa,"Regular Filter coffee - 1.50, Large Iced americano - 2.50",4.0,CASH,
07/07/2024 13:00,Leeds,Eric Debell,Regular Chai latte - 2.30,2.3,CARD,2394236965433529
07/07/2024 13:00,Leeds,Myrna Anderson,"Regular Iced americano - 2.15, Large Filter coffee - 1.80",3.95,CARD,4641249964648620
07/07/2024 13:01,Leeds,Amy Buck,"Regular Chai latte - 2.30, Regular Iced americano - 2.15, Regular Filter coffee - 1.50, Large Filter coffee - 1.80",7.75,CARD,2279516204301355
07/07/2024 13:02,Leeds,Numbers Foskett,"Large Iced americano - 2.50, Large Chai latte - 2.60",5.1,CARD,2336603256429961
07/07/2024 13:03,Leeds,Jeanne Aguilar,"Large Hot Chocolate - 1.70, Regular Hot Chocolate - 1.40, Large Filter coffee - 1.80",4.9,CASH,
07/07/2024 13:04,Leeds,Travis Griffin,Large Hot Chocolate - 1.70,1.7,CASH,
07/07/2024 13:05,Leeds,Renee Rodriguez,"Large Chai latte - 2.60, Regular Filter coffee - 1.50",4.1,CARD,8914115276235658
07/07/2024 13:05,Leeds,Tracy King,"Regular Filter coffee - 1.50, Large Filter coffee - 1.80",3.3,CASH,
07/07/2024 13:06,Leeds,Stanley Ortiz,"Large Chai latte - 2.60, Large Speciality Tea - English breakfast - 1.60",4.2,CARD,3703369419801277
07/07/2024 13:07,Leeds,Victor Tanguma,Large Speciality Tea - English breakfast - 1.60,1.6,CASH,
07/07/2024 13:08,Leeds,Christopher Hoover,"Large Hot Chocolate - 1.70, Regular Speciality Tea - English breakfast - 1.30, Regular Chai latte - 2.30, Large Chai latte - 2.60",7.9,CARD,8000113210261235
07/07/2024 13:09,Leeds,Jose Drummond,"Regular Hot Chocolate - 1.40, Large Chai latte - 2.60, Regular Iced americano - 2.15",6.15,CASH,
07/07/2024 13:10,Leeds,Twyla Stotts,"Regular Hot Chocolate - 1.40, Regular Chai latte - 2.30, Regular Chai latte - 2.30, Regular Filter coffee - 1.50",7.5,CARD,5422572100701577
07/07/2024 13:10,Leeds,Johnnie Rabun,"Large Hot Chocolate - 1.70, Large Filter coffee - 1.80, Large Filter coffee - 1.80",5.3,CARD,9058668153811918
07/07/2024 13:11,Leeds,David Miner,"Large Filter coffee - 1.80, Regular Speciality Tea - English breakfast - 1.30, Large Filter coffee - 1.80",4.9,CASH,
07/07/2024 13:12,Leeds,Katherine Kelley,Regular Chai latte - 2.30,2.3,CASH,
07/07/2024 13:13,Leeds,Joseph Stumpf,"Regular Filter coffee - 1.50, Regular Hot Chocolate - 1.40, Large Chai latte - 2.60",5.5,CARD,9098869773663747
07/07/2024 13:14,Leeds,Paul Smith,"Regular Filter coffee - 1.50, Large Iced americano - 2.50, Regular Filter coffee - 1.50, Regular Filter coffee - 1.50",7.0,CARD,5256247277616423
07/07/2024 13:15,Leeds,Patti Freeman,"Regular Hot Chocolate - 1.40, Regular Hot Chocolate - 1.40",2.8,CARD,1050802285274632
07/07/2024 13:15,Leeds,Tom Crowder,"Regular Speciality Tea - English breakfast - 1.30, Large Speciality Tea - English breakfast - 1.60, Large Filter coffee - 1.80, Large Filter coffee - 1.80",6.5,CARD,7250569857191028
07/07/2024 13:16,Leeds,Helen Couture,Regular Hot Chocolate - 1.40,1.4,CARD,5209827856400220
07/07/2024 13:17,Leeds,Joseph Hudspeth,"Large Speciality Tea - English breakfast - 1.60, Large Chai latte - 2.60, Large Filter coffee - 1.80",6.0,CARD,6415498698890164
07/07/2024 13:18,Leeds,Ron Obryan,"Regular Iced americano - 2.15, Large Iced americano - 2.50, Large Hot Chocolate - 1.70, Large Speciality Tea - English breakfast - 1.60",7.95,CASH,
07/07/2024 13:19,Leeds,Emily Hinton,"Regular Filter coffee - 1.50, Large Iced americano - 2.50",4.0,CARD,1061303123975326
07/07/2024 13:20,Leeds,Floyd Arterberry,Large Chai latte - 2.60,2.6,CARD,3589581968983933
07/07/2024 13:20,Leeds,Joan Howard,Large Filter coffee - 1.80,1.8,CARD,6411030598571040
07/07/2024 13:21,Leeds,Elaine Palmer,"Regular Hot Chocolate - 1.40, Regular Chai latte - 2.30",3.7,CASH,
07/07/2024 13:22,Leeds,Heather Morse,"Regular Iced americano - 2.15, Large Chai latte - 2.60",4.75,CASH,
07/07/2024 13:23,Leeds,Angela Ellison,Large Iced americano - 2.50,2.5,CARD,8621012172842705
07/07/2024 13:24,Leeds,Marcia Wallin,Regular Hot Chocolate - 1.40,1.4,CARD,8781992964154196
07/07/2024 13:25,Leeds,Iris Looft,"Regular Chai latte - 2.30, Regular Hot Chocolate - 1.40, Large Hot Chocolate - 1.70",5.4,CASH,
07/07/2024 13:25,Leeds,Norman Guzman,"Large Speciality Tea - English breakfast - 1.60, Regular Filter coffee - 1.50, Large Iced americano - 2.50, Regular Filter coffee - 1.50",7.1,CASH,
07/07/2024 13:26,Leeds,Linda Mcgregor,"Large Filter coffee - 1.80, Large Filter coffee - 1.80",3.6,CARD,4500355430254464
07/07/2024 13:27,Leeds,Cynthia Gause,"Large Speciality Tea - English breakfast - 1.60, Large Chai latte - 2.60",4.2,CASH,
07/07/2024 13:28,Leeds,John Spriggs,Regular Chai latte - 2.30,2.3,CARD,2058512760251690
07/07/2024 13:29,Leeds,Marvin Pendleton,"Large Speciality Tea - English breakfast - 1.60, Large Speciality Tea - English breakfast - 1.60, Regular Filter coffee - 1.50, Large Filter coffee - 1.80, Large Iced americano - 2.50",9.0,CARD,7618112634012269
07/07/2024 13:30,Leeds,Ashely Douglas,"Large Speciality Tea - English breakfast - 1.60, Regular Chai latte - 2.30, Large Filter coffee - 1.80",5.7,CARD,5607763958497119
07/07/2024 13:30,Leeds,Andrew Lopez,"Regular Hot Chocolate - 1.40, Large Filter coffee - 1.80, Large Speciality Tea - English breakfast - 1.60, Large Chai latte - 2.60, Regular Chai latte - 2.30",9.7,CARD,8505652007071796
07/07/2024 13:31,Leeds,Catherine Chicoine,Regular Chai latte - 2.30,2.3,CARD,7204049530376896
07/07/2024 13:32,Leeds,William Martin,Large Iced americano - 2.50,2.5,CARD,7543178627916327
07/07/2024 13:33,Leeds,Heath Williams,"Regular Chai latte - 2.30, Large Filter coffee - 1.80",4.1,CARD,5821769811525556
07/07/2024 13:34,Leeds,Willis Jacobs,"Large Hot Chocolate - 1.70, Large Chai latte - 2.60, Regular Speciality Tea - English breakfast - 1.30",5.6,CASH,
07/07/2024 13:35,Leeds,Ethan Higginbotham,Large Chai latte - 2.60,2.6,CARD,9456798456307215
07/07/2024 13:35,Leeds,Robert Cohen,Regular Speciality Tea - English breakfast - 1.30,1.3,CASH,
07/07/2024 13:36,Leeds,Sherry Harley,"Regular Speciality Tea - English breakfast - 1.30, Regular Chai latte - 2.30",3.6,CARD,9140183320930171
07/07/2024 13:37,Leeds,Robert Willis,Large Filter coffee - 1.80,1.8,CARD,1606239007972587
07/07/2024 13:38,Leeds,Cindy Cherry,"Regular Chai latte - 2.30, Regular Hot Chocolate - 1.40, Large Speciality Tea - English breakfast - 1.60",5.3,CARD,1109194158148892
07/07/2024 13:39,Leeds,Larry Hazlewood,"Regular Chai latte - 2.30, Large Chai latte - 2.60, Regular Filter coffee - 1.50",6.4,CARD,2240012147643176
07/07/2024 13:40,Leeds,Elizabeth Desousa,"Large Iced americano - 2.50, Large Chai latte - 2.60, Large Chai latte - 2.60",7.7,CASH,
07/07/2024 13:40,Leeds,Kathleen Ballard,"Regular Iced americano - 2.15, Regular Iced americano - 2.15",4.3,CARD,6396738423264062
07/07/2024 13:41,Leeds,Cary Tripp,Large Speciality Tea - English breakfast - 1.60,1.6,CARD,6682689639325526
07/07/2024 13:42,Leeds,April Garcia,"Regular Hot Chocolate - 1.40, Large Hot Chocolate - 1.70, Large Filter coffee - 1.80, Large Filter coffee - 1.80, Regular Filter coffee - 1.50",8.2,CARD,7906667727655962
07/07/2024 13:43,Leeds,Judith Potter,"Large Hot Chocolate - 1.70, Regular Chai latte - 2.30, Regular Chai latte - 2.30",6.3,CARD,6406171280339437
07/07/2024 13:44,Leeds,Daniel Brown,Large Hot Chocolate - 1.70,1.7,CARD,4329194583518610
07/07/2024 13:45,Leeds,Gerard Moore,"Large Iced americano - 2.50, Large Speciality Tea - English breakfast - 1.60, Regular Chai latte - 2.30, Large Speciality Tea - English breakfast - 1.60, Regular Iced americano - 2.15",10.15,CARD,5687467606322746
07/07/2024 13:45,Leeds,Mary Garcia,"Large Hot Chocolate - 1.70, Large Chai latte - 2.60, Large Iced americano - 2.50, Large Filter coffee - 1.80",8.6,CARD,1863859319682132
07/07/2024 13:46,Leeds,Sandra Knoll,"Regular Speciality Tea - English breakfast - 1.30, Large Iced americano - 2.50, Regular Speciality Tea - English breakfast - 1.30",5.1,CARD,1102214348234654
07/07/2024 13:47,Leeds,Glenn Wozny,Regular Speciality Tea - English breakfast - 1.30,1.3,CARD,6260891741710028
07/07/2024 13:48,Leeds,Norma Brooks,"Regular Chai latte - 2.30, Regular Iced americano - 2.15, Regular Iced americano - 2.15",6.6,CARD,3351729517618913
07/07/2024 13:49,Leeds,Jim Comerford,"Regular Iced americano - 2.15, Regular Iced americano - 2.15",4.3,CARD,9761562328563351
07/07/2024 13:50,Leeds,Marilyn Bacote,"Large Iced americano - 2.50, Large Chai latte - 2.60, Regular Iced americano - 2.15, Regular Chai latte - 2.30, Regular Chai latte - 2.30",11.85,CARD,9057938783214520
07/07/2024 13:50,Leeds,Laura Burnett,"Regular Iced americano - 2.15, Large Speciality Tea - English breakfast - 1.60",3.75,CASH,
07/07/2024 13:51,Leeds,Jessica Hall,"Regular Speciality Tea - English breakfast - 1.30, Regular Chai latte - 2.30",3.6,CARD,4640192572348210
07/07/2024 13:52,Leeds,Patrick Brewer,Regular Speciality Tea - English breakfast - 1.30,1.3,CASH,
07/07/2024 13:53,Leeds,Antonio Munger,Large Chai latte - 2.60,2.6,CARD,8110990082062759
07/07/2024 13:54,Leeds,Gary Trotter,"Regular Chai latte - 2.30, Large Filter coffee - 1.80, Regular Speciality Tea - English breakfast - 1.30, Regular Speciality Tea - English breakfast - 1.30",6.7,CASH,
07/07/2024 13:55,Leeds,Brett Levy,"Regular Iced americano - 2.15, Large Chai latte - 2.60",4.75,CARD,6500530598973809
07/07/2024 13:55,Leeds,Stephen Schmidt,"Regular Speciality Tea - English breakfast - 1.30, Regular Speciality Tea - English breakfast - 1.30",2.6,CARD,7099159697980978
07/07/2024 13:56,Leeds,Shannon Sims,"Large Chai latte - 2.60, Regular Filter coffee - 1.50, Regular Chai latte - 2.30, Regular Iced americano - 2.15",8.55,CARD,1526383061037473
07/07/2024 13:57,Leeds,Cynthia Hegg,Large Speciality Tea - English breakfast - 1.60,1.6,CARD,1783338053321484
07/07/2024 13:58,Leeds,Joseph Mcguire,"Regular Chai latte - 2.30, Large Filter coffee - 1.80",4.1,CARD,1943437301111105
07/07/2024 13:59,Leeds,Nancy Piper,"Large Filter coffee - 1.80, Large Hot Chocolate - 1.70, Regular Speciality Tea - English breakfast - 1.30, Large Filter coffee - 1.80, Regular Chai latte - 2.30, Regular Filter coffee - 1.50",10.4,CARD,1266695785432012
07/07/2024 14:00,Leeds,Eric Edmondson,Regular Hot Chocolate - 1.40,1.4,CARD,2585540167879517
07/07/2024 14:01,Leeds,Darrell Gordon,Regular Hot Chocolate - 1.40,1.4,CARD,6464242352096326
07/07/2024 14:02,Leeds,Antonio Senske,Large Hot Chocolate - 1.70,1.7,CARD,6781981297501088
07/07/2024 14:02,Leeds,Juliette Fain,"Regular Iced americano - 2.15, Large Filter coffee - 1.80, Regular Iced americano - 2.15, Large Speciality Tea - English breakfast - 1.60",7.7,CARD,1449206751202156
07/07/2024 14:03,Leeds,Tara Lozada,"Large Iced americano - 2.50, Large Speciality Tea - English breakfast - 1.60, Large Iced americano - 2.50, Large Filter coffee - 1.80, Large Speciality Tea - English breakfast - 1.60",10.0,CARD,8741816765510046
07/07/2024 14:04,Leeds,Lillie Ducharme,"Large Filter coffee - 1.80, Regular Speciality Tea - English breakfast - 1.30, Regular Hot Chocolate - 1.40",4.5,CARD,5215369958500638
07/07/2024 14:05,Leeds,Leonard Garrison,"Large Speciality Tea - English breakfast - 1.60, Large Chai latte - 2.60, Large Speciality Tea - English breakfast - 1.60, Regular Speciality Tea - English breakfast - 1.30",7.1,CARD,9827431447571240
07/07/2024 14:06,Leeds,James Porter,"Regular Chai latte - 2.30, Large Filter coffee - 1.80, Regular Speciality Tea - English breakfast - 1.30, Regular Iced americano - 2.15",7.55,CARD,2290004471975731
07/07/2024 14:07,Leeds,Maynard Davis,"Large Filter coffee - 1.80, Large Iced americano - 2.50",4.3,CARD,5499199800535427
07/07/2024 14:08,Leeds,Clarence Roger,"Large Chai latte - 2.60, Large Chai latte - 2.60, Regular Filter coffee - 1.50, Large Hot Chocolate - 1.70",8.4,CARD,2236770753301417
07/07/2024 14:09,Leeds,Charles Corr,"Large Hot Chocolate - 1.70, Large Hot Chocolate - 1.70, Large Chai latte - 2.60, Large Chai latte - 2.60",8.6,CARD,4552368706135093
07/07/2024 14:10,Leeds,Sheila Wark,Large Iced americano - 2.50,2.5,CARD,9234960245813481
07/07/2024 14:11,Leeds,Kimberly Peschel,Large Chai latte - 2.60,2.6,CARD,2147356270434514
07/07/2024 14:12,Leeds,Eric Thorn,"Large Chai latte - 2.60, Large Chai latte - 2.60, Regular Filter coffee - 1.50",6.7,CARD,5462706134935467
07/07/2024 14:13,Leeds,Armida Gerke,Large Hot Chocolate - 1.70,1.7,CARD,2697207780351192
07/07/2024 14:14,Leeds,Ray Hudspeth,"Regular Hot Chocolate - 1.40, Large Chai latte - 2.60, Regular Chai latte - 2.30, Regular Iced americano - 2.15",8.45,CARD,5074655490337306
07/07/2024 14:15,Leeds,Susan Freeman,"Regular Chai latte - 2.30, Large Iced americano - 2.50",4.8,CARD,3864681797700568
07/07/2024 14:16,Leeds,Maria Black,"Large Filter coffee - 1.80, Regular Iced americano - 2.15, Large Iced americano - 2.50",6.45,CARD,7100537599159715
07/07/2024 14:17,Leeds,Joe Hermanson,Regular Speciality Tea - English breakfast - 1.30,1.3,CARD,8174396584289008
07/07/2024 14:18,Leeds,Christopher Henderson,"Regular Filter coffee - 1.50, Large Chai latte - 2.60, Large Iced americano - 2.50",6.6,CARD,2216241132721558
07/07/2024 14:19,Leeds,Kent Zehender,Regular Filter coffee - 1.50,1.5,CARD,9836994327084668
07/07/2024 14:20,Leeds,Ashley Rodriquez,"Large Iced americano - 2.50, Regular Speciality Tea - English breakfast - 1.30",3.8,CARD,5229359660218589
07/07/2024 14:21,Leeds,Amy Connaughton,Large Iced americano - 2.50,2.5,CARD,2110802978288373
07/07/2024 14:21,Leeds,Esther Caldwell,"Regular Iced americano - 2.15, Large Chai latte - 2.60, Large Filter coffee - 1.80",6.55,CARD,1558850961289655
07/07/2024 14:22,Leeds,Dianne Hecht,"Regular Chai latte - 2.30, Large Speciality Tea - English breakfast - 1.60, Regular Filter coffee - 1.50, Regular Hot Chocolate - 1.40, Large Chai latte - 2.60",9.4,CARD,5291880911637831
07/07/2024 14:23,Leeds,Mark Pierson,Regular Filter coffee - 1.50,1.5,CASH,
07/07/2024 14:24,Leeds,Armand Blanton,Regular Filter coffee - 1.50,1.5,CARD,2043564717195396
07/07/2024 14:25,Leeds,Julianne Chapman,"Regular Speciality Tea - English breakfast - 1.30, Large Filter coffee - 1.80",3.1,CARD,8438730330020722
07/07/2024 14:26,Leeds,Patricia Lee,"Regular Speciality Tea - English breakfast - 1.30, Regular Filter coffee - 1.50, Large Iced americano - 2.50",5.3,CARD,6049096454877504
07/07/2024 14:27,Leeds,Donny Fox,Regular Filter coffee - 1.50,1.5,CARD,5970323181440917
07/07/2024 14:28,Leeds,Lucy Johnson,"Large Filter coffee - 1.80, Large Hot Chocolate - 1.70, Regular Chai latte - 2.30, Large Filter coffee - 1.80, Regular Iced americano - 2.15",9.75,CARD,4856126085035971
07/07/2024 14:29,Leeds,Paul Wilson,"Large Filter coffee - 1.80, Regular Iced americano - 2.15",3.95,CASH,
07/07/2024 14:30,Leeds,Sergio Thompson,"Large Iced americano - 2.50, Regular Chai latte - 2.30, Regular Filter coffee - 1.50, Regular Hot Chocolate - 1.40",7.7,CARD,2461511542645406
07/07/2024 14:31,Leeds,David Mohmed,Large Speciality Tea - English breakfast - 1.60,1.6,CASH,
07/07/2024 14:32,Leeds,Clarence Beaulieu,"Regular Chai latte - 2.30, Regular Filter coffee - 1.50, Large Filter coffee - 1.80, Regular Chai latte - 2.30",7.9,CARD,4373541086744560
07/07/2024 14:33,Leeds,Jo Augustine,"Regular Iced americano - 2.15, Regular Iced americano - 2.15, Regular Chai latte - 2.30",6.6,CASH,
07/07/2024 14:34,Leeds,Miriam Cullins,"Regular Filter coffee - 1.50, Regular Iced americano - 2.15",3.65,CASH,
07/07/2024 14:35,Leeds,David Fancher,Regular Speciality Tea - English breakfast - 1.30,1.3,CARD,1860150331114272
07/07/2024 14:36,Leeds,Zane Cavanagh,Regular Iced americano - 2.15,2.15,CARD,9584559778519440
07/07/2024 14:37,Leeds,Kevin Guerrier,Regular Filter coffee - 1.50,1.5,CASH,
07/07/2024 14:38,Leeds,Robert Erich,"Regular Filter coffee - 1.50, Large Filter coffee - 1.80",3.3,CARD,3436977529762275
07/07/2024 14:39,Leeds,Garry Smith,"Large Chai latte - 2.60, Regular Hot Chocolate - 1.40, Regular Chai latte - 2.30, Regular Filter coffee - 1.50, Large Filter coffee - 1.80",9.6,CASH,
07/07/2024 14:40,Leeds,Jeanne Hall,"Regular Filter coffee - 1.50, Large Filter coffee - 1.80, Large Iced americano - 2.50",5.8,CARD,7176695307392448
07/07/2024 14:40,Leeds,Ben Mason,"Regular Chai latte - 2.30, Regular Filter coffee - 1.50",3.8,CASH,
07/07/2024 14:41,Leeds,Kim Dick,"Large Filter coffee - 1.80, Regular Chai latte - 2.30",4.1,CASH,
07/07/2024 14:42,Leeds,Peter Martin,Large Chai latte - 2.60,2.6,CARD,4783972929881568
07/07/2024 14:43,Leeds,Richard Cooper,"Regular Chai latte - 2.30, Large Hot Chocolate - 1.70",4.0,CASH,
07/07/2024 14:44,Leeds,James Mendoza,Regular Chai latte - 2.30,2.3,CARD,6868640129763711
07/07/2024 14:45,Leeds,Joseph Sanders,"Large Iced americano - 2.50, Large Chai latte - 2.60",5.1,CARD,9472742372084812
07/07/2024 14:46,Leeds,Cynthia Higa,"Regular Chai latte - 2.30, Large Iced americano - 2.50, Regular Chai latte - 2.30, Large Hot Chocolate - 1.70, Large Hot Chocolate - 1.70",10.5,CARD,1218640436248078
07/07/2024 14:47,Leeds,Kyle Mcdaniel,"Large Chai latte - 2.60, Large Chai latte - 2.60",5.2,CARD,9213745760001329
07/07/2024 14:48,Leeds,John Tyler,"Large Filter coffee - 1.80, Regular Hot Chocolate - 1.40, Large Speciality Tea - English breakfast - 1.60, Regular Chai latte - 2.30, Regular Filter coffee - 1.50, Regular Chai latte - 2.30",10.9,CARD,7522208525234253
07/07/2024 14:49,Leeds,Freda Mcgann,"Regular Filter coffee - 1.50, Regular Chai latte - 2.30",3.8,CARD,1715371350284893
07/07/2024 14:50,Leeds,Charline Flora,"Regular Hot Chocolate - 1.40, Large Hot Chocolate - 1.70, Large Chai latte - 2.60, Large Iced americano - 2.50, Regular Iced americano - 2.15",10.35,CARD,4199245189896243
07/07/2024 14:51,Leeds,Nathaniel Pefferkorn,"Regular Hot Chocolate - 1.40, Regular Chai latte - 2.30",3.7,CASH,
07/07/2024 14:52,Leeds,Edward Herman,"Large Chai latte - 2.60, Regular Filter coffee - 1.50",4.1,CARD,9280537622439550
07/07/2024 14:53,Leeds,Francis Seefeldt,Large Speciality Tea - English breakfast - 1.60,1.6,CARD,9827438573919854
07/07/2024 14:54,Leeds,Amanda Montgomery,"Regular Hot Chocolate - 1.40, Large Chai latte - 2.60, Regular Speciality Tea - English breakfast - 1.30, Large Speciality Tea - English breakfast - 1.60, Large Hot Chocolate - 1.70",8.6,CARD,8640027829652210
07/07/2024 14:55,Leeds,Mary Ayala,"Large Hot Chocolate - 1.70, Regular Speciality Tea - English breakfast - 1.30, Regular Chai latte - 2.30, Large Filter coffee - 1.80, Regular Filter coffee - 1.50",8.6,CASH,
07/07/2024 14:56,Leeds,Elizabeth Mckenna,"Regular Iced americano - 2.15, Regular Hot Chocolate - 1.40, Large Speciality Tea - English breakfast - 1.60",5.15,CASH,
07/07/2024 14:57,Leeds,Shamika Graves,"Regular Chai latte - 2.30, Large Iced americano - 2.50, Regular Chai latte - 2.30, Large Filter coffee - 1.80, Large Hot Chocolate - 1.70",10.6,CASH,
07/07/2024 14:58,Leeds,Marie Burmeister,Regular Filter coffee - 1.50,1.5,CARD,5197418355830242
07/07/2024 14:59,Leeds,Karon Stalcup,Regular Hot Chocolate - 1.40,1.4,CARD,9387526438594785
07/07/2024 14:59,Leeds,Jim Mitchem,"Regular Filter coffee - 1.50, Large Filter coffee - 1.80",3.3,CARD,9029530986846097
07/07/2024 15:00,Leeds,Richard Brown,"Large Hot Chocolate - 1.70, Regular Filter coffee - 1.50, Regular Filter coffee - 1.50, Large Speciality Tea - English breakfast - 1.60",6.3,CARD,3202512828238157
07/07/2024 15:01,Leeds,Landon Sica,"Large Chai latte - 2.60, Large Speciality Tea - English breakfast - 1.60, Large Hot Chocolate - 1.70, Regular Iced americano - 2.15, Large Speciality Tea - English breakfast - 1.60, Large Speciality Tea - English breakfast - 1.60",11.25,CARD,3677000795606167
07/07/2024 15:02,Leeds,Susan Hardin,Large Hot Chocolate - 1.70,1.7,CARD,7619527157097579
07/07/2024 15:03,Leeds,Jeffery Raddatz,Regular Iced americano - 2.15,2.15,CARD,6821869011223493
07/07/2024 15:04,Leeds,Suzanne Valdez,"Large Filter coffee - 1.80, Regular Filter coffee - 1.50",3.3,CASH,
07/07/2024 15:05,Leeds,Earline Bell,"Large Speciality Tea - English breakfast - 1.60, Regular Filter coffee - 1.50, Regular Iced americano - 2.15, Large Hot Chocolate - 1.70, Large Chai latte - 2.60",9.55,CARD,5253567073671419
07/07/2024 15:06,Leeds,James Flanders,"Large Filter coffee - 1.80, Large Hot Chocolate - 1.70, Large Chai latte - 2.60, Regular Chai latte - 2.30, Regular Filter coffee - 1.50, Regular Filter coffee - 1.50",11.4,CARD,5453879997338201
07/07/2024 15:07,Leeds,Otis Hill,"Large Hot Chocolate - 1.70, Large Filter coffee - 1.80",3.5,CARD,4876020596377520
07/07/2024 15:07,Leeds,Virgil Atkinson,"Regular Hot Chocolate - 1.40, Regular Speciality Tea - English breakfast - 1.30, Large Hot Chocolate - 1.70, Regular Filter coffee - 1.50, Large Hot Chocolate - 1.70, Large Iced americano - 2.50",10.1,CASH,
07/07/2024 15:08,Leeds,Krysta Keister,"Regular Chai latte - 2.30, Regular Speciality Tea - English breakfast - 1.30, Large Speciality Tea - English breakfast - 1.60, Regular Hot Chocolate - 1.40, Large Speciality Tea - English breakfast - 1.60",8.2,CARD,2502914387091779
07/07/2024 15:09,Leeds,Lidia Medlin,"Regular Filter coffee - 1.50, Regular Chai latte - 2.30",3.8,CASH,
07/07/2024 15:10,Leeds,Tommy Barrett,"Large Filter coffee - 1.80, Large Hot Chocolate - 1.70, Regular Chai latte - 2.30",5.8,CASH,
07/07/2024 15:11,Leeds,Walter Sanchez,"Regular Hot Chocolate - 1.40, Large Speciality Tea - English breakfast - 1.60",3.0,CARD,7379445649436036
07/07/2024 15:12,Leeds,Agnes Davis,Regular Speciality Tea - English breakfast - 1.30,1.3,CARD,6272552798617283
07/07/2024 15:13,Leeds,Jesse Thomas,"Large Iced americano - 2.50, Large Chai latte - 2.60, Regular Filter coffee - 1.50, Large Speciality Tea - English breakfast - 1.60",8.2,CARD,7027269176302868
07/07/2024 15:14,Leeds,Jorge Sullivan,Regular Hot Chocolate - 1.40,1.4,CARD,7763692244883860
07/07/2024 15:14,Leeds,James Yoes,"Large Filter coffee - 1.80, Large Chai latte - 2.60, Large Filter coffee - 1.80, Regular Hot Chocolate - 1.40",7.6,CARD,5433518403518575
07/07/2024 15:15,Leeds,Carl Sullivan,"Regular Iced americano - 2.15, Large Filter coffee - 1.80, Regular Chai latte - 2.30, Regular Filter coffee - 1.50",7.75,CARD,2961334056349581
07/07/2024 15:16,Leeds,Gordon Gonzalez,"Regular Speciality Tea - English breakfast - 1.30, Large Speciality Tea - English breakfast - 1.60, Large Filter coffee - 1.80",4.7,CASH,
07/07/2024 15:17,Leeds,Marie Williams,Large Filter coffee - 1.80,1.8,CARD,9088270425056271
07/07/2024 15:18,Leeds,Grace Clements,"Large Speciality Tea - English breakfast - 1.60, Regular Filter coffee - 1.50",3.1,CASH,
07/07/2024 15:19,Leeds,Walter Lien,"Large Filter coffee - 1.80, Large Speciality Tea - English breakfast - 1.60, Regular Iced americano - 2.15",5.55,CARD,4612567166074437
07/07/2024 15:20,Leeds,David Digeorgio,"Regular Chai latte - 2.30, Large Speciality Tea - English breakfast - 1.60, Large Iced americano - 2.50, Regular Filter coffee - 1.50, Large Hot Chocolate - 1.70",9.6,CARD,9696686725459715
07/07/2024 15:21,Leeds,Carl Harper,Large Chai latte - 2.60,2.6,CARD,7892516589631700
07/07/2024 15:21,Leeds,Timothy Moore,Large Filter coffee - 1.80,1.8,CASH,
07/07/2024 15:22,Leeds,Judith Keith,Large Speciality Tea - English breakfast - 1.60,1.6,CARD,9840733707610797
07/07/2024 15:23,Leeds,Violet Muckle,"Large Speciality Tea - English breakfast - 1.60, Large Hot Chocolate - 1.70, Regular Iced americano - 2.15, Large Filter coffee - 1.80",7.25,CARD,8036363563336598
07/07/2024 15:24,Leeds,Shonta Smith,Regular Speciality Tea - English breakfast - 1.30,1.3,CARD,2845972706673698
07/07/2024 15:25,Leeds,Joe Perkins,"Regular Speciality Tea - English breakfast - 1.30, Regular Speciality Tea - English breakfast - 1.30",2.6,CASH,
07/07/2024 15:26,Leeds,Pedro Fick,"Regular Hot Chocolate - 1.40, Regular Chai latte - 2.30",3.7,CARD,9677102226350770
07/07/2024 15:27,Leeds,Rosa Jackson,Large Speciality Tea - English breakfast - 1.60,1.6,CASH,
07/07/2024 15:28,Leeds,Steven Dobey,"Regular Speciality Tea - English breakfast - 1.30, Regular Chai latte - 2.30",3.6,CARD,7717991997125198
07/07/2024 15:29,Leeds,Paula Cochran,"Large Chai latte - 2.60, Regular Chai latte - 2.30",4.9,CARD,8832841158584192
07/07/2024 15:29,Leeds,Leonard Pruitt,"Regular Hot Chocolate - 1.40, Regular Hot Chocolate - 1.40, Large Speciality Tea - English breakfast - 1.60",4.4,CASH,
07/07/2024 15:30,Leeds,Cecelia Hambrick,"Regular Hot Chocolate - 1.40, Large Speciality Tea - English breakfast - 1.60, Regular Speciality Tea - English breakfast - 1.30, Regular Hot Chocolate - 1.40",5.7,CARD,7646153068684021
07/07/2024 15:31,Leeds,Elizabeth Smith,"Large Filter coffee - 1.80, Large Iced americano - 2.50, Large Filter coffee - 1.80, Large Chai latte - 2.60",8.7,CARD,6308514583513527
07/07/2024 15:32,Leeds,Edna Hudson,"Regular Filter coffee - 1.50, Regular Iced americano - 2.15",3.65,CARD,2649148546416610
07/07/2024 15:33,Leeds,Beverly Lewis,"Regular Iced americano - 2.15, Large Chai latte - 2.60, Regular Speciality Tea - English breakfast - 1.30, Large Chai latte - 2.60, Regular Chai latte - 2.30",10.95,CASH,
07/07/2024 15:34,Leeds,Stacey Munger,"Regular Hot Chocolate - 1.40, Regular Speciality Tea - English breakfast - 1.30, Large Speciality Tea - English breakfast - 1.60",4.3,CARD,6011363501667434
07/07/2024 15:35,Leeds,Grace Song,"Regular Filter coffee - 1.50, Regular Iced americano - 2.15",3.65,CARD,1867297747824341
07/07/2024 15:36,Leeds,Flora Beam,"Regular Iced americano - 2.15, Large Iced americano - 2.50",4.65,CARD,5490434121559229
07/07/2024 15:36,Leeds,Brian Donahue,"Regular Speciality Tea - English breakfast - 1.30, Regular Iced americano - 2.15, Regular Filter coffee - 1.50",4.95,CARD,5036238696690086
07/07/2024 15:37,Leeds,Joseph Shattuck,"Large Iced americano - 2.50, Large Chai latte - 2.60, Regular Hot Chocolate - 1.40",6.5,CARD,1381625166599091
07/07/2024 15:38,Leeds,Francisco Keeton,"Regular Hot Chocolate - 1.40, Regular Chai latte - 2.30, Large Speciality Tea - English breakfast - 1.60, Regular Chai latte - 2.30, Large Iced americano - 2.50",10.1,CARD,9388921054955285
07/07/2024 15:39,Leeds,Ella Clark,"Large Speciality Tea - English breakfast - 1.60, Regular Hot Chocolate - 1.40, Regular Chai latte - 2.30",5.3,CARD,4276615325793892
07/07/2024 15:40,Leeds,Tyrone Jenkins,"Regular Speciality Tea - English breakfast - 1.30, Large Speciality Tea - English breakfast - 1.60",2.9,CASH,
07/07/2024 15:41,Leeds,Clifford Kinsinger,Regular Chai latte - 2.30,2.3,CARD,9978428686296047
07/07/2024 15:42,Leeds,Rocky Morales,"Large Hot Chocolate - 1.70, Regular Iced americano - 2.15",3.85,CARD,7610644852788736
07/07/2024 15:43,Leeds,Richard Nunez,"Large Speciality Tea - English breakfast - 1.60, Regular Iced americano - 2.15, Regular Iced americano - 2.15, Regular Speciality Tea - English breakfast - 1.30, Regular Chai latte - 2.30",9.5,CASH,
07/07/2024 15:43,Leeds,Sue Gonzalez,"Regular Speciality Tea - English breakfast - 1.30, Regular Filter coffee - 1.50, Large Hot Chocolate - 1.70",4.5,CARD,5627178709163357
07/07/2024 15:44,Leeds,Larry Highsmith,Large Iced americano - 2.50,2.5,CARD,1750234520714653
07/07/2024 15:45,Leeds,Luciano Poe,"Large Speciality Tea - English breakfast - 1.60, Regular Filter coffee - 1.50, Regular Speciality Tea - English breakfast - 1.30, Large Iced americano - 2.50",6.9,CARD,4810976929612486
07/07/2024 15:46,Leeds,Nadine Thomas,Regular Chai latte - 2.30,2.3,CASH,
07/07/2024 15:47,Leeds,Norma Edmunds,"Regular Chai latte - 2.30, Large Filter coffee - 1.80",4.1,CASH,
07/07/2024 15:48,Leeds,Sandra Ryan,Regular Chai latte - 2.30,2.3,CARD,9523386528491306
07/07/2024 15:49,Leeds,Lewis Troy,"Large Hot Chocolate - 1.70, Regular Hot Chocolate - 1.40",3.1,CARD,7286581342029723
07/07/2024 15:50,Leeds,Janet Fannell,Regular Filter coffee - 1.50,1.5,CARD,2966839587291919
07/07/2024 15:50,Leeds,Mary Pearson,"Large Chai latte - 2.60, Large Filter coffee - 1.80, Large Chai latte - 2.60",7.0,CASH,
07/07/2024 15:51,Leeds,Jay Miller,"Regular Chai latte - 2.30, Large Chai latte - 2.60, Regular Filter coffee - 1.50, Regular Iced americano - 2.15",8.55,CARD,6013413512444746
07/07/2024 15:52,Leeds,Michele Mulligan,"Regular Chai latte - 2.30, Regular Hot Chocolate - 1.40",3.7,CARD,6663938376816465
07/07/2024 15:53,Leeds,Robert Varga,"Large Hot Chocolate - 1.70, Regular Speciality Tea - English breakfast - 1.30, Regular Filter coffee - 1.50",4.5,CASH,
07/07/2024 15:54,Leeds,Connie Eaves,"Large Hot Chocolate - 1.70, Large Filter coffee - 1.80, Regular Filter coffee - 1.50, Large Hot Chocolate - 1.70, Regular Hot Chocolate - 1.40",8.1,CARD,2481591397849823
07/07/2024 15:55,Leeds,Martha Barnett,"Regular Chai latte - 2.30, Large Speciality Tea - English breakfast - 1.60",3.9,CASH,
07/07/2024 15:56,Leeds,Alison Treloar,"Large Hot Chocolate - 1.70, Regular Iced americano - 2.15, Large Speciality Tea - English breakfast - 1.60",5.45,CARD,4574767866100602
07/07/2024 15:57,Leeds,Bruce Pendergrass,Large Speciality Tea - English breakfast - 1.60,1.6,CARD,9701294720127005
07/07/2024 15:57,Leeds,Margeret Bencomo,Regular Speciality Tea - English breakfast - 1.30,1.3,CARD,4600664256759940
07/07/2024 15:58,Leeds,Howard Gannon,"Large Speciality Tea - English breakfast - 1.60, Large Hot Chocolate - 1.70, Large Filter coffee - 1.80, Regular Hot Chocolate - 1.40",6.5,CASH,
07/07/2024 15:59,Leeds,Rickey Fisher,"Regular Chai latte - 2.30, Regular Filter coffee - 1.50, Regular Hot Chocolate - 1.40, Regular Chai latte - 2.30, Large Iced americano - 2.50",10.0,CASH,
07/07/2024 16:00,Leeds,Michelle Smith,Large Speciality Tea - English breakfast - 1.60,1.6,CARD,3472508240744749
07/07/2024 16:02,Leeds,Ethel Smith,"Large Chai latte - 2.60, Regular Chai latte - 2.30",4.9,CARD,4469738732333053
07/07/2024 16:04,Leeds,Melvin Harris,"Regular Filter coffee - 1.50, Regular Filter coffee - 1.50, Regular Speciality Tea - English breakfast - 1.30, Large Chai latte - 2.60",6.9,CARD,5022728717853280
07/07/2024 16:05,Leeds,Frank Barton,Regular Chai latte - 2.30,2.3,CARD,5449183384415768
07/07/2024 16:07,Leeds,Sacha White,"Large Speciality Tea - English breakfast - 1.60, Large Chai latte - 2.60, Regular Iced americano - 2.15",6.35,CARD,7240465862521402
07/07/2024 16:09,Leeds,Ann Fromm,"Large Filter coffee - 1.80, Regular Filter coffee - 1.50",3.3,CARD,2243648215265971
07/07/2024 16:11,Leeds,Ann Smith,"Regular Hot Chocolate - 1.40, Regular Chai latte - 2.30",3.7,CARD,5706823201124868
07/07/2024 16:12,Leeds,Malissa Morrison,Large Iced americano - 2.50,2.5,CARD,6667697370850495
07/07/2024 16:14,Leeds,Gary Rhodes,Large Filter coffee - 1.80,1.8,CASH,
07/07/2024 16:16,Leeds,Martin Lamb,"Large Hot Chocolate - 1.70, Regular Hot Chocolate - 1.40, Regular Filter coffee - 1.50, Regular Chai latte - 2.30, Large Chai latte - 2.60",9.5,CASH,
07/07/2024 16:18,Leeds,Doretha Cosenza,"Regular Speciality Tea - English breakfast - 1.30, Large Speciality Tea - English breakfast - 1.60, Large Filter coffee - 1.80",4.7,CARD,9392271859005150
07/07/2024 16:19,Leeds,Keri Torres,"Regular Iced americano - 2.15, Regular Filter coffee - 1.50",3.65,CARD,8148664637881933
07/07/2024 16:21,Leeds,Amy Herold,"Large Chai latte - 2.60, Regular Filter coffee - 1.50",4.1,CARD,4532922713281469
07/07/2024 16:23,Leeds,Della Phipps,"Large Iced americano - 2.50, Large Speciality Tea - English breakfast - 1.60, Large Chai latte - 2.60, Large Iced americano - 2.50",9.2,CASH,
07/07/2024 16:25,Leeds,Kathleen Miles,"Regular Filter coffee - 1.50, Large Speciality Tea - English breakfast - 1.60, Large Speciality Tea - English breakfast - 1.60, Regular Speciality Tea - English breakfast - 1.30, Large Iced americano - 2.50, Large Hot Chocolate - 1.70",10.2,CASH,
07/07/2024 16:26,Leeds,Larry Patton,"Regular Hot Chocolate - 1.40, Regular Hot Chocolate - 1.40",2.8,CARD,1030279481076278
07/07/2024 16:28,Leeds,Alfred Latham,"Regular Hot Chocolate - 1.40, Large Filter coffee - 1.80",3.2,CARD,5989375413594867
07/07/2024 16:30,Leeds,Martha Luma,"Large Hot Chocolate - 1.70, Large Chai latte - 2.60",4.3,CARD,6781615171560188
07/07/2024 16:32,Leeds,Jacinto Bushey,Regular Filter coffee - 1.50,1.5,CASH,
07/07/2024 16:33,Leeds,Arnold Cremeans,"Large Speciality Tea - English breakfast - 1.60, Regular Filter coffee - 1.50",3.1,CARD,4403731164661048
07/07/2024 16:35,Leeds,Dennis Gonzalez,"Large Chai latte - 2.60, Regular Hot Chocolate - 1.40, Regular Hot Chocolate - 1.40, Regular Filter coffee - 1.50",6.9,CARD,6342487796014459
07/07/2024 16:37,Leeds,Nick Gordon,"Large Chai latte - 2.60, Regular Hot Chocolate - 1.40, Large Speciality Tea - English breakfast - 1.60, Large Filter coffee - 1.80, Regular Chai latte - 2.30, Large Filter coffee - 1.80",11.5,CARD,5872619787864808
07/07/2024 16:39,Leeds,Sam Hull,Regular Speciality Tea - English breakfast - 1.30,1.3,CASH,
07/07/2024 16:41,Leeds,Quentin Dauphin,"Large Iced americano - 2.50, Large Chai latte - 2.60, Regular Speciality Tea - English breakfast - 1.30, Regular Filter coffee - 1.50, Regular Filter coffee - 1.50",9.4,CASH,
07/07/2024 16:42,Leeds,Jacqueline Crick,"Large Hot Chocolate - 1.70, Large Hot Chocolate - 1.70",3.4,CASH,
07/07/2024 16:44,Leeds,Mildred Morris,"Regular Hot Chocolate - 1.40, Regular Speciality Tea - English breakfast - 1.30",2.7,CARD,9936678279214347
07/07/2024 16:46,Leeds,Mary Rezak,"Large Hot Chocolate - 1.70, Large Speciality Tea - English breakfast - 1.60, Large Iced americano - 2.50",5.8,CASH,
07/07/2024 16:48,Leeds,Ray Gray,"Large Iced americano - 2.50, Regular Chai latte - 2.30",4.8,CARD,7501795842273025
07/07/2024 16:49,Leeds,Corey Galvis,Large Hot Chocolate - 1.70,1.7,CASH,
07/07/2024 16:51,Leeds,Lee Gaither,"Regular Filter coffee - 1.50, Regular Filter coffee - 1.50",3.0,CARD,5530576425400801
07/07/2024 16:53,Leeds,Laura Dickson,"Large Iced americano - 2.50, Large Speciality Tea - English breakfast - 1.60, Regular Filter coffee - 1.50",5.6,CASH,
07/07/2024 16:55,Leeds,Cheryl Romero,"Regular Speciality Tea - English breakfast - 1.30, Regular Filter coffee - 1.50, Large Speciality Tea - English breakfast - 1.60, Regular Filter coffee - 1.50",5.9,CARD,5115522664537629
07/07/2024 16:56,Leeds,Carl Freeman,Large Filter coffee - 1.80,1.8,CARD,9746110502970093
07/07/2024 16:58,Leeds,Lisa Parra,"Regular Filter coffee - 1.50, Regular Iced americano - 2.15",3.65,CARD,4088504661931188
