07/07/2024 09:00,London Camden,Susan Ardrey,"Regular Flavoured hot chocolate - Vanilla - 2.60, Regular Flavoured hot chocolate - Hazelnut - 2.60, Large Chai latte - 2.60",7.8,CASH,
07/07/2024 09:02,London Camden,William Mccarthy,"Large Flavoured hot chocolate - Hazelnut - 2.90, Large Iced latte - 2.85",5.75,CARD,1234019243028381
07/07/2024 09:05,London Camden,Ted Marek,"Large Iced latte - 2.85, Large Chai latte - 2.60",5.45,CARD,8968355367014451
07/07/2024 09:08,London Camden,Clay Bundren,"Regular Flavoured hot chocolate - Vanilla - 2.60, Large Luxury hot chocolate - 2.70, Regular Hot chocolate - 2.20",7.5,CARD,8319847368860179
07/07/2024 09:10,London Camden,Edna Solomons,"Large Iced latte - 2.85, Large Luxury hot chocolate - 2.70, Regular Hot chocolate - 2.20, Regular Chai latte - 2.30, Regular Luxury hot chocolate - 2.40",12.45,CASH,
07/07/2024 09:13,London Camden,Young Day,"Regular Luxury hot chocolate - 2.40, Large Speciality Tea - Peppermint - 1.60, Large Chai latte - 2.60, Regular Flavoured latte - Vanilla - 2.55",9.15,CARD,2477913179696227
07/07/2024 09:16,London Camden,Benito Banks,"Regular Flavoured latte - Vanilla - 2.55, Large Flavoured hot chocolate - Vanilla - 2.90",5.45,CARD,9121099172613918
07/07/2024 09:19,London Camden,Jewel Page,"Large Luxury hot chocolate - 2.70, Regular Iced latte - 2.35, Large Flavoured hot chocolate - Vanilla - 2.90",7.95,CARD,8718094459415872
07/07/2024 09:21,London Camden,Annie Hess,Regular Chai latte - 2.30,2.3,CARD,7842907560272695
07/07/2024 09:24,London Camden,Francisco Valdez,Large Flavoured latte - Vanilla - 2.85,2.85,CARD,8946208096862941
07/07/2024 09:27,London Camden,Phillip Floer,Regular Speciality Tea - Peppermint - 1.30,1.3,CARD,1150662826313173
07/07/2024 09:29,London Camden,John Buchauer,"Large Hot chocolate - 2.90, Regular Flavoured latte - Vanilla - 2.55",5.45,CARD,3949917508283778
07/07/2024 09:32,London Camden,Mary Sutton,"Large Flavoured hot chocolate - Vanilla - 2.90, Regular Speciality Tea - Peppermint - 1.30, Large Hot chocolate - 2.90, Large Speciality Tea - Peppermint - 1.60, Regular Flavoured hot chocolate - Hazelnut - 2.60",11.3,CARD,1701837341729688
07/07/2024 09:35,London Camden,Leah Kochel,"Regular Flavoured hot chocolate - Vanilla - 2.60, Regular Luxury hot chocolate - 2.40, Large Flavoured latte - Vanilla - 2.85",7.85,CARD,1865411678696870
07/07/2024 09:38,London Camden,David Burke,Large Flavoured latte - Vanilla - 2.85,2.85,CARD,2701238199259266
07/07/2024 09:40,London Camden,William Eyre,"Large Chai latte - 2.60, Large Iced latte - 2.85",5.45,CARD,5328071212297790
07/07/2024 09:43,London Camden,Thomas Nolin,"Large Flavoured hot chocolate - Hazelnut - 2.90, Large Speciality Tea - Peppermint - 1.60",4.5,CASH,
07/07/2024 09:46,London Camden,Luis Hull,"Regular Flavoured hot chocolate - Vanilla - 2.60, Large Chai latte - 2.60, Regular Flavoured hot chocolate - Vanilla - 2.60, Large Luxury hot chocolate - 2.70",10.5,CARD,3689139052279656
07/07/2024 09:48,London Camden,Bruce Ferrell,"Large Flavoured latte - Vanilla - 2.85, Large Speciality Tea - Peppermint - 1.60, Large Flavoured latte - Vanilla - 2.85, Large Luxury hot chocolate - 2.70, Large Hot chocolate - 2.90, Regular Iced latte - 2.35",15.25,CARD,1723229294141190
07/07/2024 09:51,London Camden,Nicole Mcqueen,"Large Hot chocolate - 2.90, Regular Luxury hot chocolate - 2.40, Large Iced latte - 2.85",8.15,CARD,3701433769879492
07/07/2024 09:54,London Camden,Jannie Endsley,Large Chai latte - 2.60,2.6,CARD,9403062370865500
07/07/2024 09:57,London Camden,Janet Collins,Regular Chai latte - 2.30,2.3,CARD,1239447986342566
07/07/2024 09:59,London Camden,Julie Hillsgrove,Regular Flavoured hot chocolate - Hazelnut - 2.60,2.6,CARD,5874386721659349
07/07/2024 10:02,London Camden,Larry Garcia,"Large Flavoured hot chocolate - Hazelnut - 2.90, Regular Flavoured hot chocolate - Vanilla - 2.60, Regular Flavoured hot chocolate - Vanilla - 2.60",8.1,CASH,
07/07/2024 10:04,London Camden,Evelyn Galvan,"Regular Flavoured hot chocolate - Vanilla - 2.60, Regular Speciality Tea - Peppermint - 1.30, Regular Hot chocolate - 2.20, Regular Flavoured hot chocolate - Vanilla - 2.60, Large Iced latte - 2.85",11.55,CASH,
07/07/2024 10:06,London Camden,Erika Morris,"Regular Chai latte - 2.30, Regular Flavoured hot chocolate - Hazelnut - 2.60, Large Hot chocolate - 2.90",7.8,CARD,2206519710564272
07/07/2024 10:09,London Camden,John Haskins,Large Flavoured latte - Vanilla - 2.85,2.85,CARD,3212789269213497
07/07/2024 10:11,London Camden,Joann Deitz,"Large Luxury hot chocolate - 2.70, Regular Speciality Tea - Peppermint - 1.30",4.0,CARD,6922557971411656
07/07/2024 10:13,London Camden,Nell Reed,"Large Flavoured latte - Vanilla - 2.85, Regular Luxury hot chocolate - 2.40, Large Chai latte - 2.60, Regular Flavoured hot chocolate - Vanilla - 2.60",10.45,CASH,
07/07/2024 10:15,London Camden,Daniel Bowen,Regular Hot chocolate - 2.20,2.2,CARD,1713642056131758
07/07/2024 10:18,London Camden,Janice Mcintosh,"Regular Flavoured hot chocolate - Vanilla - 2.60, Large Flavoured hot chocolate - Hazelnut - 2.90, Large Luxury hot chocolate - 2.70, Large Flavoured hot chocolate - Hazelnut - 2.90",11.1,CASH,
07/07/2024 10:20,London Camden,Larry Meyer,"Large Flavoured hot chocolate - Hazelnut - 2.90, Large Speciality Tea - Peppermint - 1.60, Large Speciality Tea - Peppermint - 1.60",6.1,CASH,
07/07/2024 10:22,London Camden,James Gonzales,Large Luxury hot chocolate - 2.70,2.7,CARD,7048752133372945
07/07/2024 10:24,London Camden,Naomi Tillman,Regular Iced latte - 2.35,2.35,CARD,7875432555960790
07/07/2024 10:26,London Camden,Jim Mcmillan,Large Flavoured hot chocolate - Hazelnut - 2.90,2.9,CARD,5623846804240974
07/07/2024 10:29,London Camden,Richard Chandler,Regular Hot chocolate - 2.20,2.2,CARD,4307711310308623
07/07/2024 10:31,London Camden,Domenica Molina,"Regular Flavoured latte - Vanilla - 2.55, Regular Chai latte - 2.30",4.85,CARD,8727623881946442
07/07/2024 10:33,London Camden,Helen Delgado,"Large Flavoured latte - Vanilla - 2.85, Large Chai latte - 2.60, Regular Iced latte - 2.35, Regular Speciality Tea - Peppermint - 1.30, Regular Iced latte - 2.35",11.45,CARD,3173994399672574
07/07/2024 10:35,London Camden,Alfred Charney,Large Luxury hot chocolate - 2.70,2.7,CASH,
07/07/2024 10:37,London Camden,Edmund Salas,"Regular Speciality Tea - Peppermint - 1.30, Regular Flavoured hot chocolate - Hazelnut - 2.60, Regular Flavoured latte - Vanilla - 2.55, Large Chai latte - 2.60",9.05,CARD,5740474120859146
07/07/2024 10:40,London Camden,Forrest Whitmore,"Large Flavoured hot chocolate - Hazelnut - 2.90, Regular Flavoured hot chocolate - Vanilla - 2.60, Large Flavoured hot chocolate - Hazelnut - 2.90",8.4,CARD,1424270308920257
07/07/2024 10:42,London Camden,Bryan Barlow,"Large Flavoured hot chocolate - Vanilla - 2.90, Regular Flavoured latte - Vanilla - 2.55",5.45,CARD,8241837456168132
07/07/2024 10:44,London Camden,Timothy Richardson,"Regular Speciality Tea - Peppermint - 1.30, Large Speciality Tea - Peppermint - 1.60",2.9,CARD,8950411708889602
07/07/2024 10:46,London Camden,Ramona Jarrard,"Regular Speciality Tea - Peppermint - 1.30, Regular Hot chocolate - 2.20, Regular Speciality Tea - Peppermint - 1.30",4.8,CARD,7686816245930466
07/07/2024 10:49,London Camden,Jacob Lucas,Large Chai latte - 2.60,2.6,CARD,9039690598568706
07/07/2024 10:51,London Camden,John Lutz,"Large Iced latte - 2.85, Large Chai latte - 2.60",5.45,CARD,4970617877717304
07/07/2024 10:53,London Camden,Gary Alteri,"Large Hot chocolate - 2.90, Regular Luxury hot chocolate - 2.40, Large Flavoured hot chocolate - Hazelnut - 2.90, Regular Flavoured hot chocolate - Vanilla - 2.60, Large Hot chocolate - 2.90",13.7,CARD,7034183356147425
07/07/2024 10:55,London Camden,Edward Gooding,Regular Luxury hot chocolate - 2.40,2.4,CARD,9902778130204217
07/07/2024 10:57,London Camden,Virginia Smith,"Large Flavoured hot chocolate - Hazelnut - 2.90, Large Speciality Tea - Peppermint - 1.60, Regular Hot chocolate - 2.20, Large Flavoured hot chocolate - Vanilla - 2.90, Regular Iced latte - 2.35",11.95,CARD,3672762709853333
07/07/2024 11:00,London Camden,Bobby Bowen,Large Luxury hot chocolate - 2.70,2.7,CASH,
07/07/2024 11:02,London Camden,Beth Brown,"Large Hot chocolate - 2.90, Large Hot chocolate - 2.90",5.8,CARD,4322230558433055
07/07/2024 11:05,London Camden,Michael Marlin,"Regular Flavoured hot chocolate - Hazelnut - 2.60, Large Speciality Tea - Peppermint - 1.60",4.2,CARD,8222137441819599
07/07/2024 11:07,London Camden,Helen Johnson,"Large Flavoured hot chocolate - Hazelnut - 2.90, Large Flavoured latte - Vanilla - 2.85, Regular Chai latte - 2.30",8.05,CARD,8921045664372293
07/07/2024 11:10,London Camden,Dennis Thomas,"Large Flavoured hot chocolate - Vanilla - 2.90, Large Hot chocolate - 2.90, Large Hot chocolate - 2.90, Large Speciality Tea - Peppermint - 1.60",10.3,CARD,8541125301852341
07/07/2024 11:12,London Camden,Christine Knudsen,Large Luxury hot chocolate - 2.70,2.7,CASH,
07/07/2024 11:15,London Camden,Sharon Hunt,"Large Chai latte - 2.60, Large Speciality Tea - Peppermint - 1.60, Regular Flavoured latte - Vanilla - 2.55",6.75,CASH,
07/07/2024 11:17,London Camden,Joy Hedrick,"Large Chai latte - 2.60, Large Chai latte - 2.60",5.2,CASH,
07/07/2024 11:20,London Camden,James Fields,Large Speciality Tea - Peppermint - 1.60,1.6,CARD,1055219859461277
07/07/2024 11:22,London Camden,Darlene Hathaway,Regular Speciality Tea - Peppermint - 1.30,1.3,CARD,3932795201088792
07/07/2024 11:25,London Camden,Raymundo Mceuen,"Regular Flavoured latte - Vanilla - 2.55, Regular Flavoured hot chocolate - Hazelnut - 2.60, Large Flavoured latte - Vanilla - 2.85, Regular Luxury hot chocolate - 2.40, Large Luxury hot chocolate - 2.70",13.1,CASH,
07/07/2024 11:27,London Camden,Shandra Roman,Large Chai latte - 2.60,2.6,CARD,1382601894920309
07/07/2024 11:30,London Camden,Francisco Elkins,Regular Flavoured hot chocolate - Hazelnut - 2.60,2.6,CASH,
07/07/2024 11:32,London Camden,William Palovick,"Regular Flavoured latte - Vanilla - 2.55, Large Flavoured hot chocolate - Hazelnut - 2.90, Regular Flavoured hot chocolate - Vanilla - 2.60, Regular Flavoured latte - Vanilla - 2.55, Regular Flavoured latte - Vanilla - 2.55",13.15,CARD,2061974072690773
07/07/2024 11:35,London Camden,Robert Sloane,Regular Flavoured hot chocolate - Vanilla - 2.60,2.6,CARD,9693566294710628
07/07/2024 11:37,London Camden,Chester Maguire,"Regular Flavoured hot chocolate - Vanilla - 2.60, Large Flavoured hot chocolate - Hazelnut - 2.90, Large Flavoured latte - Vanilla - 2.85, Regular Flavoured latte - Vanilla - 2.55, Regular Hot chocolate - 2.20",13.1,CARD,4338316383586433
07/07/2024 11:40,London Camden,Tracy Buss,Regular Hot chocolate - 2.20,2.2,CARD,3743047006809642
07/07/2024 11:42,London Camden,Ellen Jackson,"Large Flavoured hot chocolate - Hazelnut - 2.90, Regular Luxury hot chocolate - 2.40, Regular Flavoured hot chocolate - Vanilla - 2.60, Large Flavoured hot chocolate - Vanilla - 2.90, Large Iced latte - 2.85",13.65,CASH,
07/07/2024 11:45,London Camden,David Durso,Large Speciality Tea - Peppermint - 1.60,1.6,CARD,3185631792996741
07/07/2024 11:47,London Camden,Wendy Lozano,Large Hot chocolate - 2.90,2.9,CARD,9910980510674476
07/07/2024 11:50,London Camden,Susan Crook,"Large Hot chocolate - 2.90, Large Flavoured hot chocolate - Vanilla - 2.90",5.8,CARD,8218200284680416
07/07/2024 11:52,London Camden,Roosevelt Ambrosino,"Regular Flavoured hot chocolate - Vanilla - 2.60, Large Luxury hot chocolate - 2.70, Regular Flavoured hot chocolate - Vanilla - 2.60, Large Hot chocolate - 2.90, Regular Luxury hot chocolate - 2.40, Large Speciality Tea - Peppermint - 1.60",14.8,CASH,
07/07/2024 11:55,London Camden,Blair Titus,"Regular Flavoured hot chocolate - Hazelnut - 2.60, Large Iced latte - 2.85, Large Chai latte - 2.60, Large Iced latte - 2.85, Large Iced latte - 2.85",13.75,CASH,
07/07/2024 11:57,London Camden,Neil Walters,"Large Iced latte - 2.85, Large Chai latte - 2.60",5.45,CASH,
07/07/2024 12:00,London Camden,Rodney Pohl,"Large Speciality Tea - Peppermint - 1.60, Regular Chai latte - 2.30",3.9,CARD,6832523076272147
07/07/2024 12:02,London Camden,Richard Lomonaco,Regular Iced latte - 2.35,2.35,CASH,
07/07/2024 12:03,London Camden,Kyle Camp,"Large Chai latte - 2.60, Regular Flavoured hot chocolate - Hazelnut - 2.60, Regular Flavoured latte - Vanilla - 2.55",7.75,CASH,
07/07/2024 12:05,London Camden,Siu Coles,Large Luxury hot chocolate - 2.70,2.7,CARD,9521558418434878
07/07/2024 12:07,London Camden,Millard Hooten,"Large Chai latte - 2.60, Regular Speciality Tea - Peppermint - 1.30, Large Chai latte - 2.60",6.5,CARD,5125634906583912
07/07/2024 12:09,London Camden,Ernest Haley,"Large Flavoured hot chocolate - Vanilla - 2.90, Large Flavoured hot chocolate - Hazelnut - 2.90, Large Luxury hot chocolate - 2.70",8.5,CARD,7556281831741923
07/07/2024 12:11,London Camden,Lynn Bridges,Large Hot chocolate - 2.90,2.9,CASH,
07/07/2024 12:13,London Camden,Tony Mccoy,Large Flavoured hot chocolate - Vanilla - 2.90,2.9,CARD,1109094741876228
07/07/2024 12:15,London Camden,Andrew Dart,"Large Speciality Tea - Peppermint - 1.60, Large Flavoured hot chocolate - Hazelnut - 2.90, Regular Flavoured hot chocolate - Vanilla - 2.60, Regular Flavoured hot chocolate - Vanilla - 2.60, Regular Luxury hot chocolate - 2.40",12.1,CASH,
07/07/2024 12:17,London Camden,Evelyn Nicholas,"Regular Luxury hot chocolate - 2.40, Large Speciality Tea - Peppermint - 1.60, Regular Hot chocolate - 2.20, Regular Speciality Tea - Peppermint - 1.30",7.5,CARD,8643607961743284
07/07/2024 12:19,London Camden,Adam Treuter,Regular Luxury hot chocolate - 2.40,2.4,CARD,8435447809641382
07/07/2024 12:21,London Camden,Harold Palmer,"Large Luxury hot chocolate - 2.70, Large Iced latte - 2.85, Regular Flavoured hot chocolate - Vanilla - 2.60, Large Chai latte - 2.60",10.75,CARD,8064609343263865
07/07/2024 12:23,London Camden,Sonia Seburg,"Large Luxury hot chocolate - 2.70, Large Flavoured hot chocolate - Hazelnut - 2.90, Regular Speciality Tea - Peppermint - 1.30, Regular Flavoured hot chocolate - Vanilla - 2.60, Large Hot chocolate - 2.90, Large Flavoured latte - Vanilla - 2.85",15.25,CARD,5770416470757385
07/07/2024 12:25,London Camden,Candace Minor,"Regular Flavoured hot chocolate - Vanilla - 2.60, Regular Flavoured hot chocolate - Hazelnut - 2.60",5.2,CASH,
07/07/2024 12:27,London Camden,Elizabeth Sinstack,Large Chai latte - 2.60,2.6,CARD,7166268004908219
07/07/2024 12:29,London Camden,Geraldine Strickland,"Regular Speciality Tea - Peppermint - 1.30, Large Flavoured hot chocolate - Hazelnut - 2.90, Regular Chai latte - 2.30",6.5,CASH,
07/07/2024 12:31,London Camden,Loren Anderson,"Large Hot chocolate - 2.90, Regular Flavoured latte - Vanilla - 2.55",5.45,CARD,4273043732620313
07/07/2024 12:32,London Camden,Ben Hines,"Regular Chai latte - 2.30, Regular Speciality Tea - Peppermint - 1.30",3.6,CASH,
07/07/2024 12:34,London Camden,Yvonne Joyce,Large Flavoured hot chocolate - Vanilla - 2.90,2.9,CARD,8834856141768529
07/07/2024 12:36,London Camden,Norma Dunlap,Large Speciality Tea - Peppermint - 1.60,1.6,CASH,
07/07/2024 12:38,London Camden,Robert Turner,"Regular Speciality Tea - Peppermint - 1.30, Regular Hot chocolate - 2.20, Regular Flavoured latte - Vanilla - 2.55, Regular Luxury hot chocolate - 2.40",8.45,CARD,1840723457518864
07/07/2024 12:40,London Camden,Heather Waldrup,"Large Flavoured hot chocolate - Hazelnut - 2.90, Regular Speciality Tea - Peppermint - 1.30, Regular Speciality Tea - Peppermint - 1.30, Large Chai latte - 2.60, Large Iced latte - 2.85, Regular Chai latte - 2.30",13.25,CARD,7074944901448142
07/07/2024 12:42,London Camden,Kayla Wismer,"Regular Speciality Tea - Peppermint - 1.30, Large Luxury hot chocolate - 2.70, Large Flavoured hot chocolate - Hazelnut - 2.90",6.9,CARD,6276759681866562
07/07/2024 12:44,London Camden,Benita Dalton,"Regular Luxury hot chocolate - 2.40, Large Flavoured latte - Vanilla - 2.85, Large Iced latte - 2.85",8.1,CASH,
07/07/2024 12:46,London Camden,Dustin Hinton,"Regular Flavoured latte - Vanilla - 2.55, Regular Flavoured hot chocolate - Vanilla - 2.60, Large Speciality Tea - Peppermint - 1.60",6.75,CARD,3653942586236084
07/07/2024 12:48,London Camden,James Hunstad,Regular Iced latte - 2.35,2.35,CARD,1835019309314982
07/07/2024 12:50,London Camden,April Mora,Large Luxury hot chocolate - 2.70,2.7,CASH,
07/07/2024 12:52,London Camden,Norma Sibley,"Large Flavoured hot chocolate - Hazelnut - 2.90, Regular Hot chocolate - 2.20, Large Flavoured latte - Vanilla - 2.85",7.95,CASH,
07/07/2024 12:54,London Camden,Patsy Almond,Regular Chai latte - 2.30,2.3,CARD,9974835650041948
07/07/2024 12:56,London Camden,Carolyn Williams,"Regular Flavoured hot chocolate - Vanilla - 2.60, Regular Iced latte - 2.35, Large Flavoured hot chocolate - Vanilla - 2.90",7.85,CARD,5503451353684245
07/07/2024 12:58,London Camden,Rhonda Greene,"Large Chai latte - 2.60, Large Flavoured latte - Vanilla - 2.85, Large Iced latte - 2.85, Large Chai latte - 2.60, Large Iced latte - 2.85",13.75,CARD,1266107695722629
07/07/2024 13:00,London Camden,John Woodruff,"Regular Chai latte - 2.30, Regular Hot chocolate - 2.20, Large Flavoured latte - Vanilla - 2.85, Regular Flavoured hot chocolate - Vanilla - 2.60, Regular Chai latte - 2.30, Regular Flavoured latte - Vanilla - 2.55",14.8,CASH,
07/07/2024 13:00,London Camden,Victoria Macdougall,Large Flavoured latte - Vanilla - 2.85,2.85,CARD,7985866124125617
07/07/2024 13:01,London Camden,Lucinda Evans,"Large Hot chocolate - 2.90, Regular Iced latte - 2.35, Large Flavoured hot chocolate - Hazelnut - 2.90",8.15,CARD,1980526489787367
07/07/2024 13:02,London Camden,Debra Mays,"Regular Flavoured latte - Vanilla - 2.55, Large Speciality Tea - Peppermint - 1.60",4.15,CARD,3816542285034358
07/07/2024 13:03,London Camden,Charles Barker,Regular Speciality Tea - Peppermint - 1.30,1.3,CARD,7128851494248991
07/07/2024 13:04,London Camden,Beatrice Blackard,"Regular Iced latte - 2.35, Regular Iced latte - 2.35, Regular Flavoured hot chocolate - Vanilla - 2.60",7.3,CASH,
07/07/2024 13:05,London Camden,Marlene Brown,"Large Luxury hot chocolate - 2.70, Regular Flavoured hot chocolate - Hazelnut - 2.60, Large Flavoured hot chocolate - Hazelnut - 2.90, Regular Flavoured latte - Vanilla - 2.55, Regular Chai latte - 2.30",13.05,CARD,9350185279211928
07/07/2024 13:06,London Camden,Karen Romriell,"Regular Hot chocolate - 2.20, Regular Chai latte - 2.30, Large Hot chocolate - 2.90, Large Chai latte - 2.60, Large Flavoured latte - Vanilla - 2.85",12.85,CARD,8689817884009550
07/07/2024 13:07,London Camden,Roy Macaluso,"Regular Speciality Tea - Peppermint - 1.30, Large Iced latte - 2.85, Regular Hot chocolate - 2.20, Regular Flavoured hot chocolate - Hazelnut - 2.60, Regular Iced latte - 2.35",11.3,CARD,6676495277543806
07/07/2024 13:08,London Camden,Len Tucker,Large Flavoured hot chocolate - Vanilla - 2.90,2.9,CASH,
07/07/2024 13:08,London Camden,Debra Talamo,Regular Hot chocolate - 2.20,2.2,CARD,9793852132632358
07/07/2024 13:09,London Camden,Anthony Leavitt,"Large Flavoured hot chocolate - Vanilla - 2.90, Regular Flavoured latte - Vanilla - 2.55, Large Flavoured hot chocolate - Hazelnut - 2.90, Regular Flavoured hot chocolate - Vanilla - 2.60",10.95,CASH,
07/07/2024 13:10,London Camden,Brenda Wertz,"Regular Speciality Tea - Peppermint - 1.30, Regular Flavoured latte - Vanilla - 2.55",3.85,CARD,6788863090535454
07/07/2024 13:11,London Camden,Guillermina Stone,Large Chai latte - 2.60,2.6,CARD,3610610408437005
07/07/2024 13:12,London Camden,Francisca Hauck,"Large Luxury hot chocolate - 2.70, Large Flavoured hot chocolate - Vanilla - 2.90",5.6,CASH,
07/07/2024 13:13,London Camden,Joshua Easley,"Regular Iced latte - 2.35, Regular Flavoured latte - Vanilla - 2.55, Regular Luxury hot chocolate - 2.40, Large Iced latte - 2.85",10.15,CARD,9239906754578226
07/07/2024 13:14,London Camden,Karina Tafoya,Large Chai latte - 2.60,2.6,CASH,
07/07/2024 13:15,London Camden,Faye Downs,"Large Iced latte - 2.85, Large Flavoured hot chocolate - Hazelnut - 2.90, Large Flavoured latte - Vanilla - 2.85, Regular Iced latte - 2.35",10.95,CARD,5475876427273642
07/07/2024 13:15,London Camden,Sandra Hatcher,"Regular Speciality Tea - Peppermint - 1.30, Large Flavoured latte - Vanilla - 2.85, Regular Speciality Tea - Peppermint - 1.30",5.45,CARD,4448993921134155
07/07/2024 13:16,London Camden,Patricia Hightower,Regular Hot chocolate - 2.20,2.2,CASH,
07/07/2024 13:17,London Camden,Jerry Groves,"Regular Flavoured latte - Vanilla - 2.55, Large Iced latte - 2.85, Regular Hot chocolate - 2.20, Regular Speciality Tea - Peppermint - 1.30, Regular Flavoured hot chocolate - Vanilla - 2.60",11.5,CARD,7185109018586989
07/07/2024 13:18,London Camden,Kathleen Vasquez,"Large Chai latte - 2.60, Large Iced latte - 2.85, Regular Luxury hot chocolate - 2.40",7.85,CARD,4233497557720557
07/07/2024 13:19,London Camden,Jeannie Cancelliere,"Large Hot chocolate - 2.90, Large Speciality Tea - Peppermint - 1.60, Regular Hot chocolate - 2.20",6.7,CARD,7619132721121688
07/07/2024 13:20,London Camden,Frances Dixon,"Large Flavoured latte - Vanilla - 2.85, Large Speciality Tea - Peppermint - 1.60, Regular Speciality Tea - Peppermint - 1.30",5.75,CARD,4152173453959701
07/07/2024 13:21,London Camden,Anna Rooney,"Regular Iced latte - 2.35, Large Flavoured latte - Vanilla - 2.85, Regular Luxury hot chocolate - 2.40, Large Flavoured latte - Vanilla - 2.85, Large Flavoured hot chocolate - Vanilla - 2.90",13.35,CASH,
07/07/2024 13:22,London Camden,Renita Egbert,"Large Flavoured hot chocolate - Vanilla - 2.90, Large Luxury hot chocolate - 2.70, Regular Flavoured hot chocolate - Vanilla - 2.60",8.2,CARD,9176140391132692
07/07/2024 13:23,London Camden,Edgar Westfield,"Large Flavoured hot chocolate - Vanilla - 2.90, Regular Flavoured hot chocolate - Hazelnut - 2.60",5.5,CARD,1657746028501179
07/07/2024 13:23,London Camden,Donald Brisbin,"Regular Chai latte - 2.30, Regular Flavoured hot chocolate - Hazelnut - 2.60, Regular Iced latte - 2.35, Regular Iced latte - 2.35",9.6,CARD,3499333231479810
07/07/2024 13:24,London Camden,Marcella Cirrincione,"Regular Speciality Tea - Peppermint - 1.30, Regular Flavoured hot chocolate - Vanilla - 2.60, Large Speciality Tea - Peppermint - 1.60, Regular Flavoured hot chocolate - Vanilla - 2.60, Regular Speciality Tea - Peppermint - 1.30, Large Speciality Tea - Peppermint - 1.60",11.0,CARD,1566601665311363
07/07/2024 13:25,London Camden,Donald Figueroa,Regular Flavoured hot chocolate - Vanilla - 2.60,2.6,CARD,5851482572320748
07/07/2024 13:26,London Camden,Gabriel Young,"Regular Hot chocolate - 2.20, Regular Hot chocolate - 2.20",4.4,CARD,4725984567735889
07/07/2024 13:27,London Camden,Silas Hilty,"Regular Flavoured latte - Vanilla - 2.55, Large Luxury hot chocolate - 2.70",5.25,CARD,1445812665587222
07/07/2024 13:28,London Camden,Rick Yankee,"Regular Hot chocolate - 2.20, Regular Chai latte - 2.30, Regular Iced latte - 2.35, Large Speciality Tea - Peppermint - 1.60",8.45,CARD,2890557022345983
07/07/2024 13:29,London Camden,Marjorie Sackett,Regular Flavoured hot chocolate - Vanilla - 2.60,2.6,CARD,6174103707412515
07/07/2024 13:30,London Camden,James Numbers,Regular Chai latte - 2.30,2.3,CARD,9027244264389460
07/07/2024 13:30,London Camden,Leonard Young,"Large Flavoured hot chocolate - Hazelnut - 2.90, Regular Iced latte - 2.35",5.25,CARD,8735520870775047
07/07/2024 13:31,London Camden,Maria Hendricks,"Regular Flavoured latte - Vanilla - 2.55, Regular Chai latte - 2.30, Large Iced latte - 2.85",7.7,CARD,8613676022797962
07/07/2024 13:32,London Camden,Carol Thyng,"Regular Iced latte - 2.35, Regular Hot chocolate - 2.20, Regular Flavoured latte - Vanilla - 2.55, Regular Iced latte - 2.35",9.45,CARD,9477285168107721
07/07/2024 13:33,London Camden,Bridgette Decker,Large Hot chocolate - 2.90,2.9,CARD,1170219863378211
07/07/2024 13:34,London Camden,Caitlin Rivera,"Large Chai latte - 2.60, Regular Flavoured latte - Vanilla - 2.55, Large Chai latte - 2.60, Large Luxury hot chocolate - 2.70",10.45,CASH,
07/07/2024 13:35,London Camden,Gary Nimox,"Large Iced latte - 2.85, Regular Flavoured latte - Vanilla - 2.55, Large Flavoured hot chocolate - Vanilla - 2.90",8.3,CARD,6762589995003239
07/07/2024 13:36,London Camden,Ian Delacruz,Regular Flavoured hot chocolate - Vanilla - 2.60,2.6,CASH,
07/07/2024 13:37,London Camden,John Throgmorton,"Large Chai latte - 2.60, Large Speciality Tea - Peppermint - 1.60, Regular Iced latte - 2.35, Regular Speciality Tea - Peppermint - 1.30, Large Chai latte - 2.60",10.45,CASH,
07/07/2024 13:38,London Camden,Jason Thompson,"Regular Speciality Tea - Peppermint - 1.30, Regular Chai latte - 2.30, Large Chai latte - 2.60, Regular Chai latte - 2.30, Large Flavoured hot chocolate - Vanilla - 2.90",11.4,CARD,7580500546778659
07/07/2024 13:38,London Camden,Richard Liefer,"Large Chai latte - 2.60, Regular Hot chocolate - 2.20, Large Speciality Tea - Peppermint - 1.60",6.4,CARD,5475740791933411
07/07/2024 13:39,London Camden,Claudia Toney,"Large Iced latte - 2.85, Regular Flavoured hot chocolate - Vanilla - 2.60, Regular Flavoured hot chocolate - Vanilla - 2.60, Regular Speciality Tea - Peppermint - 1.30, Regular Flavoured latte - Vanilla - 2.55",11.9,CASH,
07/07/2024 13:40,London Camden,Hugh Smith,Large Luxury hot chocolate - 2.70,2.7,CASH,
07/07/2024 13:41,London Camden,Rose Moore,Large Chai latte - 2.60,2.6,CARD,7521525344757433
07/07/2024 13:42,London Camden,Todd Willoughby,"Regular Luxury hot chocolate - 2.40, Large Hot chocolate - 2.90, Regular Flavoured latte - Vanilla - 2.55, Large Hot chocolate - 2.90",10.75,CASH,
07/07/2024 13:43,London Camden,Evelyn Dandy,"Large Flavoured latte - Vanilla - 2.85, Large Flavoured latte - Vanilla - 2.85, Regular Iced latte - 2.35",8.05,CARD,5033803759284026
07/07/2024 13:44,London Camden,Gary Bailey,"Regular Luxury hot chocolate - 2.40, Regular Iced latte - 2.35, Regular Luxury hot chocolate - 2.40, Regular Flavoured latte - Vanilla - 2.55",9.7,CASH,
07/07/2024 13:45,London Camden,Patricia Paulson,"Regular Speciality Tea - Peppermint - 1.30, Regular Speciality Tea - Peppermint - 1.30, Regular Iced latte - 2.35",4.95,CARD,9874852261826798
07/07/2024 13:45,London Camden,Susan Franklin,"Large Flavoured hot chocolate - Vanilla - 2.90, Regular Speciality Tea - Peppermint - 1.30",4.2,CARD,3851856569567033
07/07/2024 13:46,London Camden,Stanley Davis,Regular Chai latte - 2.30,2.3,CARD,1899622173026430
07/07/2024 13:47,London Camden,Faye Johnson,"Large Luxury hot chocolate - 2.70, Large Flavoured hot chocolate - Vanilla - 2.90, Large Flavoured latte - Vanilla - 2.85, Regular Hot chocolate - 2.20",10.65,CARD,8387306377324073
07/07/2024 13:48,London Camden,Janet Brown,"Regular Luxury hot chocolate - 2.40, Regular Flavoured hot chocolate - Hazelnut - 2.60, Large Luxury hot chocolate - 2.70, Large Flavoured hot chocolate - Hazelnut - 2.90, Large Flavoured hot chocolate - Hazelnut - 2.90, Regular Flavoured hot chocolate - Hazelnut - 2.60",16.1,CARD,3857836070674864
07/07/2024 13:49,London Camden,Johnny Mems,"Regular Iced latte - 2.35, Regular Flavoured hot chocolate - Hazelnut - 2.60",4.95,CASH,
07/07/2024 13:50,London Camden,David Pagliari,"Large Hot chocolate - 2.90, Large Hot chocolate - 2.90",5.8,CASH,
07/07/2024 13:51,London Camden,Bertha Wood,"Regular Chai latte - 2.30, Regular Chai latte - 2.30",4.6,CARD,7968548924457521
07/07/2024 13:52,London Camden,Michael Snider,"Large Iced latte - 2.85, Regular Speciality Tea - Peppermint - 1.30",4.15,CARD,3506131798411100
07/07/2024 13:53,London Camden,Jennifer Ellis,Regular Flavoured hot chocolate - Hazelnut - 2.60,2.6,CASH,
07/07/2024 13:53,London Camden,Rhonda Kim,"Large Speciality Tea - Peppermint - 1.60, Large Flavoured hot chocolate - Hazelnut - 2.90, Regular Chai latte - 2.30",6.8,CARD,1012259532017155
07/07/2024 13:54,London Camden,Charles Haskell,Large Hot chocolate - 2.90,2.9,CARD,9375953099034887
07/07/2024 13:55,London Camden,Dwayne Murphy,Regular Luxury hot chocolate - 2.40,2.4,CARD,5194661382848471
07/07/2024 13:56,London Camden,Irene Ocegueda,Regular Chai latte - 2.30,2.3,CARD,3807432089630180
07/07/2024 13:57,London Camden,Margret Carter,"Large Luxury hot chocolate - 2.70, Regular Speciality Tea - Peppermint - 1.30, Large Flavoured hot chocolate - Hazelnut - 2.90",6.9,CASH,
07/07/2024 13:58,London Camden,Ronald Smith,Large Flavoured hot chocolate - Vanilla - 2.90,2.9,CARD,8519752421188657
07/07/2024 13:59,London Camden,Linda Steele,"Large Flavoured hot chocolate - Vanilla - 2.90, Regular Flavoured latte - Vanilla - 2.55",5.45,CARD,5222234204166103
07/07/2024 14:00,London Camden,Pete Bibbins,"Regular Speciality Tea - Peppermint - 1.30, Regular Speciality Tea - Peppermint - 1.30",2.6,CARD,5876601492001762
07/07/2024 14:00,London Camden,Brant Campbell,"Regular Hot chocolate - 2.20, Large Speciality Tea - Peppermint - 1.60, Large Iced latte - 2.85",6.65,CASH,
07/07/2024 14:01,London Camden,Ronald Arnold,Large Luxury hot chocolate - 2.70,2.7,CASH,
07/07/2024 14:02,London Camden,Marsha Whitehead,Large Flavoured latte - Vanilla - 2.85,2.85,CARD,7272721824448943
07/07/2024 14:03,London Camden,Jason Knight,"Regular Flavoured hot chocolate - Vanilla - 2.60, Regular Flavoured hot chocolate - Hazelnut - 2.60, Large Speciality Tea - Peppermint - 1.60, Regular Iced latte - 2.35",9.15,CARD,4404293148659050
07/07/2024 14:04,London Camden,Jennifer Roy,"Regular Iced latte - 2.35, Regular Speciality Tea - Peppermint - 1.30",3.65,CARD,3578978271844390
07/07/2024 14:05,London Camden,Kelli Steele,"Regular Speciality Tea - Peppermint - 1.30, Regular Iced latte - 2.35, Large Speciality Tea - Peppermint - 1.60",5.25,CASH,
07/07/2024 14:06,London Camden,Roger Jones,"Large Flavoured hot chocolate - Hazelnut - 2.90, Large Hot chocolate - 2.90, Large Flavoured latte - Vanilla - 2.85",8.65,CARD,1408792028891548
07/07/2024 14:07,London Camden,Carlos Grey,"Regular Flavoured hot chocolate - Vanilla - 2.60, Regular Hot chocolate - 2.20, Large Flavoured hot chocolate - Hazelnut - 2.90",7.7,CASH,
07/07/2024 14:07,London Camden,Michael Roberts,Regular Flavoured hot chocolate - Hazelnut - 2.60,2.6,CARD,3110273162154160
07/07/2024 14:08,London Camden,Sarah Kivett,"Large Flavoured latte - Vanilla - 2.85, Large Luxury hot chocolate - 2.70",5.55,CASH,
07/07/2024 14:09,London Camden,Vincent Mulholland,"Regular Flavoured hot chocolate - Hazelnut - 2.60, Regular Flavoured hot chocolate - Vanilla - 2.60, Large Chai latte - 2.60",7.8,CARD,3323281920466866
07/07/2024 14:10,London Camden,Patricia Lewis,"Large Speciality Tea - Peppermint - 1.60, Regular Flavoured hot chocolate - Vanilla - 2.60",4.2,CASH,
07/07/2024 14:11,London Camden,Cynthia Courtney,Regular Luxury hot chocolate - 2.40,2.4,CARD,2144408400821290
07/07/2024 14:12,London Camden,Israel Mendez,"Regular Flavoured latte - Vanilla - 2.55, Large Flavoured hot chocolate - Vanilla - 2.90, Large Luxury hot chocolate - 2.70, Large Flavoured hot chocolate - Hazelnut - 2.90",11.05,CARD,2259405040674791
07/07/2024 14:13,London Camden,Jesse Ford,Large Speciality Tea - Peppermint - 1.60,1.6,CARD,8212868611710642
07/07/2024 14:13,London Camden,Myrtle French,"Large Flavoured hot chocolate - Hazelnut - 2.90, Regular Flavoured latte - Vanilla - 2.55, Large Flavoured hot chocolate - Vanilla - 2.90",8.35,CARD,8142511993024506
07/07/2024 14:14,London Camden,Joe Humpherys,"Large Iced latte - 2.85, Regular Iced latte - 2.35, Regular Flavoured hot chocolate - Vanilla - 2.60",7.8,CASH,
07/07/2024 14:15,London Camden,Jessica Tornatore,"Regular Hot chocolate - 2.20, Large Speciality Tea - Peppermint - 1.60, Regular Chai latte - 2.30, Large Chai latte - 2.60, Large Flavoured latte - Vanilla - 2.85",11.55,CARD,9158841244791346
07/07/2024 14:16,London Camden,Rosalie Johnson,Regular Flavoured hot chocolate - Vanilla - 2.60,2.6,CARD,1797568107339175
07/07/2024 14:17,London Camden,Zachary Flanagan,"Regular Luxury hot chocolate - 2.40, Regular Luxury hot chocolate - 2.40",4.8,CARD,7830528495412892
07/07/2024 14:18,London Camden,Miguel Betz,"Regular Speciality Tea - Peppermint - 1.30, Large Iced latte - 2.85",4.15,CARD,9780559891898726
07/07/2024 14:19,London Camden,Stephanie Gehrmann,Large Speciality Tea - Peppermint - 1.60,1.6,CARD,7255246235446519
07/07/2024 14:20,London Camden,Brian Riddle,"Large Speciality Tea - Peppermint - 1.60, Large Flavoured hot chocolate - Vanilla - 2.90, Regular Hot chocolate - 2.20, Large Flavoured hot chocolate - Hazelnut - 2.90, Large Hot chocolate - 2.90",12.5,CARD,9031481443270529
07/07/2024 14:20,London Camden,Bethel Ramirez,"Large Flavoured hot chocolate - Vanilla - 2.90, Large Hot chocolate - 2.90, Regular Flavoured hot chocolate - Vanilla - 2.60",8.4,CASH,
07/07/2024 14:21,London Camden,Nathan Hodgkins,Large Iced latte - 2.85,2.85,CARD,2528079775383904
07/07/2024 14:22,London Camden,Lavonia Hauser,"Regular Speciality Tea - Peppermint - 1.30, Large Luxury hot chocolate - 2.70, Regular Iced latte - 2.35",6.35,CARD,6245399141173501
07/07/2024 14:23,London Camden,Jimmie Ransome,Regular Flavoured latte - Vanilla - 2.55,2.55,CASH,
07/07/2024 14:24,London Camden,Angela Nedley,"Regular Flavoured hot chocolate - Vanilla - 2.60, Large Speciality Tea - Peppermint - 1.60, Regular Chai latte - 2.30, Large Chai latte - 2.60",9.1,CASH,
07/07/2024 14:25,London Camden,Barbara Coleman,"Regular Speciality Tea - Peppermint - 1.30, Large Hot chocolate - 2.90, Regular Hot chocolate - 2.20",6.4,CARD,7166533794196575
07/07/2024 14:26,London Camden,Mary Lopez,"Large Chai latte - 2.60, Large Flavoured hot chocolate - Vanilla - 2.90, Regular Luxury hot chocolate - 2.40",7.9,CARD,3181882568628341
07/07/2024 14:26,London Camden,George Olive,"Large Speciality Tea - Peppermint - 1.60, Large Iced latte - 2.85, Regular Luxury hot chocolate - 2.40, Regular Flavoured hot chocolate - Hazelnut - 2.60, Large Flavoured hot chocolate - Vanilla - 2.90",12.35,CARD,9656753386368965
07/07/2024 14:27,London Camden,Maria Mooring,"Regular Flavoured hot chocolate - Vanilla - 2.60, Regular Chai latte - 2.30, Regular Flavoured hot chocolate - Vanilla - 2.60, Large Flavoured hot chocolate - Hazelnut - 2.90, Large Iced latte - 2.85",13.25,CASH,
07/07/2024 14:28,London Camden,Philip Rodriguez,"Regular Hot chocolate - 2.20, Regular Speciality Tea - Peppermint - 1.30, Regular Speciality Tea - Peppermint - 1.30",4.8,CARD,9383718442973946
07/07/2024 14:29,London Camden,Eric Hardee,Regular Speciality Tea - Peppermint - 1.30,1.3,CASH,
07/07/2024 14:30,London Camden,Joseph Nelson,"Regular Flavoured hot chocolate - Vanilla - 2.60, Large Chai latte - 2.60, Large Flavoured latte - Vanilla - 2.85",8.05,CARD,6444863434080951
07/07/2024 14:31,London Camden,Joseph Boothe,Large Hot chocolate - 2.90,2.9,CARD,9797597564838734
07/07/2024 14:32,London Camden,Lindsay Couch,"Regular Speciality Tea - Peppermint - 1.30, Regular Chai latte - 2.30",3.6,CASH,
07/07/2024 14:33,London Camden,Michael Watson,Regular Luxury hot chocolate - 2.40,2.4,CARD,1630941747568752
07/07/2024 14:33,London Camden,Wesley Jones,"Large Luxury hot chocolate - 2.70, Regular Flavoured hot chocolate - Hazelnut - 2.60, Large Hot chocolate - 2.90, Regular Flavoured hot chocolate - Vanilla - 2.60",10.8,CASH,
07/07/2024 14:34,London Camden,Vivian Sanders,"Large Flavoured hot chocolate - Vanilla - 2.90, Large Flavoured latte - Vanilla - 2.85, Large Flavoured hot chocolate - Vanilla - 2.90, Large Chai latte - 2.60",11.25,CARD,2681463762641116
07/07/2024 14:35,London Camden,Ruth Anderson,"Large Flavoured hot chocolate - Vanilla - 2.90, Regular Chai latte - 2.30",5.2,CARD,6812069328549770
07/07/2024 14:36,London Camden,Andrew Moroni,"Large Flavoured hot chocolate - Hazelnut - 2.90, Large Iced latte - 2.85",5.75,CASH,
07/07/2024 14:37,London Camden,Frances Schulze,"Regular Speciality Tea - Peppermint - 1.30, Regular Chai latte - 2.30, Large Flavoured hot chocolate - Vanilla - 2.90",6.5,CARD,7227933371494387
07/07/2024 14:38,London Camden,Billie Haney,"Large Luxury hot chocolate - 2.70, Regular Iced latte - 2.35, Regular Flavoured hot chocolate - Hazelnut - 2.60",7.65,CARD,7265376812151883
07/07/2024 14:39,London Camden,Elizabeth Boucher,"Regular Flavoured latte - Vanilla - 2.55, Regular Flavoured hot chocolate - Vanilla - 2.60",5.15,CASH,
07/07/2024 14:39,London Camden,Barbara Paige,Large Chai latte - 2.60,2.6,CARD,5782582129797976
07/07/2024 14:40,London Camden,Carl Audet,"Large Flavoured latte - Vanilla - 2.85, Regular Flavoured hot chocolate - Vanilla - 2.60",5.45,CASH,
07/07/2024 14:41,London Camden,William Wilson,"Regular Chai latte - 2.30, Regular Chai latte - 2.30, Large Iced latte - 2.85",7.45,CASH,
07/07/2024 14:42,London Camden,Justin Nguyen,Large Speciality Tea - Peppermint - 1.60,1.6,CASH,
07/07/2024 14:43,London Camden,Paul Rose,Large Speciality Tea - Peppermint - 1.60,1.6,CARD,5479988421013356
07/07/2024 14:44,London Camden,Isaac Frazier,"Regular Flavoured latte - Vanilla - 2.55, Large Luxury hot chocolate - 2.70, Large Luxury hot chocolate - 2.70, Regular Hot chocolate - 2.20",10.15,CARD,6675541652659754
07/07/2024 14:45,London Camden,Ruby Martin,Large Speciality Tea - Peppermint - 1.60,1.6,CARD,4587113721500119
07/07/2024 14:46,London Camden,Shari Pruneda,"Large Chai latte - 2.60, Regular Iced latte - 2.35, Large Speciality Tea - Peppermint - 1.60",6.55,CARD,7159173942261714
07/07/2024 14:46,London Camden,Lula Lee,"Large Flavoured latte - Vanilla - 2.85, Regular Speciality Tea - Peppermint - 1.30, Large Chai latte - 2.60, Regular Chai latte - 2.30",9.05,CASH,
07/07/2024 14:47,London Camden,Janet Vandenheuvel,"Large Flavoured latte - Vanilla - 2.85, Large Flavoured latte - Vanilla - 2.85",5.7,CASH,
07/07/2024 14:48,London Camden,Lynn Rodriguez,Large Flavoured hot chocolate - Vanilla - 2.90,2.9,CARD,7540671164268801
07/07/2024 14:49,London Camden,Charlotte Gibbs,Large Flavoured hot chocolate - Vanilla - 2.90,2.9,CARD,1605580938233521
07/07/2024 14:50,London Camden,Nicole Koenig,Large Iced latte - 2.85,2.85,CASH,
07/07/2024 14:51,London Camden,Katherine Finger,"Regular Luxury hot chocolate - 2.40, Regular Luxury hot chocolate - 2.40, Large Flavoured hot chocolate - Vanilla - 2.90, Large Iced latte - 2.85",10.55,CASH,
07/07/2024 14:52,London Camden,Jessica Poux,"Regular Flavoured latte - Vanilla - 2.55, Regular Speciality Tea - Peppermint - 1.30, Large Luxury hot chocolate - 2.70",6.55,CARD,2732174425844525
07/07/2024 14:52,London Camden,David Clark,"Regular Luxury hot chocolate - 2.40, Regular Flavoured hot chocolate - Vanilla - 2.60, Regular Speciality Tea - Peppermint - 1.30, Large Luxury hot chocolate - 2.70, Large Hot chocolate - 2.90",11.9,CASH,
07/07/2024 14:53,London Camden,Sheila Watters,"Large Hot chocolate - 2.90, Regular Luxury hot chocolate - 2.40, Large Speciality Tea - Peppermint - 1.60, Regular Flavoured hot chocolate - Vanilla - 2.60",9.5,CARD,4210438827318475
07/07/2024 14:54,London Camden,Joe Gillis,"Large Flavoured hot chocolate - Vanilla - 2.90, Regular Speciality Tea - Peppermint - 1.30",4.2,CASH,
07/07/2024 14:55,London Camden,Lisa Hawkins,"Regular Luxury hot chocolate - 2.40, Large Chai latte - 2.60, Regular Flavoured latte - Vanilla - 2.55",7.55,CASH,
07/07/2024 14:56,London Camden,Bernard Macchione,"Regular Hot chocolate - 2.20, Regular Iced latte - 2.35, Large Speciality Tea - Peppermint - 1.60",6.15,CARD,7797538039893980
07/07/2024 14:57,London Camden,Erik Corley,"Large Chai latte - 2.60, Regular Luxury hot chocolate - 2.40",5.0,CARD,5256738406694672
07/07/2024 14:58,London Camden,Edwin Shy,"Large Speciality Tea - Peppermint - 1.60, Large Chai latte - 2.60, Regular Flavoured latte - Vanilla - 2.55",6.75,CARD,8412784225535912
07/07/2024 14:59,London Camden,Katherine Ponce,"Regular Chai latte - 2.30, Large Speciality Tea - Peppermint - 1.60, Regular Flavoured latte - Vanilla - 2.55, Large Flavoured hot chocolate - Vanilla - 2.90, Large Iced latte - 2.85, Regular Luxury hot chocolate - 2.40",14.6,CARD,6065114247583919
07/07/2024 14:59,London Camden,Maybell Gatling,"Large Chai latte - 2.60, Large Luxury hot chocolate - 2.70, Large Speciality Tea - Peppermint - 1.60, Regular Flavoured hot chocolate - Hazelnut - 2.60, Large Flavoured latte - Vanilla - 2.85",12.35,CARD,2863659009590454
07/07/2024 15:00,London Camden,Anita Lora,"Large Flavoured hot chocolate - Vanilla - 2.90, Large Luxury hot chocolate - 2.70",5.6,CASH,
07/07/2024 15:01,London Camden,Wesley Veenstra,"Regular Flavoured hot chocolate - Hazelnut - 2.60, Large Flavoured hot chocolate - Hazelnut - 2.90, Regular Speciality Tea - Peppermint - 1.30",6.8,CARD,8438436989811044
07/07/2024 15:03,London Camden,Catharine Gutierrez,Regular Flavoured latte - Vanilla - 2.55,2.55,CARD,7888362754114572
07/07/2024 15:04,London Camden,Mildred Lewis,"Large Flavoured hot chocolate - Hazelnut - 2.90, Large Luxury hot chocolate - 2.70",5.6,CARD,9124955916494954
07/07/2024 15:05,London Camden,Luis Marana,"Regular Luxury hot chocolate - 2.40, Large Luxury hot chocolate - 2.70, Regular Speciality Tea - Peppermint - 1.30",6.4,CARD,5720676639986178
07/07/2024 15:06,London Camden,Danielle Sneed,"Regular Hot chocolate - 2.20, Large Speciality Tea - Peppermint - 1.60, Regular Chai latte - 2.30",6.1,CASH,
07/07/2024 15:07,London Camden,Josephine Marin,"Large Speciality Tea - Peppermint - 1.60, Regular Iced latte - 2.35",3.95,CARD,1651428662976474
07/07/2024 15:08,London Camden,Ruth Tobias,Regular Flavoured hot chocolate - Vanilla - 2.60,2.6,CARD,6204196406175062
07/07/2024 15:10,London Camden,Roy Yeakley,"Regular Chai latte - 2.30, Regular Hot chocolate - 2.20",4.5,CARD,6787598535648452
07/07/2024 15:11,London Camden,Roger Lester,"Regular Luxury hot chocolate - 2.40, Large Chai latte - 2.60, Regular Iced latte - 2.35, Large Hot chocolate - 2.90",10.25,CARD,6994596466858205
07/07/2024 15:12,London Camden,Jeffrey Clark,"Regular Flavoured hot chocolate - Vanilla - 2.60, Large Flavoured hot chocolate - Vanilla - 2.90, Large Hot chocolate - 2.90",8.4,CARD,8076391700890523
07/07/2024 15:13,London Camden,Earl Duke,Large Luxury hot chocolate - 2.70,2.7,CARD,2274120173821723
07/07/2024 15:14,London Camden,Linda Charles,Large Hot chocolate - 2.90,2.9,CASH,
07/07/2024 15:15,London Camden,Thomas Markham,"Regular Hot chocolate - 2.20, Large Speciality Tea - Peppermint - 1.60",3.8,CARD,1994919764952943
07/07/2024 15:17,London Camden,Frances Smith,"Large Flavoured hot chocolate - Hazelnut - 2.90, Regular Flavoured latte - Vanilla - 2.55, Large Chai latte - 2.60, Regular Luxury hot chocolate - 2.40",10.45,CASH,
07/07/2024 15:18,London Camden,Mary Dunn,Regular Iced latte - 2.35,2.35,CASH,
07/07/2024 15:19,London Camden,Jerome Clarence,"Regular Flavoured hot chocolate - Vanilla - 2.60, Regular Speciality Tea - Peppermint - 1.30, Regular Luxury hot chocolate - 2.40",6.3,CARD,2396610082049082
07/07/2024 15:20,London Camden,Steven Taylor,Regular Flavoured hot chocolate - Vanilla - 2.60,2.6,CARD,1751644728321669
07/07/2024 15:21,London Camden,Jessie Medina,"Large Chai latte - 2.60, Large Iced latte - 2.85, Large Flavoured hot chocolate - Hazelnut - 2.90",8.35,CARD,9790896940004001
07/07/2024 15:22,London Camden,Lois Hanks,Regular Hot chocolate - 2.20,2.2,CARD,3234385231609486
07/07/2024 15:24,London Camden,Chaya Michel,"Regular Speciality Tea - Peppermint - 1.30, Large Hot chocolate - 2.90, Large Flavoured latte - Vanilla - 2.85",7.05,CARD,5756589809416100
07/07/2024 15:25,London Camden,Maria Wilson,"Regular Speciality Tea - Peppermint - 1.30, Large Chai latte - 2.60",3.9,CARD,4846739884149646
07/07/2024 15:26,London Camden,Vashti Charlie,"Large Flavoured hot chocolate - Vanilla - 2.90, Regular Luxury hot chocolate - 2.40",5.3,CASH,
07/07/2024 15:27,London Camden,Jane Mitchell,"Large Luxury hot chocolate - 2.70, Regular Speciality Tea - Peppermint - 1.30",4.0,CARD,4972628071122770
07/07/2024 15:28,London Camden,Frank Osher,"Regular Flavoured latte - Vanilla - 2.55, Regular Flavoured latte - Vanilla - 2.55, Large Flavoured latte - Vanilla - 2.85, Regular Luxury hot chocolate - 2.40, Large Flavoured hot chocolate - Vanilla - 2.90",13.25,CASH,
07/07/2024 15:29,London Camden,Terrence Turner,"Regular Chai latte - 2.30, Regular Hot chocolate - 2.20, Regular Chai latte - 2.30",6.8,CARD,9672494095460448
07/07/2024 15:31,London Camden,Mary Vasquez,Regular Speciality Tea - Peppermint - 1.30,1.3,CARD,5507953055086731
07/07/2024 15:32,London Camden,Leona Benson,"Large Iced latte - 2.85, Large Luxury hot chocolate - 2.70, Large Flavoured latte - Vanilla - 2.85, Regular Chai latte - 2.30",10.7,CARD,6132490682826913
07/07/2024 15:33,London Camden,Rose Banick,"Large Speciality Tea - Peppermint - 1.60, Regular Flavoured hot chocolate - Vanilla - 2.60, Large Speciality Tea - Peppermint - 1.60, Regular Flavoured latte - Vanilla - 2.55, Regular Flavoured hot chocolate - Hazelnut - 2.60",10.95,CARD,2537191788064015
07/07/2024 15:34,London Camden,Robert Crosby,"Regular Flavoured latte - Vanilla - 2.55, Large Flavoured hot chocolate - Vanilla - 2.90",5.45,CARD,2348654230043871
07/07/2024 15:35,London Camden,Lisa Rothman,"Large Speciality Tea - Peppermint - 1.60, Regular Chai latte - 2.30, Large Speciality Tea - Peppermint - 1.60",5.5,CARD,3116045140488765
07/07/2024 15:36,London Camden,Sharon Baker,Regular Flavoured hot chocolate - Vanilla - 2.60,2.6,CARD,2449616970550519
07/07/2024 15:38,London Camden,Robert Hobson,"Regular Flavoured hot chocolate - Hazelnut - 2.60, Regular Flavoured hot chocolate - Hazelnut - 2.60, Large Luxury hot chocolate - 2.70",7.9,CARD,6324632790483218
07/07/2024 15:39,London Camden,Joseph Hawkins,"Large Flavoured latte - Vanilla - 2.85, Regular Speciality Tea - Peppermint - 1.30",4.15,CARD,9302547918403209
07/07/2024 15:40,London Camden,Marylin Mulchrone,"Regular Iced latte - 2.35, Large Speciality Tea - Peppermint - 1.60, Large Speciality Tea - Peppermint - 1.60",5.55,CARD,3971378240071205
07/07/2024 15:41,London Camden,Nancy Akers,Large Flavoured latte - Vanilla - 2.85,2.85,CARD,6078977518005130
07/07/2024 15:42,London Camden,Michael Stovall,"Large Flavoured hot chocolate - Hazelnut - 2.90, Large Luxury hot chocolate - 2.70",5.6,CARD,6135972432872376
07/07/2024 15:43,London Camden,Wilma Corsaut,"Regular Hot chocolate - 2.20, Regular Flavoured latte - Vanilla - 2.55, Regular Luxury hot chocolate - 2.40",7.15,CASH,
07/07/2024 15:45,London Camden,Hubert Young,"Regular Chai latte - 2.30, Large Chai latte - 2.60, Regular Speciality Tea - Peppermint - 1.30, Large Flavoured hot chocolate - Hazelnut - 2.90",9.1,CARD,7642166122404337
07/07/2024 15:46,London Camden,Leo Krepps,"Regular Chai latte - 2.30, Regular Flavoured hot chocolate - Vanilla - 2.60, Regular Flavoured hot chocolate - Hazelnut - 2.60, Large Flavoured hot chocolate - Vanilla - 2.90, Large Speciality Tea - Peppermint - 1.60",12.0,CASH,
07/07/2024 15:47,London Camden,Donald Dumas,Large Flavoured latte - Vanilla - 2.85,2.85,CARD,5995738856790471
07/07/2024 15:48,London Camden,Billy Powell,"Regular Flavoured latte - Vanilla - 2.55, Regular Flavoured latte - Vanilla - 2.55",5.1,CASH,
07/07/2024 15:49,London Camden,William Littlejohn,"Large Speciality Tea - Peppermint - 1.60, Regular Speciality Tea - Peppermint - 1.30",2.9,CASH,
07/07/2024 15:50,London Camden,Joel Black,Regular Speciality Tea - Peppermint - 1.30,1.3,CARD,6754777783964829
07/07/2024 15:52,London Camden,Robert Owens,"Large Flavoured latte - Vanilla - 2.85, Large Iced latte - 2.85, Large Flavoured hot chocolate - Vanilla - 2.90, Regular Luxury hot chocolate - 2.40",11.0,CARD,1891253367524453
07/07/2024 15:53,London Camden,Joseph Powers,"Large Speciality Tea - Peppermint - 1.60, Large Iced latte - 2.85, Large Speciality Tea - Peppermint - 1.60, Large Flavoured latte - Vanilla - 2.85, Large Speciality Tea - Peppermint - 1.60",10.5,CASH,
07/07/2024 15:54,London Camden,Benjamin Smith,"Large Chai latte - 2.60, Regular Luxury hot chocolate - 2.40, Large Chai latte - 2.60, Large Luxury hot chocolate - 2.70",10.3,CARD,6460114992539445
07/07/2024 15:55,London Camden,Patricia Gillespie,"Large Chai latte - 2.60, Large Flavoured latte - Vanilla - 2.85",5.45,CARD,5712444442303515
07/07/2024 15:56,London Camden,Sherry Morales,"Regular Chai latte - 2.30, Large Flavoured hot chocolate - Vanilla - 2.90",5.2,CARD,1529803318278368
07/07/2024 15:57,London Camden,Elsie Hostetler,"Regular Speciality Tea - Peppermint - 1.30, Regular Flavoured hot chocolate - Hazelnut - 2.60, Large Speciality Tea - Peppermint - 1.60",5.5,CARD,9002560725505176
07/07/2024 15:59,London Camden,Richard Momeni,"Large Luxury hot chocolate - 2.70, Regular Speciality Tea - Peppermint - 1.30, Large Flavoured hot chocolate - Hazelnut - 2.90, Regular Hot chocolate - 2.20, Large Chai latte - 2.60",11.7,CASH,
07/07/2024 16:00,London Camden,Stephanie Roques,Regular Luxury hot chocolate - 2.40,2.4,CASH,
07/07/2024 16:02,London Camden,Grant Douglas,"Large Speciality Tea - Peppermint - 1.60, Large Speciality Tea - Peppermint - 1.60, Large Speciality Tea - Peppermint - 1.60, Regular Hot chocolate - 2.20, Regular Luxury hot chocolate - 2.40",9.4,CARD,5176745706608659
07/07/2024 16:04,London Camden,Dustin Alexander,"Large Flavoured hot chocolate - Hazelnut - 2.90, Large Hot chocolate - 2.90, Large Luxury hot chocolate - 2.70, Regular Chai latte - 2.30",10.8,CARD,2821114962076365
07/07/2024 16:06,London Camden,Carol Dunn,"Large Flavoured hot chocolate - Hazelnut - 2.90, Large Speciality Tea - Peppermint - 1.60, Large Iced latte - 2.85",7.35,CARD,3084976957599203
07/07/2024 16:09,London Camden,Susanne Sharp,"Large Hot chocolate - 2.90, Regular Flavoured latte - Vanilla - 2.55",5.45,CARD,5984401279014621
07/07/2024 16:11,London Camden,Barbara Waldman,"Regular Flavoured hot chocolate - Hazelnut - 2.60, Large Flavoured latte - Vanilla - 2.85",5.45,CASH,
07/07/2024 16:13,London Camden,Charles Eden,"Regular Luxury hot chocolate - 2.40, Regular Speciality Tea - Peppermint - 1.30, Large Flavoured latte - Vanilla - 2.85",6.55,CARD,8204599679876068
07/07/2024 16:15,London Camden,Matthew Rios,"Regular Luxury hot chocolate - 2.40, Large Flavoured hot chocolate - Vanilla - 2.90, Regular Chai latte - 2.30, Regular Flavoured latte - Vanilla - 2.55, Large Flavoured latte - Vanilla - 2.85",13.0,CARD,8179489804776700
07/07/2024 16:18,London Camden,Enrique Hoover,"Regular Luxury hot chocolate - 2.40, Large Flavoured hot chocolate - Hazelnut - 2.90, Large Speciality Tea - Peppermint - 1.60, Regular Iced latte - 2.35",9.25,CARD,3064254143432606
07/07/2024 16:20,London Camden,Troy Lamar,"Large Flavoured latte - Vanilla - 2.85, Large Speciality Tea - Peppermint - 1.60, Large Flavoured latte - Vanilla - 2.85, Regular Speciality Tea - Peppermint - 1.30, Large Luxury hot chocolate - 2.70, Regular Flavoured latte - Vanilla - 2.55",13.85,CARD,7225103237478808
07/07/2024 16:22,London Camden,Sean Coyle,"Large Flavoured latte - Vanilla - 2.85, Regular Flavoured latte - Vanilla - 2.55, Large Iced latte - 2.85, Large Flavoured hot chocolate - Vanilla - 2.90, Regular Chai latte - 2.30",13.45,CASH,
07/07/2024 16:24,London Camden,Maria Hunnicutt,"Regular Iced latte - 2.35, Regular Luxury hot chocolate - 2.40, Large Iced latte - 2.85, Large Chai latte - 2.60, Large Iced latte - 2.85",13.05,CASH,
07/07/2024 16:26,London Camden,Pamela Stinchcomb,"Large Chai latte - 2.60, Regular Flavoured hot chocolate - Vanilla - 2.60, Large Speciality Tea - Peppermint - 1.60",6.8,CARD,4123754311407547
07/07/2024 16:29,London Camden,Ruth Lin,"Regular Speciality Tea - Peppermint - 1.30, Large Chai latte - 2.60, Regular Speciality Tea - Peppermint - 1.30, Regular Iced latte - 2.35",7.55,CARD,4317112478324209
07/07/2024 16:31,London Camden,Shirley Whitlock,"Regular Luxury hot chocolate - 2.40, Regular Chai latte - 2.30, Large Flavoured latte - Vanilla - 2.85, Large Flavoured hot chocolate - Vanilla - 2.90, Large Luxury hot chocolate - 2.70",13.15,CASH,
07/07/2024 16:33,London Camden,Patricia Silvas,"Regular Hot chocolate - 2.20, Large Speciality Tea - Peppermint - 1.60",3.8,CASH,
07/07/2024 16:35,London Camden,Steven Kirby,"Regular Iced latte - 2.35, Regular Flavoured hot chocolate - Hazelnut - 2.60, Large Iced latte - 2.85, Regular Flavoured hot chocolate - Hazelnut - 2.60",10.4,CARD,6223628063102244
07/07/2024 16:37,London Camden,Nathaniel Pelletier,"Regular Chai latte - 2.30, Large Flavoured hot chocolate - Vanilla - 2.90, Large Speciality Tea - Peppermint - 1.60",6.8,CARD,8418374667109751
07/07/2024 16:40,London Camden,Brian Clark,"Large Flavoured hot chocolate - Hazelnut - 2.90, Large Hot chocolate - 2.90",5.8,CARD,5575554048021284
07/07/2024 16:42,London Camden,Christina Thomas,Regular Flavoured hot chocolate - Vanilla - 2.60,2.6,CASH,
07/07/2024 16:44,London Camden,William Pollock,"Regular Flavoured latte - Vanilla - 2.55, Large Luxury hot chocolate - 2.70, Regular Flavoured latte - Vanilla - 2.55, Large Flavoured hot chocolate - Vanilla - 2.90, Regular Flavoured latte - Vanilla - 2.55, Regular Speciality Tea - Peppermint - 1.30",14.55,CASH,
07/07/2024 16:46,London Camden,Richard Frazier,Large Luxury hot chocolate - 2.70,2.7,CARD,7807033135237151
07/07/2024 16:49,London Camden,Liz Stamison,"Large Hot chocolate - 2.90, Regular Hot chocolate - 2.20",5.1,CASH,
07/07/2024 16:51,London Camden,Christopher Fussell,Large Flavoured hot chocolate - Vanilla - 2.90,2.9,CARD,5022200730909708
07/07/2024 16:53,London Camden,Richard Swearingen,"Regular Hot chocolate - 2.20, Large Iced latte - 2.85",5.05,CARD,3722226350647508
07/07/2024 16:55,London Camden,Rashad Hicks,"Large Luxury hot chocolate - 2.70, Regular Flavoured hot chocolate - Vanilla - 2.60, Regular Flavoured hot chocolate - Hazelnut - 2.60, Regular Luxury hot chocolate - 2.40",10.3,CARD,9273161825205472
07/07/2024 16:57,London Camden,Cecil Philipps,"Regular Hot chocolate - 2.20, Regular Flavoured latte - Vanilla - 2.55, Regular Flavoured hot chocolate - Vanilla - 2.60, Large Flavoured hot chocolate - Vanilla - 2.90",10.25,CARD,5032328636648354
