07/07/2024 09:00,Longridge,Richard Piere,"Regular Smoothies - Glowing Greens - 2.00, Large Mocha - 2.70, Large Mocha - 2.70, Regular Mocha - 2.30, Regular Flavoured iced latte - Caramel - 2.75, Large Frappes - Strawberries & Cream - 3.25",15.7,CARD,1841187165362624
07/07/2024 09:01,Longridge,Tammy Hollis,Large Speciality Tea - Earl Grey - 1.60,1.6,CARD,6917674861110867
07/07/2024 09:02,Longridge,David Pontes,"Regular Flavoured iced latte - Caramel - 2.75, Regular Flavoured iced latte - Caramel - 2.75, Large Glass of milk - 1.10, Regular Speciality Tea - Earl Grey - 1.30, Large Flavoured iced latte - Caramel - 3.25",11.15,CARD,7156269684457896
07/07/2024 09:03,Longridge,James Mayher,Regular Speciality Tea - Earl Grey - 1.30,1.3,CARD,7380965514613589
07/07/2024 09:04,Longridge,Thomas Sizer,"Regular Smoothies - Glowing Greens - 2.00, Regular Glass of milk - 0.70, Large Smoothies - Glowing Greens - 2.50, Large Mocha - 2.70, Regular Frappes - Strawberries & Cream - 2.75",10.65,CARD,6490984168478636
07/07/2024 09:05,Longridge,Brianna Goodwin,Regular Speciality Tea - Earl Grey - 1.30,1.3,CARD,4824216246890297
07/07/2024 09:06,Longridge,Robert Jones,Large Mocha - 2.70,2.7,CARD,1643040713342711
07/07/2024 09:07,Longridge,Sally Dennis,"Large Mocha - 2.70, Regular Speciality Tea - Earl Grey - 1.30, Regular Frappes - Strawberries & Cream - 2.75",6.75,CARD,8887845335433059
07/07/2024 09:08,Longridge,Millie Mcnab,"Large Mocha - 2.70, Large Frappes - Strawberries & Cream - 3.25, Large Speciality Tea - Earl Grey - 1.60, Large Mocha - 2.70",10.25,CARD,2606977745196027
07/07/2024 09:09,Longridge,Peggy Donaway,"Regular Flavoured iced latte - Caramel - 2.75, Regular Frappes - Strawberries & Cream - 2.75, Large Flavoured iced latte - Caramel - 3.25",8.75,CARD,6334714859490011
07/07/2024 09:10,Longridge,Jacob Yeager,"Large Flavoured iced latte - Caramel - 3.25, Regular Mocha - 2.30, Regular Glass of milk - 0.70, Regular Flavoured iced latte - Caramel - 2.75",9.0,CARD,1862742947394400
07/07/2024 09:11,Longridge,Ronald Raap,"Large Mocha - 2.70, Large Smoothies - Glowing Greens - 2.50, Regular Frappes - Strawberries & Cream - 2.75, Regular Speciality Tea - Earl Grey - 1.30, Large Glass of milk - 1.10",10.35,CARD,7134028810737145
07/07/2024 09:13,Longridge,Howard Harris,"Large Speciality Tea - Earl Grey - 1.60, Large Speciality Tea - Earl Grey - 1.60, Large Smoothies - Glowing Greens - 2.50, Large Flavoured iced latte - Caramel - 3.25, Large Smoothies - Glowing Greens - 2.50, Regular Smoothies - Glowing Greens - 2.00",13.45,CASH,
07/07/2024 09:14,Longridge,William Jones,"Regular Frappes - Strawberries & Cream - 2.75, Large Flavoured iced latte - Caramel - 3.25, Large Smoothies - Glowing Greens - 2.50, Regular Flavoured iced latte - Caramel - 2.75",11.25,CARD,6274500323231410
07/07/2024 09:15,Longridge,Deloris Thompson,"Large Frappes - Strawberries & Cream - 3.25, Large Glass of milk - 1.10, Large Flavoured iced latte - Caramel - 3.25, Large Frappes - Strawberries & Cream - 3.25",10.85,CARD,8458823612067144
07/07/2024 09:16,Longridge,Debra Jones,Regular Flavoured iced latte - Caramel - 2.75,2.75,CASH,
07/07/2024 09:17,Longridge,Paula Newberry,Large Flavoured iced latte - Caramel - 3.25,3.25,CARD,5272608075283073
07/07/2024 09:18,Longridge,Bernard Hogan,Large Frappes - Strawberries & Cream - 3.25,3.25,CARD,4660084967719753
07/07/2024 09:19,Longridge,Cheryl Piper,"Large Mocha - 2.70, Large Smoothies - Glowing Greens - 2.50, Large Glass of milk - 1.10, Large Frappes - Strawberries & Cream - 3.25, Large Glass of milk - 1.10, Regular Speciality Tea - Earl Grey - 1.30",11.95,CARD,5118573305710870
07/07/2024 09:20,Longridge,Jean Bass,"Regular Glass of milk - 0.70, Regular Flavoured iced latte - Caramel - 2.75, Regular Flavoured iced latte - Caramel - 2.75, Large Mocha - 2.70, Regular Mocha - 2.30",11.2,CARD,5791984433333383
07/07/2024 09:21,Longridge,Linda Johnson,"Regular Speciality Tea - Earl Grey - 1.30, Regular Flavoured iced latte - Caramel - 2.75, Regular Mocha - 2.30, Regular Flavoured iced latte - Caramel - 2.75, Large Flavoured iced latte - Caramel - 3.25",12.35,CASH,
07/07/2024 09:22,Longridge,Gertrude Collins,"Large Mocha - 2.70, Regular Speciality Tea - Earl Grey - 1.30, Large Glass of milk - 1.10",5.1,CARD,6239875055881358
07/07/2024 09:23,Longridge,Carolyn Keyes,"Regular Frappes - Strawberries & Cream - 2.75, Large Glass of milk - 1.10",3.85,CARD,8195178542415081
07/07/2024 09:24,Longridge,Scott Darby,"Regular Frappes - Strawberries & Cream - 2.75, Regular Speciality Tea - Earl Grey - 1.30, Regular Frappes - Strawberries & Cream - 2.75, Large Glass of milk - 1.10, Regular Speciality Tea - Earl Grey - 1.30",9.2,CARD,2185812424598414
07/07/2024 09:26,Longridge,Clarence Acuna,"Regular Smoothies - Glowing Greens - 2.00, Large Frappes - Strawberries & Cream - 3.25",5.25,CARD,9977898920906864
07/07/2024 09:27,Longridge,Henry Mack,"Large Mocha - 2.70, Regular Mocha - 2.30, Large Speciality Tea - Earl Grey - 1.60, Regular Mocha - 2.30, Large Speciality Tea - Earl Grey - 1.60",10.5,CARD,6367905223078247
07/07/2024 09:28,Longridge,Trevor West,"Regular Frappes - Strawberries & Cream - 2.75, Large Flavoured iced latte - Caramel - 3.25, Regular Flavoured iced latte - Caramel - 2.75, Large Frappes - Strawberries & Cream - 3.25",12.0,CARD,8370827855410406
07/07/2024 09:29,Longridge,Chris Vargo,"Regular Speciality Tea - Earl Grey - 1.30, Large Mocha - 2.70, Large Mocha - 2.70, Regular Mocha - 2.30, Large Speciality Tea - Earl Grey - 1.60",10.6,CARD,3557762902991431
07/07/2024 09:30,Longridge,Darlene Duncan,Large Frappes - Strawberries & Cream - 3.25,3.25,CARD,6377983207750074
07/07/2024 09:31,Longridge,Isreal Emery,Regular Mocha - 2.30,2.3,CASH,
07/07/2024 09:32,Longridge,Erin Kahaleua,"Regular Frappes - Strawberries & Cream - 2.75, Large Mocha - 2.70, Large Frappes - Strawberries & Cream - 3.25",8.7,CASH,
07/07/2024 09:33,Longridge,Randall Robinson,Regular Mocha - 2.30,2.3,CARD,9663571303505580
07/07/2024 09:34,Longridge,Cynthia Jansen,"Large Mocha - 2.70, Regular Glass of milk - 0.70, Regular Glass of milk - 0.70, Large Mocha - 2.70, Large Flavoured iced latte - Caramel - 3.25",10.05,CARD,4544735168843429
07/07/2024 09:35,Longridge,George Threatt,"Large Smoothies - Glowing Greens - 2.50, Large Mocha - 2.70, Regular Frappes - Strawberries & Cream - 2.75, Large Speciality Tea - Earl Grey - 1.60, Regular Smoothies - Glowing Greens - 2.00",11.55,CARD,1309928859479200
07/07/2024 09:36,Longridge,Danielle Pierce,"Regular Glass of milk - 0.70, Large Smoothies - Glowing Greens - 2.50, Regular Mocha - 2.30, Regular Flavoured iced latte - Caramel - 2.75",8.25,CASH,
07/07/2024 09:37,Longridge,Chad Conley,Regular Flavoured iced latte - Caramel - 2.75,2.75,CASH,
07/07/2024 09:39,Longridge,Barbara Rome,Regular Mocha - 2.30,2.3,CARD,9340870259074917
07/07/2024 09:40,Longridge,Jon Brown,"Regular Frappes - Strawberries & Cream - 2.75, Regular Mocha - 2.30, Regular Flavoured iced latte - Caramel - 2.75",7.8,CARD,7710300137364600
07/07/2024 09:41,Longridge,Anthony Thurman,"Large Frappes - Strawberries & Cream - 3.25, Large Flavoured iced latte - Caramel - 3.25, Large Frappes - Strawberries & Cream - 3.25",9.75,CARD,4571255180389494
07/07/2024 09:42,Longridge,Carolyn Waldron,"Regular Mocha - 2.30, Regular Glass of milk - 0.70, Regular Speciality Tea - Earl Grey - 1.30",4.3,CARD,8252239688074859
07/07/2024 09:43,Longridge,Mary Buchanan,"Regular Speciality Tea - Earl Grey - 1.30, Regular Frappes - Strawberries & Cream - 2.75, Regular Glass of milk - 0.70, Large Glass of milk - 1.10, Regular Frappes - Strawberries & Cream - 2.75",8.6,CARD,8525784386178100
07/07/2024 09:44,Longridge,Jesse Matthews,"Regular Mocha - 2.30, Regular Frappes - Strawberries & Cream - 2.75, Large Speciality Tea - Earl Grey - 1.60, Regular Mocha - 2.30, Regular Glass of milk - 0.70, Large Flavoured iced latte - Caramel - 3.25",12.9,CARD,5886733698387877
07/07/2024 09:45,Longridge,Janet Carrier,"Regular Glass of milk - 0.70, Large Glass of milk - 1.10",1.8,CARD,6758339451120167
07/07/2024 09:46,Longridge,Adalberto Waldeck,"Regular Flavoured iced latte - Caramel - 2.75, Regular Frappes - Strawberries & Cream - 2.75, Large Smoothies - Glowing Greens - 2.50",8.0,CARD,1965374932881529
07/07/2024 09:47,Longridge,Tania Jeppesen,"Large Mocha - 2.70, Regular Smoothies - Glowing Greens - 2.00, Regular Mocha - 2.30, Regular Speciality Tea - Earl Grey - 1.30",8.3,CARD,4982089276759259
07/07/2024 09:48,Longridge,Linda Thompson,"Large Glass of milk - 1.10, Large Flavoured iced latte - Caramel - 3.25",4.35,CARD,8481732594022361
07/07/2024 09:49,Longridge,Young Singer,"Large Smoothies - Glowing Greens - 2.50, Large Mocha - 2.70, Regular Mocha - 2.30",7.5,CASH,
07/07/2024 09:50,Longridge,Marcelina Brown,"Regular Flavoured iced latte - Caramel - 2.75, Regular Flavoured iced latte - Caramel - 2.75, Regular Speciality Tea - Earl Grey - 1.30, Large Mocha - 2.70",9.5,CARD,2745454372684915
07/07/2024 09:52,Longridge,Nora Smith,"Regular Glass of milk - 0.70, Regular Speciality Tea - Earl Grey - 1.30, Regular Speciality Tea - Earl Grey - 1.30",3.3,CARD,6533237515161856
07/07/2024 09:53,Longridge,Jermaine Armstrong,"Large Smoothies - Glowing Greens - 2.50, Regular Speciality Tea - Earl Grey - 1.30, Regular Glass of milk - 0.70, Regular Flavoured iced latte - Caramel - 2.75",7.25,CASH,
07/07/2024 09:54,Longridge,Lucille Nolan,"Regular Flavoured iced latte - Caramel - 2.75, Large Glass of milk - 1.10",3.85,CASH,
07/07/2024 09:55,Longridge,John Eikleberry,"Regular Smoothies - Glowing Greens - 2.00, Large Smoothies - Glowing Greens - 2.50, Large Frappes - Strawberries & Cream - 3.25",7.75,CASH,
07/07/2024 09:56,Longridge,Randall Biros,"Regular Mocha - 2.30, Regular Glass of milk - 0.70",3.0,CARD,4392720686059045
07/07/2024 09:57,Longridge,Anthony Lorenz,"Regular Mocha - 2.30, Large Flavoured iced latte - Caramel - 3.25, Regular Flavoured iced latte - Caramel - 2.75, Large Mocha - 2.70",11.0,CARD,1478088490221752
07/07/2024 09:58,Longridge,Brandon Johnson,Regular Frappes - Strawberries & Cream - 2.75,2.75,CASH,
07/07/2024 09:59,Longridge,Aaron Mcpherson,"Regular Smoothies - Glowing Greens - 2.00, Large Frappes - Strawberries & Cream - 3.25",5.25,CARD,7238212762401431
07/07/2024 10:00,Longridge,William Alexander,Regular Mocha - 2.30,2.3,CASH,
07/07/2024 10:03,Longridge,Ivory Pearson,"Regular Flavoured iced latte - Caramel - 2.75, Regular Smoothies - Glowing Greens - 2.00, Regular Glass of milk - 0.70, Large Glass of milk - 1.10",6.55,CASH,
07/07/2024 10:06,Longridge,Jaime Stewart,"Large Flavoured iced latte - Caramel - 3.25, Large Flavoured iced latte - Caramel - 3.25, Regular Frappes - Strawberries & Cream - 2.75, Large Frappes - Strawberries & Cream - 3.25",12.5,CARD,1818702192627230
07/07/2024 10:10,Longridge,Carolyn Bernhardt,"Large Flavoured iced latte - Caramel - 3.25, Regular Speciality Tea - Earl Grey - 1.30, Regular Frappes - Strawberries & Cream - 2.75",7.3,CARD,5981883686516451
07/07/2024 10:13,Longridge,Jennifer Lawver,"Regular Speciality Tea - Earl Grey - 1.30, Large Mocha - 2.70",4.0,CARD,8229618331327926
07/07/2024 10:16,Longridge,John Miller,"Large Mocha - 2.70, Large Flavoured iced latte - Caramel - 3.25, Large Flavoured iced latte - Caramel - 3.25",9.2,CASH,
07/07/2024 10:19,Longridge,Eddie Backes,Large Frappes - Strawberries & Cream - 3.25,3.25,CASH,
07/07/2024 10:22,Longridge,Lisa Mendenhall,Regular Smoothies - Glowing Greens - 2.00,2.0,CASH,
07/07/2024 10:25,Longridge,Earl Bird,Large Speciality Tea - Earl Grey - 1.60,1.6,CARD,7407040930405437
07/07/2024 10:29,Longridge,Leila Wertz,"Large Mocha - 2.70, Regular Mocha - 2.30",5.0,CASH,
07/07/2024 10:32,Longridge,Jeffrey Bellamy,Regular Mocha - 2.30,2.3,CARD,6559798451234636
07/07/2024 10:35,Longridge,Jacob Scott,"Regular Smoothies - Glowing Greens - 2.00, Regular Frappes - Strawberries & Cream - 2.75, Regular Speciality Tea - Earl Grey - 1.30",6.05,CARD,1914098345401208
07/07/2024 10:38,Longridge,Angie Bryant,Large Glass of milk - 1.10,1.1,CARD,8636089015516145
07/07/2024 10:41,Longridge,Alfonso Morales,"Regular Glass of milk - 0.70, Large Speciality Tea - Earl Grey - 1.60",2.3,CARD,7513052321653951
07/07/2024 10:44,Longridge,Natalie Zody,Regular Speciality Tea - Earl Grey - 1.30,1.3,CARD,5769896282870084
07/07/2024 10:47,Longridge,James Colosimo,Large Flavoured iced latte - Caramel - 3.25,3.25,CASH,
07/07/2024 10:51,Longridge,Ronald Watters,Regular Speciality Tea - Earl Grey - 1.30,1.3,CASH,
07/07/2024 10:54,Longridge,Kenneth Porter,"Large Speciality Tea - Earl Grey - 1.60, Regular Mocha - 2.30",3.9,CARD,9588651321040520
07/07/2024 10:57,Longridge,Hubert Bradley,"Large Glass of milk - 1.10, Regular Smoothies - Glowing Greens - 2.00, Large Flavoured iced latte - Caramel - 3.25, Regular Speciality Tea - Earl Grey - 1.30, Regular Flavoured iced latte - Caramel - 2.75",10.4,CASH,
07/07/2024 11:00,Longridge,Wilbert Ostermann,Large Mocha - 2.70,2.7,CASH,
07/07/2024 11:08,Longridge,Kim Montgomery,"Large Smoothies - Glowing Greens - 2.50, Large Smoothies - Glowing Greens - 2.50, Large Glass of milk - 1.10",6.1,CARD,8681275277227793
07/07/2024 11:15,Longridge,Joshua Walker,"Large Glass of milk - 1.10, Regular Speciality Tea - Earl Grey - 1.30, Regular Frappes - Strawberries & Cream - 2.75, Large Frappes - Strawberries & Cream - 3.25",8.4,CARD,4459635594754404
07/07/2024 11:23,Longridge,Patrick Cuzco,"Regular Glass of milk - 0.70, Large Smoothies - Glowing Greens - 2.50",3.2,CASH,
07/07/2024 11:30,Longridge,Gail Payne,"Regular Speciality Tea - Earl Grey - 1.30, Large Glass of milk - 1.10, Large Smoothies - Glowing Greens - 2.50, Regular Smoothies - Glowing Greens - 2.00, Large Glass of milk - 1.10",8.0,CARD,4322963262967105
07/07/2024 11:38,Longridge,Doris Martinez,"Regular Frappes - Strawberries & Cream - 2.75, Large Frappes - Strawberries & Cream - 3.25",6.0,CASH,
07/07/2024 11:45,Longridge,Charlotte White,"Regular Smoothies - Glowing Greens - 2.00, Regular Smoothies - Glowing Greens - 2.00, Large Speciality Tea - Earl Grey - 1.60, Large Smoothies - Glowing Greens - 2.50",8.1,CARD,2591205676215943
07/07/2024 11:53,Longridge,Tina Lowe,"Large Flavoured iced latte - Caramel - 3.25, Regular Speciality Tea - Earl Grey - 1.30, Regular Smoothies - Glowing Greens - 2.00",6.55,CARD,3749751229983282
07/07/2024 12:00,Longridge,Sarah White,"Regular Smoothies - Glowing Greens - 2.00, Regular Smoothies - Glowing Greens - 2.00",4.0,CARD,6020193374322162
07/07/2024 12:06,Longridge,Isabel Allen,"Large Frappes - Strawberries & Cream - 3.25, Regular Speciality Tea - Earl Grey - 1.30",4.55,CASH,
07/07/2024 12:12,Longridge,Alice Dockery,"Large Glass of milk - 1.10, Regular Glass of milk - 0.70",1.8,CARD,5218782665080299
07/07/2024 12:18,Longridge,Edmond Aubry,"Regular Frappes - Strawberries & Cream - 2.75, Regular Mocha - 2.30",5.05,CASH,
07/07/2024 12:24,Longridge,Terry Cunningham,"Large Speciality Tea - Earl Grey - 1.60, Large Speciality Tea - Earl Grey - 1.60, Regular Glass of milk - 0.70, Large Speciality Tea - Earl Grey - 1.60, Large Flavoured iced latte - Caramel - 3.25",8.75,CASH,
07/07/2024 12:30,Longridge,Joseph Hatch,Regular Frappes - Strawberries & Cream - 2.75,2.75,CASH,
07/07/2024 12:36,Longridge,Alfred Schmitt,"Large Flavoured iced latte - Caramel - 3.25, Regular Flavoured iced latte - Caramel - 2.75, Regular Speciality Tea - Earl Grey - 1.30, Regular Smoothies - Glowing Greens - 2.00",9.3,CARD,6165667243762501
07/07/2024 12:42,Longridge,Dolores Hernandez,"Large Glass of milk - 1.10, Regular Frappes - Strawberries & Cream - 2.75, Large Speciality Tea - Earl Grey - 1.60, Large Smoothies - Glowing Greens - 2.50, Regular Mocha - 2.30",10.25,CARD,1167186592665553
07/07/2024 12:48,Longridge,Andy Cornell,Large Mocha - 2.70,2.7,CARD,1942566302579080
07/07/2024 12:54,Longridge,Jean Ragsdale,"Regular Frappes - Strawberries & Cream - 2.75, Large Flavoured iced latte - Caramel - 3.25, Large Smoothies - Glowing Greens - 2.50, Large Glass of milk - 1.10, Regular Mocha - 2.30",11.9,CASH,
07/07/2024 13:00,Longridge,Thomas Gose,"Large Glass of milk - 1.10, Large Glass of milk - 1.10, Large Frappes - Strawberries & Cream - 3.25",5.45,CASH,
07/07/2024 13:01,Longridge,Marie Melton,"Regular Mocha - 2.30, Regular Mocha - 2.30, Large Mocha - 2.70",7.3,CASH,
07/07/2024 13:02,Longridge,Lois Ray,Regular Smoothies - Glowing Greens - 2.00,2.0,CASH,
07/07/2024 13:03,Longridge,Paul Adams,"Large Flavoured iced latte - Caramel - 3.25, Large Glass of milk - 1.10, Regular Glass of milk - 0.70",5.05,CARD,1946884649224492
07/07/2024 13:04,Longridge,Tim Schwein,"Large Frappes - Strawberries & Cream - 3.25, Regular Glass of milk - 0.70",3.95,CASH,
07/07/2024 13:05,Longridge,Rose Arroyo,"Large Frappes - Strawberries & Cream - 3.25, Large Mocha - 2.70",5.95,CARD,4999526425645562
07/07/2024 13:06,Longridge,Gladys Gray,"Large Glass of milk - 1.10, Regular Glass of milk - 0.70, Large Frappes - Strawberries & Cream - 3.25, Regular Flavoured iced latte - Caramel - 2.75, Large Flavoured iced latte - Caramel - 3.25",11.05,CARD,6995209699752888
07/07/2024 13:07,Longridge,Jean Henderson,Large Frappes - Strawberries & Cream - 3.25,3.25,CASH,
07/07/2024 13:08,Longridge,Charles Powers,"Large Mocha - 2.70, Large Flavoured iced latte - Caramel - 3.25, Large Flavoured iced latte - Caramel - 3.25, Regular Frappes - Strawberries & Cream - 2.75, Large Mocha - 2.70",14.65,CARD,6170442828998649
07/07/2024 13:09,Longridge,Lesley Hillard,Regular Speciality Tea - Earl Grey - 1.30,1.3,CASH,
07/07/2024 13:10,Longridge,Jennifer Oliver,"Regular Frappes - Strawberries & Cream - 2.75, Large Mocha - 2.70, Regular Smoothies - Glowing Greens - 2.00",7.45,CARD,8544341771985660
07/07/2024 13:10,Longridge,Wayne Daniels,Large Frappes - Strawberries & Cream - 3.25,3.25,CARD,2654259675575389
07/07/2024 13:11,Longridge,Marilyn Connolly,"Regular Frappes - Strawberries & Cream - 2.75, Regular Speciality Tea - Earl Grey - 1.30, Large Glass of milk - 1.10",5.15,CASH,
07/07/2024 13:12,Longridge,Brian Taylor,"Regular Flavoured iced latte - Caramel - 2.75, Large Smoothies - Glowing Greens - 2.50, Large Flavoured iced latte - Caramel - 3.25",8.5,CARD,4224458100635284
07/07/2024 13:13,Longridge,Kimberly Warden,"Regular Mocha - 2.30, Regular Flavoured iced latte - Caramel - 2.75",5.05,CASH,
07/07/2024 13:14,Longridge,Sean Ruiz,"Large Smoothies - Glowing Greens - 2.50, Regular Speciality Tea - Earl Grey - 1.30, Large Smoothies - Glowing Greens - 2.50, Large Glass of milk - 1.10",7.4,CARD,6761045477778841
07/07/2024 13:15,Longridge,Evelyn Kueny,"Large Smoothies - Glowing Greens - 2.50, Large Flavoured iced latte - Caramel - 3.25, Regular Smoothies - Glowing Greens - 2.00",7.75,CARD,3772389925698121
07/07/2024 13:16,Longridge,Robert White,"Large Smoothies - Glowing Greens - 2.50, Large Smoothies - Glowing Greens - 2.50",5.0,CARD,3501229337775899
07/07/2024 13:17,Longridge,Robin Trombly,"Regular Speciality Tea - Earl Grey - 1.30, Regular Flavoured iced latte - Caramel - 2.75, Regular Frappes - Strawberries & Cream - 2.75",6.8,CARD,3787684682517273
07/07/2024 13:18,Longridge,Tom Hill,"Large Mocha - 2.70, Large Frappes - Strawberries & Cream - 3.25, Large Flavoured iced latte - Caramel - 3.25, Regular Speciality Tea - Earl Grey - 1.30",10.5,CASH,
07/07/2024 13:19,Longridge,Jessica Cayer,"Regular Smoothies - Glowing Greens - 2.00, Large Frappes - Strawberries & Cream - 3.25, Large Frappes - Strawberries & Cream - 3.25, Large Flavoured iced latte - Caramel - 3.25, Large Flavoured iced latte - Caramel - 3.25",15.0,CARD,3433438096907764
07/07/2024 13:20,Longridge,Edward Garcia,"Regular Frappes - Strawberries & Cream - 2.75, Regular Speciality Tea - Earl Grey - 1.30, Large Glass of milk - 1.10",5.15,CASH,
07/07/2024 13:21,Longridge,Kenneth Yarbrough,"Regular Flavoured iced latte - Caramel - 2.75, Regular Flavoured iced latte - Caramel - 2.75, Regular Speciality Tea - Earl Grey - 1.30, Large Mocha - 2.70, Regular Speciality Tea - Earl Grey - 1.30",10.8,CARD,7798783573517396
07/07/2024 13:22,Longridge,Shelly Johnson,"Large Flavoured iced latte - Caramel - 3.25, Large Glass of milk - 1.10",4.35,CASH,
07/07/2024 13:23,Longridge,Edwin Scolaro,Regular Flavoured iced latte - Caramel - 2.75,2.75,CASH,
07/07/2024 13:24,Longridge,Gail Elliott,"Large Speciality Tea - Earl Grey - 1.60, Regular Frappes - Strawberries & Cream - 2.75, Large Frappes - Strawberries & Cream - 3.25",7.6,CASH,
07/07/2024 13:25,Longridge,Tanya Witkowski,"Regular Mocha - 2.30, Regular Flavoured iced latte - Caramel - 2.75, Large Frappes - Strawberries & Cream - 3.25",8.3,CARD,3287820345834222
07/07/2024 13:26,Longridge,Michael Lochrico,"Regular Frappes - Strawberries & Cream - 2.75, Regular Frappes - Strawberries & Cream - 2.75, Regular Flavoured iced latte - Caramel - 2.75, Large Smoothies - Glowing Greens - 2.50, Large Frappes - Strawberries & Cream - 3.25, Regular Mocha - 2.30",16.3,CARD,2177164192932273
07/07/2024 13:27,Longridge,Donny Watkins,Large Glass of milk - 1.10,1.1,CARD,8003093882503924
07/07/2024 13:28,Longridge,Sara Houston,"Regular Glass of milk - 0.70, Large Flavoured iced latte - Caramel - 3.25, Regular Flavoured iced latte - Caramel - 2.75",6.7,CARD,5985117637773604
07/07/2024 13:29,Longridge,Kevin Rother,"Large Speciality Tea - Earl Grey - 1.60, Large Frappes - Strawberries & Cream - 3.25, Large Mocha - 2.70",7.55,CARD,2825426837515286
07/07/2024 13:29,Longridge,Billie Goodrich,"Regular Smoothies - Glowing Greens - 2.00, Regular Mocha - 2.30",4.3,CARD,7120181158440256
07/07/2024 13:30,Longridge,Amy Bird,"Regular Flavoured iced latte - Caramel - 2.75, Large Smoothies - Glowing Greens - 2.50, Large Smoothies - Glowing Greens - 2.50, Large Smoothies - Glowing Greens - 2.50",10.25,CASH,
07/07/2024 13:31,Longridge,Jane Pero,"Large Smoothies - Glowing Greens - 2.50, Large Flavoured iced latte - Caramel - 3.25, Regular Flavoured iced latte - Caramel - 2.75, Regular Flavoured iced latte - Caramel - 2.75, Regular Smoothies - Glowing Greens - 2.00, Regular Glass of milk - 0.70",13.95,CARD,3124666123683882
07/07/2024 13:32,Longridge,Megan Hildreth,"Large Speciality Tea - Earl Grey - 1.60, Large Mocha - 2.70",4.3,CARD,1994934514817396
07/07/2024 13:33,Longridge,Kenneth Lawrence,"Regular Smoothies - Glowing Greens - 2.00, Regular Flavoured iced latte - Caramel - 2.75, Large Smoothies - Glowing Greens - 2.50, Regular Glass of milk - 0.70",7.95,CASH,
07/07/2024 13:34,Longridge,Christine Bergen,"Large Frappes - Strawberries & Cream - 3.25, Regular Frappes - Strawberries & Cream - 2.75, Large Mocha - 2.70",8.7,CARD,1646096407923140
07/07/2024 13:35,Longridge,Christine Zorn,"Large Smoothies - Glowing Greens - 2.50, Regular Smoothies - Glowing Greens - 2.00, Large Smoothies - Glowing Greens - 2.50",7.0,CARD,6348088605663392
07/07/2024 13:36,Longridge,David Smith,Regular Speciality Tea - Earl Grey - 1.30,1.3,CARD,4930307620369538
07/07/2024 13:37,Longridge,Lester Jones,Regular Glass of milk - 0.70,0.7,CASH,
07/07/2024 13:38,Longridge,Michael Myers,Large Flavoured iced latte - Caramel - 3.25,3.25,CASH,
07/07/2024 13:39,Longridge,Eugene Cullen,Regular Flavoured iced latte - Caramel - 2.75,2.75,CASH,
07/07/2024 13:40,Longridge,Raymond Woodard,"Regular Flavoured iced latte - Caramel - 2.75, Large Mocha - 2.70, Large Speciality Tea - Earl Grey - 1.60, Large Mocha - 2.70",9.75,CARD,2550110387148351
07/07/2024 13:41,Longridge,Henry Holliday,"Regular Frappes - Strawberries & Cream - 2.75, Large Speciality Tea - Earl Grey - 1.60, Large Smoothies - Glowing Greens - 2.50, Regular Mocha - 2.30, Regular Mocha - 2.30",11.45,CASH,
07/07/2024 13:42,Longridge,Denise Wedge,"Regular Speciality Tea - Earl Grey - 1.30, Regular Smoothies - Glowing Greens - 2.00, Large Frappes - Strawberries & Cream - 3.25",6.55,CARD,8962697671095947
07/07/2024 13:43,Longridge,Erin Vecker,Large Frappes - Strawberries & Cream - 3.25,3.25,CARD,1699969422376638
07/07/2024 13:44,Longridge,John Radford,"Regular Glass of milk - 0.70, Large Mocha - 2.70",3.4,CASH,
07/07/2024 13:45,Longridge,Andrew Dunn,"Regular Smoothies - Glowing Greens - 2.00, Regular Mocha - 2.30, Regular Speciality Tea - Earl Grey - 1.30",5.6,CASH,
07/07/2024 13:46,Longridge,Kristen Gleason,"Regular Smoothies - Glowing Greens - 2.00, Large Speciality Tea - Earl Grey - 1.60",3.6,CASH,
07/07/2024 13:47,Longridge,Tina Crofts,"Regular Glass of milk - 0.70, Large Glass of milk - 1.10",1.8,CARD,7978247565489392
07/07/2024 13:48,Longridge,David Brown,"Regular Mocha - 2.30, Large Mocha - 2.70, Regular Mocha - 2.30",7.3,CARD,9468281947250461
07/07/2024 13:48,Longridge,Christa Parks,"Regular Smoothies - Glowing Greens - 2.00, Regular Speciality Tea - Earl Grey - 1.30",3.3,CARD,4997610343698537
07/07/2024 13:49,Longridge,Michael Wright,"Large Mocha - 2.70, Large Speciality Tea - Earl Grey - 1.60",4.3,CARD,9844873132896615
07/07/2024 13:50,Longridge,Therese Golliday,"Large Glass of milk - 1.10, Large Frappes - Strawberries & Cream - 3.25, Regular Smoothies - Glowing Greens - 2.00",6.35,CARD,5591365242545149
07/07/2024 13:51,Longridge,Freddie Pushard,"Large Glass of milk - 1.10, Large Mocha - 2.70, Large Speciality Tea - Earl Grey - 1.60, Large Flavoured iced latte - Caramel - 3.25, Large Smoothies - Glowing Greens - 2.50",11.15,CARD,9183661255604736
07/07/2024 13:52,Longridge,George Robertson,"Regular Mocha - 2.30, Large Smoothies - Glowing Greens - 2.50, Large Frappes - Strawberries & Cream - 3.25",8.05,CASH,
07/07/2024 13:53,Longridge,Phil Payne,"Large Speciality Tea - Earl Grey - 1.60, Regular Flavoured iced latte - Caramel - 2.75",4.35,CASH,
07/07/2024 13:54,Longridge,Robert Miller,Large Speciality Tea - Earl Grey - 1.60,1.6,CASH,
07/07/2024 13:55,Longridge,Blanche Trembley,"Large Smoothies - Glowing Greens - 2.50, Large Smoothies - Glowing Greens - 2.50",5.0,CARD,3674888499230773
07/07/2024 13:56,Longridge,Laura Conover,"Regular Speciality Tea - Earl Grey - 1.30, Large Flavoured iced latte - Caramel - 3.25",4.55,CARD,3201411469044256
07/07/2024 13:57,Longridge,Sabrina Thole,"Regular Smoothies - Glowing Greens - 2.00, Regular Mocha - 2.30, Large Glass of milk - 1.10, Regular Flavoured iced latte - Caramel - 2.75, Large Frappes - Strawberries & Cream - 3.25",11.4,CASH,
07/07/2024 13:58,Longridge,Anitra White,"Regular Mocha - 2.30, Large Glass of milk - 1.10, Regular Flavoured iced latte - Caramel - 2.75, Regular Frappes - Strawberries & Cream - 2.75",8.9,CARD,9987755253422469
07/07/2024 13:59,Longridge,Stuart Freeman,"Regular Flavoured iced latte - Caramel - 2.75, Large Speciality Tea - Earl Grey - 1.60, Regular Glass of milk - 0.70, Large Flavoured iced latte - Caramel - 3.25",8.3,CASH,
07/07/2024 14:00,Longridge,Joyce Wu,"Large Speciality Tea - Earl Grey - 1.60, Regular Speciality Tea - Earl Grey - 1.30, Large Frappes - Strawberries & Cream - 3.25",6.15,CARD,8559765282609160
07/07/2024 14:03,Longridge,Shane Marinelli,Large Frappes - Strawberries & Cream - 3.25,3.25,CARD,6050887885462425
07/07/2024 14:06,Longridge,Florence Mangham,Regular Flavoured iced latte - Caramel - 2.75,2.75,CARD,4286945724056049
07/07/2024 14:09,Longridge,Louis Gabaldon,"Regular Frappes - Strawberries & Cream - 2.75, Large Speciality Tea - Earl Grey - 1.60, Large Flavoured iced latte - Caramel - 3.25, Large Flavoured iced latte - Caramel - 3.25",10.85,CARD,9941911813169970
07/07/2024 14:12,Longridge,Kathleen Sembler,"Large Frappes - Strawberries & Cream - 3.25, Large Flavoured iced latte - Caramel - 3.25, Large Smoothies - Glowing Greens - 2.50, Large Glass of milk - 1.10, Regular Frappes - Strawberries & Cream - 2.75, Large Flavoured iced latte - Caramel - 3.25",16.1,CARD,7482224025685098
07/07/2024 14:16,Longridge,Lyle Cunningham,"Regular Flavoured iced latte - Caramel - 2.75, Large Frappes - Strawberries & Cream - 3.25, Large Smoothies - Glowing Greens - 2.50, Large Smoothies - Glowing Greens - 2.50",11.0,CASH,
07/07/2024 14:19,Longridge,John Epling,"Large Flavoured iced latte - Caramel - 3.25, Large Glass of milk - 1.10, Regular Flavoured iced latte - Caramel - 2.75, Regular Flavoured iced latte - Caramel - 2.75",9.85,CARD,2456310089975886
07/07/2024 14:22,Longridge,Michael Reece,"Regular Speciality Tea - Earl Grey - 1.30, Regular Mocha - 2.30, Regular Mocha - 2.30, Large Flavoured iced latte - Caramel - 3.25",9.15,CARD,7187655206827699
07/07/2024 14:25,Longridge,Karin Castellanos,"Regular Smoothies - Glowing Greens - 2.00, Regular Speciality Tea - Earl Grey - 1.30",3.3,CARD,9080610229201001
07/07/2024 14:28,Longridge,Michael Ware,"Large Smoothies - Glowing Greens - 2.50, Regular Smoothies - Glowing Greens - 2.00, Large Mocha - 2.70",7.2,CARD,2101639504558297
07/07/2024 14:31,Longridge,Ross Boyle,Large Speciality Tea - Earl Grey - 1.60,1.6,CARD,8153621001494838
07/07/2024 14:35,Longridge,Doris Medina,"Regular Speciality Tea - Earl Grey - 1.30, Large Glass of milk - 1.10, Large Mocha - 2.70",5.1,CASH,
07/07/2024 14:38,Longridge,Teresa Aguirre,Regular Glass of milk - 0.70,0.7,CARD,8390767425310178
07/07/2024 14:41,Longridge,Jimmy Jemison,Regular Glass of milk - 0.70,0.7,CARD,3128561452293018
07/07/2024 14:44,Longridge,Don Collins,"Large Flavoured iced latte - Caramel - 3.25, Regular Speciality Tea - Earl Grey - 1.30, Large Frappes - Strawberries & Cream - 3.25, Large Mocha - 2.70, Large Flavoured iced latte - Caramel - 3.25, Regular Speciality Tea - Earl Grey - 1.30",15.05,CARD,8448674473830334
07/07/2024 14:47,Longridge,Antwan Moore,Regular Speciality Tea - Earl Grey - 1.30,1.3,CARD,2824628142321648
07/07/2024 14:50,Longridge,Clara Preston,"Regular Speciality Tea - Earl Grey - 1.30, Regular Speciality Tea - Earl Grey - 1.30, Regular Flavoured iced latte - Caramel - 2.75",5.35,CASH,
07/07/2024 14:53,Longridge,Robert Pedigo,"Large Speciality Tea - Earl Grey - 1.60, Large Frappes - Strawberries & Cream - 3.25, Large Mocha - 2.70, Large Smoothies - Glowing Greens - 2.50, Regular Glass of milk - 0.70",10.75,CARD,1384382401196171
07/07/2024 14:57,Longridge,Hubert Wisdom,"Regular Smoothies - Glowing Greens - 2.00, Regular Flavoured iced latte - Caramel - 2.75, Large Frappes - Strawberries & Cream - 3.25, Large Frappes - Strawberries & Cream - 3.25, Large Speciality Tea - Earl Grey - 1.60, Large Frappes - Strawberries & Cream - 3.25",16.1,CARD,6448780242318662
07/07/2024 15:00,Longridge,Connie Gavin,"Regular Speciality Tea - Earl Grey - 1.30, Large Smoothies - Glowing Greens - 2.50, Large Speciality Tea - Earl Grey - 1.60, Large Mocha - 2.70",8.1,CASH,
07/07/2024 15:01,Longridge,Steven Bryant,Large Mocha - 2.70,2.7,CARD,9821587927990172
07/07/2024 15:02,Longridge,Luis Schilling,Regular Mocha - 2.30,2.3,CARD,7539606354756386
07/07/2024 15:03,Longridge,Norma Claar,Regular Flavoured iced latte - Caramel - 2.75,2.75,CARD,4387488595717525
07/07/2024 15:04,Longridge,Chaya Crain,"Large Speciality Tea - Earl Grey - 1.60, Large Flavoured iced latte - Caramel - 3.25",4.85,CASH,
07/07/2024 15:05,Longridge,Morgan Mitchell,"Regular Frappes - Strawberries & Cream - 2.75, Large Frappes - Strawberries & Cream - 3.25",6.0,CARD,6778810358447070
07/07/2024 15:06,Longridge,Kenneth Jones,"Large Smoothies - Glowing Greens - 2.50, Regular Frappes - Strawberries & Cream - 2.75, Regular Speciality Tea - Earl Grey - 1.30, Regular Speciality Tea - Earl Grey - 1.30, Large Glass of milk - 1.10",8.95,CARD,4485557055053404
07/07/2024 15:07,Longridge,Virginia Mellin,"Regular Speciality Tea - Earl Grey - 1.30, Large Flavoured iced latte - Caramel - 3.25",4.55,CASH,
07/07/2024 15:08,Longridge,Emily Birch,"Regular Smoothies - Glowing Greens - 2.00, Regular Speciality Tea - Earl Grey - 1.30, Large Flavoured iced latte - Caramel - 3.25, Large Frappes - Strawberries & Cream - 3.25, Regular Glass of milk - 0.70",10.5,CARD,7490186893595883
07/07/2024 15:09,Longridge,Elizabeth Burleigh,"Regular Flavoured iced latte - Caramel - 2.75, Large Mocha - 2.70",5.45,CARD,9405772000711290
07/07/2024 15:10,Longridge,Pearl Delacruz,"Regular Frappes - Strawberries & Cream - 2.75, Large Smoothies - Glowing Greens - 2.50, Large Flavoured iced latte - Caramel - 3.25",8.5,CARD,4207668346863290
07/07/2024 15:11,Longridge,Dorothy Goldsmith,Large Frappes - Strawberries & Cream - 3.25,3.25,CASH,
07/07/2024 15:12,Longridge,Michael Kincaid,"Regular Flavoured iced latte - Caramel - 2.75, Large Mocha - 2.70, Regular Speciality Tea - Earl Grey - 1.30, Large Flavoured iced latte - Caramel - 3.25",10.0,CARD,7502115570563562
07/07/2024 15:13,Longridge,Warren Custer,"Large Mocha - 2.70, Large Flavoured iced latte - Caramel - 3.25, Large Speciality Tea - Earl Grey - 1.60, Large Frappes - Strawberries & Cream - 3.25",10.8,CARD,5775168160830232
07/07/2024 15:14,Longridge,David Lee,"Large Speciality Tea - Earl Grey - 1.60, Large Mocha - 2.70, Large Speciality Tea - Earl Grey - 1.60, Regular Speciality Tea - Earl Grey - 1.30",7.2,CARD,6783450379248728
07/07/2024 15:15,Longridge,Sharon Mccullen,"Regular Flavoured iced latte - Caramel - 2.75, Regular Glass of milk - 0.70",3.45,CARD,3510123345197822
07/07/2024 15:16,Longridge,Frances Becker,Regular Flavoured iced latte - Caramel - 2.75,2.75,CARD,1419392105062120
07/07/2024 15:17,Longridge,Robert Biglin,"Regular Flavoured iced latte - Caramel - 2.75, Regular Frappes - Strawberries & Cream - 2.75, Large Frappes - Strawberries & Cream - 3.25",8.75,CARD,5611366251226713
07/07/2024 15:18,Longridge,Sally Barry,"Regular Mocha - 2.30, Large Flavoured iced latte - Caramel - 3.25, Regular Glass of milk - 0.70",6.25,CARD,2449293693105570
07/07/2024 15:19,Longridge,Jerry Parker,"Regular Flavoured iced latte - Caramel - 2.75, Large Glass of milk - 1.10, Regular Smoothies - Glowing Greens - 2.00",5.85,CARD,6889633145715347
07/07/2024 15:20,Longridge,Amy Wright,Regular Speciality Tea - Earl Grey - 1.30,1.3,CARD,2040398394587949
07/07/2024 15:21,Longridge,Rosemary Turner,Regular Glass of milk - 0.70,0.7,CARD,1613166330545494
07/07/2024 15:22,Longridge,Timothy Downs,"Regular Speciality Tea - Earl Grey - 1.30, Regular Flavoured iced latte - Caramel - 2.75",4.05,CASH,
07/07/2024 15:23,Longridge,Brittny Goulet,"Regular Mocha - 2.30, Large Frappes - Strawberries & Cream - 3.25, Regular Speciality Tea - Earl Grey - 1.30, Large Frappes - Strawberries & Cream - 3.25",10.1,CARD,2244190737064177
07/07/2024 15:25,Longridge,Martha Rapp,"Regular Mocha - 2.30, Large Smoothies - Glowing Greens - 2.50",4.8,CARD,2405926549324475
07/07/2024 15:26,Longridge,Robert Thomas,Large Mocha - 2.70,2.7,CARD,2433618817923980
07/07/2024 15:27,Longridge,Leslie Montgomery,Large Flavoured iced latte - Caramel - 3.25,3.25,CASH,
07/07/2024 15:28,Longridge,Jonathon Marvin,"Large Speciality Tea - Earl Grey - 1.60, Regular Frappes - Strawberries & Cream - 2.75",4.35,CARD,6113628618069760
07/07/2024 15:29,Longridge,Jennifer Coachman,"Large Flavoured iced latte - Caramel - 3.25, Large Flavoured iced latte - Caramel - 3.25, Large Smoothies - Glowing Greens - 2.50, Large Smoothies - Glowing Greens - 2.50, Regular Frappes - Strawberries & Cream - 2.75",14.25,CASH,
07/07/2024 15:30,Longridge,Mary Moyer,"Regular Frappes - Strawberries & Cream - 2.75, Regular Mocha - 2.30, Large Flavoured iced latte - Caramel - 3.25",8.3,CASH,
07/07/2024 15:31,Longridge,April Sandlin,"Regular Speciality Tea - Earl Grey - 1.30, Regular Speciality Tea - Earl Grey - 1.30, Large Smoothies - Glowing Greens - 2.50, Large Glass of milk - 1.10, Regular Flavoured iced latte - Caramel - 2.75",8.95,CARD,7715147944281712
07/07/2024 15:32,Longridge,Marjorie Robinson,Regular Glass of milk - 0.70,0.7,CARD,5768595063213238
07/07/2024 15:33,Longridge,Micheal Boughton,Large Frappes - Strawberries & Cream - 3.25,3.25,CASH,
07/07/2024 15:34,Longridge,Tracy Mcclinsey,"Large Flavoured iced latte - Caramel - 3.25, Large Smoothies - Glowing Greens - 2.50",5.75,CARD,9348211837241897
07/07/2024 15:35,Longridge,Erin Smith,"Regular Smoothies - Glowing Greens - 2.00, Large Smoothies - Glowing Greens - 2.50",4.5,CARD,1476677332749235
07/07/2024 15:36,Longridge,Esther Medley,"Large Speciality Tea - Earl Grey - 1.60, Large Smoothies - Glowing Greens - 2.50, Regular Frappes - Strawberries & Cream - 2.75, Regular Flavoured iced latte - Caramel - 2.75, Regular Glass of milk - 0.70, Regular Flavoured iced latte - Caramel - 2.75",13.05,CARD,8625104002397061
07/07/2024 15:37,Longridge,Samuel Blood,"Regular Flavoured iced latte - Caramel - 2.75, Regular Frappes - Strawberries & Cream - 2.75",5.5,CARD,9013389151145177
07/07/2024 15:38,Longridge,Patti Elmore,Regular Frappes - Strawberries & Cream - 2.75,2.75,CARD,3506950135515829
07/07/2024 15:39,Longridge,James Barton,Large Glass of milk - 1.10,1.1,CASH,
07/07/2024 15:40,Longridge,Richard Barrett,"Regular Mocha - 2.30, Regular Smoothies - Glowing Greens - 2.00, Regular Mocha - 2.30, Large Glass of milk - 1.10",7.7,CARD,4726510896539740
07/07/2024 15:41,Longridge,Georgie Hoskins,"Large Glass of milk - 1.10, Large Glass of milk - 1.10, Regular Glass of milk - 0.70",2.9,CARD,6475780274675090
07/07/2024 15:42,Longridge,Sylvia Grant,"Regular Frappes - Strawberries & Cream - 2.75, Large Smoothies - Glowing Greens - 2.50, Large Smoothies - Glowing Greens - 2.50",7.75,CARD,3600735110535109
07/07/2024 15:43,Longridge,Emily Sturgeon,"Regular Smoothies - Glowing Greens - 2.00, Regular Speciality Tea - Earl Grey - 1.30",3.3,CARD,6052432782806638
07/07/2024 15:44,Longridge,Donna Jones,"Regular Speciality Tea - Earl Grey - 1.30, Regular Mocha - 2.30, Large Frappes - Strawberries & Cream - 3.25",6.85,CARD,4816464896784984
07/07/2024 15:45,Longridge,Mattie Shaffer,"Regular Speciality Tea - Earl Grey - 1.30, Large Flavoured iced latte - Caramel - 3.25, Large Frappes - Strawberries & Cream - 3.25",7.8,CASH,
07/07/2024 15:46,Longridge,Anthony Puckett,"Large Flavoured iced latte - Caramel - 3.25, Large Speciality Tea - Earl Grey - 1.60",4.85,CASH,
07/07/2024 15:47,Longridge,Betty Mclean,"Regular Smoothies - Glowing Greens - 2.00, Regular Smoothies - Glowing Greens - 2.00",4.0,CARD,4042548569853175
07/07/2024 15:48,Longridge,Elton Diaz,"Large Speciality Tea - Earl Grey - 1.60, Regular Flavoured iced latte - Caramel - 2.75, Large Frappes - Strawberries & Cream - 3.25, Regular Mocha - 2.30, Large Glass of milk - 1.10, Regular Glass of milk - 0.70",11.7,CASH,
07/07/2024 15:49,Longridge,Annie Cole,"Regular Frappes - Strawberries & Cream - 2.75, Large Glass of milk - 1.10",3.85,CARD,4144741101950300
07/07/2024 15:50,Longridge,Louis Doan,"Regular Frappes - Strawberries & Cream - 2.75, Large Flavoured iced latte - Caramel - 3.25, Large Frappes - Strawberries & Cream - 3.25",9.25,CASH,
07/07/2024 15:51,Longridge,Steven Severs,"Regular Mocha - 2.30, Regular Flavoured iced latte - Caramel - 2.75, Regular Speciality Tea - Earl Grey - 1.30, Regular Glass of milk - 0.70, Regular Glass of milk - 0.70, Large Flavoured iced latte - Caramel - 3.25",11.0,CARD,5589652854283326
07/07/2024 15:52,Longridge,Carrie Graves,"Regular Mocha - 2.30, Regular Mocha - 2.30",4.6,CARD,8727858159280588
07/07/2024 15:53,Longridge,Aaron Shoun,"Large Frappes - Strawberries & Cream - 3.25, Regular Glass of milk - 0.70, Regular Mocha - 2.30, Large Speciality Tea - Earl Grey - 1.60, Regular Flavoured iced latte - Caramel - 2.75",10.6,CARD,4644461049959020
07/07/2024 15:54,Longridge,Michael Agee,"Regular Glass of milk - 0.70, Regular Smoothies - Glowing Greens - 2.00",2.7,CARD,4942734001827043
07/07/2024 15:56,Longridge,Joseph Roseberry,"Regular Speciality Tea - Earl Grey - 1.30, Large Glass of milk - 1.10, Large Flavoured iced latte - Caramel - 3.25",5.65,CARD,7072962033112448
07/07/2024 15:57,Longridge,Karl Alexander,Large Mocha - 2.70,2.7,CARD,2524026912891294
07/07/2024 15:58,Longridge,Michele Gabrielson,"Large Speciality Tea - Earl Grey - 1.60, Regular Flavoured iced latte - Caramel - 2.75, Regular Smoothies - Glowing Greens - 2.00",6.35,CARD,7202929266674214
07/07/2024 15:59,Longridge,Gregory Kimura,"Large Flavoured iced latte - Caramel - 3.25, Large Frappes - Strawberries & Cream - 3.25, Regular Speciality Tea - Earl Grey - 1.30, Large Frappes - Strawberries & Cream - 3.25, Regular Glass of milk - 0.70",11.75,CASH,
07/07/2024 16:00,Longridge,Linda Dombeck,Regular Glass of milk - 0.70,0.7,CARD,7239304078391098
07/07/2024 16:02,Longridge,Luisa Escareno,Regular Smoothies - Glowing Greens - 2.00,2.0,CARD,3785201456573770
07/07/2024 16:04,Longridge,Francis Young,"Large Smoothies - Glowing Greens - 2.50, Regular Speciality Tea - Earl Grey - 1.30, Regular Speciality Tea - Earl Grey - 1.30",5.1,CARD,4169683274116318
07/07/2024 16:06,Longridge,Robert Nooner,Regular Flavoured iced latte - Caramel - 2.75,2.75,CASH,
07/07/2024 16:08,Longridge,Marquerite Tignor,"Large Frappes - Strawberries & Cream - 3.25, Large Smoothies - Glowing Greens - 2.50, Regular Glass of milk - 0.70",6.45,CASH,
07/07/2024 16:10,Longridge,Deborah Batchelor,"Regular Speciality Tea - Earl Grey - 1.30, Large Speciality Tea - Earl Grey - 1.60, Large Frappes - Strawberries & Cream - 3.25, Large Glass of milk - 1.10",7.25,CARD,8753750667520761
07/07/2024 16:12,Longridge,Darryl Jackson,"Regular Flavoured iced latte - Caramel - 2.75, Large Flavoured iced latte - Caramel - 3.25, Large Frappes - Strawberries & Cream - 3.25",9.25,CARD,7135947847972628
07/07/2024 16:14,Longridge,Jack Lucey,"Large Flavoured iced latte - Caramel - 3.25, Large Flavoured iced latte - Caramel - 3.25",6.5,CARD,1425304059429646
07/07/2024 16:16,Longridge,Patricia Santana,"Regular Speciality Tea - Earl Grey - 1.30, Regular Speciality Tea - Earl Grey - 1.30, Regular Mocha - 2.30, Regular Flavoured iced latte - Caramel - 2.75, Regular Speciality Tea - Earl Grey - 1.30, Large Mocha - 2.70",11.65,CASH,
07/07/2024 16:18,Longridge,Richard Lesneski,Large Speciality Tea - Earl Grey - 1.60,1.6,CARD,9008515145211940
07/07/2024 16:20,Longridge,Angela Keaton,"Regular Speciality Tea - Earl Grey - 1.30, Regular Smoothies - Glowing Greens - 2.00",3.3,CARD,2921037089702459
07/07/2024 16:22,Longridge,Maurice Hodges,"Large Smoothies - Glowing Greens - 2.50, Regular Frappes - Strawberries & Cream - 2.75",5.25,CASH,
07/07/2024 16:24,Longridge,Carroll Hardy,"Regular Mocha - 2.30, Large Flavoured iced latte - Caramel - 3.25, Large Flavoured iced latte - Caramel - 3.25",8.8,CARD,9715828344292370
07/07/2024 16:26,Longridge,Julius Doherty,"Large Flavoured iced latte - Caramel - 3.25, Regular Flavoured iced latte - Caramel - 2.75",6.0,CARD,7422903687936808
07/07/2024 16:28,Longridge,Celeste Besaw,"Regular Speciality Tea - Earl Grey - 1.30, Regular Frappes - Strawberries & Cream - 2.75, Regular Smoothies - Glowing Greens - 2.00",6.05,CARD,9660095229719766
07/07/2024 16:30,Longridge,Tammy Mckain,"Regular Mocha - 2.30, Large Speciality Tea - Earl Grey - 1.60",3.9,CARD,4675741674602031
07/07/2024 16:32,Longridge,Arturo Scott,"Large Flavoured iced latte - Caramel - 3.25, Large Smoothies - Glowing Greens - 2.50",5.75,CASH,
07/07/2024 16:34,Longridge,Elena Coughlin,"Large Flavoured iced latte - Caramel - 3.25, Regular Flavoured iced latte - Caramel - 2.75, Regular Speciality Tea - Earl Grey - 1.30, Large Glass of milk - 1.10, Regular Smoothies - Glowing Greens - 2.00, Regular Flavoured iced latte - Caramel - 2.75",13.15,CARD,2376244732609398
07/07/2024 16:36,Longridge,Nicole Ehrhardt,"Large Speciality Tea - Earl Grey - 1.60, Regular Frappes - Strawberries & Cream - 2.75",4.35,CARD,5229658793371222
07/07/2024 16:38,Longridge,Marlin Turner,"Regular Glass of milk - 0.70, Regular Flavoured iced latte - Caramel - 2.75",3.45,CARD,8586547430089933
07/07/2024 16:40,Longridge,David Mejia,"Regular Flavoured iced latte - Caramel - 2.75, Regular Flavoured iced latte - Caramel - 2.75, Large Smoothies - Glowing Greens - 2.50",8.0,CARD,4999075507454400
07/07/2024 16:42,Longridge,Jim Gate,"Regular Frappes - Strawberries & Cream - 2.75, Large Speciality Tea - Earl Grey - 1.60",4.35,CASH,
07/07/2024 16:44,Longridge,Russell Dowling,"Regular Smoothies - Glowing Greens - 2.00, Large Speciality Tea - Earl Grey - 1.60",3.6,CASH,
07/07/2024 16:46,Longridge,Dale Buel,"Regular Flavoured iced latte - Caramel - 2.75, Large Flavoured iced latte - Caramel - 3.25, Regular Smoothies - Glowing Greens - 2.00, Large Frappes - Strawberries & Cream - 3.25, Large Frappes - Strawberries & Cream - 3.25",14.5,CARD,6633636578249715
07/07/2024 16:48,Longridge,Mackenzie Dana,Regular Smoothies - Glowing Greens - 2.00,2.0,CARD,1426479865179087
07/07/2024 16:50,Longridge,Jess Uttley,"Regular Flavoured iced latte - Caramel - 2.75, Regular Speciality Tea - Earl Grey - 1.30, Regular Mocha - 2.30, Large Frappes - Strawberries & Cream - 3.25",9.6,CARD,6198940557992479
07/07/2024 16:52,Longridge,Elia Wyatt,"Large Smoothies - Glowing Greens - 2.50, Large Glass of milk - 1.10, Regular Frappes - Strawberries & Cream - 2.75",6.35,CARD,9804460257932423
07/07/2024 16:54,Longridge,Keith Wilson,Regular Mocha - 2.30,2.3,CARD,2409805417489757
07/07/2024 16:56,Longridge,Dorothy Mcclelland,"Regular Glass of milk - 0.70, Regular Frappes - Strawberries & Cream - 2.75, Regular Flavoured iced latte - Caramel - 2.75",6.2,CARD,2207118064893517
07/07/2024 16:58,Longridge,James Francis,Large Flavoured iced latte - Caramel - 3.25,3.25,CARD,7165596742478491
